ts,src,ch,name,unit,val
1770051174.080234,THERM,0,motor_temp,C,60.72
1770051174.1311688,ADC1,0,servo_1,A,1.59
1770051174.1819062,THERM,0,motor_temp,C,63.304
1770051174.2323487,ADC1,0,servo_1,A,2.058
1770051174.2827811,ADC1,1,servo_2,A,1.767
1770051174.3331468,ADC1,0,servo_1,A,1.538
1770051174.3836925,ADC2,0,bus_voltage,V,11.887
1770051174.4340138,THERM,0,motor_temp,C,28.042
1770051174.4845045,ADC1,1,servo_2,A,1.626
1770051174.5350802,ADC2,0,bus_voltage,V,11.3
1770051174.5855594,THERM,0,motor_temp,C,66.041
1770051174.6360168,ADC1,0,servo_1,A,2.239
1770051174.6865904,ADC1,0,servo_1,A,0.568
1770051174.7367914,ADC1,1,servo_2,A,0.874
1770051174.7870636,ADC1,0,servo_1,A,1.925
1770051174.8373942,ADC1,1,servo_2,A,0.294
1770051174.8878632,ADC1,1,servo_2,A,1.708
1770051174.9386344,THERM,0,motor_temp,C,51.154
1770051174.9892752,THERM,0,motor_temp,C,54.315
1770051175.0400732,THERM,0,motor_temp,C,45.937
1770051175.0907543,ADC1,1,servo_2,A,1.515
1770051175.141237,ADC1,1,servo_2,A,1.439
1770051175.19155,ADC2,0,bus_voltage,V,11.176
1770051175.2419832,ADC1,0,servo_1,A,1.56
1770051175.2927127,ADC1,0,servo_1,A,1.402
1770051175.3432164,ADC1,0,servo_1,A,1.867
1770051175.3936968,ADC1,0,servo_1,A,1.992
1770051175.4443183,THERM,0,motor_temp,C,34.792
1770051175.494783,ADC2,0,bus_voltage,V,12.352
1770051175.5453112,ADC1,1,servo_2,A,1.379
1770051175.595623,ADC1,0,servo_1,A,1.828
1770051175.646024,THERM,0,motor_temp,C,60.106
1770051175.6963713,THERM,0,motor_temp,C,32.359
1770051175.7470062,ADC2,0,bus_voltage,V,10.838
1770051175.797912,ADC2,0,bus_voltage,V,10.642
1770051175.8481617,ADC1,0,servo_1,A,1.425
1770051175.898763,ADC2,0,bus_voltage,V,10.122
1770051175.9493175,THERM,0,motor_temp,C,55.674
1770051176.0001144,THERM,0,motor_temp,C,65.029
1770051176.0505033,THERM,0,motor_temp,C,57.687
1770051176.1008189,ADC1,0,servo_1,A,1.818
1770051176.1513188,THERM,0,motor_temp,C,31.617
1770051176.2018116,ADC2,0,bus_voltage,V,12.552
1770051176.252361,THERM,0,motor_temp,C,54.632
1770051176.3029993,ADC1,1,servo_2,A,0.88
1770051176.3533423,ADC2,0,bus_voltage,V,11.354
1770051176.4038088,ADC2,0,bus_voltage,V,10.416
1770051176.4545743,ADC1,1,servo_2,A,0.315
1770051176.5049698,THERM,0,motor_temp,C,29.657
1770051176.5555716,THERM,0,motor_temp,C,32.517
1770051176.6059928,ADC1,0,servo_1,A,1.423
1770051176.6565332,THERM,0,motor_temp,C,29.187
1770051176.7071743,ADC2,0,bus_voltage,V,12.583
1770051176.7577062,ADC1,1,servo_2,A,1.918
1770051176.8082519,ADC1,1,servo_2,A,2.27
1770051176.8586595,THERM,0,motor_temp,C,53.96
1770051176.9092002,THERM,0,motor_temp,C,69.141
1770051176.9594343,THERM,0,motor_temp,C,51.84
1770051177.0098352,THERM,0,motor_temp,C,60.311
1770051177.0601683,THERM,0,motor_temp,C,27.977
1770051177.110702,ADC1,1,servo_2,A,0.556
1770051177.1612144,ADC1,1,servo_2,A,0.688
1770051177.211826,ADC1,0,servo_1,A,0.826
1770051177.2624557,ADC1,1,servo_2,A,2.158
1770051177.3138962,ADC2,0,bus_voltage,V,12.37
1770051177.3644795,ADC1,0,servo_1,A,1.956
1770051177.415092,THERM,0,motor_temp,C,66.439
1770051177.4657252,ADC1,0,servo_1,A,0.72
1770051177.5165427,ADC2,0,bus_voltage,V,11.089
1770051177.5673184,ADC1,1,servo_2,A,0.439
1770051177.6178591,ADC1,1,servo_2,A,1.685
1770051177.6681337,ADC2,0,bus_voltage,V,11.967
1770051177.7188072,ADC2,0,bus_voltage,V,10.543
1770051177.7693648,THERM,0,motor_temp,C,60.263
1770051177.819706,ADC2,0,bus_voltage,V,12.12
1770051177.8702424,THERM,0,motor_temp,C,54.069
1770051177.9204795,ADC1,0,servo_1,A,2.284
1770051177.970999,ADC1,1,servo_2,A,0.541
1770051178.02167,THERM,0,motor_temp,C,39.007
1770051178.0722473,ADC2,0,bus_voltage,V,10.658
1770051178.122448,THERM,0,motor_temp,C,28.532
1770051178.1728904,ADC1,1,servo_2,A,0.518
1770051178.2239258,ADC2,0,bus_voltage,V,10.367
1770051178.2746372,ADC2,0,bus_voltage,V,12.128
1770051178.3251386,ADC2,0,bus_voltage,V,10.564
1770051178.3758185,ADC1,0,servo_1,A,0.401
1770051178.426484,ADC2,0,bus_voltage,V,11.631
1770051178.4770052,ADC1,0,servo_1,A,2.459
1770051178.527581,ADC1,0,servo_1,A,2.118
1770051178.5778193,ADC1,1,servo_2,A,1.28
1770051178.628209,ADC1,0,servo_1,A,0.202
1770051178.678546,ADC1,0,servo_1,A,0.485
1770051178.7288349,ADC1,0,servo_1,A,0.913
1770051178.7795167,ADC2,0,bus_voltage,V,10.414
1770051178.830007,THERM,0,motor_temp,C,34.827
1770051178.8807483,THERM,0,motor_temp,C,56.687
1770051178.9310787,ADC1,1,servo_2,A,0.596
1770051178.9817843,ADC1,0,servo_1,A,1.13
1770051179.0325713,ADC2,0,bus_voltage,V,11.468
1770051179.083153,ADC1,1,servo_2,A,1.025
1770051179.1343138,ADC2,0,bus_voltage,V,11.179
1770051179.1850624,ADC1,1,servo_2,A,0.911
1770051179.2365057,ADC1,0,servo_1,A,1.696
1770051179.2882366,ADC2,0,bus_voltage,V,11.491
1770051179.3385088,ADC2,0,bus_voltage,V,11.117
1770051179.389235,ADC2,0,bus_voltage,V,11.666
1770051179.4397445,ADC1,1,servo_2,A,0.665
1770051179.4901755,ADC1,1,servo_2,A,1.829
1770051179.5405507,ADC2,0,bus_voltage,V,11.204
1770051179.5908957,THERM,0,motor_temp,C,54.247
1770051179.641375,ADC2,0,bus_voltage,V,10.266
1770051179.691962,ADC2,0,bus_voltage,V,10.977
1770051179.7423327,ADC1,0,servo_1,A,0.727
1770051179.7927415,ADC1,0,servo_1,A,1.914
1770051179.84301,ADC2,0,bus_voltage,V,12.178
1770051179.8932924,ADC2,0,bus_voltage,V,11.559
1770051179.9437501,ADC1,0,servo_1,A,0.679
1770051179.9941013,ADC2,0,bus_voltage,V,10.483
1770051180.0448563,THERM,0,motor_temp,C,66.059
1770051180.0954049,THERM,0,motor_temp,C,50.666
1770051180.145678,THERM,0,motor_temp,C,63.486
1770051180.1961193,THERM,0,motor_temp,C,41.787
1770051180.2465627,ADC1,0,servo_1,A,0.4
1770051180.296992,ADC1,1,servo_2,A,1.135
1770051180.3475366,THERM,0,motor_temp,C,48.283
1770051180.397977,ADC1,1,servo_2,A,0.429
1770051180.4484637,THERM,0,motor_temp,C,52.852
1770051180.4991248,THERM,0,motor_temp,C,48.142
1770051180.5497365,THERM,0,motor_temp,C,45.345
1770051180.600367,ADC2,0,bus_voltage,V,12.399
1770051180.6511605,ADC1,0,servo_1,A,0.874
1770051180.7017002,ADC1,0,servo_1,A,2.244
1770051180.7519574,ADC1,0,servo_1,A,1.435
1770051180.802396,ADC1,1,servo_2,A,2.279
1770051180.8527837,ADC1,1,servo_2,A,0.451
1770051180.903061,ADC1,0,servo_1,A,1.565
1770051180.9533288,ADC2,0,bus_voltage,V,11.191
1770051181.0037725,ADC2,0,bus_voltage,V,12.154
1770051181.0542052,THERM,0,motor_temp,C,33.683
1770051181.1047888,THERM,0,motor_temp,C,56.183
1770051181.1554,ADC1,0,servo_1,A,1.522
1770051181.2063265,ADC2,0,bus_voltage,V,10.758
1770051181.2571018,THERM,0,motor_temp,C,42.14
1770051181.3075616,THERM,0,motor_temp,C,31.118
1770051181.3578467,ADC1,1,servo_2,A,0.548
1770051181.4083884,THERM,0,motor_temp,C,29.743
1770051181.4590049,THERM,0,motor_temp,C,38.416
1770051181.509369,ADC2,0,bus_voltage,V,11.415
1770051181.5598683,ADC2,0,bus_voltage,V,12.533
1770051181.6103604,THERM,0,motor_temp,C,53.918
1770051181.6607456,ADC1,0,servo_1,A,1.612
1770051181.711276,ADC1,0,servo_1,A,0.559
1770051181.7617092,THERM,0,motor_temp,C,34.945
1770051181.8121867,ADC1,1,servo_2,A,0.306
1770051181.8623714,THERM,0,motor_temp,C,43.402
1770051181.9126272,ADC1,0,servo_1,A,1.967
1770051181.9648495,ADC1,0,servo_1,A,1.826
1770051182.0158648,ADC1,1,servo_2,A,2.225
1770051182.0667782,ADC1,1,servo_2,A,2.008
1770051182.1174328,ADC1,0,servo_1,A,2.258
1770051182.1680133,ADC2,0,bus_voltage,V,11.653
1770051182.2187622,ADC1,1,servo_2,A,0.559
1770051182.2693408,ADC2,0,bus_voltage,V,11.882
1770051182.3198798,ADC1,0,servo_1,A,1.78
1770051182.3704486,THERM,0,motor_temp,C,29.426
1770051182.4209857,ADC1,1,servo_2,A,2.224
1770051182.4715283,ADC1,0,servo_1,A,0.581
1770051182.521918,ADC2,0,bus_voltage,V,11.906
1770051182.5723183,ADC1,1,servo_2,A,1.995
1770051182.62325,THERM,0,motor_temp,C,25.088
1770051182.6738274,THERM,0,motor_temp,C,36.691
1770051182.7245412,ADC2,0,bus_voltage,V,10.985
1770051182.7753477,THERM,0,motor_temp,C,49.512
1770051182.8260128,THERM,0,motor_temp,C,56.071
1770051182.8763585,ADC2,0,bus_voltage,V,11.681
1770051182.9272351,ADC2,0,bus_voltage,V,10.148
1770051182.977686,THERM,0,motor_temp,C,46.684
1770051183.0281267,ADC1,0,servo_1,A,2.356
1770051183.078641,ADC2,0,bus_voltage,V,11.266
1770051183.128904,THERM,0,motor_temp,C,69.298
1770051183.1794121,ADC1,1,servo_2,A,0.227
1770051183.2299263,ADC1,1,servo_2,A,1.801
1770051183.280172,THERM,0,motor_temp,C,48.545
1770051183.3307972,THERM,0,motor_temp,C,45.906
1770051183.3812306,THERM,0,motor_temp,C,26.808
1770051183.4315684,THERM,0,motor_temp,C,58.447
1770051183.4821072,ADC2,0,bus_voltage,V,11.949
1770051183.532751,ADC2,0,bus_voltage,V,10.442
1770051183.58299,ADC2,0,bus_voltage,V,10.1
1770051183.6331813,ADC2,0,bus_voltage,V,12.164
1770051183.6834397,THERM,0,motor_temp,C,48.968
1770051183.7340052,ADC2,0,bus_voltage,V,11.94
1770051183.7842321,ADC1,1,servo_2,A,1.206
1770051183.8344254,ADC1,1,servo_2,A,2.21
1770051183.884755,THERM,0,motor_temp,C,60.434
1770051183.9351153,ADC2,0,bus_voltage,V,11.391
1770051183.986144,ADC1,0,servo_1,A,0.465
1770051184.0366957,ADC1,1,servo_2,A,2.043
1770051184.0870333,THERM,0,motor_temp,C,40.237
1770051184.1374028,ADC2,0,bus_voltage,V,11.805
1770051184.1875844,ADC1,1,servo_2,A,1.911
1770051184.2383883,ADC1,0,servo_1,A,2.47
1770051184.28919,ADC1,1,servo_2,A,0.962
1770051184.339913,THERM,0,motor_temp,C,62.933
1770051184.390411,ADC2,0,bus_voltage,V,12.241
1770051184.4408793,ADC1,1,servo_2,A,0.311
1770051184.4918463,ADC2,0,bus_voltage,V,11.087
1770051184.5424502,THERM,0,motor_temp,C,35.705
1770051184.5927658,ADC2,0,bus_voltage,V,12.212
1770051184.6433961,ADC2,0,bus_voltage,V,10.556
1770051184.694113,ADC1,0,servo_1,A,0.617
1770051184.7450972,THERM,0,motor_temp,C,42.81
1770051184.7955358,ADC1,0,servo_1,A,2.384
1770051184.8460958,THERM,0,motor_temp,C,28.437
1770051184.8965528,ADC1,0,servo_1,A,2.101
1770051184.946946,THERM,0,motor_temp,C,54.205
1770051184.9973907,ADC1,0,servo_1,A,2.262
1770051185.047578,ADC1,0,servo_1,A,1.261
1770051185.0980337,THERM,0,motor_temp,C,36.735
1770051185.1482716,ADC1,0,servo_1,A,0.428
1770051185.198548,ADC1,0,servo_1,A,1.992
1770051185.2492945,ADC2,0,bus_voltage,V,10.452
1770051185.2997942,ADC2,0,bus_voltage,V,11.9
1770051185.3501608,ADC2,0,bus_voltage,V,12.138
1770051185.4004998,THERM,0,motor_temp,C,33.342
1770051185.451201,THERM,0,motor_temp,C,54.773
1770051185.5022466,THERM,0,motor_temp,C,52.104
1770051185.5533254,ADC1,0,servo_1,A,0.473
1770051185.603998,ADC1,0,servo_1,A,0.507
1770051185.6546295,ADC1,0,servo_1,A,1.871
1770051185.7052963,ADC2,0,bus_voltage,V,12.173
1770051185.75581,ADC2,0,bus_voltage,V,11.228
1770051185.806001,THERM,0,motor_temp,C,53.561
1770051185.8566246,ADC1,1,servo_2,A,2.273
1770051185.907178,ADC1,1,servo_2,A,1.324
1770051185.9575694,THERM,0,motor_temp,C,51.682
1770051186.0092409,ADC1,1,servo_2,A,1.476
1770051186.060447,ADC2,0,bus_voltage,V,11.074
1770051186.1110888,ADC1,1,servo_2,A,1.558
1770051186.1618044,THERM,0,motor_temp,C,64.162
1770051186.212958,ADC2,0,bus_voltage,V,11.313
1770051186.263584,ADC1,0,servo_1,A,1.602
1770051186.3139267,ADC1,0,servo_1,A,0.766
1770051186.364288,THERM,0,motor_temp,C,38.728
1770051186.4146104,ADC1,1,servo_2,A,2.169
1770051186.4650683,ADC1,0,servo_1,A,0.699
1770051186.515608,ADC2,0,bus_voltage,V,12.148
1770051186.566008,ADC1,0,servo_1,A,2.491
1770051186.6161468,ADC2,0,bus_voltage,V,10.663
1770051186.666618,ADC1,0,servo_1,A,2.431
1770051186.7171352,ADC1,0,servo_1,A,0.753
1770051186.7674701,ADC2,0,bus_voltage,V,11.971
1770051186.8179188,THERM,0,motor_temp,C,31.838
1770051186.8690689,ADC1,1,servo_2,A,0.84
1770051186.9196534,ADC1,1,servo_2,A,2.001
1770051186.9699473,ADC1,1,servo_2,A,1.593
1770051187.020839,ADC1,1,servo_2,A,1.788
1770051187.071045,ADC1,0,servo_1,A,2.16
1770051187.1215723,ADC1,0,servo_1,A,0.338
1770051187.1719344,THERM,0,motor_temp,C,65.223
1770051187.2225268,ADC2,0,bus_voltage,V,11.789
1770051187.2730956,ADC2,0,bus_voltage,V,10.226
1770051187.3237088,ADC1,1,servo_2,A,0.496
1770051187.3744314,ADC1,1,servo_2,A,2.121
1770051187.4247794,THERM,0,motor_temp,C,36.579
1770051187.4751086,ADC2,0,bus_voltage,V,10.758
1770051187.5254087,ADC1,1,servo_2,A,1.919
1770051187.5761685,ADC1,1,servo_2,A,0.624
1770051187.6264946,ADC2,0,bus_voltage,V,11.655
1770051187.6769037,ADC1,0,servo_1,A,2.23
1770051187.7272427,THERM,0,motor_temp,C,41.124
1770051187.7777317,ADC1,1,servo_2,A,0.638
1770051187.828283,ADC1,1,servo_2,A,0.955
1770051187.879236,THERM,0,motor_temp,C,59.636
1770051187.9299076,ADC2,0,bus_voltage,V,10.875
1770051187.9804633,ADC2,0,bus_voltage,V,10.623
1770051188.0310855,ADC1,0,servo_1,A,2.368
1770051188.0817173,THERM,0,motor_temp,C,56.994
1770051188.1319783,THERM,0,motor_temp,C,67.132
1770051188.1825876,THERM,0,motor_temp,C,69.991
1770051188.2330098,ADC1,0,servo_1,A,0.943
1770051188.2834635,ADC1,1,servo_2,A,1.961
1770051188.3342125,THERM,0,motor_temp,C,28.116
1770051188.3845644,ADC2,0,bus_voltage,V,10.609
1770051188.435278,ADC1,0,servo_1,A,1.865
1770051188.4856446,THERM,0,motor_temp,C,43.43
1770051188.5360274,THERM,0,motor_temp,C,63.227
1770051188.5864193,ADC2,0,bus_voltage,V,10.14
1770051188.6367946,ADC2,0,bus_voltage,V,10.435
1770051188.687404,ADC1,1,servo_2,A,1.479
1770051188.7394462,ADC1,0,servo_1,A,0.732
1770051188.7900355,THERM,0,motor_temp,C,54.992
1770051188.8405836,THERM,0,motor_temp,C,45.157
1770051188.891115,ADC2,0,bus_voltage,V,10.493
1770051188.9413667,ADC2,0,bus_voltage,V,10.517
1770051188.991882,ADC1,1,servo_2,A,0.758
1770051189.0421462,ADC1,1,servo_2,A,2.193
1770051189.0924256,ADC1,1,servo_2,A,0.294
1770051189.143175,THERM,0,motor_temp,C,37.257
1770051189.1934125,ADC2,0,bus_voltage,V,11.086
1770051189.2436357,ADC1,0,servo_1,A,1.055
1770051189.2940252,ADC2,0,bus_voltage,V,10.386
1770051189.3444853,ADC2,0,bus_voltage,V,12.227
1770051189.394758,ADC1,0,servo_1,A,0.551
1770051189.4452627,ADC1,1,servo_2,A,1.841
1770051189.49545,ADC1,0,servo_1,A,1.22
1770051189.5457225,ADC2,0,bus_voltage,V,11.223
1770051189.5961208,THERM,0,motor_temp,C,42.712
1770051189.646719,THERM,0,motor_temp,C,47.286
1770051189.6973207,ADC1,0,servo_1,A,2.258
1770051189.747516,THERM,0,motor_temp,C,51.265
1770051189.7981498,ADC1,0,servo_1,A,0.528
1770051189.8484766,ADC2,0,bus_voltage,V,10.152
1770051189.8990157,ADC2,0,bus_voltage,V,10.676
1770051189.9499643,THERM,0,motor_temp,C,39.33
1770051190.0007236,THERM,0,motor_temp,C,25.366
1770051190.0510046,ADC1,0,servo_1,A,1.232
1770051190.101258,THERM,0,motor_temp,C,42.141
1770051190.1520689,ADC2,0,bus_voltage,V,10.561
1770051190.2024043,THERM,0,motor_temp,C,69.268
1770051190.2531257,ADC2,0,bus_voltage,V,10.273
1770051190.303718,ADC1,0,servo_1,A,0.865
1770051190.3544466,ADC1,0,servo_1,A,0.21
1770051190.4045997,THERM,0,motor_temp,C,40.501
1770051190.4550028,THERM,0,motor_temp,C,60.841
1770051190.5052075,ADC1,1,servo_2,A,1.235
1770051190.555872,ADC1,0,servo_1,A,2.331
1770051190.6061933,ADC1,1,servo_2,A,2.12
1770051190.6570299,ADC1,1,servo_2,A,1.748
1770051190.7077076,ADC2,0,bus_voltage,V,10.646
1770051190.7583458,ADC2,0,bus_voltage,V,10.507
1770051190.808879,ADC1,1,servo_2,A,0.886
1770051190.8593183,ADC1,1,servo_2,A,0.463
1770051190.9103587,ADC1,1,servo_2,A,0.386
1770051190.9616327,THERM,0,motor_temp,C,68.739
1770051191.0120182,ADC2,0,bus_voltage,V,10.492
1770051191.0626814,ADC1,1,servo_2,A,1.564
1770051191.1129167,ADC2,0,bus_voltage,V,10.683
1770051191.1636944,ADC1,0,servo_1,A,2.231
1770051191.2144322,ADC2,0,bus_voltage,V,12.565
1770051191.2648683,ADC1,0,servo_1,A,1.442
1770051191.3158996,THERM,0,motor_temp,C,34.875
1770051191.366612,ADC2,0,bus_voltage,V,12.154
1770051191.4170825,THERM,0,motor_temp,C,66.531
1770051191.4678473,ADC1,1,servo_2,A,1.435
1770051191.5187826,ADC1,0,servo_1,A,2.063
1770051191.5693219,ADC1,1,servo_2,A,2.259
1770051191.6198177,ADC2,0,bus_voltage,V,10.968
1770051191.6834528,ADC1,0,servo_1,A,1.881
1770051191.7343802,ADC1,0,servo_1,A,1.969
1770051191.7849169,THERM,0,motor_temp,C,51.576
1770051191.8355863,ADC2,0,bus_voltage,V,11.932
1770051191.8859982,ADC2,0,bus_voltage,V,12.578
1770051191.9366794,THERM,0,motor_temp,C,31.57
1770051191.986908,ADC1,0,servo_1,A,1.299
1770051192.0375483,ADC2,0,bus_voltage,V,11.322
1770051192.088469,ADC1,1,servo_2,A,0.895
1770051192.1393795,ADC1,0,servo_1,A,0.878
1770051192.1901073,ADC1,0,servo_1,A,0.709
1770051192.2408307,ADC1,1,servo_2,A,0.944
1770051192.2917252,ADC2,0,bus_voltage,V,10.488
1770051192.3418982,THERM,0,motor_temp,C,54.644
1770051192.392223,ADC1,0,servo_1,A,1.415
1770051192.4429166,ADC1,1,servo_2,A,2.396
1770051192.493409,THERM,0,motor_temp,C,31.398
1770051192.5442631,ADC2,0,bus_voltage,V,11.757
1770051192.5948632,ADC1,1,servo_2,A,0.965
1770051192.6457,THERM,0,motor_temp,C,35.868
1770051192.6963956,ADC1,0,servo_1,A,1.942
1770051192.7469459,ADC1,1,servo_2,A,1.803
1770051192.7971764,THERM,0,motor_temp,C,31.483
1770051192.8475661,ADC1,0,servo_1,A,1.864
1770051192.897978,ADC2,0,bus_voltage,V,11.195
1770051192.9484637,ADC1,1,servo_2,A,1.423
1770051192.998795,ADC2,0,bus_voltage,V,10.558
1770051193.0490508,THERM,0,motor_temp,C,41.626
1770051193.099612,ADC1,1,servo_2,A,1.348
1770051193.1501303,ADC2,0,bus_voltage,V,11.916
1770051193.2007258,THERM,0,motor_temp,C,34.007
1770051193.2512944,ADC1,1,servo_2,A,1.838
1770051193.3016715,THERM,0,motor_temp,C,40.886
1770051193.3521965,ADC1,0,servo_1,A,1.981
1770051193.402957,ADC1,1,servo_2,A,1.331
1770051193.4540746,ADC2,0,bus_voltage,V,10.375
1770051193.5047095,THERM,0,motor_temp,C,65.322
1770051193.5551083,THERM,0,motor_temp,C,45.569
1770051193.606228,THERM,0,motor_temp,C,65.533
1770051193.6571457,ADC2,0,bus_voltage,V,11.112
1770051193.708172,ADC1,1,servo_2,A,1.029
1770051193.7585893,ADC1,1,servo_2,A,1.433
1770051193.8092256,ADC2,0,bus_voltage,V,10.458
1770051193.8594384,ADC2,0,bus_voltage,V,11.82
1770051193.9099789,ADC1,0,servo_1,A,0.503
1770051193.9602559,ADC1,1,servo_2,A,1.755
1770051194.010655,ADC1,1,servo_2,A,0.475
1770051194.0613194,ADC2,0,bus_voltage,V,12.522
1770051194.1121626,ADC1,0,servo_1,A,0.657
1770051194.1626606,ADC1,1,servo_2,A,2.483
1770051194.2132251,ADC1,0,servo_1,A,1.885
1770051194.2634084,ADC1,0,servo_1,A,0.899
1770051194.3138046,THERM,0,motor_temp,C,35.237
1770051194.3642237,ADC1,0,servo_1,A,2.086
1770051194.4148748,ADC1,0,servo_1,A,1.594
1770051194.4651694,ADC1,0,servo_1,A,0.929
1770051194.5159492,ADC1,0,servo_1,A,1.102
1770051194.5664284,THERM,0,motor_temp,C,36.91
1770051194.6168764,ADC2,0,bus_voltage,V,10.854
1770051194.6675165,THERM,0,motor_temp,C,65.6
1770051194.7183053,ADC1,1,servo_2,A,2.31
1770051194.7690313,ADC1,1,servo_2,A,2.173
1770051194.8195858,THERM,0,motor_temp,C,30.206
1770051194.8700967,ADC2,0,bus_voltage,V,12.595
1770051194.9204962,ADC1,1,servo_2,A,0.391
1770051194.9712093,ADC1,0,servo_1,A,0.847
1770051195.0218837,ADC2,0,bus_voltage,V,10.85
1770051195.072063,ADC1,0,servo_1,A,0.371
1770051195.122644,THERM,0,motor_temp,C,38.835
1770051195.1731045,THERM,0,motor_temp,C,66.588
1770051195.223385,ADC1,0,servo_1,A,0.472
1770051195.2741528,THERM,0,motor_temp,C,31.68
1770051195.3246417,THERM,0,motor_temp,C,65.766
1770051195.37538,ADC1,0,servo_1,A,0.851
1770051195.4255714,ADC1,1,servo_2,A,1.072
1770051195.4759014,ADC2,0,bus_voltage,V,10.235
1770051195.5262651,ADC1,0,servo_1,A,1.044
1770051195.5765107,ADC2,0,bus_voltage,V,11.291
1770051195.6267304,ADC1,0,servo_1,A,2.393
1770051195.6769934,THERM,0,motor_temp,C,38.864
1770051195.7276804,THERM,0,motor_temp,C,53.344
1770051195.7782674,ADC1,1,servo_2,A,1.642
1770051195.8287296,ADC1,0,servo_1,A,1.649
1770051195.8790445,ADC2,0,bus_voltage,V,11.035
1770051195.92959,ADC2,0,bus_voltage,V,10.148
1770051195.9799404,ADC1,0,servo_1,A,1.402
1770051196.030603,ADC1,1,servo_2,A,2.475
1770051196.081021,ADC1,0,servo_1,A,1.87
1770051196.1316445,ADC1,0,servo_1,A,0.56
1770051196.182136,ADC2,0,bus_voltage,V,12.066
1770051196.2327423,ADC2,0,bus_voltage,V,12.24
1770051196.2834618,ADC2,0,bus_voltage,V,10.656
1770051196.33379,ADC1,0,servo_1,A,1.406
1770051196.3841994,ADC2,0,bus_voltage,V,10.12
1770051196.4346647,THERM,0,motor_temp,C,49.177
1770051196.484914,THERM,0,motor_temp,C,36.632
1770051196.535108,ADC1,0,servo_1,A,0.694
1770051196.5853026,ADC2,0,bus_voltage,V,12.401
1770051196.6355252,ADC1,1,servo_2,A,1.447
1770051196.6866581,ADC2,0,bus_voltage,V,10.244
1770051196.7368665,THERM,0,motor_temp,C,53.556
1770051196.7874515,ADC2,0,bus_voltage,V,12.524
1770051196.8377652,ADC1,1,servo_2,A,1.557
1770051196.8880842,THERM,0,motor_temp,C,46.22
1770051196.9383645,ADC2,0,bus_voltage,V,11.292
1770051196.9886382,ADC1,1,servo_2,A,1.786
1770051197.0392797,THERM,0,motor_temp,C,27.464
1770051197.089685,ADC2,0,bus_voltage,V,11.716
1770051197.1399248,THERM,0,motor_temp,C,51.669
1770051197.1903765,ADC1,0,servo_1,A,1.907
1770051197.2407513,THERM,0,motor_temp,C,25.624
1770051197.2909546,ADC1,1,servo_2,A,0.461
1770051197.3415263,THERM,0,motor_temp,C,34.577
1770051197.3921378,ADC1,0,servo_1,A,2.329
1770051197.442676,ADC1,0,servo_1,A,2.457
1770051197.4930158,THERM,0,motor_temp,C,45.308
1770051197.5433307,ADC2,0,bus_voltage,V,10.376
1770051197.5937407,ADC1,1,servo_2,A,0.659
1770051197.6441326,ADC1,0,servo_1,A,0.32
1770051197.6946013,ADC2,0,bus_voltage,V,11.94
1770051197.745215,ADC2,0,bus_voltage,V,12.322
1770051197.795526,ADC1,1,servo_2,A,1.644
1770051197.8460047,ADC2,0,bus_voltage,V,10.381
1770051197.896361,ADC1,1,servo_2,A,0.346
1770051197.9470878,THERM,0,motor_temp,C,25.087
1770051197.997678,ADC1,1,servo_2,A,2.342
1770051198.0480947,THERM,0,motor_temp,C,35.753
1770051198.0987732,ADC1,1,servo_2,A,1.664
1770051198.1493025,ADC2,0,bus_voltage,V,10.251
1770051198.2002668,THERM,0,motor_temp,C,54.753
1770051198.2505815,THERM,0,motor_temp,C,49.016
1770051198.301064,ADC2,0,bus_voltage,V,11.672
1770051198.3517401,ADC1,1,servo_2,A,1.663
1770051198.4021997,ADC2,0,bus_voltage,V,12.404
1770051198.452388,ADC1,1,servo_2,A,1.644
1770051198.5026405,ADC2,0,bus_voltage,V,10.526
1770051198.5529253,THERM,0,motor_temp,C,36.442
1770051198.6032293,ADC2,0,bus_voltage,V,11.247
1770051198.6534102,ADC1,1,servo_2,A,1.475
1770051198.7040274,ADC2,0,bus_voltage,V,10.899
1770051198.7543697,ADC1,1,servo_2,A,1.378
1770051198.8049366,ADC1,0,servo_1,A,1.106
1770051198.8554099,ADC2,0,bus_voltage,V,11.97
1770051198.9056993,THERM,0,motor_temp,C,58.566
1770051198.956057,THERM,0,motor_temp,C,51.699
1770051199.0065687,ADC1,0,servo_1,A,2.112
1770051199.0569623,ADC2,0,bus_voltage,V,10.344
1770051199.1070838,THERM,0,motor_temp,C,47.519
1770051199.1576927,ADC2,0,bus_voltage,V,10.32
1770051199.2081673,ADC1,1,servo_2,A,1.209
1770051199.2585776,THERM,0,motor_temp,C,64.542
1770051199.3090563,THERM,0,motor_temp,C,27.206
1770051199.359751,THERM,0,motor_temp,C,33.707
1770051199.4105127,ADC2,0,bus_voltage,V,10.573
1770051199.4612565,ADC1,0,servo_1,A,1.541
1770051199.5117528,ADC1,1,servo_2,A,0.587
1770051199.562165,ADC1,1,servo_2,A,2.34
1770051199.6128225,THERM,0,motor_temp,C,41.745
1770051199.6633449,ADC2,0,bus_voltage,V,11.411
1770051199.7138035,ADC1,1,servo_2,A,0.495
1770051199.7643418,THERM,0,motor_temp,C,31.54
1770051199.81498,ADC1,0,servo_1,A,0.524
1770051199.8654091,ADC1,1,servo_2,A,0.282
1770051199.9161294,THERM,0,motor_temp,C,54.295
1770051199.966925,ADC2,0,bus_voltage,V,11.067
1770051200.017285,ADC2,0,bus_voltage,V,11.485
1770051200.067733,ADC2,0,bus_voltage,V,11.459
1770051200.1184394,ADC1,0,servo_1,A,0.48
1770051200.1687598,ADC2,0,bus_voltage,V,11.03
1770051200.219407,ADC1,0,servo_1,A,0.81
1770051200.2697377,THERM,0,motor_temp,C,66.226
1770051200.3214698,ADC1,1,servo_2,A,1.559
1770051200.3720977,ADC2,0,bus_voltage,V,10.837
1770051200.4224892,ADC2,0,bus_voltage,V,10.28
1770051200.4738708,THERM,0,motor_temp,C,64.37
1770051200.5246842,ADC1,1,servo_2,A,1.006
1770051200.5749629,ADC1,0,servo_1,A,1.864
1770051200.6253307,THERM,0,motor_temp,C,52.468
1770051200.6762893,ADC1,1,servo_2,A,0.948
1770051200.7272575,ADC1,1,servo_2,A,0.591
1770051200.7782664,ADC2,0,bus_voltage,V,10.484
1770051200.828768,ADC1,0,servo_1,A,1.667
1770051200.879628,ADC2,0,bus_voltage,V,10.457
1770051200.930298,THERM,0,motor_temp,C,30.45
1770051200.9807906,THERM,0,motor_temp,C,30.012
1770051201.0312452,THERM,0,motor_temp,C,37.314
1770051201.0820432,ADC2,0,bus_voltage,V,10.916
1770051201.1327085,ADC1,0,servo_1,A,0.433
1770051201.1834965,THERM,0,motor_temp,C,29.81
1770051201.2339315,ADC1,1,servo_2,A,1.232
1770051201.2848413,THERM,0,motor_temp,C,42.604
1770051201.3356032,ADC1,0,servo_1,A,1.259
1770051201.3859124,THERM,0,motor_temp,C,33.714
1770051201.4365294,ADC1,1,servo_2,A,1.963
1770051201.4873347,THERM,0,motor_temp,C,50.529
1770051201.5377572,ADC2,0,bus_voltage,V,10.283
1770051201.5881577,THERM,0,motor_temp,C,26.236
1770051201.6385736,ADC1,1,servo_2,A,2.054
1770051201.6892292,ADC1,0,servo_1,A,1.44
1770051201.7397707,ADC1,1,servo_2,A,0.73
1770051201.790145,ADC1,0,servo_1,A,1.023
1770051201.8405313,ADC1,1,servo_2,A,2.387
1770051201.8911774,ADC2,0,bus_voltage,V,10.908
1770051201.941834,ADC1,1,servo_2,A,1.655
1770051201.992142,THERM,0,motor_temp,C,39.089
1770051202.0432851,ADC2,0,bus_voltage,V,11.686
1770051202.0939627,ADC1,0,servo_1,A,1.751
1770051202.144323,ADC1,0,servo_1,A,0.882
1770051202.1949575,ADC1,1,servo_2,A,1.774
1770051202.2459264,ADC2,0,bus_voltage,V,10.78
1770051202.2968962,ADC1,0,servo_1,A,0.808
1770051202.3475835,ADC2,0,bus_voltage,V,11.679
1770051202.3981545,ADC2,0,bus_voltage,V,11.486
1770051202.4489622,ADC1,1,servo_2,A,2.326
1770051202.4996622,ADC1,0,servo_1,A,1.982
1770051202.550024,ADC2,0,bus_voltage,V,10.311
1770051202.6010318,ADC1,0,servo_1,A,1.04
1770051202.6517384,ADC2,0,bus_voltage,V,11.718
1770051202.70232,THERM,0,motor_temp,C,67.998
1770051202.7527266,THERM,0,motor_temp,C,30.369
1770051202.8031754,THERM,0,motor_temp,C,33.864
1770051202.8539255,THERM,0,motor_temp,C,35.946
1770051202.9046113,ADC2,0,bus_voltage,V,10.665
1770051202.9551597,ADC2,0,bus_voltage,V,12.183
1770051203.0054238,THERM,0,motor_temp,C,30.379
1770051203.0561461,THERM,0,motor_temp,C,43.759
1770051203.1065938,THERM,0,motor_temp,C,62.077
1770051203.1569579,ADC1,1,servo_2,A,1.709
1770051203.207233,THERM,0,motor_temp,C,37.696
1770051203.2577696,ADC2,0,bus_voltage,V,12.545
1770051203.308521,ADC1,1,servo_2,A,0.548
1770051203.3590167,ADC1,1,servo_2,A,1.044
1770051203.4094841,ADC2,0,bus_voltage,V,11.503
1770051203.4598844,ADC2,0,bus_voltage,V,11.811
1770051203.5103137,ADC1,1,servo_2,A,1.219
1770051203.5607224,ADC1,1,servo_2,A,1.679
1770051203.611069,ADC1,1,servo_2,A,1.349
1770051203.6619365,THERM,0,motor_temp,C,56.642
1770051203.71269,ADC1,0,servo_1,A,2.287
1770051203.7645442,ADC1,1,servo_2,A,1.355
1770051203.8151639,ADC1,0,servo_1,A,0.866
1770051203.865509,ADC1,1,servo_2,A,0.785
1770051203.9160972,ADC2,0,bus_voltage,V,11.853
1770051203.9666674,THERM,0,motor_temp,C,26.049
1770051204.016927,ADC1,1,servo_2,A,1.015
1770051204.0672076,THERM,0,motor_temp,C,26.732
1770051204.117794,ADC2,0,bus_voltage,V,11.236
1770051204.1685998,ADC1,1,servo_2,A,0.479
1770051204.2190592,ADC1,0,servo_1,A,1.935
1770051204.2693746,THERM,0,motor_temp,C,41.243
1770051204.319968,ADC1,0,servo_1,A,0.525
1770051204.3707361,ADC2,0,bus_voltage,V,11.643
1770051204.421346,ADC1,1,servo_2,A,0.635
1770051204.4719114,ADC2,0,bus_voltage,V,10.629
1770051204.522279,THERM,0,motor_temp,C,50.352
1770051204.5732756,ADC2,0,bus_voltage,V,10.184
1770051204.623691,THERM,0,motor_temp,C,62.305
1770051204.674071,ADC2,0,bus_voltage,V,12.462
1770051204.7243133,THERM,0,motor_temp,C,59.441
1770051204.774743,ADC2,0,bus_voltage,V,11.228
1770051204.825071,ADC2,0,bus_voltage,V,10.502
1770051204.8755987,ADC1,1,servo_2,A,1.945
1770051204.9261591,ADC2,0,bus_voltage,V,10.856
1770051204.9769258,ADC1,1,servo_2,A,0.489
1770051205.0274267,THERM,0,motor_temp,C,27.025
1770051205.0778844,ADC1,1,servo_2,A,0.4
1770051205.1282823,ADC1,0,servo_1,A,2.492
1770051205.1786444,THERM,0,motor_temp,C,66.742
1770051205.2291274,ADC1,0,servo_1,A,1.381
1770051205.2795336,ADC1,1,servo_2,A,1.688
1770051205.3300498,ADC1,1,servo_2,A,2.217
1770051205.3804767,THERM,0,motor_temp,C,35.976
1770051205.4308333,ADC1,1,servo_2,A,1.552
1770051205.4818654,ADC1,0,servo_1,A,1.603
1770051205.53218,ADC1,1,servo_2,A,1.634
1770051205.5825744,THERM,0,motor_temp,C,59.413
1770051205.6328123,ADC1,0,servo_1,A,1.485
1770051205.683657,ADC2,0,bus_voltage,V,11.904
1770051205.7342758,ADC1,0,servo_1,A,2.263
1770051205.785085,THERM,0,motor_temp,C,25.877
1770051205.8356147,ADC1,1,servo_2,A,1.668
1770051205.8889802,ADC1,0,servo_1,A,0.957
1770051205.9409077,THERM,0,motor_temp,C,30.243
1770051205.9913106,THERM,0,motor_temp,C,47.409
1770051206.041666,THERM,0,motor_temp,C,33.112
1770051206.0921786,ADC1,1,servo_2,A,1.026
1770051206.142587,ADC1,1,servo_2,A,1.895
1770051206.1931212,ADC1,0,servo_1,A,0.632
1770051206.2436266,ADC1,1,servo_2,A,1.336
1770051206.2938395,THERM,0,motor_temp,C,47.369
1770051206.3443289,THERM,0,motor_temp,C,59.285
1770051206.3948705,THERM,0,motor_temp,C,37.614
1770051206.445529,THERM,0,motor_temp,C,46.434
1770051206.4962332,ADC2,0,bus_voltage,V,10.245
1770051206.5467343,THERM,0,motor_temp,C,69.345
1770051206.5973458,ADC1,1,servo_2,A,1.067
1770051206.647898,THERM,0,motor_temp,C,69.327
1770051206.6986368,ADC1,1,servo_2,A,2.278
1770051206.7491963,ADC1,0,servo_1,A,1.607
1770051206.7999227,ADC2,0,bus_voltage,V,12.595
1770051206.8503103,ADC1,1,servo_2,A,1.58
1770051206.9010053,ADC2,0,bus_voltage,V,11.574
1770051206.9517243,ADC2,0,bus_voltage,V,11.734
1770051207.0022116,ADC1,1,servo_2,A,2.023
1770051207.0530372,ADC1,1,servo_2,A,1.686
1770051207.1035922,ADC2,0,bus_voltage,V,10.294
1770051207.1540487,THERM,0,motor_temp,C,54.556
1770051207.2043483,ADC2,0,bus_voltage,V,10.419
1770051207.2549624,ADC2,0,bus_voltage,V,11.371
1770051207.3056602,THERM,0,motor_temp,C,62.835
1770051207.356202,ADC1,1,servo_2,A,1.9
1770051207.4064908,ADC1,1,servo_2,A,2.006
1770051207.4568956,ADC1,1,servo_2,A,1.918
1770051207.5072405,ADC2,0,bus_voltage,V,12.34
1770051207.5580823,ADC2,0,bus_voltage,V,12.224
1770051207.6085172,ADC1,0,servo_1,A,1.027
1770051207.6592562,THERM,0,motor_temp,C,63.568
1770051207.7096002,ADC1,1,servo_2,A,0.284
1770051207.7599504,ADC2,0,bus_voltage,V,10.596
1770051207.8106024,ADC1,0,servo_1,A,2.485
1770051207.8611965,THERM,0,motor_temp,C,49.32
1770051207.9115555,THERM,0,motor_temp,C,68.966
1770051207.9619155,ADC2,0,bus_voltage,V,11.123
1770051208.0129912,THERM,0,motor_temp,C,39.27
1770051208.0636814,ADC1,0,servo_1,A,1.884
1770051208.1144187,THERM,0,motor_temp,C,61.208
1770051208.165065,ADC1,0,servo_1,A,0.464
1770051208.215424,ADC1,1,servo_2,A,1.253
1770051208.2656803,ADC1,1,servo_2,A,0.574
1770051208.3161683,THERM,0,motor_temp,C,29.38
1770051208.3666477,ADC2,0,bus_voltage,V,10.541
1770051208.417116,ADC1,1,servo_2,A,1.74
1770051208.467842,ADC1,1,servo_2,A,1.928
1770051208.5183513,THERM,0,motor_temp,C,45.118
1770051208.5689857,ADC2,0,bus_voltage,V,12.229
1770051208.619754,ADC1,0,servo_1,A,0.307
1770051208.6734793,ADC2,0,bus_voltage,V,11.724
1770051208.7244833,ADC1,1,servo_2,A,2.318
1770051208.7752028,ADC2,0,bus_voltage,V,11.964
1770051208.825578,ADC1,0,servo_1,A,1.196
1770051208.876341,THERM,0,motor_temp,C,68.428
1770051208.9270144,THERM,0,motor_temp,C,56.198
1770051208.9775145,ADC1,0,servo_1,A,2.147
1770051209.0279872,ADC1,0,servo_1,A,2.343
1770051209.0784683,ADC1,1,servo_2,A,1.467
1770051209.1288161,ADC1,0,servo_1,A,1.217
1770051209.1794941,ADC2,0,bus_voltage,V,12.343
1770051209.2302725,ADC1,0,servo_1,A,1.769
1770051209.2806075,ADC1,1,servo_2,A,0.434
1770051209.3314335,THERM,0,motor_temp,C,49.335
1770051209.3820002,ADC1,0,servo_1,A,1.558
1770051209.4325368,ADC2,0,bus_voltage,V,10.841
1770051209.4835925,THERM,0,motor_temp,C,50.133
1770051209.5339744,ADC1,1,servo_2,A,0.664
1770051209.584569,ADC1,0,servo_1,A,1.214
1770051209.634998,ADC2,0,bus_voltage,V,10.978
1770051209.6852312,ADC1,0,servo_1,A,1.947
1770051209.735962,ADC1,0,servo_1,A,1.183
1770051209.7865667,ADC1,1,servo_2,A,1.948
1770051209.8371558,ADC1,0,servo_1,A,0.292
1770051209.8878758,THERM,0,motor_temp,C,67.934
1770051209.9384813,ADC1,0,servo_1,A,1.68
1770051209.9888802,THERM,0,motor_temp,C,55.688
1770051210.0391877,ADC1,1,servo_2,A,0.838
1770051210.0899608,ADC2,0,bus_voltage,V,11.117
1770051210.1402378,ADC1,0,servo_1,A,1.365
1770051210.1905665,THERM,0,motor_temp,C,61.567
1770051210.24143,ADC2,0,bus_voltage,V,11.021
1770051210.2920058,ADC2,0,bus_voltage,V,10.961
1770051210.3423946,THERM,0,motor_temp,C,42.792
1770051210.3932214,THERM,0,motor_temp,C,29.65
1770051210.443949,ADC1,1,servo_2,A,1.595
1770051210.4946954,ADC2,0,bus_voltage,V,11.015
1770051210.5451934,ADC1,0,servo_1,A,1.56
1770051210.595605,ADC1,0,servo_1,A,0.843
1770051210.6458986,ADC1,0,servo_1,A,1.753
1770051210.6969419,ADC2,0,bus_voltage,V,11.949
1770051210.7474868,THERM,0,motor_temp,C,35.294
1770051210.797935,ADC2,0,bus_voltage,V,10.212
1770051210.8502605,ADC1,0,servo_1,A,2.461
1770051210.9005718,ADC2,0,bus_voltage,V,11.837
1770051210.951354,THERM,0,motor_temp,C,25.061
1770051211.0019624,ADC1,1,servo_2,A,2.416
1770051211.0522082,THERM,0,motor_temp,C,32.201
1770051211.1027913,THERM,0,motor_temp,C,38.517
1770051211.153163,ADC1,1,servo_2,A,1.57
1770051211.2036908,THERM,0,motor_temp,C,35.7
1770051211.2552462,ADC2,0,bus_voltage,V,11.823
1770051211.3066235,ADC2,0,bus_voltage,V,11.159
1770051211.3568938,THERM,0,motor_temp,C,40.602
1770051211.4073577,ADC1,0,servo_1,A,0.297
1770051211.457782,ADC1,1,servo_2,A,0.4
1770051211.5081928,ADC1,1,servo_2,A,1.93
1770051211.5586998,ADC1,0,servo_1,A,0.599
1770051211.609224,ADC1,1,servo_2,A,2.384
1770051211.6597788,ADC2,0,bus_voltage,V,10.445
1770051211.7107003,ADC2,0,bus_voltage,V,11.361
1770051211.761388,ADC2,0,bus_voltage,V,11.12
1770051211.8120215,THERM,0,motor_temp,C,51.903
1770051211.8629358,ADC1,1,servo_2,A,2.012
1770051211.9135692,ADC2,0,bus_voltage,V,11.772
1770051211.9642093,ADC1,1,servo_2,A,0.808
1770051212.015441,ADC1,0,servo_1,A,1.054
1770051212.0660975,THERM,0,motor_temp,C,52.06
1770051212.1168556,THERM,0,motor_temp,C,25.468
1770051212.1674454,ADC1,0,servo_1,A,1.722
1770051212.2178826,ADC1,0,servo_1,A,1.852
1770051212.268726,THERM,0,motor_temp,C,32.76
1770051212.319958,ADC2,0,bus_voltage,V,10.506
1770051212.3707254,ADC1,0,servo_1,A,1.747
1770051212.4211578,ADC1,0,servo_1,A,2.207
1770051212.4715683,THERM,0,motor_temp,C,27.617
1770051212.5221074,ADC2,0,bus_voltage,V,10.745
1770051212.5726552,ADC2,0,bus_voltage,V,10.105
1770051212.6233613,ADC1,1,servo_2,A,0.379
1770051212.6744232,ADC1,1,servo_2,A,2.038
1770051212.7255435,ADC1,0,servo_1,A,0.328
1770051212.7764833,ADC1,1,servo_2,A,1.512
1770051212.8273418,ADC2,0,bus_voltage,V,11.233
1770051212.8777792,ADC2,0,bus_voltage,V,11.302
1770051212.9280314,ADC1,0,servo_1,A,2.322
1770051212.9789302,ADC1,1,servo_2,A,1.665
1770051213.0292077,ADC1,0,servo_1,A,1.664
1770051213.0796106,ADC2,0,bus_voltage,V,11.653
1770051213.1303463,ADC2,0,bus_voltage,V,10.937
1770051213.181089,THERM,0,motor_temp,C,57.718
1770051213.2326047,ADC1,1,servo_2,A,1.566
1770051213.2831452,THERM,0,motor_temp,C,34.99
1770051213.333494,ADC1,0,servo_1,A,1.276
1770051213.3838487,ADC1,1,servo_2,A,0.396
1770051213.4344673,ADC1,0,servo_1,A,1.989
1770051213.4848611,ADC1,1,servo_2,A,1.528
1770051213.535221,ADC2,0,bus_voltage,V,11.101
1770051213.5857563,ADC2,0,bus_voltage,V,12.473
1770051213.6363747,ADC1,1,servo_2,A,1.676
1770051213.6866095,ADC1,0,servo_1,A,1.723
1770051213.7369692,ADC1,0,servo_1,A,0.54
1770051213.7874424,THERM,0,motor_temp,C,46.501
1770051213.837814,ADC1,0,servo_1,A,2.304
1770051213.8885212,ADC1,1,servo_2,A,1.127
1770051213.9387438,ADC1,0,servo_1,A,2.044
1770051213.9890857,ADC1,1,servo_2,A,1.299
1770051214.0395744,ADC1,0,servo_1,A,1.611
1770051214.0903032,THERM,0,motor_temp,C,27.102
1770051214.1410868,THERM,0,motor_temp,C,64.303
1770051214.1916225,ADC2,0,bus_voltage,V,10.247
1770051214.2423363,ADC1,0,servo_1,A,2.076
1770051214.2930462,ADC1,0,servo_1,A,0.645
1770051214.3434112,ADC1,0,servo_1,A,1.511
1770051214.3940125,ADC1,0,servo_1,A,1.287
1770051214.4443963,ADC1,0,servo_1,A,1.056
1770051214.4950888,ADC1,1,servo_2,A,1.848
1770051214.5456336,ADC1,0,servo_1,A,1.194
1770051214.5959775,ADC2,0,bus_voltage,V,12.58
1770051214.6464581,ADC1,1,servo_2,A,0.693
1770051214.697241,ADC1,0,servo_1,A,0.914
1770051214.747814,ADC1,1,servo_2,A,1.954
1770051214.7985077,ADC1,1,servo_2,A,0.47
1770051214.849521,ADC1,1,servo_2,A,1.096
1770051214.9005978,ADC2,0,bus_voltage,V,11.174
1770051214.951113,ADC1,1,servo_2,A,2.343
1770051215.0016031,ADC2,0,bus_voltage,V,10.672
1770051215.0525858,ADC1,0,servo_1,A,0.309
1770051215.1046357,ADC1,1,servo_2,A,2.444
1770051215.1552796,THERM,0,motor_temp,C,25.632
1770051215.2058356,ADC1,0,servo_1,A,0.812
1770051215.2563415,ADC1,0,servo_1,A,2.376
1770051215.306898,THERM,0,motor_temp,C,41.209
1770051215.3574884,ADC1,0,servo_1,A,0.214
1770051215.4084046,ADC1,1,servo_2,A,0.595
1770051215.4588075,ADC1,1,servo_2,A,0.352
1770051215.5093257,ADC1,0,servo_1,A,2.334
1770051215.5600142,THERM,0,motor_temp,C,67.801
1770051215.6102488,THERM,0,motor_temp,C,44.719
1770051215.6607428,ADC1,0,servo_1,A,0.442
1770051215.7113633,THERM,0,motor_temp,C,46.047
1770051215.7624679,ADC1,1,servo_2,A,0.248
1770051215.8131933,THERM,0,motor_temp,C,55.369
1770051215.8636189,ADC1,1,servo_2,A,0.972
1770051215.9139793,ADC2,0,bus_voltage,V,10.527
1770051215.964325,ADC1,0,servo_1,A,1.145
1770051216.0149136,ADC1,1,servo_2,A,2.417
1770051216.0652509,THERM,0,motor_temp,C,46.765
1770051216.115491,THERM,0,motor_temp,C,30.347
1770051216.1661434,ADC1,1,servo_2,A,1.734
1770051216.2168598,ADC1,1,servo_2,A,1.557
1770051216.2675242,ADC1,0,servo_1,A,2.052
1770051216.3188372,ADC2,0,bus_voltage,V,10.022
1770051216.3691242,ADC1,0,servo_1,A,1.136
1770051216.4197247,ADC1,0,servo_1,A,0.638
1770051216.4704993,ADC2,0,bus_voltage,V,11.719
1770051216.5208063,THERM,0,motor_temp,C,59.512
1770051216.5710583,ADC1,0,servo_1,A,0.711
1770051216.6226237,THERM,0,motor_temp,C,37.513
1770051216.6739905,THERM,0,motor_temp,C,49.801
1770051216.7242572,THERM,0,motor_temp,C,36.353
1770051216.7747235,ADC2,0,bus_voltage,V,11.397
1770051216.8256483,THERM,0,motor_temp,C,27.239
1770051216.8761458,ADC1,0,servo_1,A,1.836
1770051216.9265754,ADC2,0,bus_voltage,V,10.138
1770051216.9771354,ADC1,1,servo_2,A,0.906
1770051217.0278451,ADC2,0,bus_voltage,V,12.415
1770051217.0782776,ADC2,0,bus_voltage,V,12.578
1770051217.128616,THERM,0,motor_temp,C,50.322
1770051217.1788454,ADC1,1,servo_2,A,0.943
1770051217.2293704,ADC1,0,servo_1,A,2.44
1770051217.2806034,ADC1,0,servo_1,A,2.028
1770051217.3310974,ADC1,0,servo_1,A,1.191
1770051217.3817978,ADC1,1,servo_2,A,1.099
1770051217.4322476,ADC1,1,servo_2,A,1.211
1770051217.482427,ADC2,0,bus_voltage,V,12.42
1770051217.532665,ADC1,1,servo_2,A,1.375
1770051217.582914,ADC1,0,servo_1,A,0.658
1770051217.6332731,ADC2,0,bus_voltage,V,11.935
1770051217.6839447,ADC2,0,bus_voltage,V,12.58
1770051217.734419,THERM,0,motor_temp,C,42.056
1770051217.7850535,ADC1,1,servo_2,A,0.668
1770051217.8358252,ADC1,1,servo_2,A,0.984
1770051217.8868065,ADC1,0,servo_1,A,2.229
1770051217.9375162,ADC1,1,servo_2,A,1.469
1770051217.9877598,ADC2,0,bus_voltage,V,12.597
1770051218.038634,THERM,0,motor_temp,C,64.645
1770051218.0888746,ADC2,0,bus_voltage,V,10.689
1770051218.1393409,ADC2,0,bus_voltage,V,11.975
1770051218.1902514,ADC1,0,servo_1,A,0.418
1770051218.2406917,ADC1,0,servo_1,A,0.267
1770051218.2913344,THERM,0,motor_temp,C,64.435
1770051218.3421056,THERM,0,motor_temp,C,61.134
1770051218.3924434,ADC1,1,servo_2,A,0.975
1770051218.443218,ADC1,1,servo_2,A,1.818
1770051218.4936604,ADC2,0,bus_voltage,V,12.492
1770051218.5440478,THERM,0,motor_temp,C,52.269
1770051218.5948281,THERM,0,motor_temp,C,27.887
1770051218.6457806,THERM,0,motor_temp,C,55.738
1770051218.6961863,ADC2,0,bus_voltage,V,12.561
1770051218.7464616,ADC1,0,servo_1,A,1.008
1770051218.7969575,ADC2,0,bus_voltage,V,12.438
1770051218.8475347,ADC2,0,bus_voltage,V,11.562
1770051218.8982518,THERM,0,motor_temp,C,64.691
1770051218.9488287,ADC1,0,servo_1,A,0.986
1770051218.999287,ADC2,0,bus_voltage,V,10.618
1770051219.0499136,THERM,0,motor_temp,C,66.25
1770051219.1001306,ADC2,0,bus_voltage,V,10.182
1770051219.1505966,ADC1,1,servo_2,A,1.294
1770051219.201271,THERM,0,motor_temp,C,33.119
1770051219.2521079,ADC1,1,servo_2,A,0.46
1770051219.302551,THERM,0,motor_temp,C,68.192
1770051219.3534262,ADC1,0,servo_1,A,1.215
1770051219.4038434,ADC1,0,servo_1,A,0.986
1770051219.4549394,THERM,0,motor_temp,C,59.46
1770051219.5052814,ADC2,0,bus_voltage,V,10.998
1770051219.5557628,ADC1,1,servo_2,A,1.224
1770051219.6065621,ADC1,1,servo_2,A,1.431
1770051219.6574016,ADC1,1,servo_2,A,0.866
1770051219.7081356,THERM,0,motor_temp,C,64.202
1770051219.758637,ADC1,0,servo_1,A,0.384
1770051219.8097496,ADC1,1,servo_2,A,1.761
1770051219.8602014,ADC1,0,servo_1,A,2.329
1770051219.910559,ADC2,0,bus_voltage,V,10.884
1770051219.961189,THERM,0,motor_temp,C,62.094
1770051220.0116074,ADC2,0,bus_voltage,V,11.333
1770051220.062081,ADC1,1,servo_2,A,0.447
1770051220.1124392,THERM,0,motor_temp,C,50.315
1770051220.163206,ADC1,0,servo_1,A,2.028
1770051220.2134771,ADC1,0,servo_1,A,0.422
1770051220.2636542,ADC1,0,servo_1,A,1.259
1770051220.3142872,ADC1,0,servo_1,A,0.466
1770051220.3650496,ADC2,0,bus_voltage,V,11.928
1770051220.4161894,ADC2,0,bus_voltage,V,11.229
1770051220.4666197,ADC2,0,bus_voltage,V,11.663
1770051220.5169485,THERM,0,motor_temp,C,26.778
1770051220.567365,ADC1,1,servo_2,A,0.385
1770051220.617703,ADC2,0,bus_voltage,V,10.26
1770051220.6684473,THERM,0,motor_temp,C,42.394
1770051220.7188618,THERM,0,motor_temp,C,61.97
1770051220.7691605,ADC1,1,servo_2,A,2.257
1770051220.8197608,ADC1,0,servo_1,A,0.497
1770051220.8702145,THERM,0,motor_temp,C,53.693
1770051220.9210382,ADC1,1,servo_2,A,0.478
1770051220.9714437,ADC1,0,servo_1,A,2.321
1770051221.0217881,ADC2,0,bus_voltage,V,10.893
1770051221.072453,ADC2,0,bus_voltage,V,10.58
1770051221.1233199,ADC2,0,bus_voltage,V,12.387
1770051221.1740556,ADC1,0,servo_1,A,1.035
1770051221.2245293,ADC2,0,bus_voltage,V,12.203
1770051221.2746782,THERM,0,motor_temp,C,44.788
1770051221.3251936,ADC2,0,bus_voltage,V,10.308
1770051221.3758276,ADC2,0,bus_voltage,V,11.904
1770051221.4270577,THERM,0,motor_temp,C,41.834
1770051221.4777412,THERM,0,motor_temp,C,44.399
1770051221.5284152,ADC1,0,servo_1,A,1.157
1770051221.5797038,ADC2,0,bus_voltage,V,12.1
1770051221.6301305,ADC1,0,servo_1,A,2.435
1770051221.6808069,THERM,0,motor_temp,C,60.888
1770051221.731171,ADC1,1,servo_2,A,1.182
1770051221.7815819,THERM,0,motor_temp,C,67.337
1770051221.8318176,ADC1,0,servo_1,A,2.402
1770051221.882112,ADC2,0,bus_voltage,V,12.291
1770051221.9326434,THERM,0,motor_temp,C,55.447
1770051221.9832764,ADC2,0,bus_voltage,V,11.914
1770051222.0335484,ADC1,1,servo_2,A,2.011
1770051222.0841727,ADC1,0,servo_1,A,1.121
1770051222.1345658,ADC2,0,bus_voltage,V,11.607
1770051222.1851602,ADC1,1,servo_2,A,1.615
1770051222.2356129,ADC2,0,bus_voltage,V,12.086
1770051222.286151,THERM,0,motor_temp,C,69.403
1770051222.3363957,THERM,0,motor_temp,C,37.095
1770051222.386978,ADC1,0,servo_1,A,0.88
1770051222.4377804,ADC1,1,servo_2,A,0.394
1770051222.4884229,ADC1,1,servo_2,A,1.014
1770051222.5393457,THERM,0,motor_temp,C,37.388
1770051222.5898607,ADC2,0,bus_voltage,V,10.776
1770051222.6405091,ADC2,0,bus_voltage,V,12.575
1770051222.6909666,ADC1,1,servo_2,A,2.169
1770051222.7415686,ADC1,1,servo_2,A,2.033
1770051222.7919738,ADC1,1,servo_2,A,2.057
1770051222.8424406,ADC1,1,servo_2,A,1.378
1770051222.8936768,THERM,0,motor_temp,C,45.44
1770051222.944624,THERM,0,motor_temp,C,61.147
1770051222.9953077,ADC1,1,servo_2,A,2.025
1770051223.0459304,THERM,0,motor_temp,C,41.643
1770051223.0966637,ADC1,1,servo_2,A,1.714
1770051223.147339,ADC1,1,servo_2,A,2.355
1770051223.1977975,ADC1,1,servo_2,A,0.951
1770051223.248369,ADC1,1,servo_2,A,1.652
1770051223.2988498,ADC1,1,servo_2,A,2.418
1770051223.3494787,THERM,0,motor_temp,C,53.713
1770051223.4002266,ADC1,0,servo_1,A,0.951
1770051223.450979,ADC1,0,servo_1,A,1.434
1770051223.5014648,ADC1,1,servo_2,A,1.509
1770051223.5519457,ADC2,0,bus_voltage,V,12.206
1770051223.6023307,ADC1,1,servo_2,A,1.236
1770051223.6527185,ADC1,0,servo_1,A,1.692
1770051223.7033503,THERM,0,motor_temp,C,52.263
1770051223.7538214,THERM,0,motor_temp,C,67.801
1770051223.8042102,ADC1,0,servo_1,A,1.581
1770051223.854967,ADC1,1,servo_2,A,1.333
1770051223.9053361,ADC1,1,servo_2,A,1.999
1770051223.9556932,ADC1,1,servo_2,A,1.316
1770051224.0060618,ADC1,0,servo_1,A,1.752
1770051224.0571158,ADC2,0,bus_voltage,V,10.783
1770051224.1078486,ADC1,1,servo_2,A,2.06
1770051224.1582353,ADC1,0,servo_1,A,1.597
1770051224.2088735,ADC2,0,bus_voltage,V,11.04
1770051224.259485,ADC1,1,servo_2,A,1.707
1770051224.309809,THERM,0,motor_temp,C,30.197
1770051224.3602076,ADC1,0,servo_1,A,1.488
1770051224.410903,ADC1,0,servo_1,A,1.577
1770051224.4635286,ADC1,1,servo_2,A,1.381
1770051224.5149343,ADC2,0,bus_voltage,V,12.225
1770051224.5656438,THERM,0,motor_temp,C,44.179
1770051224.61614,ADC2,0,bus_voltage,V,10.206
1770051224.6668463,ADC2,0,bus_voltage,V,12.104
1770051224.7174747,ADC2,0,bus_voltage,V,10.817
1770051224.7680092,ADC2,0,bus_voltage,V,12.28
1770051224.8184962,THERM,0,motor_temp,C,43.232
1770051224.8693335,ADC2,0,bus_voltage,V,12.405
1770051224.9199657,THERM,0,motor_temp,C,68.374
1770051224.9702244,ADC2,0,bus_voltage,V,12.14
1770051225.02108,ADC1,0,servo_1,A,1.359
1770051225.0715754,ADC2,0,bus_voltage,V,11.45
1770051225.122091,ADC1,1,servo_2,A,1.541
1770051225.1729302,ADC1,0,servo_1,A,1.196
1770051225.2236907,ADC1,1,servo_2,A,1.646
1770051225.2742436,ADC1,1,servo_2,A,0.591
1770051225.3248928,ADC1,0,servo_1,A,2.465
1770051225.3754113,ADC1,1,servo_2,A,0.474
1770051225.4262438,ADC1,1,servo_2,A,1.607
1770051225.4766226,ADC1,1,servo_2,A,0.554
1770051225.52736,ADC1,0,servo_1,A,0.924
1770051225.5778973,ADC1,0,servo_1,A,1.165
1770051225.6286662,ADC1,1,servo_2,A,0.579
1770051225.6790566,ADC1,1,servo_2,A,2.397
1770051225.729652,ADC2,0,bus_voltage,V,11.125
1770051225.7801015,ADC1,0,servo_1,A,2.031
1770051225.8305616,ADC1,1,servo_2,A,1.726
1770051225.881131,ADC1,0,servo_1,A,1.832
1770051225.9318213,THERM,0,motor_temp,C,66.127
1770051225.9824164,ADC1,0,servo_1,A,0.356
1770051226.0326054,ADC1,0,servo_1,A,1.116
1770051226.0831094,ADC1,0,servo_1,A,1.534
1770051226.1338828,ADC2,0,bus_voltage,V,10.938
1770051226.184166,ADC2,0,bus_voltage,V,12.107
1770051226.2347603,ADC1,0,servo_1,A,1.802
1770051226.285063,ADC1,1,servo_2,A,0.334
1770051226.33559,ADC2,0,bus_voltage,V,10.277
1770051226.3858361,ADC1,0,servo_1,A,0.435
1770051226.4361217,ADC1,0,servo_1,A,1.364
1770051226.4866798,ADC1,1,servo_2,A,1.797
1770051226.5373569,ADC2,0,bus_voltage,V,11.287
1770051226.5880036,ADC2,0,bus_voltage,V,11.574
1770051226.6385293,ADC2,0,bus_voltage,V,11.617
1770051226.688889,ADC1,1,servo_2,A,0.837
1770051226.7403204,ADC2,0,bus_voltage,V,12.549
1770051226.7911475,ADC2,0,bus_voltage,V,10.328
1770051226.8418782,ADC2,0,bus_voltage,V,10.194
1770051226.8924515,THERM,0,motor_temp,C,38.157
1770051226.9429564,ADC1,0,servo_1,A,1.37
1770051226.997318,THERM,0,motor_temp,C,58.264
1770051227.0483544,ADC1,1,servo_2,A,0.597
1770051227.0989122,ADC1,0,servo_1,A,1.581
1770051227.1493926,ADC2,0,bus_voltage,V,11.23
1770051227.2000122,ADC1,1,servo_2,A,1.954
1770051227.250798,ADC1,1,servo_2,A,1.639
1770051227.3013296,THERM,0,motor_temp,C,54.5
1770051227.3517733,ADC1,0,servo_1,A,1.693
1770051227.4022849,ADC1,1,servo_2,A,1.344
1770051227.4528768,ADC1,0,servo_1,A,0.405
1770051227.5036457,ADC1,1,servo_2,A,1.01
1770051227.554307,THERM,0,motor_temp,C,30.306
1770051227.6047895,THERM,0,motor_temp,C,49.879
1770051227.6553109,ADC2,0,bus_voltage,V,10.013
1770051227.7056422,ADC1,0,servo_1,A,1.028
1770051227.7560594,ADC1,1,servo_2,A,0.947
1770051227.80679,ADC1,0,servo_1,A,1.149
1770051227.857454,THERM,0,motor_temp,C,38.328
1770051227.9076726,THERM,0,motor_temp,C,44.874
1770051227.9581766,ADC2,0,bus_voltage,V,10.965
1770051228.0084977,ADC1,0,servo_1,A,0.295
1770051228.0588799,ADC1,0,servo_1,A,1.362
1770051228.1093218,THERM,0,motor_temp,C,61.878
1770051228.1597223,ADC2,0,bus_voltage,V,10.936
1770051228.2103946,THERM,0,motor_temp,C,58.586
1770051228.2610111,ADC1,1,servo_2,A,1.795
1770051228.311393,ADC2,0,bus_voltage,V,10.458
1770051228.3617818,ADC1,1,servo_2,A,2.492
1770051228.4124584,ADC1,0,servo_1,A,0.326
1770051228.4629588,ADC1,1,servo_2,A,1.225
1770051228.5134468,ADC2,0,bus_voltage,V,11.935
1770051228.5638146,ADC2,0,bus_voltage,V,11.519
1770051228.6144013,ADC1,1,servo_2,A,0.953
1770051228.6650157,ADC2,0,bus_voltage,V,10.307
1770051228.71582,ADC1,0,servo_1,A,0.28
1770051228.7662518,THERM,0,motor_temp,C,45.982
1770051228.8169184,ADC1,0,servo_1,A,2.041
1770051228.8675075,THERM,0,motor_temp,C,63.636
1770051228.917799,THERM,0,motor_temp,C,66.61
1770051228.9684405,ADC1,0,servo_1,A,0.316
1770051229.018923,ADC2,0,bus_voltage,V,10.643
1770051229.069606,THERM,0,motor_temp,C,38.824
1770051229.1198707,THERM,0,motor_temp,C,36.181
1770051229.1705098,ADC1,0,servo_1,A,0.233
1770051229.2211852,ADC1,1,servo_2,A,1.967
1770051229.2717004,THERM,0,motor_temp,C,53.148
1770051229.322342,ADC2,0,bus_voltage,V,10.008
1770051229.3727608,ADC1,1,servo_2,A,2.467
1770051229.4230406,THERM,0,motor_temp,C,37.546
1770051229.4735749,ADC1,0,servo_1,A,1.009
1770051229.5240023,ADC1,1,servo_2,A,0.668
1770051229.5745404,THERM,0,motor_temp,C,29.324
1770051229.624844,ADC2,0,bus_voltage,V,10.309
1770051229.6753342,ADC1,0,servo_1,A,1.995
1770051229.7259464,THERM,0,motor_temp,C,48.291
1770051229.776885,ADC1,1,servo_2,A,1.352
1770051229.8273983,ADC2,0,bus_voltage,V,12.06
1770051229.877966,ADC1,0,servo_1,A,1.582
1770051229.9285426,ADC2,0,bus_voltage,V,11.365
1770051229.9788373,THERM,0,motor_temp,C,31.623
1770051230.0300834,ADC1,1,servo_2,A,0.949
1770051230.0813696,THERM,0,motor_temp,C,36.191
1770051230.135877,ADC2,0,bus_voltage,V,11.476
1770051230.1875398,ADC2,0,bus_voltage,V,10.482
1770051230.2380557,ADC2,0,bus_voltage,V,10.069
1770051230.288464,ADC1,1,servo_2,A,0.392
1770051230.3388999,ADC1,0,servo_1,A,1.849
1770051230.389148,ADC1,1,servo_2,A,0.573
1770051230.439789,THERM,0,motor_temp,C,35.273
1770051230.4904027,ADC1,1,servo_2,A,1.003
1770051230.5409129,THERM,0,motor_temp,C,53.058
1770051230.5913036,ADC1,1,servo_2,A,0.842
1770051230.6419725,THERM,0,motor_temp,C,39.562
1770051230.692334,ADC1,1,servo_2,A,2.027
1770051230.7430017,THERM,0,motor_temp,C,58.736
1770051230.7936926,THERM,0,motor_temp,C,62.927
1770051230.8453076,ADC2,0,bus_voltage,V,10.398
1770051230.8957174,ADC2,0,bus_voltage,V,11.541
1770051230.946168,THERM,0,motor_temp,C,55.09
1770051230.9965608,ADC1,1,servo_2,A,1.876
1770051231.0492694,ADC1,0,servo_1,A,1.002
1770051231.099553,ADC1,0,servo_1,A,0.979
1770051231.1499107,THERM,0,motor_temp,C,56.222
1770051231.2000763,ADC1,0,servo_1,A,0.855
1770051231.2505422,ADC2,0,bus_voltage,V,11.876
1770051231.3009408,THERM,0,motor_temp,C,52.679
1770051231.3514628,ADC2,0,bus_voltage,V,10.036
1770051231.4016237,THERM,0,motor_temp,C,57.213
1770051231.4522064,THERM,0,motor_temp,C,51.946
1770051231.5028293,ADC1,0,servo_1,A,2.336
1770051231.5534263,THERM,0,motor_temp,C,53.937
1770051231.6037686,ADC1,1,servo_2,A,0.878
1770051231.6542003,ADC1,1,servo_2,A,1.248
1770051231.7047837,THERM,0,motor_temp,C,26.609
1770051231.7552865,THERM,0,motor_temp,C,59.063
1770051231.8060446,ADC1,0,servo_1,A,0.257
1770051231.8563251,THERM,0,motor_temp,C,33.363
1770051231.9072328,ADC1,1,servo_2,A,0.877
1770051231.9575071,ADC1,1,servo_2,A,0.54
1770051232.0076969,ADC1,0,servo_1,A,0.684
1770051232.058621,ADC1,0,servo_1,A,1.775
1770051232.1094453,THERM,0,motor_temp,C,58.809
1770051232.1600237,ADC2,0,bus_voltage,V,10.322
1770051232.2104943,ADC1,1,servo_2,A,2.287
1770051232.2610683,ADC1,1,servo_2,A,1.978
1770051232.3115053,ADC1,1,servo_2,A,1.746
1770051232.3618326,THERM,0,motor_temp,C,36.618
1770051232.412177,THERM,0,motor_temp,C,58.645
1770051232.4629526,THERM,0,motor_temp,C,37.664
1770051232.5132625,ADC1,1,servo_2,A,2.057
1770051232.5637796,ADC2,0,bus_voltage,V,11.261
1770051232.6191802,ADC1,0,servo_1,A,1.001
1770051232.6705892,THERM,0,motor_temp,C,69.935
1770051232.7212477,THERM,0,motor_temp,C,45.218
1770051232.7717557,ADC2,0,bus_voltage,V,11.411
1770051232.8220856,THERM,0,motor_temp,C,33.962
1770051232.8727684,THERM,0,motor_temp,C,51.275
1770051232.9234424,ADC1,1,servo_2,A,1.784
1770051232.9742718,ADC1,1,servo_2,A,2.081
1770051233.024878,ADC1,1,servo_2,A,1.952
1770051233.0752683,THERM,0,motor_temp,C,64.073
1770051233.1257453,ADC1,1,servo_2,A,0.735
1770051233.176284,ADC1,1,servo_2,A,1.034
1770051233.2265334,ADC1,0,servo_1,A,0.713
1770051233.2770894,ADC2,0,bus_voltage,V,11.176
1770051233.327608,THERM,0,motor_temp,C,41.103
1770051233.3781602,ADC1,0,servo_1,A,0.977
1770051233.4286418,ADC2,0,bus_voltage,V,10.32
1770051233.4790454,THERM,0,motor_temp,C,36.634
1770051233.529644,ADC2,0,bus_voltage,V,11.897
1770051233.5799587,ADC2,0,bus_voltage,V,11.068
1770051233.630639,THERM,0,motor_temp,C,55.512
1770051233.681321,ADC1,0,servo_1,A,1.853
1770051233.7319837,ADC2,0,bus_voltage,V,10.363
1770051233.7827458,ADC1,0,servo_1,A,1.644
1770051233.8333876,ADC1,0,servo_1,A,1.368
1770051233.8837948,ADC1,0,servo_1,A,2.044
1770051233.9341953,ADC2,0,bus_voltage,V,11.414
1770051233.9843812,THERM,0,motor_temp,C,56.63
1770051234.0346642,ADC1,0,servo_1,A,1.783
1770051234.0854642,ADC1,0,servo_1,A,0.945
1770051234.1356478,ADC1,1,servo_2,A,1.717
1770051234.186212,ADC1,0,servo_1,A,0.617
1770051234.236765,ADC1,0,servo_1,A,1.523
1770051234.287283,THERM,0,motor_temp,C,43.525
1770051234.3377337,ADC1,0,servo_1,A,1.893
1770051234.3883097,ADC2,0,bus_voltage,V,12.543
1770051234.4390256,THERM,0,motor_temp,C,25.795
1770051234.489674,ADC1,1,servo_2,A,0.571
1770051234.5404284,ADC1,0,servo_1,A,2.124
1770051234.5910425,ADC1,1,servo_2,A,1.875
1770051234.6413393,ADC1,0,servo_1,A,0.253
1770051234.6921859,ADC1,0,servo_1,A,1.624
1770051234.7428093,THERM,0,motor_temp,C,46.828
1770051234.7933393,ADC1,1,servo_2,A,0.697
1770051234.8436532,ADC2,0,bus_voltage,V,11.757
1770051234.8941107,ADC1,1,servo_2,A,0.574
1770051234.9445646,THERM,0,motor_temp,C,26.105
1770051234.9950657,THERM,0,motor_temp,C,63.711
1770051235.0457115,ADC1,1,servo_2,A,0.385
1770051235.0962381,THERM,0,motor_temp,C,60.703
1770051235.1475825,ADC1,1,servo_2,A,1.008
1770051235.198141,ADC1,1,servo_2,A,2.332
1770051235.248491,ADC1,0,servo_1,A,2.162
1770051235.2991586,ADC1,1,servo_2,A,0.625
1770051235.3498118,ADC1,1,servo_2,A,0.952
1770051235.4002275,ADC2,0,bus_voltage,V,11.287
1770051235.4505234,ADC2,0,bus_voltage,V,11.447
1770051235.5008552,THERM,0,motor_temp,C,53.43
1770051235.5512114,THERM,0,motor_temp,C,40.658
1770051235.6016107,ADC2,0,bus_voltage,V,11.813
1770051235.6519825,ADC1,0,servo_1,A,0.805
1770051235.7022707,ADC1,1,servo_2,A,0.891
1770051235.7525694,ADC1,0,servo_1,A,2.111
1770051235.8029802,ADC1,1,servo_2,A,0.263
1770051235.8533962,ADC1,1,servo_2,A,1.361
1770051235.9041257,ADC2,0,bus_voltage,V,11.459
1770051235.9545536,ADC1,0,servo_1,A,0.23
1770051236.0050793,ADC2,0,bus_voltage,V,10.323
1770051236.0554528,ADC1,0,servo_1,A,1.078
1770051236.1058114,ADC1,1,servo_2,A,0.678
1770051236.1565561,THERM,0,motor_temp,C,55.979
1770051236.2068822,THERM,0,motor_temp,C,59.649
1770051236.2572298,ADC2,0,bus_voltage,V,10.594
1770051236.307981,ADC1,1,servo_2,A,1.635
1770051236.3584127,THERM,0,motor_temp,C,36.597
1770051236.4086735,ADC2,0,bus_voltage,V,11.315
1770051236.4592702,ADC1,1,servo_2,A,1.586
1770051236.5095806,ADC1,0,servo_1,A,1.749
1770051236.5599597,ADC1,0,servo_1,A,1.117
1770051236.610603,ADC2,0,bus_voltage,V,12.402
1770051236.6611989,ADC2,0,bus_voltage,V,10.516
1770051236.711486,THERM,0,motor_temp,C,33.835
1770051236.761935,ADC1,1,servo_2,A,0.733
1770051236.8124912,ADC1,0,servo_1,A,1.345
1770051236.8629103,ADC2,0,bus_voltage,V,10.671
1770051236.913487,ADC2,0,bus_voltage,V,11.027
1770051236.9647772,ADC1,1,servo_2,A,1.255
1770051237.0155392,ADC1,1,servo_2,A,2.424
1770051237.0661101,ADC1,1,servo_2,A,1.907
1770051237.1163495,ADC2,0,bus_voltage,V,10.83
1770051237.1667776,ADC1,0,servo_1,A,1.309
1770051237.2174745,ADC2,0,bus_voltage,V,10.022
1770051237.2679744,THERM,0,motor_temp,C,53.677
1770051237.319638,ADC2,0,bus_voltage,V,10.996
1770051237.3708658,ADC1,1,servo_2,A,2.472
1770051237.421182,ADC2,0,bus_voltage,V,12.314
1770051237.4718742,ADC1,1,servo_2,A,0.764
1770051237.5221543,ADC1,1,servo_2,A,0.533
1770051237.5726693,ADC1,0,servo_1,A,2.216
1770051237.623159,THERM,0,motor_temp,C,66.71
1770051237.6734703,ADC2,0,bus_voltage,V,10.293
1770051237.7241406,ADC1,1,servo_2,A,2.022
1770051237.7754347,ADC2,0,bus_voltage,V,12.446
1770051237.8259184,ADC2,0,bus_voltage,V,10.122
1770051237.8767614,ADC1,0,servo_1,A,1.062
1770051237.9274943,ADC1,0,servo_1,A,2.496
1770051237.9780643,ADC2,0,bus_voltage,V,10.831
1770051238.028411,ADC2,0,bus_voltage,V,10.211
1770051238.0789332,ADC2,0,bus_voltage,V,11.959
1770051238.129563,ADC1,1,servo_2,A,1.385
1770051238.1802342,ADC2,0,bus_voltage,V,12.26
1770051238.2310257,ADC1,0,servo_1,A,0.221
1770051238.2814384,ADC1,0,servo_1,A,0.893
1770051238.3318753,ADC1,1,servo_2,A,1.858
1770051238.3825915,ADC1,0,servo_1,A,0.229
1770051238.433251,ADC1,1,servo_2,A,0.219
1770051238.484024,ADC1,0,servo_1,A,0.245
1770051238.538395,THERM,0,motor_temp,C,44.12
1770051238.5894487,THERM,0,motor_temp,C,55.575
1770051238.6398368,ADC1,1,servo_2,A,1.345
1770051238.6910155,THERM,0,motor_temp,C,41.238
1770051238.7416065,ADC1,1,servo_2,A,2.099
1770051238.7919426,ADC2,0,bus_voltage,V,11.116
1770051238.8427527,ADC2,0,bus_voltage,V,10.174
1770051238.8935437,THERM,0,motor_temp,C,43.637
1770051238.9437637,THERM,0,motor_temp,C,58.228
1770051238.9943843,ADC1,0,servo_1,A,2.419
1770051239.0447776,THERM,0,motor_temp,C,34.211
1770051239.0950322,THERM,0,motor_temp,C,58.624
1770051239.145663,ADC1,1,servo_2,A,0.612
1770051239.1960902,THERM,0,motor_temp,C,30.47
1770051239.2464457,THERM,0,motor_temp,C,59.282
1770051239.297142,THERM,0,motor_temp,C,56.338
1770051239.3476737,ADC1,0,servo_1,A,1.695
1770051239.398486,ADC1,0,servo_1,A,1.367
1770051239.4486196,THERM,0,motor_temp,C,30.601
1770051239.4991696,ADC1,0,servo_1,A,0.681
1770051239.5497706,ADC1,1,servo_2,A,0.444
1770051239.6004264,THERM,0,motor_temp,C,52.387
1770051239.6508965,THERM,0,motor_temp,C,43.515
1770051239.7013273,ADC1,1,servo_2,A,0.539
1770051239.75194,ADC1,0,servo_1,A,2.046
1770051239.802621,ADC1,1,servo_2,A,1.021
1770051239.8530424,ADC1,1,servo_2,A,1.176
1770051239.903566,ADC1,0,servo_1,A,1.557
1770051239.9542675,ADC2,0,bus_voltage,V,10.689
1770051240.0059822,ADC2,0,bus_voltage,V,11.332
1770051240.0562477,THERM,0,motor_temp,C,50.895
1770051240.1068413,THERM,0,motor_temp,C,64.601
1770051240.1574824,ADC1,1,servo_2,A,0.589
1770051240.208191,ADC1,0,servo_1,A,2.112
1770051240.2587917,ADC1,1,servo_2,A,0.986
1770051240.3093803,ADC1,0,servo_1,A,1.954
1770051240.3599231,ADC2,0,bus_voltage,V,10.759
1770051240.4105158,THERM,0,motor_temp,C,39.761
1770051240.4611285,ADC1,1,servo_2,A,0.323
1770051240.5115573,THERM,0,motor_temp,C,36.883
1770051240.5625553,ADC2,0,bus_voltage,V,12.455
1770051240.6130311,ADC1,0,servo_1,A,1.962
1770051240.6640718,ADC2,0,bus_voltage,V,12.318
1770051240.7152207,ADC2,0,bus_voltage,V,11.289
1770051240.7661035,ADC1,0,servo_1,A,0.211
1770051240.8169858,ADC1,1,servo_2,A,1.55
1770051240.8684888,ADC1,0,servo_1,A,0.797
1770051240.9188662,ADC2,0,bus_voltage,V,12.315
1770051240.9690952,THERM,0,motor_temp,C,25.926
1770051241.0204532,ADC1,1,servo_2,A,1.338
1770051241.0707805,ADC1,1,servo_2,A,0.835
1770051241.121159,ADC1,0,servo_1,A,0.432
1770051241.1715748,ADC2,0,bus_voltage,V,11.326
1770051241.2222514,ADC2,0,bus_voltage,V,10.64
1770051241.2729275,THERM,0,motor_temp,C,61.961
1770051241.3233664,ADC1,1,servo_2,A,2.362
1770051241.3738964,ADC1,0,servo_1,A,0.999
1770051241.4243746,ADC1,0,servo_1,A,0.29
1770051241.4747994,THERM,0,motor_temp,C,57.949
1770051241.5257063,ADC2,0,bus_voltage,V,11.138
1770051241.5761676,ADC1,1,servo_2,A,1.949
1770051241.6264756,ADC2,0,bus_voltage,V,10.644
1770051241.6770139,ADC1,1,servo_2,A,2.124
1770051241.7274346,ADC1,1,servo_2,A,1.642
1770051241.7778852,ADC2,0,bus_voltage,V,11.5
1770051241.8283522,THERM,0,motor_temp,C,62.829
1770051241.8788722,ADC2,0,bus_voltage,V,11.004
1770051241.9292014,ADC2,0,bus_voltage,V,10.081
1770051241.9800138,ADC2,0,bus_voltage,V,12.02
1770051242.0303657,ADC2,0,bus_voltage,V,10.213
1770051242.0809646,ADC1,0,servo_1,A,1.143
1770051242.1319342,ADC2,0,bus_voltage,V,10.061
1770051242.1822858,THERM,0,motor_temp,C,42.429
1770051242.232799,THERM,0,motor_temp,C,62.1
1770051242.283539,ADC2,0,bus_voltage,V,11.225
1770051242.3338625,ADC1,0,servo_1,A,0.761
1770051242.3842025,ADC1,0,servo_1,A,1.091
1770051242.434388,THERM,0,motor_temp,C,51.534
1770051242.484703,ADC2,0,bus_voltage,V,12.27
1770051242.5352335,THERM,0,motor_temp,C,52.137
1770051242.5868392,ADC1,0,servo_1,A,2.16
1770051242.6372166,ADC1,1,servo_2,A,2.313
1770051242.687402,ADC1,1,servo_2,A,1.002
1770051242.738257,THERM,0,motor_temp,C,30.89
1770051242.7891178,ADC1,1,servo_2,A,2.444
1770051242.839716,THERM,0,motor_temp,C,57.323
1770051242.8901932,ADC2,0,bus_voltage,V,10.84
1770051242.9410126,ADC2,0,bus_voltage,V,11.166
1770051242.9918127,ADC2,0,bus_voltage,V,10.794
1770051243.0424204,ADC1,0,servo_1,A,0.941
1770051243.0930748,ADC1,0,servo_1,A,2.068
1770051243.1436782,ADC1,0,servo_1,A,2.011
1770051243.1939473,ADC2,0,bus_voltage,V,11.198
1770051243.2444274,ADC2,0,bus_voltage,V,10.635
1770051243.2950861,ADC2,0,bus_voltage,V,12.225
1770051243.3458972,ADC1,1,servo_2,A,1.361
1770051243.3962715,ADC1,0,servo_1,A,2.239
1770051243.4465296,ADC1,0,servo_1,A,1.739
1770051243.4974313,ADC1,1,servo_2,A,2.46
1770051243.548067,ADC1,0,servo_1,A,2.318
1770051243.5987675,ADC1,1,servo_2,A,0.387
1770051243.649079,ADC1,0,servo_1,A,0.61
1770051243.6995099,ADC1,1,servo_2,A,0.887
1770051243.7501884,ADC2,0,bus_voltage,V,10.013
1770051243.800502,THERM,0,motor_temp,C,28.509
1770051243.8514426,THERM,0,motor_temp,C,48.987
1770051243.9022083,ADC1,0,servo_1,A,0.562
1770051243.9526157,ADC2,0,bus_voltage,V,12.046
1770051244.0030951,THERM,0,motor_temp,C,32.172
1770051244.0537488,THERM,0,motor_temp,C,46.022
1770051244.1042082,ADC1,0,servo_1,A,1.717
1770051244.1545327,ADC1,1,servo_2,A,0.566
1770051244.205237,THERM,0,motor_temp,C,55.444
1770051244.256009,THERM,0,motor_temp,C,66.036
1770051244.306661,ADC1,1,servo_2,A,0.407
1770051244.3574822,ADC1,1,servo_2,A,0.773
1770051244.4086149,THERM,0,motor_temp,C,30.75
1770051244.4589286,ADC1,0,servo_1,A,1.179
1770051244.5093834,ADC1,0,servo_1,A,0.488
1770051244.5599158,THERM,0,motor_temp,C,60.715
1770051244.61223,ADC1,1,servo_2,A,1.374
1770051244.6631374,ADC2,0,bus_voltage,V,11.513
1770051244.7138598,ADC1,0,servo_1,A,0.703
1770051244.764025,ADC1,0,servo_1,A,1.745
1770051244.8146765,ADC1,0,servo_1,A,1.459
1770051244.8650222,ADC2,0,bus_voltage,V,11.679
1770051244.9157984,THERM,0,motor_temp,C,37.772
1770051244.9664574,THERM,0,motor_temp,C,45.552
1770051245.0171785,THERM,0,motor_temp,C,32.704
1770051245.0679278,ADC1,1,servo_2,A,1.071
1770051245.1187708,ADC1,0,servo_1,A,0.445
1770051245.1693742,ADC2,0,bus_voltage,V,12.141
1770051245.2200477,ADC1,1,servo_2,A,1.004
1770051245.270847,ADC1,0,servo_1,A,2.348
1770051245.3211975,ADC2,0,bus_voltage,V,11.352
1770051245.3715713,ADC1,0,servo_1,A,2.1
1770051245.4219136,THERM,0,motor_temp,C,49.573
1770051245.4722426,ADC2,0,bus_voltage,V,12.344
1770051245.5228453,ADC2,0,bus_voltage,V,10.951
1770051245.573437,THERM,0,motor_temp,C,52.997
1770051245.623913,ADC2,0,bus_voltage,V,11.053
1770051245.6746721,ADC1,0,servo_1,A,0.909
1770051245.7256947,THERM,0,motor_temp,C,39.704
1770051245.7764196,ADC2,0,bus_voltage,V,11.581
1770051245.8271034,ADC1,0,servo_1,A,2.414
1770051245.877551,ADC1,1,servo_2,A,2.436
1770051245.9281738,ADC2,0,bus_voltage,V,11.506
1770051245.9785187,ADC1,0,servo_1,A,0.759
1770051246.029199,THERM,0,motor_temp,C,42.705
1770051246.0799973,ADC1,1,servo_2,A,2.243
1770051246.1302423,ADC1,1,servo_2,A,1.763
1770051246.1806006,ADC1,0,servo_1,A,2.142
1770051246.231348,ADC2,0,bus_voltage,V,11.012
1770051246.2820084,ADC1,1,servo_2,A,1.78
1770051246.3328338,ADC1,0,servo_1,A,1.456
1770051246.3834004,ADC2,0,bus_voltage,V,10.22
1770051246.433869,ADC1,0,servo_1,A,0.796
1770051246.4841187,ADC2,0,bus_voltage,V,10.352
1770051246.534792,ADC2,0,bus_voltage,V,11.923
1770051246.5853813,THERM,0,motor_temp,C,26.965
1770051246.635783,ADC1,1,servo_2,A,1.736
1770051246.6863863,ADC1,0,servo_1,A,1.193
1770051246.7370734,ADC1,1,servo_2,A,2.026
1770051246.7875195,THERM,0,motor_temp,C,69.357
1770051246.8378367,ADC1,0,servo_1,A,0.213
1770051246.8882198,ADC1,0,servo_1,A,0.553
1770051246.9388173,ADC1,0,servo_1,A,1.677
1770051246.9894056,THERM,0,motor_temp,C,45.395
1770051247.0401607,ADC1,1,servo_2,A,1.419
1770051247.0907617,ADC1,0,servo_1,A,1.615
1770051247.141358,ADC1,0,servo_1,A,0.237
1770051247.1919038,THERM,0,motor_temp,C,64.266
1770051247.2422261,THERM,0,motor_temp,C,44.947
1770051247.2927377,ADC2,0,bus_voltage,V,10.057
1770051247.3431175,ADC1,0,servo_1,A,1.511
1770051247.3935642,THERM,0,motor_temp,C,41.182
1770051247.4447339,ADC1,1,servo_2,A,1.182
1770051247.4954455,ADC2,0,bus_voltage,V,11.764
1770051247.5461788,THERM,0,motor_temp,C,52.327
1770051247.596897,THERM,0,motor_temp,C,28.478
1770051247.647385,ADC1,1,servo_2,A,1.729
1770051247.697928,ADC2,0,bus_voltage,V,11.639
1770051247.748273,ADC1,1,servo_2,A,1.46
1770051247.7985933,THERM,0,motor_temp,C,25.512
1770051247.8493314,ADC1,0,servo_1,A,0.931
1770051247.8996682,ADC2,0,bus_voltage,V,11.029
1770051247.9501574,ADC2,0,bus_voltage,V,10.11
1770051248.000824,ADC2,0,bus_voltage,V,10.602
1770051248.051331,ADC2,0,bus_voltage,V,10.802
1770051248.1021516,ADC2,0,bus_voltage,V,10.467
1770051248.1527817,THERM,0,motor_temp,C,27.581
1770051248.2029934,ADC2,0,bus_voltage,V,10.379
1770051248.2534602,ADC1,1,servo_2,A,2.059
1770051248.303842,ADC2,0,bus_voltage,V,12.366
1770051248.3541002,ADC2,0,bus_voltage,V,10.303
1770051248.4047067,ADC1,1,servo_2,A,0.685
1770051248.454882,THERM,0,motor_temp,C,44.888
1770051248.505465,ADC2,0,bus_voltage,V,10.05
1770051248.5558496,ADC1,1,servo_2,A,1.024
1770051248.606331,ADC1,0,servo_1,A,1.457
1770051248.657101,ADC2,0,bus_voltage,V,12.203
1770051248.7077858,ADC2,0,bus_voltage,V,10.301
1770051248.7582526,THERM,0,motor_temp,C,34.552
1770051248.8084705,ADC2,0,bus_voltage,V,12.357
1770051248.859118,THERM,0,motor_temp,C,48.111
1770051248.909685,ADC2,0,bus_voltage,V,10.819
1770051248.9601083,THERM,0,motor_temp,C,65.598
1770051249.0106254,THERM,0,motor_temp,C,33.83
1770051249.0610874,ADC1,1,servo_2,A,1.184
1770051249.1113617,THERM,0,motor_temp,C,49.538
1770051249.1620743,THERM,0,motor_temp,C,48.142
1770051249.2126327,ADC1,0,servo_1,A,0.89
1770051249.2629876,THERM,0,motor_temp,C,65.388
1770051249.313423,ADC1,1,servo_2,A,1.179
1770051249.3639708,ADC1,1,servo_2,A,1.925
1770051249.4144871,ADC1,1,servo_2,A,1.518
1770051249.4649713,ADC2,0,bus_voltage,V,10.658
1770051249.5154867,ADC1,1,servo_2,A,2.266
1770051249.5658011,ADC2,0,bus_voltage,V,10.018
1770051249.616586,THERM,0,motor_temp,C,34.417
1770051249.6672764,ADC1,1,servo_2,A,0.22
1770051249.7176785,ADC1,1,servo_2,A,0.825
1770051249.7682512,ADC2,0,bus_voltage,V,11.082
1770051249.8190382,THERM,0,motor_temp,C,50.349
1770051249.8707194,ADC2,0,bus_voltage,V,10.504
1770051249.9214342,THERM,0,motor_temp,C,64.425
1770051249.9720714,THERM,0,motor_temp,C,52.272
1770051250.022515,ADC1,1,servo_2,A,1.271
1770051250.072882,ADC1,1,servo_2,A,0.984
1770051250.1235025,ADC1,0,servo_1,A,1.578
1770051250.1748898,ADC2,0,bus_voltage,V,10.095
1770051250.2252777,ADC1,0,servo_1,A,1.986
1770051250.2757154,ADC2,0,bus_voltage,V,10.39
1770051250.3262043,ADC2,0,bus_voltage,V,10.7
1770051250.376954,THERM,0,motor_temp,C,36.488
1770051250.4274044,ADC2,0,bus_voltage,V,11.033
1770051250.4779613,ADC1,1,servo_2,A,1.904
1770051250.5283432,THERM,0,motor_temp,C,68.56
1770051250.578765,ADC1,1,servo_2,A,1.653
1770051250.6294448,ADC2,0,bus_voltage,V,12.228
1770051250.67979,ADC1,0,servo_1,A,0.729
1770051250.7302947,THERM,0,motor_temp,C,42.89
1770051250.7808354,THERM,0,motor_temp,C,57.452
1770051250.831466,THERM,0,motor_temp,C,60.358
1770051250.8821287,ADC2,0,bus_voltage,V,12.301
1770051250.9329462,ADC1,0,servo_1,A,0.858
1770051250.9835198,ADC2,0,bus_voltage,V,10.909
1770051251.0343413,THERM,0,motor_temp,C,29.288
1770051251.0848918,ADC2,0,bus_voltage,V,12.109
1770051251.1357598,THERM,0,motor_temp,C,50.317
1770051251.1863542,ADC1,0,servo_1,A,0.722
1770051251.2369926,ADC1,0,servo_1,A,1.271
1770051251.2877972,ADC1,0,servo_1,A,2.313
1770051251.33844,ADC1,0,servo_1,A,2.212
1770051251.389388,ADC2,0,bus_voltage,V,12.593
1770051251.4408152,ADC1,1,servo_2,A,0.617
1770051251.4912055,ADC2,0,bus_voltage,V,10.046
1770051251.5418684,ADC1,0,servo_1,A,1.761
1770051251.5924146,ADC2,0,bus_voltage,V,11.584
1770051251.6426058,ADC2,0,bus_voltage,V,10.018
1770051251.6929216,ADC1,0,servo_1,A,0.408
1770051251.7432077,ADC1,0,servo_1,A,1.378
1770051251.7939236,ADC1,0,servo_1,A,1.881
1770051251.8446963,ADC1,1,servo_2,A,0.709
1770051251.8949025,THERM,0,motor_temp,C,54.639
1770051251.9451754,ADC1,1,servo_2,A,0.404
1770051251.9956906,ADC1,1,servo_2,A,1.183
1770051252.0459433,ADC1,0,servo_1,A,0.409
1770051252.0965228,ADC2,0,bus_voltage,V,10.398
1770051252.1470003,ADC1,1,servo_2,A,2.44
1770051252.1975753,ADC2,0,bus_voltage,V,10.532
1770051252.2484083,ADC1,1,servo_2,A,0.944
1770051252.2990067,ADC1,1,servo_2,A,2.106
1770051252.349243,ADC1,1,servo_2,A,1.325
1770051252.399409,ADC2,0,bus_voltage,V,10.935
1770051252.4497714,ADC1,0,servo_1,A,2.487
1770051252.500016,THERM,0,motor_temp,C,65.554
1770051252.551259,ADC2,0,bus_voltage,V,10.964
1770051252.6018515,THERM,0,motor_temp,C,31.895
1770051252.6525805,ADC2,0,bus_voltage,V,12.192
1770051252.7031734,ADC1,0,servo_1,A,0.262
1770051252.7538822,THERM,0,motor_temp,C,33.7
1770051252.8095837,THERM,0,motor_temp,C,44.254
1770051252.8606412,ADC1,1,servo_2,A,1.228
1770051252.9114149,THERM,0,motor_temp,C,64.231
1770051252.962022,ADC1,1,servo_2,A,1.047
1770051253.0125282,ADC1,1,servo_2,A,1.814
1770051253.0632327,THERM,0,motor_temp,C,48.496
1770051253.1136131,THERM,0,motor_temp,C,64.998
1770051253.1645494,ADC1,1,servo_2,A,2.363
1770051253.2151213,ADC1,1,servo_2,A,0.455
1770051253.2656293,ADC2,0,bus_voltage,V,11.943
1770051253.3160927,ADC1,1,servo_2,A,1.354
1770051253.366588,ADC1,1,servo_2,A,2.382
1770051253.4169052,ADC2,0,bus_voltage,V,10.373
1770051253.4673746,ADC1,1,servo_2,A,1.152
1770051253.5182083,THERM,0,motor_temp,C,53.891
1770051253.568551,THERM,0,motor_temp,C,54.306
1770051253.6189563,ADC2,0,bus_voltage,V,11.338
1770051253.6694374,ADC1,1,servo_2,A,0.599
1770051253.7198927,ADC1,0,servo_1,A,2.113
1770051253.7702749,THERM,0,motor_temp,C,54.846
1770051253.8209455,ADC1,0,servo_1,A,0.26
1770051253.8713956,ADC1,0,servo_1,A,1.911
1770051253.921775,ADC1,1,servo_2,A,1.415
1770051253.9723597,ADC1,0,servo_1,A,1.275
1770051254.0231068,ADC1,1,servo_2,A,1.515
1770051254.0736938,ADC2,0,bus_voltage,V,10.525
1770051254.1239536,THERM,0,motor_temp,C,63.061
1770051254.1742935,THERM,0,motor_temp,C,52.033
1770051254.2248974,ADC1,1,servo_2,A,1.169
1770051254.2753823,THERM,0,motor_temp,C,60.543
1770051254.3261929,ADC1,1,servo_2,A,2.431
1770051254.3765051,ADC1,0,servo_1,A,2.28
1770051254.4269261,ADC2,0,bus_voltage,V,10.374
1770051254.4771907,THERM,0,motor_temp,C,33.653
1770051254.527586,ADC1,1,servo_2,A,1.778
1770051254.5780127,ADC1,1,servo_2,A,0.266
1770051254.629601,THERM,0,motor_temp,C,39.703
1770051254.6804993,ADC1,0,servo_1,A,1.828
1770051254.7312794,THERM,0,motor_temp,C,41.412
1770051254.7816808,ADC2,0,bus_voltage,V,11.688
1770051254.8319726,ADC1,1,servo_2,A,2.2
1770051254.8823326,THERM,0,motor_temp,C,30.569
1770051254.932906,ADC2,0,bus_voltage,V,11.152
1770051254.983487,THERM,0,motor_temp,C,36.631
1770051255.0338583,THERM,0,motor_temp,C,54.25
1770051255.0845568,ADC1,0,servo_1,A,1.854
1770051255.1349998,ADC1,0,servo_1,A,1.669
1770051255.1854155,THERM,0,motor_temp,C,69.802
1770051255.2357738,ADC1,0,servo_1,A,0.215
1770051255.2864873,ADC2,0,bus_voltage,V,10.898
1770051255.3367226,ADC2,0,bus_voltage,V,10.12
1770051255.3871775,THERM,0,motor_temp,C,45.757
1770051255.4377048,THERM,0,motor_temp,C,63.006
1770051255.4883623,ADC2,0,bus_voltage,V,10.245
1770051255.5391138,ADC1,0,servo_1,A,2.226
1770051255.5898569,ADC1,1,servo_2,A,1.42
1770051255.6404693,ADC1,1,servo_2,A,0.546
1770051255.6915982,THERM,0,motor_temp,C,32.809
1770051255.7422092,ADC1,1,servo_2,A,2.102
1770051255.7927306,THERM,0,motor_temp,C,28.333
1770051255.8430326,ADC1,1,servo_2,A,2.147
1770051255.8933475,ADC1,0,servo_1,A,0.805
1770051255.943829,ADC2,0,bus_voltage,V,11.805
1770051255.9944801,ADC1,0,servo_1,A,2.442
1770051256.0447996,ADC1,0,servo_1,A,1.346
1770051256.095488,THERM,0,motor_temp,C,43.858
1770051256.1461096,ADC1,0,servo_1,A,0.58
1770051256.1967983,ADC1,0,servo_1,A,0.723
1770051256.2469811,THERM,0,motor_temp,C,43.279
1770051256.2974858,ADC1,1,servo_2,A,1.858
1770051256.3480604,ADC2,0,bus_voltage,V,12.478
1770051256.3986852,ADC1,0,servo_1,A,1.6
1770051256.448849,ADC1,0,servo_1,A,1.073
1770051256.4993207,ADC1,1,servo_2,A,1.099
1770051256.5497284,THERM,0,motor_temp,C,47.831
1770051256.599957,ADC1,0,servo_1,A,1.475
1770051256.6505008,THERM,0,motor_temp,C,33.678
1770051256.7010467,THERM,0,motor_temp,C,41.769
1770051256.7516704,ADC1,1,servo_2,A,1.887
1770051256.8023453,ADC1,0,servo_1,A,0.343
1770051256.8526936,ADC1,0,servo_1,A,0.54
1770051256.9030778,THERM,0,motor_temp,C,51.233
1770051256.953567,ADC1,1,servo_2,A,2.471
1770051257.004214,THERM,0,motor_temp,C,57.22
1770051257.0550485,THERM,0,motor_temp,C,48.398
1770051257.1056645,ADC1,1,servo_2,A,1.305
1770051257.1561406,ADC2,0,bus_voltage,V,10.936
1770051257.2066119,ADC1,0,servo_1,A,1.664
1770051257.2570548,THERM,0,motor_temp,C,44.684
1770051257.3072958,ADC1,1,servo_2,A,2.486
1770051257.3580358,ADC2,0,bus_voltage,V,10.643
1770051257.4084666,ADC1,0,servo_1,A,1.522
1770051257.458808,ADC2,0,bus_voltage,V,12.216
1770051257.5094423,THERM,0,motor_temp,C,51.892
1770051257.5600832,THERM,0,motor_temp,C,56.257
1770051257.6105409,THERM,0,motor_temp,C,66.638
1770051257.6610353,THERM,0,motor_temp,C,40.745
1770051257.7112656,ADC2,0,bus_voltage,V,10.076
1770051257.7614686,THERM,0,motor_temp,C,27.248
1770051257.8121495,ADC2,0,bus_voltage,V,11.821
1770051257.8626645,THERM,0,motor_temp,C,34.889
1770051257.9132187,THERM,0,motor_temp,C,61.719
1770051257.9638004,ADC2,0,bus_voltage,V,11.544
1770051258.0145125,ADC1,0,servo_1,A,2.357
1770051258.064767,ADC1,0,servo_1,A,1.256
1770051258.115061,ADC1,0,servo_1,A,0.47
1770051258.1654267,THERM,0,motor_temp,C,47.789
1770051258.215795,ADC2,0,bus_voltage,V,10.652
1770051258.26614,ADC2,0,bus_voltage,V,12.579
1770051258.3164887,THERM,0,motor_temp,C,63.277
1770051258.3668609,ADC2,0,bus_voltage,V,12.289
1770051258.4174938,ADC1,1,servo_2,A,2.393
1770051258.468268,ADC2,0,bus_voltage,V,10.852
1770051258.5188887,ADC1,1,servo_2,A,0.735
1770051258.5694077,ADC1,0,servo_1,A,0.637
1770051258.620161,ADC1,0,servo_1,A,0.306
1770051258.6705403,THERM,0,motor_temp,C,31.553
1770051258.7227752,THERM,0,motor_temp,C,63.038
1770051258.7737932,ADC1,0,servo_1,A,1.734
1770051258.8240733,THERM,0,motor_temp,C,30.828
1770051258.8747056,ADC1,0,servo_1,A,0.359
1770051258.9249635,ADC1,0,servo_1,A,1.805
1770051258.9756477,ADC1,0,servo_1,A,0.871
1770051259.0264187,ADC2,0,bus_voltage,V,11.885
1770051259.0770392,ADC2,0,bus_voltage,V,12.26
1770051259.1275423,ADC1,1,servo_2,A,1.29
1770051259.1778593,ADC2,0,bus_voltage,V,11.186
1770051259.2282398,ADC1,0,servo_1,A,1.925
1770051259.2786431,ADC1,1,servo_2,A,1.127
1770051259.3290493,ADC2,0,bus_voltage,V,11.765
1770051259.3796997,THERM,0,motor_temp,C,29.838
1770051259.4303067,ADC1,0,servo_1,A,2.444
1770051259.4807148,ADC1,0,servo_1,A,0.974
1770051259.5311177,THERM,0,motor_temp,C,56.191
1770051259.581654,ADC2,0,bus_voltage,V,10.472
1770051259.6325402,ADC2,0,bus_voltage,V,11.295
1770051259.6831074,ADC1,0,servo_1,A,2.012
1770051259.7336724,ADC2,0,bus_voltage,V,11.068
1770051259.7848742,THERM,0,motor_temp,C,48.925
1770051259.8356066,THERM,0,motor_temp,C,52.612
1770051259.8858526,ADC2,0,bus_voltage,V,10.888
1770051259.9361465,ADC1,0,servo_1,A,1.514
1770051259.986632,ADC1,0,servo_1,A,1.884
1770051260.0371597,ADC1,1,servo_2,A,1.427
1770051260.0878704,ADC1,0,servo_1,A,1.833
1770051260.1382082,ADC1,0,servo_1,A,1.003
1770051260.1886647,ADC2,0,bus_voltage,V,10.08
1770051260.2393568,ADC1,1,servo_2,A,2.421
1770051260.2898738,ADC2,0,bus_voltage,V,11.822
1770051260.3405948,ADC1,0,servo_1,A,2.45
1770051260.3908062,ADC2,0,bus_voltage,V,10.163
1770051260.441753,ADC1,1,servo_2,A,0.222
1770051260.4921484,ADC2,0,bus_voltage,V,11.426
1770051260.5426183,ADC1,1,servo_2,A,2.215
1770051260.592913,ADC1,1,servo_2,A,1.591
1770051260.643502,ADC1,1,servo_2,A,1.858
1770051260.6940281,ADC2,0,bus_voltage,V,11.571
1770051260.7444875,ADC1,1,servo_2,A,1.436
1770051260.795111,ADC1,1,servo_2,A,0.309
1770051260.8460972,ADC1,0,servo_1,A,0.742
1770051260.8966317,ADC2,0,bus_voltage,V,10.234
1770051260.947181,ADC2,0,bus_voltage,V,10.704
1770051260.9973857,ADC2,0,bus_voltage,V,10.459
1770051261.0478125,THERM,0,motor_temp,C,45.249
1770051261.0987675,ADC1,0,servo_1,A,2.179
1770051261.1492915,THERM,0,motor_temp,C,44.054
1770051261.1999211,ADC1,0,servo_1,A,1.378
1770051261.250344,ADC2,0,bus_voltage,V,10.097
1770051261.3007581,ADC1,0,servo_1,A,1.569
1770051261.3516238,ADC1,0,servo_1,A,2.187
1770051261.4020133,ADC1,0,servo_1,A,2.5
1770051261.453291,ADC2,0,bus_voltage,V,10.7
1770051261.5037196,THERM,0,motor_temp,C,47.276
1770051261.5540485,THERM,0,motor_temp,C,58.681
1770051261.6047363,ADC1,1,servo_2,A,0.435
1770051261.6552384,ADC2,0,bus_voltage,V,11.086
1770051261.7058976,ADC1,0,servo_1,A,0.311
1770051261.7565243,ADC2,0,bus_voltage,V,11.695
1770051261.8070629,THERM,0,motor_temp,C,41.101
1770051261.8576703,ADC1,0,servo_1,A,0.673
1770051261.908392,ADC2,0,bus_voltage,V,11.865
1770051261.9587257,ADC2,0,bus_voltage,V,11.955
1770051262.009349,ADC2,0,bus_voltage,V,12.516
1770051262.0598087,ADC2,0,bus_voltage,V,11.677
1770051262.1101649,ADC1,1,servo_2,A,0.759
1770051262.1610136,THERM,0,motor_temp,C,55.581
1770051262.211531,ADC1,1,servo_2,A,1.197
1770051262.2621803,THERM,0,motor_temp,C,35.663
1770051262.313316,ADC1,1,servo_2,A,1.822
1770051262.3636823,ADC2,0,bus_voltage,V,12.37
1770051262.4144282,ADC1,1,servo_2,A,0.427
1770051262.46502,ADC1,0,servo_1,A,1.677
1770051262.5153017,ADC1,0,servo_1,A,1.679
1770051262.5658357,ADC2,0,bus_voltage,V,12.246
1770051262.6169775,ADC1,0,servo_1,A,2.44
1770051262.667391,THERM,0,motor_temp,C,30.274
1770051262.7179565,ADC1,0,servo_1,A,1.785
1770051262.7681215,ADC1,1,servo_2,A,1.932
1770051262.8183873,THERM,0,motor_temp,C,54.046
1770051262.8687193,ADC2,0,bus_voltage,V,10.986
1770051262.9191883,ADC2,0,bus_voltage,V,10.415
1770051262.9697332,THERM,0,motor_temp,C,53.889
1770051263.0206914,ADC1,0,servo_1,A,1.332
1770051263.0713518,ADC1,0,servo_1,A,1.037
1770051263.121919,ADC1,1,servo_2,A,1.311
1770051263.172151,THERM,0,motor_temp,C,64.316
1770051263.2223423,ADC2,0,bus_voltage,V,10.49
1770051263.2727244,ADC1,0,servo_1,A,2.457
1770051263.3229282,ADC2,0,bus_voltage,V,11.45
1770051263.3731344,THERM,0,motor_temp,C,28.525
1770051263.4233801,ADC1,0,servo_1,A,1.24
1770051263.4737504,THERM,0,motor_temp,C,50.57
1770051263.5243437,ADC1,0,servo_1,A,1.116
1770051263.5750377,ADC2,0,bus_voltage,V,10.409
1770051263.6257997,ADC1,1,servo_2,A,0.457
1770051263.676406,THERM,0,motor_temp,C,60.29
1770051263.726939,ADC1,1,servo_2,A,0.783
1770051263.7773125,THERM,0,motor_temp,C,46.24
1770051263.827606,THERM,0,motor_temp,C,27.074
1770051263.8779416,ADC1,0,servo_1,A,0.339
1770051263.9284794,ADC2,0,bus_voltage,V,10.01
1770051263.9788916,THERM,0,motor_temp,C,36.658
1770051264.0295594,ADC1,1,servo_2,A,0.317
1770051264.0802178,THERM,0,motor_temp,C,65.445
1770051264.130869,ADC1,1,servo_2,A,0.656
1770051264.1815677,ADC1,1,servo_2,A,1.248
1770051264.2321715,ADC1,0,servo_1,A,1.777
1770051264.2828617,ADC1,1,servo_2,A,1.272
1770051264.3331404,THERM,0,motor_temp,C,46.285
1770051264.384068,THERM,0,motor_temp,C,41.299
1770051264.4345613,ADC2,0,bus_voltage,V,11.757
1770051264.484848,ADC2,0,bus_voltage,V,10.829
1770051264.5353925,ADC2,0,bus_voltage,V,10.349
1770051264.5860293,ADC1,0,servo_1,A,2.324
1770051264.6366072,ADC1,1,servo_2,A,0.341
1770051264.686829,ADC1,1,servo_2,A,0.807
1770051264.7373772,ADC1,1,servo_2,A,1.282
1770051264.7881515,ADC1,0,servo_1,A,1.618
1770051264.8389342,THERM,0,motor_temp,C,53.828
1770051264.889182,ADC1,1,servo_2,A,0.691
1770051264.940049,ADC2,0,bus_voltage,V,12.123
1770051264.9905472,THERM,0,motor_temp,C,68.335
1770051265.0412889,ADC2,0,bus_voltage,V,10.228
1770051265.0917654,ADC1,0,servo_1,A,1.515
1770051265.1420622,ADC1,0,servo_1,A,1.484
1770051265.1925998,ADC1,1,servo_2,A,1.435
1770051265.243114,ADC2,0,bus_voltage,V,10.406
1770051265.2938614,ADC1,1,servo_2,A,1.063
1770051265.3441122,ADC1,0,servo_1,A,1.137
1770051265.3948467,ADC1,1,servo_2,A,0.633
1770051265.445874,THERM,0,motor_temp,C,45.041
1770051265.4962516,ADC1,0,servo_1,A,0.377
1770051265.5467744,ADC2,0,bus_voltage,V,11.938
1770051265.5974038,ADC1,1,servo_2,A,0.307
1770051265.6478782,THERM,0,motor_temp,C,58.589
1770051265.6985614,THERM,0,motor_temp,C,60.656
1770051265.74918,ADC1,1,servo_2,A,2.443
1770051265.7996206,ADC1,1,servo_2,A,2.358
1770051265.8502944,THERM,0,motor_temp,C,56.274
1770051265.900875,ADC2,0,bus_voltage,V,10.465
1770051265.9515176,ADC2,0,bus_voltage,V,11.912
1770051266.0023751,ADC1,0,servo_1,A,2.271
1770051266.053363,ADC2,0,bus_voltage,V,11.906
1770051266.103995,ADC2,0,bus_voltage,V,10.065
1770051266.1542208,ADC2,0,bus_voltage,V,12.564
1770051266.2047422,ADC2,0,bus_voltage,V,10.143
1770051266.2554374,THERM,0,motor_temp,C,48.309
1770051266.3057556,ADC1,1,servo_2,A,1.605
1770051266.356405,ADC2,0,bus_voltage,V,10.162
1770051266.4068227,ADC1,0,servo_1,A,2.415
1770051266.4570646,ADC2,0,bus_voltage,V,11.11
1770051266.5076609,ADC1,1,servo_2,A,0.209
1770051266.5581377,THERM,0,motor_temp,C,61.074
1770051266.6086283,ADC1,0,servo_1,A,0.734
1770051266.6588628,THERM,0,motor_temp,C,59.608
1770051266.709638,THERM,0,motor_temp,C,51.93
1770051266.7602944,THERM,0,motor_temp,C,47.285
1770051266.8106573,THERM,0,motor_temp,C,36.278
1770051266.8609734,ADC1,1,servo_2,A,1.801
1770051266.9114616,ADC2,0,bus_voltage,V,10.812
1770051266.961725,ADC1,1,servo_2,A,0.693
1770051267.0121677,ADC1,0,servo_1,A,1.036
1770051267.0626848,ADC1,0,servo_1,A,2.181
1770051267.1132581,ADC1,0,servo_1,A,1.452
1770051267.1636012,THERM,0,motor_temp,C,49.874
1770051267.2146335,THERM,0,motor_temp,C,30.729
1770051267.2648842,ADC1,0,servo_1,A,0.45
1770051267.315464,ADC1,1,servo_2,A,0.61
1770051267.365677,ADC1,1,servo_2,A,2.219
1770051267.4160643,ADC2,0,bus_voltage,V,12.073
1770051267.4663107,ADC2,0,bus_voltage,V,12.312
1770051267.5166247,THERM,0,motor_temp,C,30.998
1770051267.5673068,ADC1,0,servo_1,A,1.834
1770051267.617666,ADC2,0,bus_voltage,V,11.976
1770051267.668499,THERM,0,motor_temp,C,43.897
1770051267.719911,THERM,0,motor_temp,C,50.12
1770051267.7708695,ADC2,0,bus_voltage,V,10.456
1770051267.8212342,THERM,0,motor_temp,C,40.334
1770051267.871588,ADC1,1,servo_2,A,2.337
1770051267.9218833,ADC2,0,bus_voltage,V,12.364
1770051267.9727442,ADC2,0,bus_voltage,V,10.103
1770051268.0243948,THERM,0,motor_temp,C,37.406
1770051268.0747416,THERM,0,motor_temp,C,29.071
1770051268.1252487,THERM,0,motor_temp,C,25.099
1770051268.175594,ADC2,0,bus_voltage,V,12.037
1770051268.2272718,ADC1,0,servo_1,A,0.741
1770051268.2779171,ADC1,0,servo_1,A,2.256
1770051268.3285937,ADC1,0,servo_1,A,2.083
1770051268.3790941,ADC2,0,bus_voltage,V,10.35
1770051268.429725,ADC1,1,servo_2,A,2.454
1770051268.4807744,ADC1,1,servo_2,A,1.258
1770051268.53126,ADC2,0,bus_voltage,V,10.693
1770051268.5820515,ADC1,0,servo_1,A,2.059
1770051268.6327717,ADC2,0,bus_voltage,V,10.618
1770051268.6831825,ADC2,0,bus_voltage,V,12.138
1770051268.733473,ADC1,1,servo_2,A,1.696
1770051268.7839923,THERM,0,motor_temp,C,42.475
1770051268.8345938,ADC1,0,servo_1,A,0.469
1770051268.8848808,ADC1,1,servo_2,A,1.559
1770051268.935333,ADC2,0,bus_voltage,V,11.906
1770051268.9860966,THERM,0,motor_temp,C,47.514
1770051269.0368338,THERM,0,motor_temp,C,36.748
1770051269.0874548,ADC2,0,bus_voltage,V,12.467
1770051269.1379073,ADC1,0,servo_1,A,2.403
1770051269.1885695,ADC1,0,servo_1,A,1.528
1770051269.2389445,ADC2,0,bus_voltage,V,12.382
1770051269.289626,ADC1,1,servo_2,A,2.329
1770051269.3403497,ADC1,0,servo_1,A,1.541
1770051269.3909502,THERM,0,motor_temp,C,42.091
1770051269.4414625,ADC2,0,bus_voltage,V,10.682
1770051269.4921625,ADC1,0,servo_1,A,1.017
1770051269.5426183,ADC1,1,servo_2,A,1.362
1770051269.5929916,ADC1,0,servo_1,A,0.254
1770051269.6437154,ADC1,0,servo_1,A,2.384
1770051269.6941175,ADC1,0,servo_1,A,0.613
1770051269.7445295,ADC1,1,servo_2,A,0.65
1770051269.796295,ADC2,0,bus_voltage,V,10.796
1770051269.8465002,ADC2,0,bus_voltage,V,12.412
1770051269.8973744,ADC2,0,bus_voltage,V,10.779
1770051269.94796,THERM,0,motor_temp,C,67.112
1770051269.9982262,ADC1,1,servo_2,A,2.062
1770051270.0483775,ADC1,1,servo_2,A,1.952
1770051270.0986645,ADC1,1,servo_2,A,2.364
1770051270.1496408,ADC2,0,bus_voltage,V,12.045
1770051270.2010589,ADC1,1,servo_2,A,0.861
1770051270.2513094,ADC2,0,bus_voltage,V,11.557
1770051270.3018715,ADC1,1,servo_2,A,0.826
1770051270.3525333,ADC2,0,bus_voltage,V,10.78
1770051270.4031715,ADC1,1,servo_2,A,0.642
1770051270.4539049,ADC2,0,bus_voltage,V,10.168
1770051270.5043726,ADC2,0,bus_voltage,V,12.587
1770051270.5548382,ADC2,0,bus_voltage,V,12.103
1770051270.6052725,ADC1,0,servo_1,A,0.752
1770051270.6558723,ADC1,0,servo_1,A,0.867
1770051270.7064652,THERM,0,motor_temp,C,46.057
1770051270.7568684,THERM,0,motor_temp,C,38.096
1770051270.8072126,THERM,0,motor_temp,C,48.614
1770051270.8579383,ADC1,0,servo_1,A,1.697
1770051270.9090528,ADC2,0,bus_voltage,V,10.27
1770051270.959661,THERM,0,motor_temp,C,50.851
1770051271.0101285,ADC1,1,servo_2,A,1.561
1770051271.0609517,ADC1,1,servo_2,A,1.889
1770051271.1112497,ADC1,1,servo_2,A,1.158
1770051271.1618268,ADC1,0,servo_1,A,0.503
1770051271.212346,ADC1,1,servo_2,A,2.033
1770051271.262731,ADC2,0,bus_voltage,V,11.71
1770051271.313043,ADC1,1,servo_2,A,1.823
1770051271.3645806,ADC1,1,servo_2,A,0.815
1770051271.4155023,THERM,0,motor_temp,C,68.78
1770051271.4661362,THERM,0,motor_temp,C,29.839
1770051271.5166168,ADC1,1,servo_2,A,1.49
1770051271.5669518,ADC2,0,bus_voltage,V,11.619
1770051271.6174862,ADC1,1,servo_2,A,1.567
1770051271.6684759,ADC1,0,servo_1,A,1.804
1770051271.71942,THERM,0,motor_temp,C,47.835
1770051271.7697387,THERM,0,motor_temp,C,52.984
1770051271.8203185,ADC1,0,servo_1,A,1.754
1770051271.8708677,ADC1,1,servo_2,A,0.75
1770051271.9214046,THERM,0,motor_temp,C,33.908
1770051271.9721634,ADC1,0,servo_1,A,0.645
1770051272.022956,ADC1,1,servo_2,A,1.959
1770051272.0734665,ADC1,1,servo_2,A,2.112
1770051272.1240354,THERM,0,motor_temp,C,59.746
1770051272.1745443,ADC1,1,servo_2,A,2.27
1770051272.2250094,THERM,0,motor_temp,C,69.454
1770051272.2754076,THERM,0,motor_temp,C,63.19
1770051272.326093,ADC1,1,servo_2,A,1.093
1770051272.376546,THERM,0,motor_temp,C,50.348
1770051272.4276364,ADC1,1,servo_2,A,0.924
1770051272.478725,ADC1,1,servo_2,A,1.912
1770051272.5293403,ADC2,0,bus_voltage,V,11.997
1770051272.580138,THERM,0,motor_temp,C,27.955
1770051272.631091,ADC1,1,servo_2,A,2.256
1770051272.6814682,ADC1,1,servo_2,A,0.299
1770051272.7319286,ADC2,0,bus_voltage,V,11.693
1770051272.7822826,ADC1,0,servo_1,A,0.552
1770051272.8330412,ADC1,1,servo_2,A,0.358
1770051272.8835864,ADC1,0,servo_1,A,0.407
1770051272.9345477,ADC1,1,servo_2,A,1.422
1770051272.9855292,ADC2,0,bus_voltage,V,10.816
1770051273.0358953,ADC2,0,bus_voltage,V,12.586
1770051273.0863972,ADC1,1,servo_2,A,1.217
1770051273.136796,THERM,0,motor_temp,C,36.068
1770051273.1870208,ADC1,0,servo_1,A,1.465
1770051273.2376544,ADC2,0,bus_voltage,V,11.033
1770051273.2879848,ADC1,1,servo_2,A,0.299
1770051273.3385725,ADC1,0,servo_1,A,0.286
1770051273.3890445,ADC1,0,servo_1,A,0.534
1770051273.4397247,ADC1,0,servo_1,A,0.338
1770051273.490298,THERM,0,motor_temp,C,32.38
1770051273.5407953,ADC2,0,bus_voltage,V,12.388
1770051273.5914304,ADC1,0,servo_1,A,2.348
1770051273.6420023,ADC1,0,servo_1,A,2.056
1770051273.6925092,ADC1,1,servo_2,A,2.478
1770051273.743136,THERM,0,motor_temp,C,25.295
1770051273.793986,ADC1,0,servo_1,A,1.256
1770051273.844671,ADC1,0,servo_1,A,2.142
1770051273.8953001,ADC1,0,servo_1,A,0.858
1770051273.9457982,ADC1,1,servo_2,A,2.136
1770051273.996256,ADC2,0,bus_voltage,V,12.115
1770051274.0465133,ADC1,0,servo_1,A,1.074
1770051274.0972202,ADC1,0,servo_1,A,0.689
1770051274.1478395,THERM,0,motor_temp,C,57.321
1770051274.1982605,ADC1,1,servo_2,A,2.492
1770051274.2490294,ADC1,1,servo_2,A,0.806
1770051274.2994757,THERM,0,motor_temp,C,60.208
1770051274.3502939,ADC1,1,servo_2,A,0.487
1770051274.4010043,ADC1,0,servo_1,A,1.154
1770051274.4513483,ADC2,0,bus_voltage,V,10.844
1770051274.5019813,ADC1,0,servo_1,A,0.292
1770051274.5526526,ADC2,0,bus_voltage,V,11.065
1770051274.6033354,ADC1,1,servo_2,A,1.488
1770051274.6540253,ADC2,0,bus_voltage,V,11.01
1770051274.7044795,ADC2,0,bus_voltage,V,12.365
1770051274.754939,THERM,0,motor_temp,C,44.302
1770051274.8055224,ADC1,0,servo_1,A,1.911
1770051274.8558383,ADC1,0,servo_1,A,0.226
1770051274.9061298,ADC1,1,servo_2,A,0.691
1770051274.956575,ADC1,0,servo_1,A,1.365
1770051275.0073068,ADC1,1,servo_2,A,0.243
1770051275.0575323,THERM,0,motor_temp,C,50.606
1770051275.1078606,ADC2,0,bus_voltage,V,12.224
1770051275.1580338,ADC1,1,servo_2,A,2.058
1770051275.2087603,THERM,0,motor_temp,C,62.226
1770051275.2592351,ADC1,0,servo_1,A,1.548
1770051275.3099463,ADC2,0,bus_voltage,V,11.349
1770051275.360645,THERM,0,motor_temp,C,42.03
1770051275.4112766,ADC1,0,servo_1,A,0.256
1770051275.4616032,ADC2,0,bus_voltage,V,10.029
1770051275.5126126,ADC1,0,servo_1,A,2.398
1770051275.5628688,ADC2,0,bus_voltage,V,11.127
1770051275.613274,ADC1,0,servo_1,A,0.431
1770051275.665403,ADC1,0,servo_1,A,0.474
1770051275.7159188,ADC2,0,bus_voltage,V,10.305
1770051275.7667062,ADC2,0,bus_voltage,V,11.623
1770051275.8170972,ADC1,1,servo_2,A,0.923
1770051275.8677528,ADC1,0,servo_1,A,1.955
1770051275.9181836,ADC2,0,bus_voltage,V,11.491
1770051275.9684837,ADC1,1,servo_2,A,2.01
1770051276.0187857,THERM,0,motor_temp,C,32.493
1770051276.0692132,ADC1,1,servo_2,A,1.897
1770051276.1208322,ADC1,1,servo_2,A,1.903
1770051276.1718788,ADC2,0,bus_voltage,V,12.22
1770051276.2226293,ADC1,1,servo_2,A,0.715
1770051276.2732198,ADC1,1,servo_2,A,1.617
1770051276.323695,ADC1,0,servo_1,A,1.245
1770051276.3739061,THERM,0,motor_temp,C,36.835
1770051276.424194,ADC1,0,servo_1,A,0.783
1770051276.4747636,ADC2,0,bus_voltage,V,10.486
1770051276.5251265,ADC2,0,bus_voltage,V,10.226
1770051276.575385,ADC1,0,servo_1,A,2.184
1770051276.626038,THERM,0,motor_temp,C,53.763
1770051276.6766531,ADC2,0,bus_voltage,V,11.3
1770051276.7270782,ADC2,0,bus_voltage,V,10.989
1770051276.7774096,ADC1,1,servo_2,A,0.441
1770051276.827893,THERM,0,motor_temp,C,53.205
1770051276.8781924,ADC2,0,bus_voltage,V,11.096
1770051276.9285157,ADC2,0,bus_voltage,V,10.02
1770051276.9790654,ADC1,0,servo_1,A,1.776
1770051277.0296595,ADC1,1,servo_2,A,0.387
1770051277.0800278,THERM,0,motor_temp,C,66.115
1770051277.1305866,ADC1,0,servo_1,A,1.413
1770051277.1813426,THERM,0,motor_temp,C,43.506
1770051277.232007,THERM,0,motor_temp,C,41.608
1770051277.2824852,ADC1,0,servo_1,A,1.913
1770051277.3336325,ADC2,0,bus_voltage,V,12.481
1770051277.384299,THERM,0,motor_temp,C,31.965
1770051277.4347303,ADC1,1,servo_2,A,1.604
1770051277.4849954,ADC2,0,bus_voltage,V,10.246
1770051277.5355759,ADC1,0,servo_1,A,0.656
1770051277.5859394,ADC1,0,servo_1,A,0.53
1770051277.6361146,ADC1,1,servo_2,A,2.444
1770051277.6865537,THERM,0,motor_temp,C,40.169
1770051277.7370152,THERM,0,motor_temp,C,26.601
1770051277.7876453,ADC1,1,servo_2,A,2.324
1770051277.8381357,ADC1,1,servo_2,A,0.93
1770051277.888879,THERM,0,motor_temp,C,67.446
1770051277.939488,ADC1,1,servo_2,A,0.384
1770051277.9903493,ADC1,0,servo_1,A,1.978
1770051278.0408578,ADC1,1,servo_2,A,1.643
1770051278.0912576,ADC2,0,bus_voltage,V,12.007
1770051278.141422,ADC1,1,servo_2,A,1.302
1770051278.192366,ADC2,0,bus_voltage,V,10.288
1770051278.2426884,ADC1,0,servo_1,A,1.913
1770051278.293461,THERM,0,motor_temp,C,67.571
1770051278.3436868,ADC1,0,servo_1,A,1.524
1770051278.394124,ADC2,0,bus_voltage,V,11.712
1770051278.44452,ADC2,0,bus_voltage,V,10.229
1770051278.4949148,ADC2,0,bus_voltage,V,10.725
1770051278.5453072,ADC1,0,servo_1,A,0.821
1770051278.5956323,THERM,0,motor_temp,C,63.005
1770051278.6462266,ADC2,0,bus_voltage,V,10.208
1770051278.6969006,ADC1,0,servo_1,A,0.846
1770051278.7475011,ADC2,0,bus_voltage,V,12.256
1770051278.798173,ADC2,0,bus_voltage,V,11.524
1770051278.8486233,ADC2,0,bus_voltage,V,11.777
1770051278.8989923,ADC1,0,servo_1,A,1.935
1770051278.9498327,ADC1,1,servo_2,A,0.89
1770051279.001848,ADC1,0,servo_1,A,0.292
1770051279.0525055,ADC1,0,servo_1,A,0.745
1770051279.1027775,ADC1,0,servo_1,A,1.087
1770051279.1533854,THERM,0,motor_temp,C,56.26
1770051279.203886,ADC1,1,servo_2,A,0.749
1770051279.2544065,ADC1,0,servo_1,A,1.386
1770051279.304914,ADC1,0,servo_1,A,1.202
1770051279.355595,ADC1,1,servo_2,A,1.602
1770051279.4058921,ADC2,0,bus_voltage,V,10.239
1770051279.4571226,THERM,0,motor_temp,C,32.202
1770051279.50739,ADC2,0,bus_voltage,V,10.137
1770051279.558059,ADC2,0,bus_voltage,V,11.879
1770051279.6085248,ADC2,0,bus_voltage,V,12.455
1770051279.659186,ADC1,1,servo_2,A,1.058
1770051279.7096512,ADC1,1,servo_2,A,0.219
1770051279.7602034,THERM,0,motor_temp,C,29.96
1770051279.8106923,ADC1,0,servo_1,A,2.267
1770051279.8612542,ADC1,1,servo_2,A,0.242
1770051279.9119115,ADC1,1,servo_2,A,1.993
1770051279.9625676,THERM,0,motor_temp,C,36.897
1770051280.0131345,ADC2,0,bus_voltage,V,10.818
1770051280.064182,THERM,0,motor_temp,C,68.476
1770051280.115603,ADC1,1,servo_2,A,1.613
1770051280.1659384,ADC1,0,servo_1,A,0.8
1770051280.2164426,ADC1,0,servo_1,A,2.085
1770051280.2670898,THERM,0,motor_temp,C,34.38
1770051280.3174427,ADC1,0,servo_1,A,0.236
1770051280.3677795,ADC1,1,servo_2,A,1.404
1770051280.4183633,ADC1,0,servo_1,A,0.374
1770051280.4689898,ADC2,0,bus_voltage,V,11.091
1770051280.5207622,ADC2,0,bus_voltage,V,10.104
1770051280.5716572,THERM,0,motor_temp,C,40.072
1770051280.6218789,ADC1,0,servo_1,A,2.309
1770051280.6725166,ADC1,1,servo_2,A,2.281
1770051280.723184,ADC1,1,servo_2,A,1.146
1770051280.7736783,THERM,0,motor_temp,C,27.566
1770051280.824353,ADC2,0,bus_voltage,V,10.981
1770051280.8749928,THERM,0,motor_temp,C,33.374
1770051280.9257472,ADC1,0,servo_1,A,0.226
1770051280.976262,ADC1,0,servo_1,A,1.545
1770051281.0269496,ADC2,0,bus_voltage,V,12.418
1770051281.077558,ADC1,1,servo_2,A,1.157
1770051281.1280293,ADC1,1,servo_2,A,2.088
1770051281.1786804,ADC2,0,bus_voltage,V,10.88
1770051281.2290528,THERM,0,motor_temp,C,40.701
1770051281.2794888,THERM,0,motor_temp,C,45.609
1770051281.329818,ADC1,0,servo_1,A,1.807
1770051281.3804255,ADC1,1,servo_2,A,0.654
1770051281.4323225,ADC1,1,servo_2,A,2.417
1770051281.482599,THERM,0,motor_temp,C,49.273
1770051281.5331862,ADC1,1,servo_2,A,0.352
1770051281.5835307,ADC1,0,servo_1,A,1.3
1770051281.6339712,ADC1,0,servo_1,A,2.258
1770051281.6843808,ADC2,0,bus_voltage,V,12.24
1770051281.734771,ADC1,0,servo_1,A,2.169
1770051281.7850752,ADC1,0,servo_1,A,0.744
1770051281.8353739,ADC2,0,bus_voltage,V,10.104
1770051281.885836,ADC1,1,servo_2,A,0.23
1770051281.93655,ADC1,0,servo_1,A,0.944
1770051281.9872537,ADC2,0,bus_voltage,V,11.909
1770051282.0379534,THERM,0,motor_temp,C,67.121
1770051282.0884306,ADC1,0,servo_1,A,0.444
1770051282.1392066,ADC1,0,servo_1,A,0.935
1770051282.1897185,ADC1,0,servo_1,A,1.358
1770051282.240294,ADC2,0,bus_voltage,V,11.143
1770051282.2908907,ADC1,0,servo_1,A,0.908
1770051282.3415444,THERM,0,motor_temp,C,53.27
1770051282.3920507,ADC2,0,bus_voltage,V,11.937
1770051282.4427223,ADC2,0,bus_voltage,V,10.089
1770051282.493301,ADC1,1,servo_2,A,0.96
1770051282.543799,THERM,0,motor_temp,C,62.984
1770051282.594475,ADC2,0,bus_voltage,V,10.749
1770051282.6450818,THERM,0,motor_temp,C,43.058
1770051282.695581,THERM,0,motor_temp,C,30.771
1770051282.7461376,ADC2,0,bus_voltage,V,11.835
1770051282.796957,ADC1,1,servo_2,A,2.155
1770051282.8472345,ADC1,1,servo_2,A,2.269
1770051282.8984616,ADC2,0,bus_voltage,V,12.181
1770051282.948997,ADC2,0,bus_voltage,V,11.359
1770051282.999932,ADC1,0,servo_1,A,0.847
1770051283.0504792,THERM,0,motor_temp,C,52.375
1770051283.1016407,ADC1,0,servo_1,A,1.145
1770051283.1523337,ADC1,1,servo_2,A,0.29
1770051283.2028365,ADC2,0,bus_voltage,V,10.39
1770051283.2531292,THERM,0,motor_temp,C,27.245
1770051283.3037436,ADC1,0,servo_1,A,0.744
1770051283.3543005,ADC2,0,bus_voltage,V,12.267
1770051283.404802,ADC2,0,bus_voltage,V,10.998
1770051283.4552517,ADC2,0,bus_voltage,V,11.05
1770051283.5057466,ADC2,0,bus_voltage,V,12.551
1770051283.5560033,ADC1,0,servo_1,A,2.286
1770051283.6063998,ADC2,0,bus_voltage,V,12.342
1770051283.6571236,ADC2,0,bus_voltage,V,10.971
1770051283.7075515,ADC1,1,servo_2,A,2.037
1770051283.7580633,THERM,0,motor_temp,C,51.402
1770051283.8089714,ADC1,0,servo_1,A,0.924
1770051283.859538,THERM,0,motor_temp,C,58.614
1770051283.910016,ADC2,0,bus_voltage,V,11.639
1770051283.9609005,ADC1,1,servo_2,A,0.264
1770051284.0114858,ADC1,1,servo_2,A,1.15
1770051284.0619528,ADC2,0,bus_voltage,V,10.488
1770051284.1123962,ADC2,0,bus_voltage,V,10.292
1770051284.1631947,ADC1,1,servo_2,A,1.775
1770051284.2138684,ADC2,0,bus_voltage,V,11.331
1770051284.2644475,ADC2,0,bus_voltage,V,11.329
1770051284.3148646,ADC1,1,servo_2,A,0.426
1770051284.3656409,ADC1,1,servo_2,A,1.399
1770051284.4160185,ADC1,1,servo_2,A,0.356
1770051284.4666495,ADC2,0,bus_voltage,V,10.872
1770051284.517327,ADC2,0,bus_voltage,V,10.416
1770051284.567946,ADC1,0,servo_1,A,1.889
1770051284.6192958,ADC2,0,bus_voltage,V,10.541
1770051284.6697466,ADC1,1,servo_2,A,1.031
1770051284.7200341,ADC1,1,servo_2,A,0.567
1770051284.7711017,THERM,0,motor_temp,C,63.698
1770051284.821927,THERM,0,motor_temp,C,42.482
1770051284.8723454,ADC1,0,servo_1,A,1.471
1770051284.9231803,THERM,0,motor_temp,C,35.073
1770051284.9737635,ADC1,1,servo_2,A,0.313
1770051285.024447,ADC1,0,servo_1,A,0.919
1770051285.07474,ADC1,1,servo_2,A,0.783
1770051285.125289,ADC2,0,bus_voltage,V,10.75
1770051285.1756735,ADC1,1,servo_2,A,1.1
1770051285.226454,ADC1,1,servo_2,A,2.176
1770051285.2775578,ADC2,0,bus_voltage,V,11.083
1770051285.3281236,ADC2,0,bus_voltage,V,11.042
1770051285.378599,ADC2,0,bus_voltage,V,11.751
1770051285.4291255,ADC1,0,servo_1,A,0.87
1770051285.4795146,ADC1,0,servo_1,A,2.412
1770051285.5302835,ADC1,1,servo_2,A,0.786
1770051285.5813196,ADC2,0,bus_voltage,V,10.613
1770051285.6320972,ADC1,1,servo_2,A,0.966
1770051285.682466,ADC2,0,bus_voltage,V,10.218
1770051285.732768,ADC1,1,servo_2,A,0.899
1770051285.7831593,ADC1,1,servo_2,A,1.239
1770051285.833678,THERM,0,motor_temp,C,27.357
1770051285.8841822,THERM,0,motor_temp,C,54.982
1770051285.934899,ADC2,0,bus_voltage,V,12.142
1770051285.985433,ADC2,0,bus_voltage,V,11.302
1770051286.0360868,ADC1,1,servo_2,A,0.267
1770051286.0868435,ADC2,0,bus_voltage,V,11.106
1770051286.1373656,ADC1,1,servo_2,A,1.999
1770051286.1878943,ADC1,0,servo_1,A,0.562
1770051286.2396958,ADC1,0,servo_1,A,1.112
1770051286.2900598,THERM,0,motor_temp,C,55.223
1770051286.3407876,ADC1,0,servo_1,A,0.972
1770051286.3916008,ADC1,0,servo_1,A,1.11
1770051286.4421444,ADC2,0,bus_voltage,V,11.461
1770051286.4923859,ADC2,0,bus_voltage,V,11.715
1770051286.5426157,THERM,0,motor_temp,C,42.194
1770051286.5931382,THERM,0,motor_temp,C,33.537
1770051286.6452067,ADC2,0,bus_voltage,V,11.551
1770051286.696265,ADC1,1,servo_2,A,0.728
1770051286.7468681,THERM,0,motor_temp,C,34.877
1770051286.7987912,ADC2,0,bus_voltage,V,10.002
1770051286.8493397,ADC2,0,bus_voltage,V,11.448
1770051286.8999548,ADC2,0,bus_voltage,V,10.923
1770051286.9508228,ADC2,0,bus_voltage,V,10.766
1770051287.001267,ADC2,0,bus_voltage,V,11.819
1770051287.0514588,ADC2,0,bus_voltage,V,11.606
1770051287.1017077,ADC1,1,servo_2,A,1.713
1770051287.1522071,THERM,0,motor_temp,C,41.522
1770051287.2029033,ADC1,0,servo_1,A,0.569
1770051287.2534797,ADC1,1,servo_2,A,1.859
1770051287.304093,ADC1,1,servo_2,A,1.295
1770051287.3544066,ADC2,0,bus_voltage,V,12.222
1770051287.4048605,ADC1,0,servo_1,A,2.178
1770051287.4554088,ADC2,0,bus_voltage,V,10.313
1770051287.5059872,THERM,0,motor_temp,C,34.721
1770051287.5566387,THERM,0,motor_temp,C,64.201
1770051287.606939,ADC1,1,servo_2,A,0.974
1770051287.6572852,ADC2,0,bus_voltage,V,12.379
1770051287.7076855,ADC1,0,servo_1,A,2.285
1770051287.7580488,ADC1,0,servo_1,A,2.193
1770051287.808526,ADC1,1,servo_2,A,1.131
1770051287.8588176,ADC2,0,bus_voltage,V,11.879
1770051287.90945,ADC1,0,servo_1,A,1.776
1770051287.959882,ADC2,0,bus_voltage,V,12.37
1770051288.0103185,ADC1,1,servo_2,A,0.933
1770051288.0606637,ADC2,0,bus_voltage,V,10.939
1770051288.1112666,THERM,0,motor_temp,C,34.415
1770051288.1616855,THERM,0,motor_temp,C,36.697
1770051288.2118855,THERM,0,motor_temp,C,33.503
1770051288.262201,ADC1,1,servo_2,A,0.889
1770051288.3126264,ADC1,1,servo_2,A,1.878
1770051288.3628445,ADC1,0,servo_1,A,2.499
1770051288.4133213,ADC1,1,servo_2,A,0.359
1770051288.463712,ADC1,0,servo_1,A,1.155
1770051288.5144382,ADC1,0,servo_1,A,1.75
1770051288.564794,ADC1,0,servo_1,A,1.017
1770051288.615138,ADC2,0,bus_voltage,V,11.441
1770051288.6658776,ADC1,1,servo_2,A,1.986
1770051288.716359,ADC1,1,servo_2,A,1.311
1770051288.7671235,THERM,0,motor_temp,C,66.788
1770051288.818043,ADC1,1,servo_2,A,0.739
1770051288.868438,ADC1,0,servo_1,A,2.415
1770051288.9218488,ADC2,0,bus_voltage,V,11.193
1770051288.9722993,ADC2,0,bus_voltage,V,11.011
1770051289.022569,ADC1,0,servo_1,A,2.395
1770051289.072957,ADC2,0,bus_voltage,V,10.95
1770051289.1235607,ADC2,0,bus_voltage,V,11.953
1770051289.1743767,ADC2,0,bus_voltage,V,10.219
1770051289.2245696,ADC1,0,servo_1,A,1.424
1770051289.2751362,THERM,0,motor_temp,C,29.784
1770051289.3258617,ADC1,0,servo_1,A,0.71
1770051289.3763292,ADC1,1,servo_2,A,2.0
1770051289.4271219,ADC2,0,bus_voltage,V,12.054
1770051289.477665,ADC1,0,servo_1,A,2.375
1770051289.5280223,ADC2,0,bus_voltage,V,12.238
1770051289.5783405,THERM,0,motor_temp,C,55.328
1770051289.628901,ADC1,0,servo_1,A,0.432
1770051289.6795292,ADC1,0,servo_1,A,1.096
1770051289.7301016,ADC2,0,bus_voltage,V,11.293
1770051289.7804434,ADC2,0,bus_voltage,V,10.483
1770051289.8310697,ADC1,1,servo_2,A,0.818
1770051289.8814747,THERM,0,motor_temp,C,51.997
1770051289.932043,ADC1,0,servo_1,A,2.241
1770051289.982817,ADC1,1,servo_2,A,0.658
1770051290.0335917,ADC1,1,servo_2,A,0.331
1770051290.0840082,THERM,0,motor_temp,C,32.482
1770051290.1345396,ADC1,1,servo_2,A,2.367
1770051290.1848555,ADC1,0,servo_1,A,0.766
1770051290.2353666,ADC1,1,servo_2,A,0.643
1770051290.2858403,ADC1,1,servo_2,A,2.015
1770051290.336177,ADC2,0,bus_voltage,V,11.887
1770051290.3868802,THERM,0,motor_temp,C,42.454
1770051290.4373436,THERM,0,motor_temp,C,30.981
1770051290.4876056,ADC1,0,servo_1,A,0.913
1770051290.5384023,ADC2,0,bus_voltage,V,11.124
1770051290.5885847,ADC1,1,servo_2,A,0.49
1770051290.6392572,ADC1,0,servo_1,A,1.243
1770051290.6897373,ADC1,1,servo_2,A,0.975
1770051290.7405143,THERM,0,motor_temp,C,38.815
1770051290.7909696,THERM,0,motor_temp,C,59.05
1770051290.841589,ADC2,0,bus_voltage,V,12.597
1770051290.8921385,ADC1,0,servo_1,A,1.594
1770051290.942522,ADC2,0,bus_voltage,V,12.011
1770051290.9936984,ADC1,0,servo_1,A,1.394
1770051291.0447333,THERM,0,motor_temp,C,53.438
1770051291.0963984,ADC1,1,servo_2,A,1.421
1770051291.147135,ADC2,0,bus_voltage,V,11.198
1770051291.1982245,ADC2,0,bus_voltage,V,12.056
1770051291.2491384,THERM,0,motor_temp,C,62.212
1770051291.299509,ADC2,0,bus_voltage,V,10.903
1770051291.3499885,ADC1,0,servo_1,A,0.435
1770051291.4006796,THERM,0,motor_temp,C,49.33
1770051291.4511447,ADC1,1,servo_2,A,1.593
1770051291.5017707,ADC2,0,bus_voltage,V,11.944
1770051291.5523088,THERM,0,motor_temp,C,49.507
1770051291.6026084,ADC1,1,servo_2,A,0.52
1770051291.6533856,THERM,0,motor_temp,C,38.938
1770051291.704091,THERM,0,motor_temp,C,68.984
1770051291.754616,THERM,0,motor_temp,C,43.236
1770051291.8050172,ADC1,0,servo_1,A,1.956
1770051291.8554096,ADC2,0,bus_voltage,V,10.811
1770051291.9059336,ADC1,1,servo_2,A,1.727
1770051291.9570212,THERM,0,motor_temp,C,41.768
1770051292.0073042,ADC1,1,servo_2,A,0.886
1770051292.0577035,ADC1,1,servo_2,A,1.109
1770051292.1085749,ADC2,0,bus_voltage,V,10.285
1770051292.1589363,ADC1,0,servo_1,A,1.748
1770051292.2094893,ADC1,1,servo_2,A,1.048
1770051292.2601194,ADC1,1,servo_2,A,2.483
1770051292.310662,THERM,0,motor_temp,C,62.431
1770051292.3610797,ADC1,0,servo_1,A,0.873
1770051292.4116533,THERM,0,motor_temp,C,54.843
1770051292.462124,ADC2,0,bus_voltage,V,10.094
1770051292.5126877,ADC1,0,servo_1,A,1.264
1770051292.5633125,ADC2,0,bus_voltage,V,11.842
1770051292.6139884,ADC2,0,bus_voltage,V,11.03
1770051292.6643343,ADC2,0,bus_voltage,V,11.794
1770051292.7146869,ADC1,1,servo_2,A,1.928
1770051292.7649372,ADC2,0,bus_voltage,V,11.196
1770051292.8154514,ADC2,0,bus_voltage,V,10.758
1770051292.86628,ADC1,1,servo_2,A,1.951
1770051292.916917,THERM,0,motor_temp,C,46.608
1770051292.967531,THERM,0,motor_temp,C,32.756
1770051293.0180588,ADC2,0,bus_voltage,V,12.308
1770051293.0686212,ADC1,1,servo_2,A,1.937
1770051293.119181,ADC1,0,servo_1,A,2.254
1770051293.169637,THERM,0,motor_temp,C,63.814
1770051293.219973,ADC1,0,servo_1,A,0.749
1770051293.270329,ADC1,0,servo_1,A,0.225
1770051293.321263,ADC1,0,servo_1,A,1.839
1770051293.371792,THERM,0,motor_temp,C,61.097
1770051293.4224908,THERM,0,motor_temp,C,57.862
1770051293.4729266,ADC2,0,bus_voltage,V,11.576
1770051293.5234282,ADC2,0,bus_voltage,V,11.871
1770051293.5740557,ADC1,1,servo_2,A,0.668
1770051293.624944,ADC1,1,servo_2,A,0.771
1770051293.6754851,THERM,0,motor_temp,C,39.79
1770051293.7259562,ADC1,0,servo_1,A,2.336
1770051293.7764485,ADC1,1,servo_2,A,0.34
1770051293.8270397,ADC2,0,bus_voltage,V,12.215
1770051293.8773289,ADC1,0,servo_1,A,2.42
1770051293.9280605,ADC1,1,servo_2,A,2.196
1770051293.9805958,THERM,0,motor_temp,C,32.932
1770051294.0311365,ADC1,0,servo_1,A,1.774
1770051294.0813262,ADC2,0,bus_voltage,V,10.516
1770051294.1319406,ADC1,0,servo_1,A,1.697
1770051294.1823585,THERM,0,motor_temp,C,65.599
1770051294.2331011,ADC1,1,servo_2,A,1.411
1770051294.2846322,THERM,0,motor_temp,C,45.325
1770051294.3354704,ADC1,1,servo_2,A,1.819
1770051294.386134,ADC1,0,servo_1,A,0.547
1770051294.4364865,ADC1,1,servo_2,A,1.774
1770051294.4871545,ADC1,0,servo_1,A,1.34
1770051294.5376737,THERM,0,motor_temp,C,43.0
1770051294.5880036,THERM,0,motor_temp,C,34.815
1770051294.638602,THERM,0,motor_temp,C,63.581
1770051294.6889338,ADC1,0,servo_1,A,1.935
1770051294.7391334,ADC2,0,bus_voltage,V,12.138
1770051294.7910564,ADC2,0,bus_voltage,V,11.543
1770051294.8429239,THERM,0,motor_temp,C,67.432
1770051294.8935158,ADC1,0,servo_1,A,1.422
1770051294.943841,ADC1,0,servo_1,A,1.875
1770051294.9944701,THERM,0,motor_temp,C,60.224
1770051295.045064,ADC1,0,servo_1,A,0.6
1770051295.0955772,THERM,0,motor_temp,C,28.951
1770051295.1461382,THERM,0,motor_temp,C,60.256
1770051295.1966388,ADC1,1,servo_2,A,1.3
1770051295.2470634,THERM,0,motor_temp,C,25.513
1770051295.2975879,ADC1,1,servo_2,A,0.481
1770051295.3480518,ADC1,1,servo_2,A,2.12
1770051295.398754,ADC2,0,bus_voltage,V,10.515
1770051295.4491274,THERM,0,motor_temp,C,63.279
1770051295.499859,ADC1,0,servo_1,A,2.358
1770051295.550543,ADC2,0,bus_voltage,V,12.25
1770051295.6013832,ADC1,0,servo_1,A,1.546
1770051295.6518154,ADC1,1,servo_2,A,0.753
1770051295.7023168,ADC1,1,servo_2,A,1.413
1770051295.752855,THERM,0,motor_temp,C,26.572
1770051295.803226,ADC1,0,servo_1,A,0.486
1770051295.8538654,ADC1,0,servo_1,A,1.414
1770051295.9042227,ADC1,0,servo_1,A,1.481
1770051295.9545014,ADC2,0,bus_voltage,V,10.277
1770051296.0048814,ADC2,0,bus_voltage,V,10.968
1770051296.0554924,ADC2,0,bus_voltage,V,12.314
1770051296.1061568,THERM,0,motor_temp,C,44.326
1770051296.1576238,ADC2,0,bus_voltage,V,11.697
1770051296.2083657,ADC1,0,servo_1,A,1.355
1770051296.2590394,ADC2,0,bus_voltage,V,11.419
1770051296.3093832,ADC1,1,servo_2,A,1.064
1770051296.3596928,ADC1,1,servo_2,A,2.444
1770051296.4100695,ADC1,1,servo_2,A,1.344
1770051296.4604037,ADC1,0,servo_1,A,1.782
1770051296.5108292,ADC2,0,bus_voltage,V,10.128
1770051296.5611324,ADC1,0,servo_1,A,1.868
1770051296.6114352,ADC1,0,servo_1,A,0.354
1770051296.662245,ADC2,0,bus_voltage,V,10.476
1770051296.713335,ADC2,0,bus_voltage,V,10.908
1770051296.763923,ADC2,0,bus_voltage,V,11.547
1770051296.8148148,ADC1,0,servo_1,A,0.762
1770051296.8652258,THERM,0,motor_temp,C,40.431
1770051296.9158165,ADC1,0,servo_1,A,1.337
1770051296.9666314,ADC1,1,servo_2,A,2.161
1770051297.0170934,ADC2,0,bus_voltage,V,11.352
1770051297.067689,THERM,0,motor_temp,C,36.547
1770051297.118437,ADC1,1,servo_2,A,0.391
1770051297.1689203,ADC2,0,bus_voltage,V,12.322
1770051297.2198966,ADC2,0,bus_voltage,V,11.07
1770051297.2706394,ADC1,1,servo_2,A,1.571
1770051297.3211548,ADC2,0,bus_voltage,V,11.232
1770051297.3715801,THERM,0,motor_temp,C,61.428
1770051297.4219933,ADC1,0,servo_1,A,0.774
1770051297.472379,ADC2,0,bus_voltage,V,10.59
1770051297.5226495,ADC1,1,servo_2,A,0.408
1770051297.5728397,THERM,0,motor_temp,C,67.143
1770051297.623136,ADC1,1,servo_2,A,1.369
1770051297.6737025,ADC1,1,servo_2,A,0.937
1770051297.7243292,ADC2,0,bus_voltage,V,10.216
1770051297.774917,ADC1,1,servo_2,A,0.669
1770051297.8251574,ADC1,0,servo_1,A,2.033
1770051297.8758001,ADC2,0,bus_voltage,V,10.105
1770051297.9265764,ADC1,0,servo_1,A,0.977
1770051297.9777641,ADC2,0,bus_voltage,V,11.15
1770051298.028032,ADC2,0,bus_voltage,V,11.879
1770051298.0784752,ADC1,1,servo_2,A,1.68
1770051298.1289346,THERM,0,motor_temp,C,51.392
1770051298.179305,ADC1,1,servo_2,A,1.052
1770051298.2298791,THERM,0,motor_temp,C,64.12
1770051298.280655,THERM,0,motor_temp,C,30.225
1770051298.3312583,ADC1,1,servo_2,A,1.18
1770051298.3820124,THERM,0,motor_temp,C,67.404
1770051298.4325674,ADC1,1,servo_2,A,1.851
1770051298.4832163,THERM,0,motor_temp,C,26.351
1770051298.5339088,ADC2,0,bus_voltage,V,11.841
1770051298.5844986,THERM,0,motor_temp,C,62.522
1770051298.63493,ADC2,0,bus_voltage,V,10.3
1770051298.6856349,THERM,0,motor_temp,C,30.472
1770051298.7365391,ADC1,1,servo_2,A,0.855
1770051298.7869418,ADC2,0,bus_voltage,V,10.233
1770051298.8377955,ADC1,0,servo_1,A,0.458
1770051298.8885322,ADC1,1,servo_2,A,0.721
1770051298.9391298,ADC2,0,bus_voltage,V,11.697
1770051298.9899197,ADC1,0,servo_1,A,1.358
1770051299.0408037,ADC1,1,servo_2,A,1.564
1770051299.0913036,ADC2,0,bus_voltage,V,11.023
1770051299.1420627,ADC1,1,servo_2,A,1.498
1770051299.1925669,THERM,0,motor_temp,C,37.662
1770051299.2432036,ADC1,0,servo_1,A,0.466
1770051299.293533,ADC1,0,servo_1,A,0.383
1770051299.344211,ADC1,0,servo_1,A,0.581
1770051299.394948,THERM,0,motor_temp,C,52.442
1770051299.4455948,THERM,0,motor_temp,C,38.131
1770051299.4958827,ADC1,1,servo_2,A,0.739
1770051299.5464714,ADC1,1,servo_2,A,0.557
1770051299.5975456,ADC1,1,servo_2,A,2.465
1770051299.6480708,ADC1,1,servo_2,A,1.103
1770051299.6986325,ADC2,0,bus_voltage,V,11.258
1770051299.749072,THERM,0,motor_temp,C,27.246
1770051299.7996104,ADC1,0,servo_1,A,1.544
1770051299.85001,ADC2,0,bus_voltage,V,10.589
1770051299.9002578,ADC1,1,servo_2,A,0.525
1770051299.9506054,ADC1,1,servo_2,A,2.402
1770051300.0010488,ADC1,0,servo_1,A,0.507
1770051300.0524406,ADC1,0,servo_1,A,1.928
1770051300.1029913,ADC1,1,servo_2,A,1.34
1770051300.1537178,ADC1,1,servo_2,A,2.272
1770051300.2043872,ADC2,0,bus_voltage,V,11.632
1770051300.2552369,ADC1,1,servo_2,A,1.775
1770051300.306222,ADC2,0,bus_voltage,V,12.586
1770051300.356534,ADC1,1,servo_2,A,0.659
1770051300.4184043,ADC1,0,servo_1,A,0.594
1770051300.469658,ADC2,0,bus_voltage,V,11.882
1770051300.520165,THERM,0,motor_temp,C,55.274
1770051300.5707843,ADC1,1,servo_2,A,1.491
1770051300.624327,THERM,0,motor_temp,C,53.833
1770051300.6754155,ADC1,1,servo_2,A,2.284
1770051300.7257187,ADC1,0,servo_1,A,2.346
1770051300.7765508,THERM,0,motor_temp,C,61.629
1770051300.8272688,ADC2,0,bus_voltage,V,10.923
1770051300.878059,ADC1,1,servo_2,A,2.043
1770051300.9288146,THERM,0,motor_temp,C,44.419
1770051300.9795322,ADC1,0,servo_1,A,1.09
1770051301.030362,ADC1,0,servo_1,A,0.224
1770051301.0807996,ADC1,1,servo_2,A,2.23
1770051301.1314623,ADC1,1,servo_2,A,2.015
1770051301.1821923,ADC1,1,servo_2,A,1.228
1770051301.2324777,THERM,0,motor_temp,C,35.892
1770051301.2830212,THERM,0,motor_temp,C,61.249
1770051301.3338506,ADC1,1,servo_2,A,1.558
1770051301.3844094,ADC1,1,servo_2,A,1.022
1770051301.4350004,ADC1,0,servo_1,A,2.372
1770051301.4857507,ADC2,0,bus_voltage,V,12.595
1770051301.5360813,ADC2,0,bus_voltage,V,11.064
1770051301.5866666,ADC1,0,servo_1,A,2.273
1770051301.637107,ADC1,0,servo_1,A,1.488
1770051301.6877272,ADC2,0,bus_voltage,V,12.091
1770051301.7383277,THERM,0,motor_temp,C,30.997
1770051301.7892723,ADC1,0,servo_1,A,0.534
1770051301.8401053,ADC2,0,bus_voltage,V,10.045
1770051301.8906238,ADC2,0,bus_voltage,V,11.13
1770051301.9409823,ADC2,0,bus_voltage,V,12.477
1770051301.9913843,ADC1,1,servo_2,A,1.279
1770051302.0418925,THERM,0,motor_temp,C,68.091
1770051302.0927718,ADC1,0,servo_1,A,1.684
1770051302.1429317,THERM,0,motor_temp,C,55.808
1770051302.193722,ADC2,0,bus_voltage,V,11.616
1770051302.2441742,ADC1,1,servo_2,A,0.938
1770051302.2948277,THERM,0,motor_temp,C,66.14
1770051302.3455443,ADC1,1,servo_2,A,0.527
1770051302.396183,ADC2,0,bus_voltage,V,12.125
1770051302.4467313,THERM,0,motor_temp,C,48.577
1770051302.4972239,ADC1,0,servo_1,A,1.763
1770051302.5480356,ADC2,0,bus_voltage,V,11.85
1770051302.598686,THERM,0,motor_temp,C,68.79
1770051302.6490722,ADC2,0,bus_voltage,V,10.704
1770051302.6996636,THERM,0,motor_temp,C,66.923
1770051302.7501101,ADC1,0,servo_1,A,0.972
1770051302.800743,ADC1,1,servo_2,A,2.117
1770051302.8515553,THERM,0,motor_temp,C,66.078
1770051302.9021537,THERM,0,motor_temp,C,56.129
1770051302.9524722,ADC2,0,bus_voltage,V,12.497
1770051303.0033233,ADC1,1,servo_2,A,1.781
1770051303.0537586,THERM,0,motor_temp,C,26.961
1770051303.1041262,ADC2,0,bus_voltage,V,12.289
1770051303.1547778,ADC1,1,servo_2,A,1.222
1770051303.205345,ADC2,0,bus_voltage,V,10.139
1770051303.2562885,ADC1,0,servo_1,A,2.287
1770051303.30706,ADC1,1,servo_2,A,0.746
1770051303.357899,ADC1,1,servo_2,A,1.288
1770051303.408426,ADC2,0,bus_voltage,V,11.834
1770051303.4590607,ADC1,0,servo_1,A,0.341
1770051303.5094452,ADC2,0,bus_voltage,V,10.668
1770051303.5601017,ADC1,0,servo_1,A,0.45
1770051303.6106687,ADC1,0,servo_1,A,0.279
1770051303.6615949,THERM,0,motor_temp,C,57.298
1770051303.7121344,THERM,0,motor_temp,C,55.788
1770051303.7626722,ADC2,0,bus_voltage,V,12.213
1770051303.8132293,ADC1,1,servo_2,A,2.301
1770051303.8638768,ADC1,0,servo_1,A,1.98
1770051303.914539,ADC1,1,servo_2,A,0.254
1770051303.9651306,THERM,0,motor_temp,C,34.478
1770051304.0159662,THERM,0,motor_temp,C,30.801
1770051304.0664325,THERM,0,motor_temp,C,36.279
1770051304.1171873,ADC1,0,servo_1,A,1.639
1770051304.1680164,THERM,0,motor_temp,C,55.257
1770051304.2186708,THERM,0,motor_temp,C,41.776
1770051304.2691927,ADC2,0,bus_voltage,V,12.343
1770051304.319584,ADC1,1,servo_2,A,0.277
1770051304.3700032,ADC1,1,servo_2,A,1.517
1770051304.4203699,ADC2,0,bus_voltage,V,10.058
1770051304.470879,ADC2,0,bus_voltage,V,10.838
1770051304.5213246,ADC1,1,servo_2,A,2.121
1770051304.5716753,ADC1,1,servo_2,A,2.078
1770051304.6222534,THERM,0,motor_temp,C,40.703
1770051304.6730146,ADC1,0,servo_1,A,1.587
1770051304.7235825,ADC1,0,servo_1,A,2.43
1770051304.7739742,ADC1,1,servo_2,A,0.752
1770051304.8241835,ADC1,0,servo_1,A,0.543
1770051304.8746006,THERM,0,motor_temp,C,54.608
1770051304.9249928,THERM,0,motor_temp,C,60.626
1770051304.9752452,ADC1,0,servo_1,A,0.901
1770051305.0255554,ADC1,1,servo_2,A,0.57
1770051305.0757837,ADC1,0,servo_1,A,1.21
1770051305.1263723,THERM,0,motor_temp,C,46.071
1770051305.1773674,ADC2,0,bus_voltage,V,11.164
1770051305.2281158,ADC1,0,servo_1,A,0.849
1770051305.2784977,ADC1,0,servo_1,A,2.184
1770051305.328844,THERM,0,motor_temp,C,36.17
1770051305.3793297,ADC1,1,servo_2,A,2.423
1770051305.4298115,ADC1,0,servo_1,A,2.047
1770051305.485215,THERM,0,motor_temp,C,57.807
1770051305.5362186,ADC2,0,bus_voltage,V,10.037
1770051305.586829,ADC1,0,servo_1,A,1.853
1770051305.6372888,ADC1,0,servo_1,A,0.335
1770051305.687492,ADC2,0,bus_voltage,V,11.755
1770051305.7379036,ADC2,0,bus_voltage,V,11.792
1770051305.788528,THERM,0,motor_temp,C,36.467
1770051305.8390245,ADC1,1,servo_2,A,1.569
1770051305.8898876,THERM,0,motor_temp,C,40.359
1770051305.9405253,THERM,0,motor_temp,C,45.21
1770051305.990937,ADC1,1,servo_2,A,0.307
1770051306.0415192,ADC2,0,bus_voltage,V,12.299
1770051306.092169,ADC1,1,servo_2,A,2.151
1770051306.1430798,THERM,0,motor_temp,C,58.325
1770051306.1937072,ADC2,0,bus_voltage,V,12.242
1770051306.2444994,ADC1,0,servo_1,A,1.633
1770051306.2949457,ADC1,1,servo_2,A,2.144
1770051306.3452468,ADC2,0,bus_voltage,V,10.867
1770051306.3959794,ADC1,0,servo_1,A,0.987
1770051306.446474,THERM,0,motor_temp,C,41.004
1770051306.4967556,ADC2,0,bus_voltage,V,11.781
1770051306.5471056,ADC1,0,servo_1,A,2.405
1770051306.5973713,ADC2,0,bus_voltage,V,10.216
1770051306.647996,ADC1,1,servo_2,A,0.76
1770051306.6984975,THERM,0,motor_temp,C,40.901
1770051306.7488768,ADC1,1,servo_2,A,1.672
1770051306.7996414,ADC1,0,servo_1,A,1.386
1770051306.8500907,THERM,0,motor_temp,C,38.249
1770051306.9004076,ADC1,0,servo_1,A,0.602
1770051306.951047,ADC2,0,bus_voltage,V,10.676
1770051307.0018854,ADC2,0,bus_voltage,V,11.825
1770051307.0527382,THERM,0,motor_temp,C,59.101
1770051307.1033406,ADC1,0,servo_1,A,1.067
1770051307.153924,THERM,0,motor_temp,C,55.331
1770051307.2047555,ADC1,0,servo_1,A,1.287
1770051307.2550166,ADC1,0,servo_1,A,2.349
1770051307.30548,ADC2,0,bus_voltage,V,10.434
1770051307.356181,ADC2,0,bus_voltage,V,11.567
1770051307.4067948,THERM,0,motor_temp,C,26.87
1770051307.4573965,THERM,0,motor_temp,C,35.239
1770051307.5078294,THERM,0,motor_temp,C,69.575
1770051307.5583434,THERM,0,motor_temp,C,35.143
1770051307.608778,ADC2,0,bus_voltage,V,10.986
1770051307.6592574,ADC1,1,servo_2,A,2.418
1770051307.7095954,ADC2,0,bus_voltage,V,10.258
1770051307.7600229,ADC2,0,bus_voltage,V,11.465
1770051307.810621,ADC2,0,bus_voltage,V,12.119
1770051307.8609378,THERM,0,motor_temp,C,33.76
1770051307.9115717,ADC1,0,servo_1,A,0.502
1770051307.9619591,ADC2,0,bus_voltage,V,11.293
1770051308.0125883,ADC1,0,servo_1,A,0.732
1770051308.0632546,ADC1,1,servo_2,A,1.516
1770051308.1144223,ADC1,0,servo_1,A,0.653
1770051308.164927,ADC1,0,servo_1,A,2.181
1770051308.2156215,THERM,0,motor_temp,C,31.63
1770051308.2662172,ADC2,0,bus_voltage,V,11.328
1770051308.3186123,THERM,0,motor_temp,C,40.591
1770051308.3696947,THERM,0,motor_temp,C,52.262
1770051308.4204953,THERM,0,motor_temp,C,28.694
1770051308.4710755,ADC1,1,servo_2,A,0.739
1770051308.522256,ADC1,0,servo_1,A,1.262
1770051308.5728304,ADC2,0,bus_voltage,V,10.738
1770051308.6241524,ADC1,1,servo_2,A,2.141
1770051308.6771443,THERM,0,motor_temp,C,40.06
1770051308.7278435,ADC1,0,servo_1,A,0.225
1770051308.7782156,ADC2,0,bus_voltage,V,10.035
1770051308.828856,ADC1,0,servo_1,A,0.56
1770051308.879149,THERM,0,motor_temp,C,37.377
1770051308.9294796,ADC1,1,servo_2,A,0.718
1770051308.979932,ADC1,0,servo_1,A,2.338
1770051309.0302696,THERM,0,motor_temp,C,64.71
1770051309.080645,ADC1,0,servo_1,A,1.385
1770051309.1309323,ADC2,0,bus_voltage,V,10.825
1770051309.1812508,ADC1,0,servo_1,A,0.791
1770051309.2316213,ADC2,0,bus_voltage,V,12.349
1770051309.2820156,ADC1,0,servo_1,A,1.624
1770051309.3326352,ADC1,1,servo_2,A,1.993
1770051309.3832567,ADC1,0,servo_1,A,1.588
1770051309.4335542,ADC1,1,servo_2,A,0.465
1770051309.4838617,ADC2,0,bus_voltage,V,11.081
1770051309.534285,ADC1,0,servo_1,A,0.388
1770051309.5851078,ADC2,0,bus_voltage,V,12.446
1770051309.6358645,THERM,0,motor_temp,C,51.483
1770051309.6861975,ADC1,1,servo_2,A,2.238
1770051309.7370954,ADC1,0,servo_1,A,2.024
1770051309.7876768,ADC2,0,bus_voltage,V,12.36
1770051309.8381855,ADC1,1,servo_2,A,1.467
1770051309.8890972,THERM,0,motor_temp,C,40.402
1770051309.9396498,ADC2,0,bus_voltage,V,12.375
1770051309.9900625,THERM,0,motor_temp,C,50.819
1770051310.0404377,ADC2,0,bus_voltage,V,11.273
1770051310.0908854,THERM,0,motor_temp,C,46.123
1770051310.1415424,ADC2,0,bus_voltage,V,12.228
1770051310.1919286,ADC1,0,servo_1,A,2.11
1770051310.2424483,ADC1,0,servo_1,A,0.679
1770051310.2928836,ADC1,0,servo_1,A,2.105
1770051310.3438835,THERM,0,motor_temp,C,55.986
1770051310.3945267,ADC1,0,servo_1,A,1.859
1770051310.44491,ADC2,0,bus_voltage,V,12.033
1770051310.4957464,ADC2,0,bus_voltage,V,10.766
1770051310.546305,ADC2,0,bus_voltage,V,11.591
1770051310.5967155,ADC2,0,bus_voltage,V,11.804
1770051310.6474378,ADC1,1,servo_2,A,0.605
1770051310.6977775,ADC1,1,servo_2,A,0.493
1770051310.748127,THERM,0,motor_temp,C,26.786
1770051310.7987146,THERM,0,motor_temp,C,50.632
1770051310.8490486,ADC1,0,servo_1,A,0.95
1770051310.899589,ADC1,0,servo_1,A,1.094
1770051310.9505785,ADC1,1,servo_2,A,0.375
1770051311.000767,THERM,0,motor_temp,C,26.594
1770051311.0511677,ADC1,1,servo_2,A,1.319
1770051311.1016636,ADC1,1,servo_2,A,1.552
1770051311.1521533,ADC1,0,servo_1,A,1.092
1770051311.2023082,THERM,0,motor_temp,C,30.498
1770051311.2525873,ADC1,0,servo_1,A,2.299
1770051311.303172,ADC1,0,servo_1,A,0.238
1770051311.3537314,ADC1,1,servo_2,A,1.94
1770051311.4039807,ADC1,1,servo_2,A,1.634
1770051311.4546793,ADC2,0,bus_voltage,V,12.436
1770051311.5052042,ADC1,1,servo_2,A,0.544
1770051311.555671,THERM,0,motor_temp,C,59.985
1770051311.606223,ADC2,0,bus_voltage,V,10.329
1770051311.6575203,THERM,0,motor_temp,C,52.331
1770051311.7079973,ADC2,0,bus_voltage,V,10.71
1770051311.758548,ADC2,0,bus_voltage,V,11.791
1770051311.809251,THERM,0,motor_temp,C,52.532
1770051311.859924,THERM,0,motor_temp,C,53.991
1770051311.9109492,ADC1,1,servo_2,A,1.476
1770051311.9615252,ADC2,0,bus_voltage,V,11.597
1770051312.0123086,ADC2,0,bus_voltage,V,10.719
1770051312.0627103,THERM,0,motor_temp,C,68.965
1770051312.1137187,ADC1,1,servo_2,A,0.898
1770051312.1646588,ADC1,0,servo_1,A,2.239
1770051312.2149868,ADC1,1,servo_2,A,0.441
1770051312.2668908,ADC1,1,servo_2,A,2.467
1770051312.3178663,ADC1,0,servo_1,A,1.504
1770051312.3685193,ADC1,0,servo_1,A,0.255
1770051312.4193604,ADC1,1,servo_2,A,1.823
1770051312.4698617,ADC1,0,servo_1,A,1.847
1770051312.5203462,THERM,0,motor_temp,C,64.179
1770051312.5706053,THERM,0,motor_temp,C,66.938
1770051312.6212173,ADC2,0,bus_voltage,V,12.072
1770051312.6718402,ADC2,0,bus_voltage,V,11.22
1770051312.722286,ADC1,1,servo_2,A,0.871
1770051312.7728019,ADC1,1,servo_2,A,2.025
1770051312.8235517,ADC1,1,servo_2,A,0.906
1770051312.8741233,ADC2,0,bus_voltage,V,12.268
1770051312.9245455,ADC2,0,bus_voltage,V,12.224
1770051312.974764,THERM,0,motor_temp,C,59.221
1770051313.025126,ADC2,0,bus_voltage,V,11.736
1770051313.075985,ADC2,0,bus_voltage,V,10.821
1770051313.1263163,THERM,0,motor_temp,C,29.838
1770051313.1768172,ADC1,0,servo_1,A,1.055
1770051313.2272885,ADC2,0,bus_voltage,V,12.371
1770051313.2783744,ADC1,0,servo_1,A,0.56
1770051313.3287582,ADC1,0,servo_1,A,1.913
1770051313.3789072,ADC2,0,bus_voltage,V,12.52
1770051313.4294064,ADC1,0,servo_1,A,0.225
1770051313.480152,ADC1,0,servo_1,A,2.315
1770051313.5317647,ADC2,0,bus_voltage,V,11.658
1770051313.582584,THERM,0,motor_temp,C,53.241
1770051313.6332943,ADC1,0,servo_1,A,1.814
1770051313.683969,THERM,0,motor_temp,C,51.562
1770051313.7350159,ADC2,0,bus_voltage,V,10.4
1770051313.7852802,ADC1,0,servo_1,A,1.181
1770051313.8357265,ADC1,1,servo_2,A,1.637
1770051313.8859882,ADC2,0,bus_voltage,V,10.165
1770051313.9364448,ADC1,1,servo_2,A,0.421
1770051313.9868596,ADC1,1,servo_2,A,1.673
1770051314.0372818,ADC1,0,servo_1,A,0.483
1770051314.0875683,ADC2,0,bus_voltage,V,12.022
1770051314.1380692,ADC2,0,bus_voltage,V,11.639
1770051314.1886635,ADC1,1,servo_2,A,0.577
1770051314.239053,ADC2,0,bus_voltage,V,12.317
1770051314.289611,ADC1,0,servo_1,A,0.55
1770051314.3402605,ADC1,1,servo_2,A,1.154
1770051314.3908837,ADC1,0,servo_1,A,0.954
1770051314.441401,ADC2,0,bus_voltage,V,10.685
1770051314.492054,ADC1,1,servo_2,A,2.103
1770051314.5427487,ADC2,0,bus_voltage,V,11.762
1770051314.5932944,ADC1,0,servo_1,A,0.424
1770051314.6436903,THERM,0,motor_temp,C,29.488
1770051314.694169,ADC1,0,servo_1,A,1.897
1770051314.744543,ADC1,1,servo_2,A,2.178
1770051314.795182,ADC1,1,servo_2,A,2.13
1770051314.8453996,THERM,0,motor_temp,C,59.299
1770051314.8959842,ADC1,0,servo_1,A,2.264
1770051314.9462984,THERM,0,motor_temp,C,31.197
1770051314.9965687,THERM,0,motor_temp,C,50.571
1770051315.0471377,THERM,0,motor_temp,C,55.218
1770051315.0984626,ADC1,1,servo_2,A,1.615
1770051315.1493633,THERM,0,motor_temp,C,41.246
1770051315.1997404,ADC1,0,servo_1,A,0.744
1770051315.250189,THERM,0,motor_temp,C,68.009
1770051315.3008523,ADC2,0,bus_voltage,V,11.163
1770051315.351259,ADC1,1,servo_2,A,0.676
1770051315.4018722,ADC1,0,servo_1,A,1.151
1770051315.45255,THERM,0,motor_temp,C,54.453
1770051315.5029533,ADC2,0,bus_voltage,V,12.562
1770051315.553668,ADC1,1,servo_2,A,2.466
1770051315.6043575,ADC1,0,servo_1,A,1.901
1770051315.6547763,ADC1,1,servo_2,A,1.271
1770051315.7053602,ADC2,0,bus_voltage,V,12.453
1770051315.7558153,ADC1,0,servo_1,A,1.361
1770051315.8061888,ADC1,1,servo_2,A,2.24
1770051315.8570058,ADC2,0,bus_voltage,V,12.416
1770051315.9072618,THERM,0,motor_temp,C,54.603
1770051315.957735,ADC1,0,servo_1,A,2.008
1770051316.0080752,ADC2,0,bus_voltage,V,11.54
1770051316.0584571,THERM,0,motor_temp,C,28.661
1770051316.1088731,ADC1,0,servo_1,A,0.427
1770051316.1591492,ADC2,0,bus_voltage,V,10.284
1770051316.2095518,ADC2,0,bus_voltage,V,11.351
1770051316.2603009,ADC2,0,bus_voltage,V,11.451
1770051316.3108056,ADC1,1,servo_2,A,2.334
1770051316.361505,ADC2,0,bus_voltage,V,10.925
1770051316.4123294,ADC1,0,servo_1,A,1.198
1770051316.4628372,ADC1,1,servo_2,A,1.488
1770051316.5134516,ADC2,0,bus_voltage,V,11.745
1770051316.5639832,ADC1,0,servo_1,A,1.161
1770051316.6143813,ADC2,0,bus_voltage,V,10.126
1770051316.6654317,ADC1,1,servo_2,A,1.977
1770051316.7159188,ADC1,0,servo_1,A,2.152
1770051316.766594,ADC1,1,servo_2,A,2.282
1770051316.8172202,ADC1,0,servo_1,A,2.047
1770051316.868035,THERM,0,motor_temp,C,28.563
1770051316.9186966,THERM,0,motor_temp,C,57.348
1770051316.9689372,THERM,0,motor_temp,C,55.597
1770051317.0193622,ADC2,0,bus_voltage,V,12.006
1770051317.0699444,ADC1,1,servo_2,A,1.459
1770051317.1204948,ADC1,0,servo_1,A,1.326
1770051317.1709814,ADC1,1,servo_2,A,0.26
1770051317.2214534,ADC1,0,servo_1,A,0.673
1770051317.27195,ADC2,0,bus_voltage,V,10.192
1770051317.322283,ADC1,1,servo_2,A,1.606
1770051317.3728542,ADC2,0,bus_voltage,V,12.496
1770051317.4231155,ADC1,0,servo_1,A,1.836
1770051317.4733553,ADC2,0,bus_voltage,V,12.061
1770051317.5237517,ADC1,0,servo_1,A,1.081
1770051317.5742083,THERM,0,motor_temp,C,64.244
1770051317.6246848,ADC1,1,servo_2,A,1.136
1770051317.675253,ADC2,0,bus_voltage,V,10.902
1770051317.7259927,ADC1,1,servo_2,A,2.126
1770051317.7767298,ADC1,0,servo_1,A,1.347
1770051317.8272872,ADC1,1,servo_2,A,0.646
1770051317.8776064,THERM,0,motor_temp,C,50.149
1770051317.9279194,ADC2,0,bus_voltage,V,11.63
1770051317.9786282,ADC1,0,servo_1,A,2.191
1770051318.0290565,ADC1,1,servo_2,A,0.48
1770051318.0795848,ADC2,0,bus_voltage,V,10.251
1770051318.1301715,THERM,0,motor_temp,C,33.953
1770051318.1804304,ADC1,0,servo_1,A,2.181
1770051318.2308714,ADC1,0,servo_1,A,0.793
1770051318.2814863,ADC1,0,servo_1,A,1.47
1770051318.3319829,ADC1,0,servo_1,A,0.753
1770051318.383513,THERM,0,motor_temp,C,57.466
1770051318.434236,THERM,0,motor_temp,C,26.363
1770051318.4848256,ADC1,1,servo_2,A,1.339
1770051318.5351431,ADC1,1,servo_2,A,1.938
1770051318.5854807,ADC2,0,bus_voltage,V,11.464
1770051318.6357665,ADC1,1,servo_2,A,2.375
1770051318.6865804,ADC1,0,servo_1,A,0.904
1770051318.7374308,ADC1,1,servo_2,A,0.356
1770051318.7879667,THERM,0,motor_temp,C,39.732
1770051318.838748,ADC1,1,servo_2,A,0.73
1770051318.889221,ADC1,0,servo_1,A,2.236
1770051318.9396713,ADC1,0,servo_1,A,0.371
1770051318.9900055,ADC1,1,servo_2,A,1.94
1770051319.041217,THERM,0,motor_temp,C,32.3
1770051319.0917778,ADC2,0,bus_voltage,V,10.621
1770051319.1424987,ADC1,0,servo_1,A,0.263
1770051319.1931112,ADC1,0,servo_1,A,2.454
1770051319.2436454,ADC1,0,servo_1,A,1.154
1770051319.2944398,ADC1,0,servo_1,A,1.765
1770051319.3449974,ADC1,0,servo_1,A,1.418
1770051319.3954177,ADC1,0,servo_1,A,0.945
1770051319.4457748,THERM,0,motor_temp,C,64.161
1770051319.496407,ADC2,0,bus_voltage,V,12.311
1770051319.5468168,ADC1,0,servo_1,A,1.696
1770051319.5973022,ADC1,0,servo_1,A,1.276
1770051319.6479187,ADC1,1,servo_2,A,1.643
1770051319.6989686,ADC2,0,bus_voltage,V,10.113
1770051319.7493804,THERM,0,motor_temp,C,34.123
1770051319.7999132,THERM,0,motor_temp,C,44.284
1770051319.8505814,ADC1,1,servo_2,A,0.523
1770051319.90154,THERM,0,motor_temp,C,43.634
1770051319.9519603,ADC2,0,bus_voltage,V,12.134
1770051320.0024078,THERM,0,motor_temp,C,66.255
1770051320.055678,ADC1,1,servo_2,A,2.475
1770051320.1072435,ADC1,0,servo_1,A,2.066
1770051320.1575472,ADC1,0,servo_1,A,1.392
1770051320.2080548,ADC2,0,bus_voltage,V,10.418
1770051320.2587347,ADC2,0,bus_voltage,V,10.689
1770051320.3095186,ADC2,0,bus_voltage,V,10.159
1770051320.3598332,ADC2,0,bus_voltage,V,10.23
1770051320.4106245,ADC2,0,bus_voltage,V,11.441
1770051320.461379,THERM,0,motor_temp,C,34.583
1770051320.5121372,THERM,0,motor_temp,C,41.0
1770051320.5625746,ADC2,0,bus_voltage,V,11.789
1770051320.6131675,THERM,0,motor_temp,C,66.954
1770051320.6635678,ADC2,0,bus_voltage,V,10.139
1770051320.7139518,ADC2,0,bus_voltage,V,10.778
1770051320.764392,ADC1,1,servo_2,A,2.298
1770051320.8157954,THERM,0,motor_temp,C,40.711
1770051320.8663504,ADC1,1,servo_2,A,0.548
1770051320.917631,ADC1,1,servo_2,A,0.579
1770051320.9694963,ADC1,1,servo_2,A,1.914
1770051321.019794,ADC2,0,bus_voltage,V,11.913
1770051321.0701468,ADC1,0,servo_1,A,1.767
1770051321.120607,ADC1,0,servo_1,A,1.927
1770051321.1712222,THERM,0,motor_temp,C,55.417
1770051321.2219608,ADC1,0,servo_1,A,0.717
1770051321.272563,THERM,0,motor_temp,C,49.541
1770051321.3230395,ADC1,1,servo_2,A,0.745
1770051321.3737333,THERM,0,motor_temp,C,53.261
1770051321.4241357,THERM,0,motor_temp,C,48.5
1770051321.4747343,ADC1,0,servo_1,A,0.481
1770051321.5254045,ADC1,1,servo_2,A,1.008
1770051321.577144,ADC2,0,bus_voltage,V,12.364
1770051321.6277945,ADC1,1,servo_2,A,0.472
1770051321.6783986,ADC2,0,bus_voltage,V,10.932
1770051321.728713,THERM,0,motor_temp,C,30.147
1770051321.7794406,ADC1,0,servo_1,A,1.066
1770051321.8297522,ADC2,0,bus_voltage,V,10.944
1770051321.880189,ADC1,1,servo_2,A,1.833
1770051321.9306738,ADC1,0,servo_1,A,0.732
1770051321.9814632,ADC1,0,servo_1,A,2.023
1770051322.0321176,ADC2,0,bus_voltage,V,11.252
1770051322.0824442,ADC1,1,servo_2,A,1.222
1770051322.1332054,ADC2,0,bus_voltage,V,11.122
1770051322.1835876,ADC1,0,servo_1,A,1.743
1770051322.2346442,ADC1,1,servo_2,A,0.274
1770051322.2849267,ADC1,0,servo_1,A,1.179
1770051322.3354235,ADC1,0,servo_1,A,1.08
1770051322.385763,ADC1,0,servo_1,A,1.654
1770051322.4361544,ADC1,0,servo_1,A,2.396
1770051322.4867783,ADC1,1,servo_2,A,1.293
1770051322.5374117,THERM,0,motor_temp,C,45.967
1770051322.5877569,ADC2,0,bus_voltage,V,11.033
1770051322.637988,THERM,0,motor_temp,C,43.402
1770051322.6884253,ADC2,0,bus_voltage,V,11.957
1770051322.73881,THERM,0,motor_temp,C,42.601
1770051322.7893229,THERM,0,motor_temp,C,32.256
1770051322.8396084,THERM,0,motor_temp,C,44.431
1770051322.890084,ADC1,0,servo_1,A,2.09
1770051322.9417338,ADC2,0,bus_voltage,V,12.039
1770051322.9927988,THERM,0,motor_temp,C,51.385
1770051323.043477,ADC2,0,bus_voltage,V,10.823
1770051323.093977,ADC1,0,servo_1,A,0.902
1770051323.1540806,ADC2,0,bus_voltage,V,10.291
1770051323.2054913,THERM,0,motor_temp,C,39.984
1770051323.2557077,ADC2,0,bus_voltage,V,11.161
1770051323.306078,ADC2,0,bus_voltage,V,10.911
1770051323.3567905,THERM,0,motor_temp,C,66.121
1770051323.4071593,ADC2,0,bus_voltage,V,10.398
1770051323.457633,ADC1,0,servo_1,A,0.677
1770051323.5081456,ADC2,0,bus_voltage,V,11.213
1770051323.5584562,ADC1,0,servo_1,A,0.903
1770051323.6090517,ADC2,0,bus_voltage,V,12.289
1770051323.6593652,ADC1,0,servo_1,A,0.424
1770051323.7099211,ADC1,1,servo_2,A,2.214
1770051323.7604477,THERM,0,motor_temp,C,42.14
1770051323.810963,ADC1,0,servo_1,A,0.534
1770051323.8613257,ADC2,0,bus_voltage,V,12.536
1770051323.9117253,THERM,0,motor_temp,C,53.98
1770051323.9624362,ADC2,0,bus_voltage,V,10.597
1770051324.012971,ADC1,0,servo_1,A,2.374
1770051324.063966,THERM,0,motor_temp,C,66.853
1770051324.1142533,ADC1,1,servo_2,A,1.705
1770051324.164949,THERM,0,motor_temp,C,56.847
1770051324.2157884,ADC1,1,servo_2,A,2.093
1770051324.2669985,ADC1,0,servo_1,A,2.424
1770051324.317815,ADC2,0,bus_voltage,V,10.574
1770051324.3683407,ADC1,0,servo_1,A,1.55
1770051324.4189172,ADC1,0,servo_1,A,2.242
1770051324.469223,ADC1,1,servo_2,A,0.933
1770051324.5198565,ADC1,0,servo_1,A,1.191
1770051324.5706177,ADC1,1,servo_2,A,1.402
1770051324.6210973,ADC2,0,bus_voltage,V,10.762
1770051324.6715446,ADC1,0,servo_1,A,0.493
1770051324.7219648,ADC1,0,servo_1,A,0.341
1770051324.7727017,THERM,0,motor_temp,C,50.119
1770051324.8234358,ADC1,1,servo_2,A,0.539
1770051324.873875,ADC1,0,servo_1,A,2.361
1770051324.924336,ADC1,1,servo_2,A,0.211
1770051324.9750748,ADC1,1,servo_2,A,0.613
1770051325.0258896,ADC2,0,bus_voltage,V,12.287
1770051325.0766087,THERM,0,motor_temp,C,52.962
1770051325.1269705,ADC1,0,servo_1,A,1.05
1770051325.1777632,THERM,0,motor_temp,C,57.502
1770051325.2281392,ADC2,0,bus_voltage,V,11.18
1770051325.2785256,ADC2,0,bus_voltage,V,11.429
1770051325.3291988,THERM,0,motor_temp,C,61.677
1770051325.3795893,THERM,0,motor_temp,C,56.391
1770051325.4307344,THERM,0,motor_temp,C,60.735
1770051325.4813302,ADC2,0,bus_voltage,V,11.165
1770051325.5315773,THERM,0,motor_temp,C,39.656
1770051325.5821848,ADC2,0,bus_voltage,V,10.047
1770051325.632882,ADC1,0,servo_1,A,0.26
1770051325.684235,THERM,0,motor_temp,C,52.707
1770051325.7347276,ADC1,0,servo_1,A,2.131
1770051325.7850447,ADC2,0,bus_voltage,V,10.4
1770051325.8356218,ADC2,0,bus_voltage,V,10.032
1770051325.8860502,ADC1,0,servo_1,A,2.253
1770051325.9363966,ADC2,0,bus_voltage,V,10.025
1770051325.9868593,THERM,0,motor_temp,C,36.499
1770051326.037465,ADC1,0,servo_1,A,1.22
1770051326.0878007,ADC1,1,servo_2,A,1.087
1770051326.1382,THERM,0,motor_temp,C,41.187
1770051326.1897905,ADC1,1,servo_2,A,1.539
1770051326.2406335,ADC1,1,servo_2,A,0.597
1770051326.2908769,ADC1,1,servo_2,A,0.501
1770051326.3415258,ADC1,0,servo_1,A,2.09
1770051326.3924494,ADC1,1,servo_2,A,1.521
1770051326.4428775,ADC1,0,servo_1,A,0.905
1770051326.493462,ADC2,0,bus_voltage,V,12.201
1770051326.5438995,THERM,0,motor_temp,C,38.461
1770051326.5942564,THERM,0,motor_temp,C,66.943
1770051326.644597,THERM,0,motor_temp,C,64.4
1770051326.6949322,ADC2,0,bus_voltage,V,10.827
1770051326.7452867,ADC1,1,servo_2,A,0.427
1770051326.7960398,ADC2,0,bus_voltage,V,11.469
1770051326.8463135,ADC1,0,servo_1,A,0.662
1770051326.8967419,THERM,0,motor_temp,C,69.253
1770051326.9470134,ADC1,1,servo_2,A,1.411
1770051326.9973316,THERM,0,motor_temp,C,44.524
1770051327.0478387,ADC1,0,servo_1,A,1.681
1770051327.0981271,THERM,0,motor_temp,C,59.229
1770051327.1484718,THERM,0,motor_temp,C,27.432
1770051327.1986318,ADC1,1,servo_2,A,0.575
1770051327.2489142,ADC1,1,servo_2,A,2.053
1770051327.2991717,ADC1,0,servo_1,A,0.209
1770051327.3496664,ADC2,0,bus_voltage,V,12.38
1770051327.4007232,ADC1,1,servo_2,A,0.32
1770051327.4513605,ADC1,1,servo_2,A,0.955
1770051327.5022128,ADC2,0,bus_voltage,V,10.04
1770051327.5532146,ADC2,0,bus_voltage,V,10.301
1770051327.6036806,ADC1,0,servo_1,A,0.428
1770051327.6540682,THERM,0,motor_temp,C,48.07
1770051327.7044985,ADC2,0,bus_voltage,V,11.28
1770051327.7548027,THERM,0,motor_temp,C,46.002
1770051327.8057353,ADC1,1,servo_2,A,0.379
1770051327.8564749,ADC1,0,servo_1,A,1.977
1770051327.9069648,ADC2,0,bus_voltage,V,10.601
1770051327.957293,THERM,0,motor_temp,C,54.494
1770051328.0080266,ADC1,1,servo_2,A,2.388
1770051328.0583458,ADC1,0,servo_1,A,1.338
1770051328.1090536,ADC1,0,servo_1,A,2.216
1770051328.1593983,ADC1,0,servo_1,A,2.429
1770051328.2098312,ADC2,0,bus_voltage,V,10.626
1770051328.2603374,ADC2,0,bus_voltage,V,10.51
1770051328.31109,THERM,0,motor_temp,C,65.886
1770051328.3615944,ADC2,0,bus_voltage,V,10.215
1770051328.4121792,ADC1,0,servo_1,A,0.658
1770051328.4629824,THERM,0,motor_temp,C,52.669
1770051328.5134578,ADC1,0,servo_1,A,0.235
1770051328.5637968,ADC2,0,bus_voltage,V,10.776
1770051328.614484,ADC1,1,servo_2,A,1.398
1770051328.665008,ADC1,0,servo_1,A,2.048
1770051328.7154915,THERM,0,motor_temp,C,50.082
1770051328.76684,ADC1,0,servo_1,A,2.431
1770051328.8173742,THERM,0,motor_temp,C,59.477
1770051328.8685324,THERM,0,motor_temp,C,40.105
1770051328.9191992,ADC1,1,servo_2,A,0.592
1770051328.9696898,ADC1,1,servo_2,A,0.446
1770051329.020542,ADC2,0,bus_voltage,V,10.479
1770051329.0707746,ADC1,1,servo_2,A,1.85
1770051329.1213043,ADC1,1,servo_2,A,1.23
1770051329.1715446,ADC1,1,servo_2,A,1.344
1770051329.222156,ADC1,0,servo_1,A,0.575
1770051329.2725813,ADC1,1,servo_2,A,1.693
1770051329.3228896,ADC1,0,servo_1,A,1.958
1770051329.3734746,ADC2,0,bus_voltage,V,11.524
1770051329.424112,ADC2,0,bus_voltage,V,10.218
1770051329.4747097,ADC2,0,bus_voltage,V,10.507
1770051329.5250494,ADC1,1,servo_2,A,1.398
1770051329.5756502,ADC1,1,servo_2,A,1.55
1770051329.6264274,ADC2,0,bus_voltage,V,11.585
1770051329.6769497,ADC1,0,servo_1,A,0.207
1770051329.7276888,THERM,0,motor_temp,C,46.294
1770051329.7782514,THERM,0,motor_temp,C,27.07
1770051329.828647,ADC1,0,servo_1,A,0.576
1770051329.8790307,ADC2,0,bus_voltage,V,11.72
1770051329.929741,ADC2,0,bus_voltage,V,10.182
1770051329.980564,THERM,0,motor_temp,C,44.42
1770051330.0313454,THERM,0,motor_temp,C,38.027
1770051330.0816448,ADC2,0,bus_voltage,V,11.388
1770051330.1336217,ADC2,0,bus_voltage,V,11.352
1770051330.1854775,ADC1,0,servo_1,A,0.91
1770051330.2358572,ADC2,0,bus_voltage,V,11.217
1770051330.2861724,ADC2,0,bus_voltage,V,12.227
1770051330.3367677,ADC2,0,bus_voltage,V,10.15
1770051330.3872204,ADC1,1,servo_2,A,1.938
1770051330.4375997,THERM,0,motor_temp,C,33.111
1770051330.4882863,ADC1,1,servo_2,A,2.262
1770051330.5390832,THERM,0,motor_temp,C,40.086
1770051330.5900586,ADC1,1,servo_2,A,1.788
1770051330.6404126,ADC1,1,servo_2,A,1.031
1770051330.6909273,THERM,0,motor_temp,C,31.881
1770051330.741659,ADC2,0,bus_voltage,V,10.225
1770051330.7921088,ADC1,0,servo_1,A,0.967
1770051330.8425593,ADC2,0,bus_voltage,V,12.186
1770051330.8929904,ADC2,0,bus_voltage,V,11.56
1770051330.9436724,ADC1,0,servo_1,A,0.884
1770051330.9944084,ADC2,0,bus_voltage,V,11.321
1770051331.0450375,ADC1,0,servo_1,A,0.771
1770051331.095945,ADC2,0,bus_voltage,V,10.683
1770051331.1463234,ADC1,1,servo_2,A,0.505
1770051331.1968393,ADC1,0,servo_1,A,1.813
1770051331.247262,ADC1,0,servo_1,A,1.735
1770051331.2979102,ADC1,0,servo_1,A,2.257
1770051331.3481839,ADC1,1,servo_2,A,2.24
1770051331.3993316,ADC2,0,bus_voltage,V,12.084
1770051331.4497075,ADC1,0,servo_1,A,1.941
1770051331.5003963,THERM,0,motor_temp,C,63.676
1770051331.5511868,ADC1,0,servo_1,A,1.579
1770051331.6019242,ADC1,0,servo_1,A,1.069
1770051331.6526413,ADC2,0,bus_voltage,V,11.711
1770051331.702997,THERM,0,motor_temp,C,63.283
1770051331.753483,ADC2,0,bus_voltage,V,11.178
1770051331.803926,ADC1,0,servo_1,A,1.501
1770051331.8546786,ADC1,1,servo_2,A,1.96
1770051331.9051802,THERM,0,motor_temp,C,45.563
1770051331.955686,ADC1,1,servo_2,A,0.836
1770051332.006119,ADC1,1,servo_2,A,0.965
1770051332.0569057,ADC1,0,servo_1,A,2.119
1770051332.1076229,ADC1,0,servo_1,A,1.541
1770051332.1583378,ADC2,0,bus_voltage,V,12.175
1770051332.2085984,ADC1,1,servo_2,A,2.352
1770051332.2592435,ADC1,0,servo_1,A,2.037
1770051332.3098826,ADC2,0,bus_voltage,V,11.159
1770051332.360525,ADC1,1,servo_2,A,2.16
1770051332.4107196,THERM,0,motor_temp,C,58.56
1770051332.4613988,ADC1,0,servo_1,A,1.623
1770051332.5124557,ADC2,0,bus_voltage,V,11.775
1770051332.5628898,THERM,0,motor_temp,C,59.358
1770051332.6134927,ADC1,0,servo_1,A,0.545
1770051332.6639552,ADC2,0,bus_voltage,V,10.039
1770051332.7142143,ADC1,0,servo_1,A,1.144
1770051332.7648196,ADC2,0,bus_voltage,V,10.494
1770051332.8154244,THERM,0,motor_temp,C,40.088
1770051332.8661072,THERM,0,motor_temp,C,31.209
1770051332.9169893,ADC2,0,bus_voltage,V,11.384
1770051332.9678707,ADC1,1,servo_2,A,0.241
1770051333.0183809,THERM,0,motor_temp,C,48.978
1770051333.0726144,ADC1,0,servo_1,A,0.27
1770051333.1230748,ADC2,0,bus_voltage,V,11.563
1770051333.1735165,ADC1,0,servo_1,A,1.292
1770051333.224299,ADC1,0,servo_1,A,1.059
1770051333.2753174,ADC1,0,servo_1,A,2.48
1770051333.3259134,ADC2,0,bus_voltage,V,11.644
1770051333.3762827,THERM,0,motor_temp,C,36.403
1770051333.4269478,ADC1,1,servo_2,A,1.209
1770051333.4774487,ADC1,1,servo_2,A,0.773
1770051333.528129,ADC2,0,bus_voltage,V,11.838
1770051333.5786693,ADC2,0,bus_voltage,V,10.785
1770051333.6292138,ADC1,1,servo_2,A,0.922
1770051333.6798182,THERM,0,motor_temp,C,59.861
1770051333.730158,ADC1,1,servo_2,A,1.744
1770051333.7807713,THERM,0,motor_temp,C,46.554
1770051333.8315084,THERM,0,motor_temp,C,40.202
1770051333.8819246,ADC2,0,bus_voltage,V,11.743
1770051333.9329538,ADC1,0,servo_1,A,0.767
1770051333.984537,ADC2,0,bus_voltage,V,12.404
1770051334.034763,ADC2,0,bus_voltage,V,11.237
1770051334.0854743,THERM,0,motor_temp,C,69.202
1770051334.1361825,ADC1,0,servo_1,A,1.446
1770051334.186767,ADC2,0,bus_voltage,V,11.627
1770051334.2377236,ADC1,1,servo_2,A,1.423
1770051334.2886963,ADC1,1,servo_2,A,1.102
1770051334.3391814,THERM,0,motor_temp,C,33.109
1770051334.3896012,ADC1,1,servo_2,A,1.392
1770051334.4398632,ADC1,0,servo_1,A,1.772
1770051334.4900177,ADC1,0,servo_1,A,2.239
1770051334.5405889,ADC1,0,servo_1,A,1.237
1770051334.5911946,ADC1,0,servo_1,A,1.833
1770051334.6416395,THERM,0,motor_temp,C,58.607
1770051334.6919794,ADC1,1,servo_2,A,2.131
1770051334.742612,ADC1,1,servo_2,A,0.9
1770051334.7932441,ADC1,1,servo_2,A,2.466
1770051334.8435946,ADC1,1,servo_2,A,1.399
1770051334.8940682,ADC1,1,servo_2,A,1.622
1770051334.9444168,ADC1,0,servo_1,A,0.782
1770051334.9948287,ADC2,0,bus_voltage,V,10.041
1770051335.0454915,ADC1,0,servo_1,A,1.351
1770051335.095783,ADC1,1,servo_2,A,1.809
1770051335.1462202,ADC1,0,servo_1,A,2.286
1770051335.1967225,ADC1,1,servo_2,A,0.608
1770051335.247104,ADC2,0,bus_voltage,V,12.052
1770051335.2974415,ADC1,1,servo_2,A,0.314
1770051335.3479083,ADC2,0,bus_voltage,V,11.113
1770051335.3984287,ADC2,0,bus_voltage,V,10.819
1770051335.4492831,ADC1,1,servo_2,A,1.859
1770051335.501099,ADC1,0,servo_1,A,0.49
1770051335.5515995,ADC1,0,servo_1,A,0.983
1770051335.6023347,ADC2,0,bus_voltage,V,11.145
1770051335.6532,ADC1,0,servo_1,A,0.909
1770051335.7043898,ADC1,0,servo_1,A,1.36
1770051335.7549667,THERM,0,motor_temp,C,29.41
1770051335.805484,ADC1,0,servo_1,A,1.146
1770051335.8561459,ADC2,0,bus_voltage,V,10.832
1770051335.9063308,THERM,0,motor_temp,C,27.239
1770051335.956825,THERM,0,motor_temp,C,36.974
1770051336.0073578,ADC2,0,bus_voltage,V,10.797
1770051336.0580373,ADC2,0,bus_voltage,V,10.157
1770051336.1087525,ADC1,1,servo_2,A,2.485
1770051336.1591809,ADC2,0,bus_voltage,V,12.208
1770051336.2095397,ADC1,0,servo_1,A,1.611
1770051336.260172,ADC1,1,servo_2,A,1.42
1770051336.3106565,ADC1,0,servo_1,A,2.215
1770051336.3612545,ADC1,1,servo_2,A,2.099
1770051336.4125566,ADC2,0,bus_voltage,V,12.504
1770051336.4630003,ADC1,1,servo_2,A,2.233
1770051336.514053,ADC1,0,servo_1,A,2.301
1770051336.5647807,ADC1,1,servo_2,A,1.48
1770051336.6153805,ADC1,0,servo_1,A,0.903
1770051336.6656785,THERM,0,motor_temp,C,40.286
1770051336.7164192,THERM,0,motor_temp,C,48.51
1770051336.7677603,ADC1,1,servo_2,A,0.999
1770051336.8184192,ADC1,0,servo_1,A,1.428
1770051336.8686585,ADC2,0,bus_voltage,V,12.1
1770051336.9191241,ADC1,0,servo_1,A,0.306
1770051336.9694903,ADC1,0,servo_1,A,0.456
1770051337.0199769,ADC1,1,servo_2,A,2.261
1770051337.070336,THERM,0,motor_temp,C,41.574
1770051337.1210177,ADC1,1,servo_2,A,1.377
1770051337.1734362,ADC1,0,servo_1,A,1.148
1770051337.2243052,ADC2,0,bus_voltage,V,11.322
1770051337.2749958,ADC1,0,servo_1,A,1.479
1770051337.3255694,ADC2,0,bus_voltage,V,12.066
1770051337.37634,ADC2,0,bus_voltage,V,12.392
1770051337.4274123,ADC1,1,servo_2,A,1.964
1770051337.4780326,ADC2,0,bus_voltage,V,11.924
1770051337.528289,ADC1,1,servo_2,A,2.39
1770051337.5791082,ADC1,1,servo_2,A,1.262
1770051337.6297064,THERM,0,motor_temp,C,47.134
1770051337.6804023,ADC1,0,servo_1,A,0.863
1770051337.7309475,THERM,0,motor_temp,C,29.259
1770051337.7813625,ADC1,1,servo_2,A,0.758
1770051337.835103,THERM,0,motor_temp,C,63.284
1770051337.8860748,ADC2,0,bus_voltage,V,11.81
1770051337.9365096,THERM,0,motor_temp,C,66.815
1770051337.9869876,ADC1,1,servo_2,A,2.304
1770051338.0375352,ADC2,0,bus_voltage,V,10.128
1770051338.088196,ADC2,0,bus_voltage,V,11.881
1770051338.1387057,ADC1,1,servo_2,A,1.598
1770051338.1891823,ADC2,0,bus_voltage,V,10.664
1770051338.239633,THERM,0,motor_temp,C,46.65
1770051338.2900822,ADC2,0,bus_voltage,V,10.769
1770051338.3404686,ADC1,0,servo_1,A,1.226
1770051338.3910341,THERM,0,motor_temp,C,58.44
1770051338.4414244,ADC1,0,servo_1,A,2.143
1770051338.491958,ADC1,1,servo_2,A,0.68
1770051338.5425239,ADC1,1,servo_2,A,0.97
1770051338.5932715,ADC2,0,bus_voltage,V,12.319
1770051338.6437602,ADC2,0,bus_voltage,V,12.427
1770051338.6941385,ADC1,1,servo_2,A,0.943
1770051338.7444174,ADC1,1,servo_2,A,1.686
1770051338.79468,THERM,0,motor_temp,C,68.259
1770051338.845162,THERM,0,motor_temp,C,63.457
1770051338.8955793,THERM,0,motor_temp,C,51.44
1770051338.9458876,ADC2,0,bus_voltage,V,12.521
1770051338.9965599,THERM,0,motor_temp,C,34.306
1770051339.047318,THERM,0,motor_temp,C,58.795
1770051339.0976677,THERM,0,motor_temp,C,37.705
1770051339.1483197,ADC2,0,bus_voltage,V,11.729
1770051339.1988342,ADC1,1,servo_2,A,1.759
1770051339.2493465,THERM,0,motor_temp,C,30.256
1770051339.299596,THERM,0,motor_temp,C,44.825
1770051339.3502395,THERM,0,motor_temp,C,25.449
1770051339.401631,ADC1,0,servo_1,A,2.248
1770051339.452738,ADC1,1,servo_2,A,2.201
1770051339.5031614,ADC1,0,servo_1,A,0.937
1770051339.553767,ADC1,1,servo_2,A,1.137
1770051339.6044807,ADC2,0,bus_voltage,V,11.573
1770051339.6551695,ADC1,0,servo_1,A,1.798
1770051339.705603,ADC1,0,servo_1,A,0.903
1770051339.756056,ADC1,1,servo_2,A,1.423
1770051339.8062665,ADC2,0,bus_voltage,V,10.554
1770051339.8568077,ADC1,1,servo_2,A,1.153
1770051339.9070654,ADC1,0,servo_1,A,2.162
1770051339.9574306,THERM,0,motor_temp,C,68.078
1770051340.0082164,ADC1,0,servo_1,A,0.966
1770051340.0585344,ADC1,0,servo_1,A,2.426
1770051340.1091578,ADC1,1,servo_2,A,0.64
1770051340.159643,THERM,0,motor_temp,C,28.578
1770051340.2104158,THERM,0,motor_temp,C,49.469
1770051340.2609754,ADC1,0,servo_1,A,1.497
1770051340.311738,ADC1,1,servo_2,A,1.757
1770051340.3622508,THERM,0,motor_temp,C,59.78
1770051340.412685,ADC2,0,bus_voltage,V,11.363
1770051340.4638386,ADC1,1,servo_2,A,0.301
1770051340.5145874,ADC1,0,servo_1,A,2.01
1770051340.5650585,THERM,0,motor_temp,C,65.228
1770051340.615346,ADC1,0,servo_1,A,0.258
1770051340.667038,ADC2,0,bus_voltage,V,12.223
1770051340.7175176,THERM,0,motor_temp,C,38.212
1770051340.7682316,THERM,0,motor_temp,C,46.146
1770051340.818786,ADC2,0,bus_voltage,V,11.602
1770051340.8692358,ADC2,0,bus_voltage,V,11.864
1770051340.920009,ADC2,0,bus_voltage,V,12.366
1770051340.9705982,ADC2,0,bus_voltage,V,12.112
1770051341.0216224,ADC2,0,bus_voltage,V,11.498
1770051341.0719788,THERM,0,motor_temp,C,31.254
1770051341.1227853,ADC1,0,servo_1,A,0.934
1770051341.1735406,THERM,0,motor_temp,C,50.666
1770051341.2237885,ADC2,0,bus_voltage,V,12.4
1770051341.2746058,ADC1,0,servo_1,A,2.148
1770051341.325127,ADC1,0,servo_1,A,0.25
1770051341.3755658,ADC1,1,servo_2,A,0.672
1770051341.4262311,ADC1,1,servo_2,A,1.32
1770051341.477014,ADC2,0,bus_voltage,V,11.043
1770051341.5272157,THERM,0,motor_temp,C,65.616
1770051341.5779493,ADC2,0,bus_voltage,V,12.451
1770051341.6288269,THERM,0,motor_temp,C,56.423
1770051341.6797132,ADC1,1,servo_2,A,1.492
1770051341.730482,ADC1,1,servo_2,A,0.752
1770051341.7809796,ADC2,0,bus_voltage,V,10.325
1770051341.8313642,ADC1,1,servo_2,A,2.453
1770051341.8817573,ADC1,0,servo_1,A,2.068
1770051341.9321694,ADC1,1,servo_2,A,1.702
1770051341.9825613,ADC1,0,servo_1,A,1.186
1770051342.033095,THERM,0,motor_temp,C,33.977
1770051342.0839245,ADC2,0,bus_voltage,V,11.426
1770051342.1359107,THERM,0,motor_temp,C,26.208
1770051342.1864052,ADC1,0,servo_1,A,2.477
1770051342.2370706,ADC1,1,servo_2,A,2.114
1770051342.2880843,THERM,0,motor_temp,C,32.814
1770051342.346646,ADC1,1,servo_2,A,0.382
1770051342.396984,ADC1,1,servo_2,A,0.724
1770051342.4479382,THERM,0,motor_temp,C,68.162
1770051342.4983947,ADC1,0,servo_1,A,1.717
1770051342.548535,ADC1,1,servo_2,A,0.975
1770051342.5990834,ADC2,0,bus_voltage,V,12.549
1770051342.6494992,THERM,0,motor_temp,C,62.684
1770051342.7000914,THERM,0,motor_temp,C,47.344
1770051342.7505298,ADC1,0,servo_1,A,0.75
1770051342.8012323,ADC1,1,servo_2,A,0.476
1770051342.851555,ADC1,1,servo_2,A,1.408
1770051342.90196,ADC1,0,servo_1,A,1.326
1770051342.9526474,ADC2,0,bus_voltage,V,11.503
1770051343.0038877,ADC2,0,bus_voltage,V,11.0
1770051343.0544977,ADC2,0,bus_voltage,V,10.553
1770051343.1051443,ADC1,1,servo_2,A,0.497
1770051343.1559474,ADC2,0,bus_voltage,V,12.405
1770051343.2065365,ADC2,0,bus_voltage,V,11.474
1770051343.2571886,ADC1,1,servo_2,A,0.658
1770051343.3078368,ADC2,0,bus_voltage,V,10.156
1770051343.3585222,ADC2,0,bus_voltage,V,10.294
1770051343.409092,ADC1,0,servo_1,A,0.53
1770051343.4598856,ADC1,0,servo_1,A,2.439
1770051343.5102484,ADC2,0,bus_voltage,V,12.353
1770051343.5607996,ADC1,1,servo_2,A,0.747
1770051343.6111417,ADC2,0,bus_voltage,V,11.547
1770051343.6817532,THERM,0,motor_temp,C,31.824
1770051343.7325108,THERM,0,motor_temp,C,53.874
1770051343.7831676,ADC1,1,servo_2,A,1.192
1770051343.8337805,ADC1,0,servo_1,A,1.98
1770051343.8843608,ADC1,1,servo_2,A,0.452
1770051343.9351437,ADC1,0,servo_1,A,2.12
1770051343.9858327,THERM,0,motor_temp,C,61.289
1770051344.037015,ADC1,0,servo_1,A,2.231
1770051344.0876374,THERM,0,motor_temp,C,44.768
1770051344.138226,ADC1,1,servo_2,A,0.246
1770051344.1888087,ADC1,0,servo_1,A,1.743
1770051344.239565,ADC2,0,bus_voltage,V,11.885
1770051344.2905638,ADC2,0,bus_voltage,V,10.839
1770051344.340985,THERM,0,motor_temp,C,62.196
1770051344.391551,ADC1,0,servo_1,A,0.378
1770051344.442241,ADC1,0,servo_1,A,0.925
1770051344.4929764,ADC2,0,bus_voltage,V,11.928
1770051344.5435083,THERM,0,motor_temp,C,45.96
1770051344.5937552,ADC1,1,servo_2,A,0.414
1770051344.6443293,THERM,0,motor_temp,C,48.107
1770051344.6946976,ADC2,0,bus_voltage,V,11.667
1770051344.7453249,THERM,0,motor_temp,C,47.472
1770051344.7959955,ADC2,0,bus_voltage,V,10.685
1770051344.8466263,ADC2,0,bus_voltage,V,11.473
1770051344.8972006,THERM,0,motor_temp,C,30.59
1770051344.9480598,ADC1,1,servo_2,A,1.499
1770051344.9984477,ADC1,0,servo_1,A,1.376
1770051345.0488555,THERM,0,motor_temp,C,51.134
1770051345.1005654,ADC1,1,servo_2,A,1.792
1770051345.151505,ADC1,1,servo_2,A,1.401
1770051345.2017996,ADC1,1,servo_2,A,1.67
1770051345.252452,THERM,0,motor_temp,C,60.713
1770051345.303013,ADC1,1,servo_2,A,0.941
1770051345.3534918,ADC1,0,servo_1,A,1.299
1770051345.403798,ADC1,0,servo_1,A,0.822
1770051345.4544659,ADC1,1,servo_2,A,2.218
1770051345.5052266,ADC1,1,servo_2,A,1.265
1770051345.555797,ADC2,0,bus_voltage,V,10.162
1770051345.6060228,ADC2,0,bus_voltage,V,11.628
1770051345.6570554,ADC1,1,servo_2,A,0.83
1770051345.707894,ADC2,0,bus_voltage,V,11.352
1770051345.758433,ADC2,0,bus_voltage,V,12.216
1770051345.8086355,ADC1,1,servo_2,A,1.22
1770051345.8593142,THERM,0,motor_temp,C,53.382
1770051345.9096584,ADC2,0,bus_voltage,V,11.623
1770051345.9600317,THERM,0,motor_temp,C,65.262
1770051346.0104487,ADC1,0,servo_1,A,0.618
1770051346.060882,ADC1,1,servo_2,A,0.291
1770051346.1116662,ADC2,0,bus_voltage,V,11.152
1770051346.1620831,ADC2,0,bus_voltage,V,12.349
1770051346.2124753,ADC2,0,bus_voltage,V,11.284
1770051346.2629232,ADC1,0,servo_1,A,0.994
1770051346.3133981,ADC1,0,servo_1,A,1.264
1770051346.3638754,ADC1,0,servo_1,A,1.432
1770051346.4143279,ADC2,0,bus_voltage,V,11.594
1770051346.4649832,THERM,0,motor_temp,C,48.05
1770051346.5158653,ADC1,1,servo_2,A,1.401
1770051346.5671816,ADC1,1,servo_2,A,2.365
1770051346.6177847,ADC1,1,servo_2,A,0.897
1770051346.6681397,THERM,0,motor_temp,C,49.808
1770051346.71882,ADC1,1,servo_2,A,1.95
1770051346.7692475,THERM,0,motor_temp,C,66.978
1770051346.8197212,ADC2,0,bus_voltage,V,11.357
1770051346.8700757,ADC1,1,servo_2,A,1.831
1770051346.9205034,THERM,0,motor_temp,C,51.599
1770051346.9708576,ADC1,1,servo_2,A,1.62
1770051347.0217505,ADC1,1,servo_2,A,1.596
1770051347.0721612,THERM,0,motor_temp,C,26.639
1770051347.1256156,THERM,0,motor_temp,C,45.991
1770051347.1760356,ADC2,0,bus_voltage,V,10.216
1770051347.2266054,ADC1,0,servo_1,A,1.396
1770051347.2769058,THERM,0,motor_temp,C,36.315
1770051347.3273873,ADC2,0,bus_voltage,V,12.283
1770051347.3778663,ADC1,0,servo_1,A,1.597
1770051347.4284468,ADC1,1,servo_2,A,2.134
1770051347.4789026,ADC1,0,servo_1,A,0.322
1770051347.5293083,THERM,0,motor_temp,C,65.442
1770051347.5798163,THERM,0,motor_temp,C,46.627
1770051347.630649,ADC1,1,servo_2,A,0.435
1770051347.6811106,THERM,0,motor_temp,C,67.815
1770051347.7314289,THERM,0,motor_temp,C,65.943
1770051347.7818804,THERM,0,motor_temp,C,53.581
1770051347.8322294,ADC1,0,servo_1,A,0.389
1770051347.8828082,ADC2,0,bus_voltage,V,11.769
1770051347.9332135,ADC1,0,servo_1,A,1.224
1770051347.9837859,ADC1,0,servo_1,A,1.346
1770051348.034257,ADC2,0,bus_voltage,V,11.233
1770051348.0848877,ADC1,1,servo_2,A,1.748
1770051348.1354225,ADC2,0,bus_voltage,V,10.203
1770051348.1857257,ADC2,0,bus_voltage,V,10.313
1770051348.2360187,ADC1,0,servo_1,A,1.155
1770051348.2870548,ADC2,0,bus_voltage,V,10.897
1770051348.3373263,ADC1,0,servo_1,A,0.788
1770051348.387832,ADC1,1,servo_2,A,0.419
1770051348.4384608,ADC1,1,servo_2,A,1.221
1770051348.4890153,ADC2,0,bus_voltage,V,10.707
1770051348.5394292,THERM,0,motor_temp,C,58.084
1770051348.5899181,ADC1,0,servo_1,A,1.721
1770051348.640368,ADC1,1,servo_2,A,1.898
1770051348.6906567,ADC2,0,bus_voltage,V,12.572
1770051348.7410614,ADC1,0,servo_1,A,0.894
1770051348.7921972,ADC1,0,servo_1,A,1.093
1770051348.8428986,ADC2,0,bus_voltage,V,11.224
1770051348.8932693,ADC1,1,servo_2,A,2.111
1770051348.9437897,ADC2,0,bus_voltage,V,12.472
1770051348.9945545,ADC1,0,servo_1,A,1.705
1770051349.0448658,ADC1,0,servo_1,A,1.672
1770051349.0984786,THERM,0,motor_temp,C,27.863
1770051349.1496603,THERM,0,motor_temp,C,50.522
1770051349.2002497,ADC1,1,servo_2,A,0.321
1770051349.2506917,ADC1,0,servo_1,A,0.46
1770051349.301429,ADC1,0,servo_1,A,2.113
1770051349.3517563,THERM,0,motor_temp,C,39.183
1770051349.4025395,ADC1,0,servo_1,A,1.775
1770051349.4529428,ADC2,0,bus_voltage,V,11.192
1770051349.5032868,ADC1,1,servo_2,A,0.256
1770051349.5534935,THERM,0,motor_temp,C,68.599
1770051349.604071,THERM,0,motor_temp,C,34.622
1770051349.654666,ADC2,0,bus_voltage,V,10.376
1770051349.7053792,ADC1,1,servo_2,A,2.199
1770051349.7562444,ADC2,0,bus_voltage,V,10.258
1770051349.8066773,ADC1,0,servo_1,A,1.524
1770051349.8571517,ADC2,0,bus_voltage,V,10.78
1770051349.9078736,ADC1,1,servo_2,A,2.384
1770051349.958172,ADC2,0,bus_voltage,V,11.44
1770051350.008898,ADC1,0,servo_1,A,0.695
1770051350.0592437,ADC1,1,servo_2,A,0.606
1770051350.1099784,ADC1,0,servo_1,A,1.14
1770051350.1603405,THERM,0,motor_temp,C,46.268
1770051350.2107928,ADC1,1,servo_2,A,1.677
1770051350.2617176,THERM,0,motor_temp,C,51.106
1770051350.3122606,THERM,0,motor_temp,C,34.445
1770051350.3628175,ADC1,1,servo_2,A,2.186
1770051350.413405,ADC2,0,bus_voltage,V,10.199
1770051350.464001,ADC2,0,bus_voltage,V,10.776
1770051350.5149007,ADC1,0,servo_1,A,1.694
1770051350.5653567,ADC2,0,bus_voltage,V,12.576
1770051350.6158094,ADC2,0,bus_voltage,V,12.294
1770051350.6665924,THERM,0,motor_temp,C,27.003
1770051350.717479,THERM,0,motor_temp,C,66.976
1770051350.7681093,ADC1,1,servo_2,A,0.922
1770051350.8185155,THERM,0,motor_temp,C,54.273
1770051350.8695965,ADC1,0,servo_1,A,0.51
1770051350.9198892,THERM,0,motor_temp,C,34.242
1770051350.9707046,ADC2,0,bus_voltage,V,10.806
1770051351.0212283,ADC2,0,bus_voltage,V,10.142
1770051351.0715256,ADC2,0,bus_voltage,V,10.299
1770051351.1224177,THERM,0,motor_temp,C,57.364
1770051351.1729581,ADC1,0,servo_1,A,0.461
1770051351.2237513,ADC1,1,servo_2,A,2.016
1770051351.2744908,ADC2,0,bus_voltage,V,10.469
1770051351.3254695,ADC1,1,servo_2,A,1.74
1770051351.37602,ADC1,0,servo_1,A,1.593
1770051351.4265807,ADC2,0,bus_voltage,V,11.873
1770051351.4781976,ADC2,0,bus_voltage,V,11.628
1770051351.5286188,ADC2,0,bus_voltage,V,10.68
1770051351.5791667,ADC1,1,servo_2,A,1.037
1770051351.6295047,ADC1,0,servo_1,A,0.632
1770051351.6799378,ADC1,0,servo_1,A,0.99
1770051351.730292,THERM,0,motor_temp,C,65.879
1770051351.7806592,ADC1,1,servo_2,A,1.784
1770051351.8310664,ADC1,0,servo_1,A,0.993
1770051351.8818498,THERM,0,motor_temp,C,33.832
1770051351.9330182,THERM,0,motor_temp,C,33.787
1770051351.9834204,ADC2,0,bus_voltage,V,12.371
1770051352.033932,ADC2,0,bus_voltage,V,11.201
1770051352.0845807,ADC1,1,servo_2,A,0.267
1770051352.1351678,ADC2,0,bus_voltage,V,10.548
1770051352.1858532,THERM,0,motor_temp,C,54.788
1770051352.2361643,ADC1,0,servo_1,A,1.282
1770051352.287004,ADC1,1,servo_2,A,2.2
1770051352.3375974,ADC2,0,bus_voltage,V,11.198
1770051352.388666,ADC2,0,bus_voltage,V,12.584
1770051352.4393177,THERM,0,motor_temp,C,66.232
1770051352.4898121,THERM,0,motor_temp,C,56.58
1770051352.5404704,ADC2,0,bus_voltage,V,10.457
1770051352.5911233,ADC1,0,servo_1,A,0.803
1770051352.6415186,ADC1,1,servo_2,A,0.788
1770051352.6922605,ADC1,1,servo_2,A,1.344
1770051352.743098,ADC1,1,servo_2,A,0.549
1770051352.7935627,ADC1,1,servo_2,A,1.059
1770051352.8439584,ADC2,0,bus_voltage,V,12.12
1770051352.8943777,ADC1,1,servo_2,A,2.423
1770051352.9447045,ADC1,1,servo_2,A,0.267
1770051352.9948652,ADC1,1,servo_2,A,1.689
1770051353.045287,ADC2,0,bus_voltage,V,11.797
1770051353.095769,ADC2,0,bus_voltage,V,11.13
1770051353.1460955,ADC2,0,bus_voltage,V,10.336
1770051353.1969662,ADC1,1,servo_2,A,1.854
1770051353.2473218,THERM,0,motor_temp,C,26.465
1770051353.29769,ADC1,1,servo_2,A,0.568
1770051353.3479154,ADC1,1,servo_2,A,2.281
1770051353.398201,ADC2,0,bus_voltage,V,12.504
1770051353.448672,ADC2,0,bus_voltage,V,10.21
1770051353.499116,THERM,0,motor_temp,C,53.872
1770051353.5496497,ADC1,0,servo_1,A,0.612
1770051353.5999293,ADC1,1,servo_2,A,2.253
1770051353.6507397,THERM,0,motor_temp,C,63.175
1770051353.7012382,ADC2,0,bus_voltage,V,11.642
1770051353.7518396,ADC1,1,servo_2,A,0.441
1770051353.8022833,ADC1,0,servo_1,A,1.357
1770051353.8527012,ADC2,0,bus_voltage,V,10.29
1770051353.9034333,ADC1,0,servo_1,A,1.658
1770051353.95412,ADC1,1,servo_2,A,1.55
1770051354.0047882,ADC1,0,servo_1,A,1.237
1770051354.055422,THERM,0,motor_temp,C,40.671
1770051354.105795,THERM,0,motor_temp,C,41.619
1770051354.1562064,ADC1,1,servo_2,A,1.969
1770051354.2067707,ADC2,0,bus_voltage,V,11.098
1770051354.257699,THERM,0,motor_temp,C,66.148
1770051354.308331,ADC2,0,bus_voltage,V,11.168
1770051354.3585782,ADC2,0,bus_voltage,V,10.498
1770051354.4088964,ADC1,1,servo_2,A,0.225
1770051354.4590921,ADC2,0,bus_voltage,V,11.963
1770051354.5094244,ADC1,0,servo_1,A,2.307
1770051354.5596435,THERM,0,motor_temp,C,37.015
1770051354.6099968,THERM,0,motor_temp,C,33.888
1770051354.6606517,ADC1,1,servo_2,A,0.799
1770051354.711193,ADC1,0,servo_1,A,2.158
1770051354.7615936,ADC2,0,bus_voltage,V,11.487
1770051354.8118618,ADC2,0,bus_voltage,V,10.56
1770051354.8621216,ADC1,0,servo_1,A,0.823
1770051354.9127843,ADC2,0,bus_voltage,V,10.061
1770051354.9632626,ADC1,1,servo_2,A,0.902
1770051355.013907,ADC2,0,bus_voltage,V,12.376
1770051355.0645335,ADC1,1,servo_2,A,1.519
1770051355.1149707,ADC1,0,servo_1,A,0.571
1770051355.1652696,ADC2,0,bus_voltage,V,12.492
1770051355.2159321,ADC1,0,servo_1,A,2.495
1770051355.2664125,ADC1,0,servo_1,A,1.173
1770051355.3168821,ADC1,1,servo_2,A,0.608
1770051355.3678133,ADC2,0,bus_voltage,V,11.141
1770051355.4182281,ADC2,0,bus_voltage,V,11.08
1770051355.4685895,THERM,0,motor_temp,C,31.061
1770051355.518975,ADC2,0,bus_voltage,V,11.522
1770051355.569519,ADC2,0,bus_voltage,V,11.12
1770051355.6197705,ADC1,0,servo_1,A,1.326
1770051355.6703296,ADC1,0,servo_1,A,1.49
1770051355.7209408,THERM,0,motor_temp,C,42.263
1770051355.771279,ADC1,0,servo_1,A,1.057
1770051355.82188,THERM,0,motor_temp,C,69.025
1770051355.8725736,THERM,0,motor_temp,C,38.765
1770051355.9233625,ADC1,1,servo_2,A,1.669
1770051355.97385,THERM,0,motor_temp,C,64.042
1770051356.0248246,ADC1,0,servo_1,A,1.716
1770051356.0754094,ADC1,0,servo_1,A,0.527
1770051356.1258414,ADC1,0,servo_1,A,1.289
1770051356.1770463,THERM,0,motor_temp,C,41.701
1770051356.2278967,THERM,0,motor_temp,C,65.48
1770051356.2784178,ADC2,0,bus_voltage,V,12.214
1770051356.329066,ADC2,0,bus_voltage,V,10.785
1770051356.3797398,ADC1,0,servo_1,A,2.008
1770051356.4303722,ADC1,0,servo_1,A,2.408
1770051356.480644,ADC1,1,servo_2,A,0.647
1770051356.531158,ADC2,0,bus_voltage,V,10.793
1770051356.581555,ADC1,0,servo_1,A,1.159
1770051356.631919,THERM,0,motor_temp,C,64.799
1770051356.6821704,ADC1,1,servo_2,A,1.589
1770051356.732733,THERM,0,motor_temp,C,61.574
1770051356.783145,ADC1,0,servo_1,A,1.152
1770051356.8335617,ADC1,1,servo_2,A,1.664
1770051356.8850393,THERM,0,motor_temp,C,64.596
1770051356.935477,THERM,0,motor_temp,C,56.568
1770051356.985809,THERM,0,motor_temp,C,67.22
1770051357.0367367,ADC1,1,servo_2,A,0.419
1770051357.087206,ADC2,0,bus_voltage,V,10.545
1770051357.1375232,ADC1,1,servo_2,A,1.175
1770051357.187862,THERM,0,motor_temp,C,45.83
1770051357.2393208,ADC2,0,bus_voltage,V,11.043
1770051357.2901378,ADC1,0,servo_1,A,1.768
1770051357.3407862,ADC1,1,servo_2,A,2.198
1770051357.391239,ADC1,0,servo_1,A,1.299
1770051357.441713,THERM,0,motor_temp,C,46.802
1770051357.4919693,ADC1,1,servo_2,A,1.319
1770051357.542448,THERM,0,motor_temp,C,53.398
1770051357.593073,ADC1,0,servo_1,A,1.262
1770051357.6436062,THERM,0,motor_temp,C,45.81
1770051357.6938043,THERM,0,motor_temp,C,52.47
1770051357.7442074,THERM,0,motor_temp,C,39.502
1770051357.7947495,ADC1,1,servo_2,A,2.204
1770051357.8452992,THERM,0,motor_temp,C,54.221
1770051357.8966653,THERM,0,motor_temp,C,55.989
1770051357.9472866,ADC1,1,servo_2,A,0.966
1770051357.9977827,THERM,0,motor_temp,C,29.074
1770051358.048488,ADC1,1,servo_2,A,2.13
1770051358.0990024,ADC1,1,servo_2,A,2.205
1770051358.1497402,ADC1,0,servo_1,A,1.856
1770051358.2002597,ADC2,0,bus_voltage,V,11.329
1770051358.250997,THERM,0,motor_temp,C,49.928
1770051358.301508,ADC1,1,servo_2,A,2.278
1770051358.3519564,ADC1,1,servo_2,A,0.971
1770051358.4024243,THERM,0,motor_temp,C,26.125
1770051358.4539227,ADC2,0,bus_voltage,V,11.149
1770051358.5047617,THERM,0,motor_temp,C,52.795
1770051358.5552132,THERM,0,motor_temp,C,50.452
1770051358.6056962,ADC2,0,bus_voltage,V,12.142
1770051358.6564198,ADC2,0,bus_voltage,V,11.945
1770051358.7070346,THERM,0,motor_temp,C,37.086
1770051358.75763,ADC2,0,bus_voltage,V,10.776
1770051358.8082273,THERM,0,motor_temp,C,58.595
1770051358.858398,ADC2,0,bus_voltage,V,10.956
1770051358.9087698,ADC2,0,bus_voltage,V,11.803
1770051358.959135,ADC1,0,servo_1,A,1.922
1770051359.009845,ADC1,0,servo_1,A,0.674
1770051359.0602386,ADC1,1,servo_2,A,2.296
1770051359.110811,THERM,0,motor_temp,C,66.948
1770051359.1612494,ADC2,0,bus_voltage,V,12.589
1770051359.2116551,ADC1,0,servo_1,A,2.21
1770051359.2622745,THERM,0,motor_temp,C,56.432
1770051359.3128808,THERM,0,motor_temp,C,26.548
1770051359.3631825,ADC2,0,bus_voltage,V,10.598
1770051359.4133682,THERM,0,motor_temp,C,44.037
1770051359.4639986,ADC1,0,servo_1,A,0.904
1770051359.5144403,ADC1,1,servo_2,A,0.319
1770051359.5647788,THERM,0,motor_temp,C,43.672
1770051359.6150534,ADC2,0,bus_voltage,V,11.627
1770051359.6655586,ADC1,1,servo_2,A,2.485
1770051359.7157352,ADC2,0,bus_voltage,V,11.989
1770051359.7662935,ADC1,0,servo_1,A,1.825
1770051359.8168075,THERM,0,motor_temp,C,34.407
1770051359.867116,THERM,0,motor_temp,C,52.062
1770051359.9176984,THERM,0,motor_temp,C,62.383
1770051359.9684398,ADC1,0,servo_1,A,1.086
1770051360.019246,THERM,0,motor_temp,C,58.46
1770051360.0699775,ADC1,1,servo_2,A,2.268
1770051360.1206267,ADC2,0,bus_voltage,V,10.684
1770051360.1712363,ADC2,0,bus_voltage,V,12.077
1770051360.221878,ADC1,0,servo_1,A,1.909
1770051360.2727747,ADC2,0,bus_voltage,V,10.477
1770051360.3231626,ADC1,0,servo_1,A,1.507
1770051360.3736799,THERM,0,motor_temp,C,67.674
1770051360.4242213,ADC1,1,servo_2,A,0.311
1770051360.4748316,THERM,0,motor_temp,C,37.876
1770051360.5252268,ADC1,0,servo_1,A,1.551
1770051360.575672,THERM,0,motor_temp,C,56.533
1770051360.6262832,THERM,0,motor_temp,C,42.613
1770051360.677046,ADC1,0,servo_1,A,2.414
1770051360.7273066,THERM,0,motor_temp,C,55.02
1770051360.7777839,ADC1,1,servo_2,A,0.697
1770051360.828311,ADC1,0,servo_1,A,0.539
1770051360.878614,ADC2,0,bus_voltage,V,11.726
1770051360.9293268,ADC1,1,servo_2,A,1.513
1770051360.9800642,THERM,0,motor_temp,C,41.145
1770051361.0308216,ADC1,0,servo_1,A,2.257
1770051361.081515,ADC2,0,bus_voltage,V,10.187
1770051361.1318834,ADC1,0,servo_1,A,0.258
1770051361.1823955,ADC1,0,servo_1,A,1.337
1770051361.2331667,ADC1,1,servo_2,A,1.057
1770051361.2838113,ADC1,1,servo_2,A,1.021
1770051361.3342268,THERM,0,motor_temp,C,42.71
1770051361.3848295,ADC2,0,bus_voltage,V,10.669
1770051361.4355192,ADC1,1,servo_2,A,1.498
1770051361.4861355,ADC1,0,servo_1,A,1.837
1770051361.5370343,ADC2,0,bus_voltage,V,11.977
1770051361.5874786,THERM,0,motor_temp,C,62.415
1770051361.638099,ADC2,0,bus_voltage,V,11.366
1770051361.688624,ADC1,0,servo_1,A,1.728
1770051361.739222,ADC2,0,bus_voltage,V,10.908
1770051361.7898934,ADC1,1,servo_2,A,1.005
1770051361.8406103,ADC2,0,bus_voltage,V,11.182
1770051361.891328,THERM,0,motor_temp,C,57.791
1770051361.9420521,ADC1,0,servo_1,A,1.876
1770051361.9924293,ADC2,0,bus_voltage,V,10.221
1770051362.0429914,ADC1,1,servo_2,A,0.434
1770051362.094709,ADC1,0,servo_1,A,2.449
1770051362.1451802,THERM,0,motor_temp,C,48.893
1770051362.1956565,ADC1,0,servo_1,A,1.537
1770051362.2464864,ADC1,0,servo_1,A,2.353
1770051362.296967,THERM,0,motor_temp,C,64.719
1770051362.3476868,THERM,0,motor_temp,C,49.07
1770051362.3982518,ADC1,0,servo_1,A,2.352
1770051362.450174,ADC1,0,servo_1,A,1.653
1770051362.5011718,ADC2,0,bus_voltage,V,12.2
1770051362.5516021,ADC1,0,servo_1,A,1.122
1770051362.6020515,THERM,0,motor_temp,C,65.34
1770051362.652625,THERM,0,motor_temp,C,48.033
1770051362.703483,ADC1,1,servo_2,A,1.991
1770051362.7539997,ADC2,0,bus_voltage,V,12.349
1770051362.804211,ADC2,0,bus_voltage,V,12.318
1770051362.85473,ADC2,0,bus_voltage,V,11.608
1770051362.905275,ADC1,1,servo_2,A,2.342
1770051362.9557302,ADC2,0,bus_voltage,V,11.707
1770051363.006443,ADC2,0,bus_voltage,V,12.422
1770051363.0569208,ADC1,1,servo_2,A,1.061
1770051363.1075506,ADC2,0,bus_voltage,V,11.965
1770051363.15799,THERM,0,motor_temp,C,33.469
1770051363.2084022,ADC1,0,servo_1,A,0.986
1770051363.258824,ADC2,0,bus_voltage,V,12.467
1770051363.3093128,ADC1,0,servo_1,A,2.238
1770051363.3601847,ADC1,1,servo_2,A,1.341
1770051363.4109166,THERM,0,motor_temp,C,36.724
1770051363.4611707,ADC1,0,servo_1,A,1.975
1770051363.511978,ADC1,1,servo_2,A,1.605
1770051363.5626354,ADC1,0,servo_1,A,0.44
1770051363.613145,ADC1,1,servo_2,A,1.938
1770051363.6637657,THERM,0,motor_temp,C,65.311
1770051363.7140467,ADC2,0,bus_voltage,V,11.76
1770051363.7643497,ADC1,0,servo_1,A,0.526
1770051363.814867,ADC2,0,bus_voltage,V,10.022
1770051363.8651602,ADC2,0,bus_voltage,V,10.461
1770051363.9156415,ADC2,0,bus_voltage,V,11.667
1770051363.9659417,ADC1,0,servo_1,A,2.051
1770051364.0165675,ADC2,0,bus_voltage,V,10.305
1770051364.0674372,ADC2,0,bus_voltage,V,12.312
1770051364.1180222,ADC1,1,servo_2,A,1.127
1770051364.1684756,THERM,0,motor_temp,C,51.724
1770051364.2188005,ADC1,1,servo_2,A,1.423
1770051364.2692406,ADC1,0,servo_1,A,1.107
1770051364.3198953,THERM,0,motor_temp,C,45.571
1770051364.3705356,ADC1,0,servo_1,A,1.799
1770051364.4211147,ADC1,0,servo_1,A,1.361
1770051364.4717243,ADC1,1,servo_2,A,0.487
1770051364.5223997,ADC1,0,servo_1,A,1.467
1770051364.5729501,THERM,0,motor_temp,C,64.106
1770051364.6237178,THERM,0,motor_temp,C,34.428
1770051364.6744127,THERM,0,motor_temp,C,63.072
1770051364.7248287,ADC1,1,servo_2,A,1.424
1770051364.7753146,ADC1,0,servo_1,A,1.772
1770051364.8258827,THERM,0,motor_temp,C,59.842
1770051364.8763196,THERM,0,motor_temp,C,32.104
1770051364.9271128,THERM,0,motor_temp,C,56.204
1770051364.9774394,ADC1,0,servo_1,A,0.844
1770051365.028167,ADC1,1,servo_2,A,1.159
1770051365.079023,ADC2,0,bus_voltage,V,12.259
1770051365.129434,THERM,0,motor_temp,C,41.26
1770051365.1801026,THERM,0,motor_temp,C,45.807
1770051365.2305424,ADC2,0,bus_voltage,V,12.51
1770051365.2809343,THERM,0,motor_temp,C,41.611
1770051365.3314028,THERM,0,motor_temp,C,55.005
1770051365.3820484,ADC1,0,servo_1,A,0.764
1770051365.4327981,ADC2,0,bus_voltage,V,10.058
1770051365.4838517,THERM,0,motor_temp,C,35.334
1770051365.5344787,THERM,0,motor_temp,C,53.961
1770051365.5848246,ADC1,1,servo_2,A,0.453
1770051365.6351347,ADC1,0,servo_1,A,1.24
1770051365.6857395,ADC2,0,bus_voltage,V,11.0
1770051365.7360406,ADC1,0,servo_1,A,2.189
1770051365.7866685,THERM,0,motor_temp,C,25.475
1770051365.8373313,THERM,0,motor_temp,C,33.771
1770051365.8877528,THERM,0,motor_temp,C,60.773
1770051365.9382324,ADC1,0,servo_1,A,0.736
1770051365.9888465,ADC1,1,servo_2,A,0.261
1770051366.0394785,THERM,0,motor_temp,C,26.302
1770051366.090255,ADC1,0,servo_1,A,0.483
1770051366.1407547,ADC2,0,bus_voltage,V,10.018
1770051366.1912205,THERM,0,motor_temp,C,55.957
1770051366.2417316,ADC2,0,bus_voltage,V,11.077
1770051366.2926683,ADC1,1,servo_2,A,0.416
1770051366.3433383,ADC2,0,bus_voltage,V,10.226
1770051366.39389,ADC2,0,bus_voltage,V,12.324
1770051366.444652,ADC1,0,servo_1,A,0.786
1770051366.4957263,ADC2,0,bus_voltage,V,10.023
1770051366.5460324,ADC1,1,servo_2,A,2.302
1770051366.5965543,THERM,0,motor_temp,C,46.572
1770051366.647434,THERM,0,motor_temp,C,64.159
1770051366.6978962,ADC1,0,servo_1,A,0.776
1770051366.7484806,ADC1,0,servo_1,A,1.127
1770051366.7990017,ADC1,1,servo_2,A,1.244
1770051366.8496702,ADC1,1,servo_2,A,1.223
1770051366.9003065,THERM,0,motor_temp,C,61.649
1770051366.9510899,ADC1,0,servo_1,A,2.337
1770051367.0015757,THERM,0,motor_temp,C,64.193
1770051367.0522552,THERM,0,motor_temp,C,45.797
1770051367.1029496,ADC1,1,servo_2,A,2.14
1770051367.1540182,THERM,0,motor_temp,C,66.472
1770051367.2050445,ADC1,1,servo_2,A,1.125
1770051367.255285,THERM,0,motor_temp,C,64.739
1770051367.305944,THERM,0,motor_temp,C,52.024
1770051367.3565707,THERM,0,motor_temp,C,29.204
1770051367.4073584,THERM,0,motor_temp,C,33.909
1770051367.4579864,ADC1,0,servo_1,A,0.419
1770051367.5084538,ADC2,0,bus_voltage,V,11.128
1770051367.559138,THERM,0,motor_temp,C,56.159
1770051367.6097932,THERM,0,motor_temp,C,42.722
1770051367.6605477,ADC2,0,bus_voltage,V,10.259
1770051367.7113929,ADC2,0,bus_voltage,V,12.554
1770051367.7619183,ADC1,0,servo_1,A,0.618
1770051367.8127527,ADC1,1,servo_2,A,1.082
1770051367.8633318,THERM,0,motor_temp,C,69.506
1770051367.913641,ADC2,0,bus_voltage,V,12.197
1770051367.964273,ADC1,0,servo_1,A,1.633
1770051368.0150018,ADC1,1,servo_2,A,0.914
1770051368.0657542,THERM,0,motor_temp,C,38.222
1770051368.1164594,ADC1,0,servo_1,A,0.648
1770051368.1672008,ADC1,0,servo_1,A,1.019
1770051368.2180808,ADC1,1,servo_2,A,0.927
1770051368.2686136,THERM,0,motor_temp,C,48.777
1770051368.319398,ADC1,0,servo_1,A,2.425
1770051368.3698218,ADC1,0,servo_1,A,1.514
1770051368.4202356,ADC1,1,servo_2,A,1.801
1770051368.4710355,ADC2,0,bus_voltage,V,11.194
1770051368.521457,ADC1,0,servo_1,A,0.35
1770051368.571887,THERM,0,motor_temp,C,47.765
1770051368.6227694,ADC1,1,servo_2,A,1.392
1770051368.6731315,ADC1,1,servo_2,A,0.729
1770051368.7236562,ADC1,1,servo_2,A,0.695
1770051368.774068,ADC1,1,servo_2,A,1.47
1770051368.8245285,ADC1,0,servo_1,A,0.609
1770051368.8749876,ADC2,0,bus_voltage,V,12.171
1770051368.9255009,ADC1,1,servo_2,A,0.601
1770051368.9758105,ADC1,1,servo_2,A,0.972
1770051369.026304,ADC2,0,bus_voltage,V,10.759
1770051369.0768266,ADC1,0,servo_1,A,1.767
1770051369.127399,ADC1,1,servo_2,A,1.909
1770051369.1778166,ADC2,0,bus_voltage,V,11.894
1770051369.2285178,THERM,0,motor_temp,C,44.463
1770051369.2791672,THERM,0,motor_temp,C,68.627
1770051369.3294961,ADC1,0,servo_1,A,0.867
1770051369.379761,THERM,0,motor_temp,C,40.307
1770051369.4306355,ADC1,0,servo_1,A,2.418
1770051369.481147,ADC2,0,bus_voltage,V,11.061
1770051369.5317526,THERM,0,motor_temp,C,34.158
1770051369.5823524,THERM,0,motor_temp,C,64.209
1770051369.632665,THERM,0,motor_temp,C,50.758
1770051369.6829364,ADC1,0,servo_1,A,0.975
1770051369.7331462,ADC2,0,bus_voltage,V,10.282
1770051369.7834194,THERM,0,motor_temp,C,45.395
1770051369.8347113,ADC2,0,bus_voltage,V,11.834
1770051369.8853953,ADC2,0,bus_voltage,V,10.681
1770051369.936239,THERM,0,motor_temp,C,51.007
1770051369.9868624,ADC1,0,servo_1,A,2.053
1770051370.037435,THERM,0,motor_temp,C,59.317
1770051370.0880623,THERM,0,motor_temp,C,54.124
1770051370.1384945,THERM,0,motor_temp,C,54.792
1770051370.1892884,THERM,0,motor_temp,C,45.498
1770051370.2400708,ADC1,1,servo_2,A,1.619
1770051370.2907894,THERM,0,motor_temp,C,59.722
1770051370.341217,THERM,0,motor_temp,C,25.148
1770051370.3920217,ADC2,0,bus_voltage,V,11.39
1770051370.4437742,ADC1,0,servo_1,A,0.84
1770051370.495393,ADC2,0,bus_voltage,V,11.553
1770051370.5458724,ADC2,0,bus_voltage,V,10.198
1770051370.596231,ADC1,0,servo_1,A,1.961
1770051370.6465967,ADC1,0,servo_1,A,0.864
1770051370.6974597,ADC1,1,servo_2,A,1.29
1770051370.7479773,ADC2,0,bus_voltage,V,11.707
1770051370.7982976,ADC2,0,bus_voltage,V,11.033
1770051370.8489244,THERM,0,motor_temp,C,26.928
1770051370.899603,ADC1,0,servo_1,A,1.195
1770051370.9502738,THERM,0,motor_temp,C,66.022
1770051371.0009048,ADC1,1,servo_2,A,0.658
1770051371.0515764,ADC2,0,bus_voltage,V,10.343
1770051371.101803,ADC1,1,servo_2,A,0.904
1770051371.1524537,ADC2,0,bus_voltage,V,10.943
1770051371.2029395,ADC2,0,bus_voltage,V,11.337
1770051371.2533262,ADC1,0,servo_1,A,1.498
1770051371.3043303,ADC1,0,servo_1,A,0.799
1770051371.354768,ADC1,1,servo_2,A,1.844
1770051371.4051497,ADC1,0,servo_1,A,1.696
1770051371.4555624,THERM,0,motor_temp,C,43.13
1770051371.5058234,ADC1,0,servo_1,A,1.87
1770051371.5565243,ADC1,0,servo_1,A,1.837
1770051371.6068926,ADC1,1,servo_2,A,2.061
1770051371.657619,ADC1,0,servo_1,A,0.911
1770051371.70837,ADC2,0,bus_voltage,V,11.757
1770051371.7588196,ADC1,1,servo_2,A,0.871
1770051371.809174,THERM,0,motor_temp,C,54.245
1770051371.85995,ADC2,0,bus_voltage,V,11.051
1770051371.9105668,ADC1,0,servo_1,A,2.033
1770051371.961322,ADC1,0,servo_1,A,2.343
1770051372.0117886,ADC2,0,bus_voltage,V,12.096
1770051372.0622756,ADC1,1,servo_2,A,1.023
1770051372.1132805,ADC1,1,servo_2,A,1.29
1770051372.1637893,ADC2,0,bus_voltage,V,10.415
1770051372.214233,THERM,0,motor_temp,C,45.991
1770051372.2647443,THERM,0,motor_temp,C,57.035
1770051372.3153205,THERM,0,motor_temp,C,26.066
1770051372.3657238,ADC1,1,servo_2,A,1.538
1770051372.416359,THERM,0,motor_temp,C,25.311
1770051372.4670944,ADC1,0,servo_1,A,0.712
1770051372.51769,THERM,0,motor_temp,C,66.137
1770051372.5683336,ADC1,0,servo_1,A,1.983
1770051372.6193347,ADC1,0,servo_1,A,1.563
1770051372.6697943,ADC2,0,bus_voltage,V,11.898
1770051372.7201765,ADC2,0,bus_voltage,V,12.158
1770051372.7706292,ADC1,0,servo_1,A,2.36
1770051372.8210833,ADC1,1,servo_2,A,0.656
1770051372.8713746,THERM,0,motor_temp,C,53.199
1770051372.921664,ADC2,0,bus_voltage,V,10.531
1770051372.9723766,THERM,0,motor_temp,C,44.539
1770051373.0229833,THERM,0,motor_temp,C,62.124
1770051373.0733101,ADC1,0,servo_1,A,2.224
1770051373.1238296,THERM,0,motor_temp,C,45.151
1770051373.1743667,THERM,0,motor_temp,C,66.996
1770051373.2246604,THERM,0,motor_temp,C,59.141
1770051373.2754672,ADC1,1,servo_2,A,1.465
1770051373.3260603,ADC1,1,servo_2,A,1.955
1770051373.3766992,ADC1,1,servo_2,A,1.477
1770051373.4277778,ADC2,0,bus_voltage,V,11.116
1770051373.4781897,ADC1,1,servo_2,A,1.121
1770051373.5284653,THERM,0,motor_temp,C,38.207
1770051373.5788302,THERM,0,motor_temp,C,58.815
1770051373.629138,ADC1,1,servo_2,A,0.442
1770051373.6804636,THERM,0,motor_temp,C,35.885
1770051373.7312872,ADC1,0,servo_1,A,1.627
1770051373.7816768,ADC1,1,servo_2,A,2.415
1770051373.832417,ADC1,1,servo_2,A,1.989
1770051373.8831902,ADC1,1,servo_2,A,1.134
1770051373.933665,THERM,0,motor_temp,C,50.456
1770051373.9844103,ADC2,0,bus_voltage,V,12.405
1770051374.0350041,ADC2,0,bus_voltage,V,10.471
1770051374.0857005,ADC1,0,servo_1,A,2.109
1770051374.1382113,ADC1,1,servo_2,A,1.016
1770051374.1887813,THERM,0,motor_temp,C,39.144
1770051374.239779,ADC1,1,servo_2,A,2.184
1770051374.2905147,THERM,0,motor_temp,C,26.087
1770051374.3410091,ADC2,0,bus_voltage,V,10.324
1770051374.391674,ADC1,1,servo_2,A,1.195
1770051374.4424496,ADC1,1,servo_2,A,1.08
1770051374.4932864,ADC2,0,bus_voltage,V,12.236
1770051374.543714,ADC1,1,servo_2,A,0.509
1770051374.5942564,ADC1,1,servo_2,A,0.935
1770051374.647138,ADC2,0,bus_voltage,V,11.61
1770051374.69821,ADC2,0,bus_voltage,V,11.188
1770051374.7487185,ADC1,1,servo_2,A,0.567
1770051374.7992334,ADC1,1,servo_2,A,2.063
1770051374.8494616,ADC2,0,bus_voltage,V,12.306
1770051374.9003947,ADC2,0,bus_voltage,V,10.343
1770051374.9509096,ADC1,1,servo_2,A,1.913
1770051375.0012274,ADC2,0,bus_voltage,V,11.504
1770051375.0516849,ADC1,1,servo_2,A,0.205
1770051375.1023772,ADC2,0,bus_voltage,V,12.021
1770051375.1527295,ADC2,0,bus_voltage,V,11.987
1770051375.2030764,ADC1,0,servo_1,A,1.304
1770051375.2534502,ADC1,0,servo_1,A,2.123
1770051375.3058822,ADC1,0,servo_1,A,0.324
1770051375.3566668,ADC1,1,servo_2,A,1.9
1770051375.4073908,ADC1,0,servo_1,A,2.474
1770051375.4586654,ADC1,0,servo_1,A,1.533
1770051375.5090103,ADC1,1,servo_2,A,0.902
1770051375.5594625,ADC1,0,servo_1,A,0.872
1770051375.6101332,THERM,0,motor_temp,C,66.441
1770051375.660778,ADC1,0,servo_1,A,0.935
1770051375.7114067,ADC1,1,servo_2,A,0.564
1770051375.7621224,THERM,0,motor_temp,C,45.962
1770051375.8127089,ADC1,0,servo_1,A,0.379
1770051375.8632722,ADC1,0,servo_1,A,1.325
1770051375.9138472,ADC1,1,servo_2,A,2.352
1770051375.9642801,ADC2,0,bus_voltage,V,11.928
1770051376.0149043,THERM,0,motor_temp,C,45.873
1770051376.0653162,THERM,0,motor_temp,C,59.539
1770051376.1156945,ADC1,1,servo_2,A,1.058
1770051376.165889,ADC1,0,servo_1,A,2.368
1770051376.2163026,ADC2,0,bus_voltage,V,11.735
1770051376.266918,THERM,0,motor_temp,C,69.054
1770051376.3173413,ADC2,0,bus_voltage,V,12.584
1770051376.36909,THERM,0,motor_temp,C,36.491
1770051376.4199183,ADC2,0,bus_voltage,V,12.244
1770051376.470466,THERM,0,motor_temp,C,41.65
1770051376.5209663,ADC1,1,servo_2,A,0.278
1770051376.5712962,ADC1,1,servo_2,A,2.085
1770051376.6219606,THERM,0,motor_temp,C,43.95
1770051376.672914,ADC1,1,servo_2,A,0.774
1770051376.723702,ADC1,0,servo_1,A,1.619
1770051376.773968,THERM,0,motor_temp,C,35.557
1770051376.824535,ADC2,0,bus_voltage,V,11.354
1770051376.8750048,ADC2,0,bus_voltage,V,11.402
1770051376.925793,ADC1,1,servo_2,A,2.489
1770051376.976024,ADC1,1,servo_2,A,0.624
1770051377.0264485,THERM,0,motor_temp,C,57.841
1770051377.0774922,ADC1,1,servo_2,A,0.786
1770051377.1278446,ADC1,1,servo_2,A,1.237
1770051377.1781068,ADC1,0,servo_1,A,1.085
1770051377.2288206,ADC1,1,servo_2,A,2.217
1770051377.278999,ADC1,0,servo_1,A,0.6
1770051377.3294146,ADC2,0,bus_voltage,V,10.157
1770051377.3799162,THERM,0,motor_temp,C,29.824
1770051377.430385,THERM,0,motor_temp,C,46.666
1770051377.4805741,ADC2,0,bus_voltage,V,10.25
1770051377.53112,ADC1,0,servo_1,A,2.385
1770051377.5815873,ADC1,0,servo_1,A,1.157
1770051377.6320484,ADC1,0,servo_1,A,0.31
1770051377.6822562,ADC1,0,servo_1,A,1.077
1770051377.7327926,ADC1,1,servo_2,A,1.373
1770051377.783168,ADC1,0,servo_1,A,2.466
1770051377.8339345,ADC1,0,servo_1,A,1.704
1770051377.8844342,THERM,0,motor_temp,C,32.899
1770051377.9349368,THERM,0,motor_temp,C,28.864
1770051377.9856164,ADC1,0,servo_1,A,2.42
1770051378.0357997,ADC2,0,bus_voltage,V,12.572
1770051378.0861385,ADC1,1,servo_2,A,0.781
1770051378.1366396,ADC1,0,servo_1,A,1.519
1770051378.1869962,ADC1,1,servo_2,A,0.648
1770051378.2375104,ADC1,0,servo_1,A,1.556
1770051378.2877493,ADC2,0,bus_voltage,V,11.819
1770051378.3383474,ADC1,0,servo_1,A,1.823
1770051378.3885114,ADC2,0,bus_voltage,V,11.743
1770051378.4389746,ADC1,1,servo_2,A,2.431
1770051378.4893005,THERM,0,motor_temp,C,38.419
1770051378.539544,ADC2,0,bus_voltage,V,11.492
1770051378.5898364,ADC2,0,bus_voltage,V,12.509
1770051378.640516,ADC1,1,servo_2,A,0.214
1770051378.6910055,ADC2,0,bus_voltage,V,10.624
1770051378.7417789,ADC1,1,servo_2,A,1.595
1770051378.7922049,ADC1,0,servo_1,A,1.289
1770051378.8431194,ADC2,0,bus_voltage,V,12.404
1770051378.8941498,ADC1,1,servo_2,A,1.045
1770051378.9446394,ADC1,0,servo_1,A,0.395
1770051378.9953,ADC1,0,servo_1,A,1.284
1770051379.046025,THERM,0,motor_temp,C,58.895
1770051379.0967155,ADC1,0,servo_1,A,2.249
1770051379.1474638,THERM,0,motor_temp,C,25.713
1770051379.1981082,THERM,0,motor_temp,C,27.954
1770051379.248489,THERM,0,motor_temp,C,60.188
1770051379.2991824,ADC2,0,bus_voltage,V,10.064
1770051379.3494728,ADC1,0,servo_1,A,1.415
1770051379.4002898,ADC2,0,bus_voltage,V,10.472
1770051379.4509134,ADC2,0,bus_voltage,V,10.765
1770051379.5013993,THERM,0,motor_temp,C,61.107
1770051379.5518203,ADC2,0,bus_voltage,V,10.72
1770051379.6022696,THERM,0,motor_temp,C,62.254
1770051379.6528974,ADC2,0,bus_voltage,V,12.129
1770051379.7040935,ADC1,1,servo_2,A,1.547
1770051379.7547224,ADC1,1,servo_2,A,1.481
1770051379.8053768,ADC1,1,servo_2,A,0.241
1770051379.855925,ADC1,1,servo_2,A,1.111
1770051379.906405,ADC1,1,servo_2,A,0.331
1770051379.9569943,ADC1,1,servo_2,A,2.176
1770051380.0072286,ADC1,1,servo_2,A,0.867
1770051380.0577276,ADC1,0,servo_1,A,0.446
1770051380.108326,ADC1,1,servo_2,A,1.812
1770051380.1586268,ADC1,0,servo_1,A,1.936
1770051380.2094245,ADC1,0,servo_1,A,2.465
1770051380.2600284,THERM,0,motor_temp,C,48.632
1770051380.310994,THERM,0,motor_temp,C,27.059
1770051380.3616407,ADC1,1,servo_2,A,0.505
1770051380.4124568,THERM,0,motor_temp,C,41.853
1770051380.4632366,ADC1,1,servo_2,A,1.462
1770051380.5137775,ADC1,0,servo_1,A,0.274
1770051380.564306,ADC2,0,bus_voltage,V,10.878
1770051380.6146154,ADC1,1,servo_2,A,1.884
1770051380.6659238,ADC2,0,bus_voltage,V,12.549
1770051380.7165248,ADC1,1,servo_2,A,0.306
1770051380.7668839,ADC1,1,servo_2,A,1.751
1770051380.8174891,ADC1,0,servo_1,A,2.187
1770051380.8682272,ADC1,0,servo_1,A,0.202
1770051380.9187498,ADC2,0,bus_voltage,V,11.371
1770051380.9693282,THERM,0,motor_temp,C,67.677
1770051381.0200012,THERM,0,motor_temp,C,63.999
1770051381.070785,ADC1,0,servo_1,A,2.014
1770051381.1212404,ADC1,0,servo_1,A,2.467
1770051381.172,ADC2,0,bus_voltage,V,10.762
1770051381.222476,ADC2,0,bus_voltage,V,12.19
1770051381.2727683,ADC1,0,servo_1,A,0.286
1770051381.3233566,ADC2,0,bus_voltage,V,12.569
1770051381.375128,THERM,0,motor_temp,C,43.911
1770051381.4257677,ADC1,1,servo_2,A,2.346
1770051381.4763339,ADC1,0,servo_1,A,1.352
1770051381.5270538,ADC2,0,bus_voltage,V,12.055
1770051381.5774903,ADC1,1,servo_2,A,1.451
1770051381.6280344,ADC1,1,servo_2,A,1.951
1770051381.6787722,THERM,0,motor_temp,C,50.181
1770051381.7289557,ADC1,1,servo_2,A,1.095
1770051381.7793062,ADC1,0,servo_1,A,0.8
1770051381.8298316,ADC1,0,servo_1,A,1.52
1770051381.880466,ADC1,0,servo_1,A,0.21
1770051381.930846,ADC2,0,bus_voltage,V,10.692
1770051381.9813693,THERM,0,motor_temp,C,46.017
1770051382.0319462,ADC1,0,servo_1,A,0.748
1770051382.082718,THERM,0,motor_temp,C,29.004
1770051382.1332796,ADC1,0,servo_1,A,2.415
1770051382.1838448,THERM,0,motor_temp,C,52.399
1770051382.2344325,ADC1,0,servo_1,A,2.366
1770051382.2849445,ADC1,0,servo_1,A,2.049
1770051382.3353508,ADC1,0,servo_1,A,1.973
1770051382.3858998,THERM,0,motor_temp,C,27.776
1770051382.436378,ADC2,0,bus_voltage,V,12.198
1770051382.4867504,ADC1,1,servo_2,A,2.217
1770051382.5374901,THERM,0,motor_temp,C,51.097
1770051382.5880246,ADC1,0,servo_1,A,2.02
1770051382.6388366,ADC1,0,servo_1,A,1.143
1770051382.6893349,ADC1,0,servo_1,A,1.856
1770051382.739692,THERM,0,motor_temp,C,49.629
1770051382.7903829,ADC1,1,servo_2,A,2.439
1770051382.8412209,ADC1,1,servo_2,A,0.795
1770051382.8915951,THERM,0,motor_temp,C,45.862
1770051382.9419544,ADC1,1,servo_2,A,1.537
1770051382.9926429,ADC2,0,bus_voltage,V,11.242
1770051383.0440373,THERM,0,motor_temp,C,29.161
1770051383.0950093,ADC2,0,bus_voltage,V,10.526
1770051383.1455603,ADC1,1,servo_2,A,2.33
1770051383.1958518,ADC2,0,bus_voltage,V,11.627
1770051383.2460036,THERM,0,motor_temp,C,29.452
1770051383.2969558,ADC1,1,servo_2,A,1.535
1770051383.3475318,ADC2,0,bus_voltage,V,11.252
1770051383.3980424,THERM,0,motor_temp,C,47.355
1770051383.4496763,THERM,0,motor_temp,C,54.329
1770051383.500116,THERM,0,motor_temp,C,50.796
1770051383.551009,ADC2,0,bus_voltage,V,11.134
1770051383.6018293,ADC1,1,servo_2,A,1.392
1770051383.6524382,ADC2,0,bus_voltage,V,11.201
1770051383.7036672,THERM,0,motor_temp,C,45.397
1770051383.7544427,ADC2,0,bus_voltage,V,10.758
1770051383.804987,ADC2,0,bus_voltage,V,11.478
1770051383.8553576,ADC2,0,bus_voltage,V,10.499
1770051383.906123,ADC2,0,bus_voltage,V,11.785
1770051383.9567645,ADC2,0,bus_voltage,V,10.449
1770051384.0074632,ADC2,0,bus_voltage,V,10.065
1770051384.0578468,ADC2,0,bus_voltage,V,11.06
1770051384.108186,ADC1,1,servo_2,A,1.403
1770051384.1587758,ADC2,0,bus_voltage,V,11.407
1770051384.208999,THERM,0,motor_temp,C,48.091
1770051384.2606707,ADC1,0,servo_1,A,0.356
1770051384.3115714,ADC2,0,bus_voltage,V,10.45
1770051384.362267,ADC1,1,servo_2,A,1.158
1770051384.4126616,THERM,0,motor_temp,C,38.698
1770051384.4634368,ADC1,0,servo_1,A,0.364
1770051384.5138495,THERM,0,motor_temp,C,49.78
1770051384.564176,ADC1,0,servo_1,A,2.174
1770051384.6150146,THERM,0,motor_temp,C,46.668
1770051384.665849,ADC2,0,bus_voltage,V,11.97
1770051384.7165587,ADC1,0,servo_1,A,2.197
1770051384.770131,ADC1,1,servo_2,A,2.172
1770051384.821847,ADC1,0,servo_1,A,0.785
1770051384.8722293,ADC1,1,servo_2,A,1.76
1770051384.9227388,ADC1,1,servo_2,A,1.421
1770051384.9730988,THERM,0,motor_temp,C,68.446
1770051385.0238588,ADC1,0,servo_1,A,1.432
1770051385.0742724,THERM,0,motor_temp,C,40.228
1770051385.1249764,THERM,0,motor_temp,C,65.287
1770051385.1762836,THERM,0,motor_temp,C,59.752
1770051385.2266657,THERM,0,motor_temp,C,50.278
1770051385.2770178,THERM,0,motor_temp,C,40.914
1770051385.3275206,ADC1,0,servo_1,A,2.228
1770051385.3809717,ADC1,1,servo_2,A,1.106
1770051385.4315782,ADC1,1,servo_2,A,0.989
1770051385.4823158,THERM,0,motor_temp,C,53.434
1770051385.5328314,ADC1,0,servo_1,A,0.384
1770051385.583163,ADC2,0,bus_voltage,V,11.404
1770051385.63383,ADC1,0,servo_1,A,2.025
1770051385.684099,ADC1,1,servo_2,A,1.352
1770051385.7344692,ADC1,1,servo_2,A,2.217
1770051385.7851317,THERM,0,motor_temp,C,29.834
1770051385.835736,ADC1,1,servo_2,A,1.906
1770051385.886307,ADC1,1,servo_2,A,0.371
1770051385.9367647,ADC1,0,servo_1,A,0.863
1770051385.987484,ADC1,0,servo_1,A,1.617
1770051386.038015,THERM,0,motor_temp,C,35.474
1770051386.0887113,ADC1,1,servo_2,A,2.186
1770051386.138997,ADC1,1,servo_2,A,2.27
1770051386.1893346,ADC2,0,bus_voltage,V,10.128
1770051386.239823,THERM,0,motor_temp,C,56.172
1770051386.2903545,ADC1,1,servo_2,A,2.131
1770051386.340921,ADC1,0,servo_1,A,1.281
1770051386.3917983,ADC2,0,bus_voltage,V,12.189
1770051386.4424448,THERM,0,motor_temp,C,54.283
1770051386.494479,ADC1,0,servo_1,A,0.29
1770051386.5451603,ADC1,1,servo_2,A,1.671
1770051386.5957181,ADC1,1,servo_2,A,2.434
1770051386.6469111,ADC1,0,servo_1,A,1.042
1770051386.6975775,THERM,0,motor_temp,C,55.781
1770051386.748003,ADC1,0,servo_1,A,0.592
1770051386.7987063,ADC1,1,servo_2,A,1.136
1770051386.8492334,ADC2,0,bus_voltage,V,12.142
1770051386.8999162,ADC2,0,bus_voltage,V,11.622
1770051386.950472,ADC1,0,servo_1,A,1.405
1770051387.0012822,ADC1,0,servo_1,A,0.759
1770051387.0519037,ADC1,1,servo_2,A,0.442
1770051387.1026597,ADC1,1,servo_2,A,2.228
1770051387.1530292,ADC1,1,servo_2,A,1.205
1770051387.2034957,ADC2,0,bus_voltage,V,11.201
1770051387.2539396,ADC2,0,bus_voltage,V,12.024
1770051387.3041563,ADC1,1,servo_2,A,1.112
1770051387.354662,ADC2,0,bus_voltage,V,10.506
1770051387.4052038,ADC1,0,servo_1,A,2.087
1770051387.4565835,ADC2,0,bus_voltage,V,10.193
1770051387.5077755,ADC2,0,bus_voltage,V,10.934
1770051387.5580914,THERM,0,motor_temp,C,52.99
1770051387.6089158,THERM,0,motor_temp,C,62.187
1770051387.6593904,ADC2,0,bus_voltage,V,10.273
1770051387.7099562,THERM,0,motor_temp,C,25.776
1770051387.7602375,ADC2,0,bus_voltage,V,12.263
1770051387.8104784,THERM,0,motor_temp,C,25.513
1770051387.861369,ADC2,0,bus_voltage,V,10.177
1770051387.91209,ADC2,0,bus_voltage,V,10.245
1770051387.9625914,THERM,0,motor_temp,C,28.511
1770051388.0130272,ADC2,0,bus_voltage,V,10.633
1770051388.0632417,THERM,0,motor_temp,C,34.482
1770051388.113626,ADC2,0,bus_voltage,V,10.971
1770051388.1639585,THERM,0,motor_temp,C,45.106
1770051388.2145705,THERM,0,motor_temp,C,58.853
1770051388.2649853,ADC1,0,servo_1,A,0.78
1770051388.3156264,ADC1,0,servo_1,A,0.758
1770051388.3664367,THERM,0,motor_temp,C,27.504
1770051388.416892,ADC2,0,bus_voltage,V,10.813
1770051388.4676147,ADC2,0,bus_voltage,V,10.096
1770051388.5183482,ADC1,1,servo_2,A,2.289
1770051388.5690458,ADC2,0,bus_voltage,V,10.825
1770051388.6197088,ADC2,0,bus_voltage,V,10.866
1770051388.6702123,ADC1,1,servo_2,A,2.091
1770051388.7210412,ADC1,0,servo_1,A,0.787
1770051388.771827,THERM,0,motor_temp,C,62.516
1770051388.82284,ADC2,0,bus_voltage,V,10.467
1770051388.8736305,ADC2,0,bus_voltage,V,10.431
1770051388.9240246,ADC1,0,servo_1,A,1.213
1770051388.9745812,THERM,0,motor_temp,C,60.361
1770051389.0250568,ADC1,1,servo_2,A,0.363
1770051389.0757887,ADC2,0,bus_voltage,V,11.379
1770051389.1260939,ADC1,0,servo_1,A,0.536
1770051389.176789,ADC1,0,servo_1,A,1.873
1770051389.2271025,ADC1,0,servo_1,A,0.277
1770051389.277536,ADC1,0,servo_1,A,1.022
1770051389.328006,ADC1,1,servo_2,A,2.178
1770051389.3782558,ADC1,1,servo_2,A,0.599
1770051389.4287732,ADC1,0,servo_1,A,0.82
1770051389.4793506,THERM,0,motor_temp,C,41.047
1770051389.5299213,ADC2,0,bus_voltage,V,10.983
1770051389.5801926,ADC2,0,bus_voltage,V,12.309
1770051389.6305804,ADC1,0,servo_1,A,0.25
1770051389.680782,ADC1,1,servo_2,A,1.322
1770051389.7313938,ADC1,0,servo_1,A,1.734
1770051389.7818048,ADC2,0,bus_voltage,V,11.943
1770051389.8322148,THERM,0,motor_temp,C,40.306
1770051389.8827343,ADC1,0,servo_1,A,1.855
1770051389.9332187,ADC1,1,servo_2,A,1.04
1770051389.9836578,ADC2,0,bus_voltage,V,10.67
1770051390.033976,ADC1,0,servo_1,A,1.399
1770051390.0845392,ADC2,0,bus_voltage,V,11.308
1770051390.1351128,ADC1,0,servo_1,A,0.985
1770051390.1854236,THERM,0,motor_temp,C,30.992
1770051390.2360055,ADC1,0,servo_1,A,0.51
1770051390.2866547,ADC2,0,bus_voltage,V,10.162
1770051390.3373086,ADC1,0,servo_1,A,1.739
1770051390.3878365,ADC1,1,servo_2,A,1.179
1770051390.438572,ADC1,1,servo_2,A,1.364
1770051390.4893095,ADC1,0,servo_1,A,1.389
1770051390.5402532,ADC1,1,servo_2,A,1.543
1770051390.5909748,ADC1,0,servo_1,A,1.61
1770051390.641307,ADC2,0,bus_voltage,V,12.466
1770051390.692031,ADC1,0,servo_1,A,1.708
1770051390.7424974,ADC1,0,servo_1,A,1.391
1770051390.7928905,ADC1,1,servo_2,A,0.41
1770051390.843513,ADC1,1,servo_2,A,1.715
1770051390.8939345,ADC1,0,servo_1,A,1.138
1770051390.94453,ADC2,0,bus_voltage,V,11.033
1770051390.9951146,THERM,0,motor_temp,C,53.375
1770051391.0467322,ADC2,0,bus_voltage,V,10.217
1770051391.09746,ADC2,0,bus_voltage,V,12.438
1770051391.1478581,ADC1,1,servo_2,A,2.196
1770051391.1984448,ADC2,0,bus_voltage,V,10.414
1770051391.2502398,ADC1,0,servo_1,A,0.329
1770051391.3006423,ADC1,0,servo_1,A,2.365
1770051391.3512373,ADC1,1,servo_2,A,1.563
1770051391.4017015,ADC1,0,servo_1,A,2.034
1770051391.4522653,ADC1,0,servo_1,A,0.834
1770051391.5029116,ADC1,0,servo_1,A,1.68
1770051391.5535908,ADC2,0,bus_voltage,V,11.982
1770051391.6040833,ADC2,0,bus_voltage,V,10.121
1770051391.6546266,ADC1,0,servo_1,A,2.224
1770051391.7050872,ADC2,0,bus_voltage,V,11.817
1770051391.755732,THERM,0,motor_temp,C,27.229
1770051391.806267,ADC2,0,bus_voltage,V,11.036
1770051391.8570163,ADC1,0,servo_1,A,1.815
1770051391.9073904,THERM,0,motor_temp,C,61.828
1770051391.9580438,ADC1,1,servo_2,A,2.0
1770051392.0085852,ADC2,0,bus_voltage,V,11.169
1770051392.059386,THERM,0,motor_temp,C,25.385
1770051392.1104562,ADC1,0,servo_1,A,0.917
1770051392.1609156,ADC2,0,bus_voltage,V,10.178
1770051392.211444,THERM,0,motor_temp,C,68.807
1770051392.261883,ADC1,0,servo_1,A,0.43
1770051392.3125827,THERM,0,motor_temp,C,41.688
1770051392.3630798,ADC1,1,servo_2,A,0.433
1770051392.4147527,ADC1,1,servo_2,A,0.432
1770051392.466471,ADC2,0,bus_voltage,V,11.97
1770051392.5167615,ADC1,1,servo_2,A,1.693
1770051392.5670033,ADC2,0,bus_voltage,V,10.75
1770051392.6175988,THERM,0,motor_temp,C,48.665
1770051392.66827,ADC1,0,servo_1,A,0.818
1770051392.7189577,ADC1,0,servo_1,A,2.438
1770051392.7695305,ADC1,0,servo_1,A,1.087
1770051392.8199599,ADC1,1,servo_2,A,0.301
1770051392.8702993,ADC1,1,servo_2,A,1.446
1770051392.9206238,ADC2,0,bus_voltage,V,10.285
1770051392.9713237,THERM,0,motor_temp,C,67.46
1770051393.0220962,ADC2,0,bus_voltage,V,12.25
1770051393.0724843,ADC1,1,servo_2,A,1.399
1770051393.1257246,ADC2,0,bus_voltage,V,11.832
1770051393.1764128,ADC1,1,servo_2,A,0.423
1770051393.2267706,THERM,0,motor_temp,C,44.25
1770051393.2770529,ADC1,0,servo_1,A,0.248
1770051393.327935,ADC1,0,servo_1,A,0.297
1770051393.3786428,THERM,0,motor_temp,C,62.269
1770051393.4288535,ADC1,1,servo_2,A,1.267
1770051393.4792411,ADC1,1,servo_2,A,1.237
1770051393.529973,ADC2,0,bus_voltage,V,12.474
1770051393.580397,THERM,0,motor_temp,C,69.788
1770051393.6310844,THERM,0,motor_temp,C,57.783
1770051393.6819232,ADC2,0,bus_voltage,V,10.485
1770051393.7324018,THERM,0,motor_temp,C,60.402
1770051393.7838454,ADC1,0,servo_1,A,0.234
1770051393.8346272,ADC1,0,servo_1,A,2.316
1770051393.885376,THERM,0,motor_temp,C,43.886
1770051393.9357417,ADC1,0,servo_1,A,1.955
1770051393.9864416,ADC1,1,servo_2,A,2.386
1770051394.037259,ADC1,1,servo_2,A,0.54
1770051394.0881963,ADC2,0,bus_voltage,V,10.356
1770051394.1388872,ADC1,1,servo_2,A,1.148
1770051394.189438,ADC2,0,bus_voltage,V,10.065
1770051394.239979,ADC2,0,bus_voltage,V,11.464
1770051394.2908602,ADC2,0,bus_voltage,V,12.193
1770051394.3414583,ADC1,0,servo_1,A,0.539
1770051394.3920355,ADC1,1,servo_2,A,2.17
1770051394.442356,ADC1,0,servo_1,A,1.685
1770051394.493329,ADC1,1,servo_2,A,1.62
1770051394.5437346,ADC1,1,servo_2,A,0.426
1770051394.5947702,THERM,0,motor_temp,C,30.53
1770051394.6452255,ADC2,0,bus_voltage,V,10.656
1770051394.6960716,ADC2,0,bus_voltage,V,12.002
1770051394.7463768,ADC1,1,servo_2,A,2.124
1770051394.7967474,ADC2,0,bus_voltage,V,10.118
1770051394.847186,THERM,0,motor_temp,C,57.437
1770051394.8981857,ADC2,0,bus_voltage,V,11.5
1770051394.948665,ADC2,0,bus_voltage,V,12.43
1770051394.9989665,ADC2,0,bus_voltage,V,10.609
1770051395.0495176,ADC1,1,servo_2,A,0.321
1770051395.1001434,ADC1,0,servo_1,A,0.764
1770051395.150626,ADC1,1,servo_2,A,0.391
1770051395.2009518,ADC1,1,servo_2,A,1.955
1770051395.2513368,ADC1,1,servo_2,A,0.797
1770051395.3017385,ADC1,0,servo_1,A,1.813
1770051395.3522823,ADC2,0,bus_voltage,V,10.48
1770051395.4030542,ADC2,0,bus_voltage,V,11.705
1770051395.4535778,ADC1,0,servo_1,A,0.831
1770051395.504246,ADC1,1,servo_2,A,2.397
1770051395.5548315,THERM,0,motor_temp,C,29.102
1770051395.605608,ADC2,0,bus_voltage,V,11.646
1770051395.6564846,ADC1,1,servo_2,A,2.301
1770051395.7070246,ADC1,1,servo_2,A,0.275
1770051395.7576993,ADC1,0,servo_1,A,1.945
1770051395.808193,ADC2,0,bus_voltage,V,11.892
1770051395.8589673,ADC2,0,bus_voltage,V,10.146
1770051395.9095404,THERM,0,motor_temp,C,35.454
1770051395.9602227,ADC2,0,bus_voltage,V,10.262
1770051396.011495,ADC2,0,bus_voltage,V,11.775
1770051396.0619805,ADC1,0,servo_1,A,0.516
1770051396.112204,THERM,0,motor_temp,C,43.148
1770051396.1635084,THERM,0,motor_temp,C,25.868
1770051396.2141366,THERM,0,motor_temp,C,49.087
1770051396.2650204,ADC2,0,bus_voltage,V,12.402
1770051396.315499,ADC1,0,servo_1,A,2.152
1770051396.3660648,ADC1,1,servo_2,A,1.402
1770051396.4165342,ADC1,0,servo_1,A,1.86
1770051396.4671044,ADC2,0,bus_voltage,V,11.463
1770051396.5177917,ADC1,0,servo_1,A,1.619
1770051396.5683959,ADC2,0,bus_voltage,V,10.561
1770051396.618849,ADC2,0,bus_voltage,V,10.863
1770051396.669355,ADC1,0,servo_1,A,2.366
1770051396.7196105,ADC2,0,bus_voltage,V,11.039
1770051396.770175,ADC1,0,servo_1,A,0.468
1770051396.8212025,ADC1,0,servo_1,A,2.342
1770051396.8720016,ADC1,0,servo_1,A,1.994
1770051396.9226596,ADC1,1,servo_2,A,0.641
1770051396.9732265,THERM,0,motor_temp,C,35.961
1770051397.0238695,ADC2,0,bus_voltage,V,12.472
1770051397.0743375,ADC1,1,servo_2,A,1.831
1770051397.1249354,ADC1,1,servo_2,A,2.371
1770051397.1753726,ADC1,0,servo_1,A,0.79
1770051397.2257257,ADC1,0,servo_1,A,0.491
1770051397.276219,THERM,0,motor_temp,C,65.705
1770051397.327818,THERM,0,motor_temp,C,59.133
1770051397.378754,ADC2,0,bus_voltage,V,11.194
1770051397.4294076,ADC1,1,servo_2,A,1.36
1770051397.479999,THERM,0,motor_temp,C,37.009
1770051397.530329,ADC1,1,servo_2,A,1.461
1770051397.581075,THERM,0,motor_temp,C,25.418
1770051397.631572,ADC2,0,bus_voltage,V,12.53
1770051397.6821299,ADC1,1,servo_2,A,2.427
1770051397.7325509,ADC2,0,bus_voltage,V,11.039
1770051397.783169,THERM,0,motor_temp,C,44.029
1770051397.8334832,ADC1,1,servo_2,A,0.842
1770051397.8840575,ADC1,0,servo_1,A,2.101
1770051397.934715,ADC1,1,servo_2,A,0.268
1770051397.985321,THERM,0,motor_temp,C,69.015
1770051398.035635,ADC2,0,bus_voltage,V,12.345
1770051398.0860999,THERM,0,motor_temp,C,60.245
1770051398.1367218,ADC1,0,servo_1,A,1.755
1770051398.1872094,ADC1,1,servo_2,A,1.968
1770051398.2376075,ADC1,0,servo_1,A,1.822
1770051398.2878933,ADC1,0,servo_1,A,1.426
1770051398.3384373,ADC1,1,servo_2,A,1.306
1770051398.388902,ADC1,0,servo_1,A,0.979
1770051398.439223,ADC2,0,bus_voltage,V,11.001
1770051398.489781,ADC1,0,servo_1,A,2.493
1770051398.5401337,THERM,0,motor_temp,C,64.263
1770051398.5907638,THERM,0,motor_temp,C,61.851
1770051398.6411295,ADC1,0,servo_1,A,0.801
1770051398.6915903,ADC1,0,servo_1,A,0.902
1770051398.7418401,ADC2,0,bus_voltage,V,10.183
1770051398.792046,ADC2,0,bus_voltage,V,11.332
1770051398.842718,ADC2,0,bus_voltage,V,10.988
1770051398.893204,ADC1,1,servo_2,A,1.978
1770051398.9438622,ADC1,1,servo_2,A,1.169
1770051398.9941618,ADC2,0,bus_voltage,V,10.395
1770051399.0447435,ADC1,0,servo_1,A,1.975
1770051399.0951023,THERM,0,motor_temp,C,39.216
1770051399.1456451,ADC1,0,servo_1,A,1.775
1770051399.206109,THERM,0,motor_temp,C,59.546
1770051399.256461,ADC1,1,servo_2,A,1.138
1770051399.3066967,ADC2,0,bus_voltage,V,11.679
1770051399.3572388,ADC1,1,servo_2,A,0.277
1770051399.407503,ADC2,0,bus_voltage,V,10.844
1770051399.4578912,ADC1,1,servo_2,A,2.096
1770051399.5082226,ADC2,0,bus_voltage,V,10.769
1770051399.5584693,ADC1,0,servo_1,A,1.36
1770051399.6091094,ADC1,1,servo_2,A,2.463
1770051399.659691,ADC2,0,bus_voltage,V,11.322
1770051399.7100737,ADC2,0,bus_voltage,V,12.594
1770051399.7605531,ADC1,1,servo_2,A,0.939
1770051399.8109596,ADC2,0,bus_voltage,V,10.871
1770051399.861403,THERM,0,motor_temp,C,61.213
1770051399.9121149,ADC2,0,bus_voltage,V,12.476
1770051399.9629517,THERM,0,motor_temp,C,47.376
1770051400.0137343,ADC1,0,servo_1,A,0.739
1770051400.0652683,ADC2,0,bus_voltage,V,11.878
1770051400.1162202,ADC2,0,bus_voltage,V,12.228
1770051400.166479,ADC2,0,bus_voltage,V,11.985
1770051400.2173193,ADC2,0,bus_voltage,V,10.14
1770051400.268001,THERM,0,motor_temp,C,31.563
1770051400.3183799,ADC1,1,servo_2,A,2.433
1770051400.3687837,ADC1,1,servo_2,A,0.317
1770051400.4194665,ADC2,0,bus_voltage,V,10.428
1770051400.4697022,ADC1,0,servo_1,A,2.125
1770051400.520103,ADC1,1,servo_2,A,0.303
1770051400.5706747,ADC2,0,bus_voltage,V,10.411
1770051400.6212196,ADC1,0,servo_1,A,0.517
1770051400.6716833,ADC2,0,bus_voltage,V,11.745
1770051400.7222502,THERM,0,motor_temp,C,51.061
1770051400.772705,ADC1,0,servo_1,A,0.208
1770051400.8234172,ADC1,0,servo_1,A,2.034
1770051400.873811,ADC1,0,servo_1,A,0.915
1770051400.9245684,THERM,0,motor_temp,C,27.639
1770051400.9750445,ADC2,0,bus_voltage,V,12.386
1770051401.0257797,ADC1,0,servo_1,A,0.504
1770051401.0765092,ADC1,1,servo_2,A,2.273
1770051401.127051,ADC1,1,servo_2,A,2.136
1770051401.1772916,THERM,0,motor_temp,C,29.843
1770051401.2278585,ADC1,0,servo_1,A,0.592
1770051401.2786272,ADC1,0,servo_1,A,1.261
1770051401.329287,ADC1,1,servo_2,A,0.486
1770051401.3797975,ADC1,1,servo_2,A,0.628
1770051401.4305487,ADC2,0,bus_voltage,V,11.689
1770051401.4812684,ADC2,0,bus_voltage,V,11.353
1770051401.5321357,THERM,0,motor_temp,C,33.502
1770051401.582657,ADC1,0,servo_1,A,2.38
1770051401.6333818,THERM,0,motor_temp,C,64.078
1770051401.6839485,ADC2,0,bus_voltage,V,11.825
1770051401.734386,ADC1,0,servo_1,A,0.553
1770051401.7847283,ADC2,0,bus_voltage,V,12.123
1770051401.8350568,ADC2,0,bus_voltage,V,10.439
1770051401.885522,ADC2,0,bus_voltage,V,11.766
1770051401.935837,ADC1,1,servo_2,A,1.178
1770051401.9866116,ADC2,0,bus_voltage,V,10.169
1770051402.0373096,THERM,0,motor_temp,C,46.271
1770051402.0877333,ADC1,0,servo_1,A,2.113
1770051402.1380353,ADC1,0,servo_1,A,1.026
1770051402.188559,THERM,0,motor_temp,C,31.131
1770051402.2394276,THERM,0,motor_temp,C,46.438
1770051402.2899525,ADC1,1,servo_2,A,2.469
1770051402.3402588,ADC1,0,servo_1,A,1.215
1770051402.3909051,THERM,0,motor_temp,C,66.013
1770051402.441592,ADC1,1,servo_2,A,2.201
1770051402.491816,ADC2,0,bus_voltage,V,11.034
1770051402.5424497,THERM,0,motor_temp,C,26.539
1770051402.59288,ADC1,0,servo_1,A,1.368
1770051402.6433978,ADC1,1,servo_2,A,1.53
1770051402.6938136,THERM,0,motor_temp,C,37.457
1770051402.74422,ADC1,0,servo_1,A,1.338
1770051402.7945516,THERM,0,motor_temp,C,63.551
1770051402.8449733,THERM,0,motor_temp,C,67.213
1770051402.896857,ADC1,0,servo_1,A,1.792
1770051402.9472973,ADC1,0,servo_1,A,1.848
1770051402.997677,THERM,0,motor_temp,C,37.797
1770051403.048199,ADC1,1,servo_2,A,0.249
1770051403.098753,ADC1,0,servo_1,A,0.385
1770051403.1493149,ADC2,0,bus_voltage,V,11.819
1770051403.199761,ADC1,1,servo_2,A,2.418
1770051403.250515,ADC1,0,servo_1,A,1.32
1770051403.3013637,ADC1,0,servo_1,A,0.957
1770051403.3517044,ADC1,0,servo_1,A,0.596
1770051403.402377,ADC1,0,servo_1,A,0.314
1770051403.453039,ADC2,0,bus_voltage,V,10.877
1770051403.50355,ADC1,1,servo_2,A,0.887
1770051403.5542827,ADC1,1,servo_2,A,1.904
1770051403.6048868,ADC1,1,servo_2,A,0.82
1770051403.6553297,ADC2,0,bus_voltage,V,11.953
1770051403.7060108,THERM,0,motor_temp,C,43.425
1770051403.7562475,THERM,0,motor_temp,C,28.588
1770051403.8075366,ADC2,0,bus_voltage,V,10.659
1770051403.8583982,THERM,0,motor_temp,C,46.728
1770051403.9091082,THERM,0,motor_temp,C,56.148
1770051403.9597104,ADC2,0,bus_voltage,V,10.137
1770051404.0101879,ADC1,0,servo_1,A,0.645
1770051404.060683,ADC1,1,servo_2,A,2.028
1770051404.1111605,ADC1,1,servo_2,A,1.598
1770051404.1620047,ADC1,1,servo_2,A,1.111
1770051404.2126963,ADC2,0,bus_voltage,V,11.866
1770051404.2631407,THERM,0,motor_temp,C,54.049
1770051404.3137712,ADC1,0,servo_1,A,2.438
1770051404.364391,ADC1,0,servo_1,A,1.983
1770051404.414998,ADC2,0,bus_voltage,V,10.628
1770051404.4655895,ADC1,1,servo_2,A,0.455
1770051404.5162742,THERM,0,motor_temp,C,32.243
1770051404.5686684,ADC2,0,bus_voltage,V,12.347
1770051404.619644,ADC2,0,bus_voltage,V,12.423
1770051404.6699257,ADC2,0,bus_voltage,V,11.367
1770051404.7204602,ADC1,1,servo_2,A,0.7
1770051404.7709265,THERM,0,motor_temp,C,53.502
1770051404.8211732,ADC2,0,bus_voltage,V,10.531
1770051404.8718288,ADC2,0,bus_voltage,V,12.186
1770051404.9228506,ADC1,1,servo_2,A,0.915
1770051404.9735222,ADC1,1,servo_2,A,1.722
1770051405.0239897,ADC2,0,bus_voltage,V,10.664
1770051405.0744827,THERM,0,motor_temp,C,49.057
1770051405.125334,THERM,0,motor_temp,C,52.305
1770051405.1759734,ADC1,1,servo_2,A,1.259
1770051405.2262537,ADC1,0,servo_1,A,0.936
1770051405.2766383,ADC1,0,servo_1,A,0.88
1770051405.3268619,ADC2,0,bus_voltage,V,12.173
1770051405.3777728,THERM,0,motor_temp,C,25.476
1770051405.4282613,ADC2,0,bus_voltage,V,10.444
1770051405.478919,THERM,0,motor_temp,C,44.949
1770051405.5295923,ADC1,1,servo_2,A,2.177
1770051405.5802164,ADC2,0,bus_voltage,V,12.134
1770051405.6308875,ADC1,0,servo_1,A,1.283
1770051405.683235,ADC1,1,servo_2,A,2.076
1770051405.7342753,ADC2,0,bus_voltage,V,11.716
1770051405.784746,THERM,0,motor_temp,C,34.124
1770051405.8353302,ADC1,1,servo_2,A,1.724
1770051405.8857484,THERM,0,motor_temp,C,29.013
1770051405.936306,ADC1,1,servo_2,A,0.438
1770051405.9868248,ADC1,0,servo_1,A,0.909
1770051406.0371451,ADC1,0,servo_1,A,2.345
1770051406.0879629,THERM,0,motor_temp,C,69.812
1770051406.1386156,ADC1,0,servo_1,A,0.471
1770051406.1892726,ADC1,1,servo_2,A,1.465
1770051406.2400577,ADC1,0,servo_1,A,1.89
1770051406.2907083,ADC2,0,bus_voltage,V,12.588
1770051406.3412662,ADC2,0,bus_voltage,V,11.655
1770051406.3917475,THERM,0,motor_temp,C,40.751
1770051406.4423277,THERM,0,motor_temp,C,66.256
1770051406.4928005,ADC2,0,bus_voltage,V,11.675
1770051406.5432792,ADC2,0,bus_voltage,V,11.241
1770051406.5937388,ADC1,1,servo_2,A,0.779
1770051406.644384,ADC1,1,servo_2,A,2.367
1770051406.6947784,THERM,0,motor_temp,C,54.189
1770051406.7455418,ADC1,1,servo_2,A,2.141
1770051406.7963638,THERM,0,motor_temp,C,56.2
1770051406.8469033,ADC1,1,servo_2,A,0.682
1770051406.8977885,THERM,0,motor_temp,C,52.706
1770051406.9484851,ADC2,0,bus_voltage,V,11.363
1770051406.9991822,ADC2,0,bus_voltage,V,12.377
1770051407.0496047,ADC2,0,bus_voltage,V,11.077
1770051407.1002839,ADC1,0,servo_1,A,1.42
1770051407.1510777,ADC1,1,servo_2,A,0.828
1770051407.2013834,ADC2,0,bus_voltage,V,12.161
1770051407.251948,ADC2,0,bus_voltage,V,11.888
1770051407.3027425,THERM,0,motor_temp,C,41.131
1770051407.353035,ADC2,0,bus_voltage,V,11.566
1770051407.4033356,ADC1,1,servo_2,A,1.857
1770051407.454008,ADC1,0,servo_1,A,2.403
1770051407.5045097,ADC1,1,servo_2,A,1.814
1770051407.5552182,THERM,0,motor_temp,C,48.463
1770051407.6057136,ADC1,0,servo_1,A,1.661
1770051407.6559687,ADC2,0,bus_voltage,V,10.104
1770051407.7065027,ADC2,0,bus_voltage,V,12.205
1770051407.756969,THERM,0,motor_temp,C,46.451
1770051407.8072846,ADC1,0,servo_1,A,1.366
1770051407.8577511,ADC2,0,bus_voltage,V,10.995
1770051407.9083457,ADC1,1,servo_2,A,0.832
1770051407.9588096,THERM,0,motor_temp,C,43.903
1770051408.009378,ADC1,0,servo_1,A,0.278
1770051408.0601556,ADC2,0,bus_voltage,V,12.533
1770051408.110845,ADC1,0,servo_1,A,2.088
1770051408.1613092,ADC1,0,servo_1,A,2.299
1770051408.2119098,ADC2,0,bus_voltage,V,10.255
1770051408.262448,THERM,0,motor_temp,C,26.886
1770051408.3129556,ADC1,1,servo_2,A,0.304
1770051408.363238,THERM,0,motor_temp,C,50.657
1770051408.4137685,ADC1,1,servo_2,A,1.43
1770051408.4643736,ADC1,0,servo_1,A,1.041
1770051408.5150452,THERM,0,motor_temp,C,62.395
1770051408.5655534,ADC1,1,servo_2,A,2.091
1770051408.6160758,ADC2,0,bus_voltage,V,11.856
1770051408.6665854,THERM,0,motor_temp,C,66.8
1770051408.716956,ADC1,1,servo_2,A,1.763
1770051408.767683,ADC1,1,servo_2,A,2.458
1770051408.8182847,ADC2,0,bus_voltage,V,11.708
1770051408.8691795,ADC1,1,servo_2,A,0.629
1770051408.9195755,THERM,0,motor_temp,C,40.215
1770051408.970679,THERM,0,motor_temp,C,40.079
1770051409.0213716,ADC1,1,servo_2,A,1.823
1770051409.0719159,ADC1,0,servo_1,A,2.26
1770051409.1223252,ADC1,0,servo_1,A,0.85
1770051409.1731336,ADC2,0,bus_voltage,V,12.412
1770051409.2234483,THERM,0,motor_temp,C,29.482
1770051409.2738793,ADC1,0,servo_1,A,1.239
1770051409.325185,ADC2,0,bus_voltage,V,11.373
1770051409.3755605,ADC1,1,servo_2,A,2.363
1770051409.425859,ADC1,1,servo_2,A,1.346
1770051409.4762352,ADC1,1,servo_2,A,1.112
1770051409.5266201,ADC1,1,servo_2,A,1.054
1770051409.576885,ADC1,0,servo_1,A,1.66
1770051409.6276698,ADC1,1,servo_2,A,0.264
1770051409.678072,THERM,0,motor_temp,C,58.142
1770051409.7284887,ADC2,0,bus_voltage,V,10.406
1770051409.779162,ADC1,0,servo_1,A,1.488
1770051409.8298974,ADC1,1,servo_2,A,0.791
1770051409.8801272,ADC1,0,servo_1,A,1.284
1770051409.9307277,THERM,0,motor_temp,C,36.773
1770051409.9813948,THERM,0,motor_temp,C,64.914
1770051410.0315986,THERM,0,motor_temp,C,53.023
1770051410.082116,THERM,0,motor_temp,C,44.076
1770051410.1330328,ADC2,0,bus_voltage,V,12.395
1770051410.1835916,ADC2,0,bus_voltage,V,10.14
1770051410.234007,ADC1,1,servo_2,A,1.95
1770051410.2846177,ADC1,1,servo_2,A,1.614
1770051410.3350532,ADC1,1,servo_2,A,2.177
1770051410.3857393,THERM,0,motor_temp,C,31.093
1770051410.4363563,THERM,0,motor_temp,C,63.481
1770051410.4869149,ADC2,0,bus_voltage,V,11.304
1770051410.537667,ADC1,0,servo_1,A,2.416
1770051410.5883615,ADC2,0,bus_voltage,V,11.738
1770051410.6389573,THERM,0,motor_temp,C,67.591
1770051410.6894035,ADC1,1,servo_2,A,0.806
1770051410.739838,ADC1,1,servo_2,A,2.252
1770051410.7903163,ADC1,0,servo_1,A,1.296
1770051410.84109,ADC2,0,bus_voltage,V,10.108
1770051410.8917987,THERM,0,motor_temp,C,45.58
1770051410.9426126,THERM,0,motor_temp,C,46.847
1770051410.9929037,ADC2,0,bus_voltage,V,10.242
1770051411.0438876,ADC1,0,servo_1,A,0.926
1770051411.0944517,ADC1,0,servo_1,A,0.601
1770051411.145574,THERM,0,motor_temp,C,50.685
1770051411.1958313,ADC2,0,bus_voltage,V,11.386
1770051411.246327,ADC1,1,servo_2,A,1.228
1770051411.297038,ADC1,0,servo_1,A,2.02
1770051411.3479033,ADC1,1,servo_2,A,1.129
1770051411.3985448,ADC1,1,servo_2,A,1.259
1770051411.4487674,ADC1,0,servo_1,A,0.675
1770051411.49916,ADC1,1,servo_2,A,0.953
1770051411.5498738,ADC1,0,servo_1,A,0.314
1770051411.6005793,ADC1,1,servo_2,A,0.485
1770051411.6509151,ADC2,0,bus_voltage,V,10.091
1770051411.7014225,ADC1,1,servo_2,A,1.945
1770051411.7522025,ADC1,0,servo_1,A,0.396
1770051411.8028057,ADC1,1,servo_2,A,0.662
1770051411.8532736,ADC1,1,servo_2,A,2.462
1770051411.903571,ADC2,0,bus_voltage,V,10.313
1770051411.9542701,THERM,0,motor_temp,C,35.878
1770051412.004785,THERM,0,motor_temp,C,27.706
1770051412.0555212,ADC1,0,servo_1,A,1.072
1770051412.1060724,THERM,0,motor_temp,C,59.396
1770051412.1564088,ADC1,1,servo_2,A,1.947
1770051412.207156,ADC2,0,bus_voltage,V,11.036
1770051412.257795,ADC1,0,servo_1,A,1.444
1770051412.3082848,ADC1,0,servo_1,A,1.437
1770051412.3589842,THERM,0,motor_temp,C,30.693
1770051412.4097784,ADC1,0,servo_1,A,2.088
1770051412.4601226,ADC2,0,bus_voltage,V,10.738
1770051412.510578,ADC1,0,servo_1,A,0.792
1770051412.5611699,ADC1,1,servo_2,A,2.334
1770051412.6115212,ADC1,1,servo_2,A,0.744
1770051412.6620586,THERM,0,motor_temp,C,65.701
1770051412.7127972,THERM,0,motor_temp,C,31.12
1770051412.7630754,ADC1,0,servo_1,A,1.843
1770051412.8136613,ADC1,0,servo_1,A,0.45
1770051412.8642254,THERM,0,motor_temp,C,44.808
1770051412.9148262,ADC1,0,servo_1,A,1.705
1770051412.9654467,ADC2,0,bus_voltage,V,10.062
1770051413.0158222,THERM,0,motor_temp,C,44.585
1770051413.0662863,ADC1,0,servo_1,A,1.05
1770051413.1167884,ADC1,1,servo_2,A,2.387
1770051413.1678295,ADC1,1,servo_2,A,2.213
1770051413.2183633,ADC2,0,bus_voltage,V,12.405
1770051413.268649,ADC1,1,servo_2,A,0.689
1770051413.3191688,THERM,0,motor_temp,C,44.357
1770051413.369619,ADC2,0,bus_voltage,V,11.08
1770051413.4203444,THERM,0,motor_temp,C,42.88
1770051413.4717765,ADC1,1,servo_2,A,0.759
1770051413.5221045,ADC1,1,servo_2,A,0.4
1770051413.5725517,ADC2,0,bus_voltage,V,11.104
1770051413.6228938,ADC1,0,servo_1,A,1.139
1770051413.673371,ADC1,0,servo_1,A,0.553
1770051413.7238126,ADC2,0,bus_voltage,V,11.482
1770051413.7741416,ADC1,1,servo_2,A,0.349
1770051413.8244,ADC1,0,servo_1,A,0.786
1770051413.8747897,ADC2,0,bus_voltage,V,10.453
1770051413.9251292,ADC1,1,servo_2,A,0.637
1770051413.9756627,ADC1,1,servo_2,A,0.574
1770051414.0259936,THERM,0,motor_temp,C,34.94
1770051414.0765228,THERM,0,motor_temp,C,31.54
1770051414.1269286,THERM,0,motor_temp,C,66.22
1770051414.1774032,THERM,0,motor_temp,C,62.796
1770051414.2281182,THERM,0,motor_temp,C,64.187
1770051414.2788084,ADC2,0,bus_voltage,V,10.896
1770051414.3295443,ADC1,1,servo_2,A,0.787
1770051414.380221,ADC1,1,servo_2,A,0.368
1770051414.4307868,ADC2,0,bus_voltage,V,10.42
1770051414.481504,ADC1,0,servo_1,A,1.979
1770051414.532217,ADC1,1,servo_2,A,0.765
1770051414.5829322,THERM,0,motor_temp,C,61.253
1770051414.6338568,ADC1,0,servo_1,A,1.554
1770051414.6853676,ADC1,0,servo_1,A,1.459
1770051414.73575,ADC2,0,bus_voltage,V,12.485
1770051414.7863643,THERM,0,motor_temp,C,44.733
1770051414.8367178,ADC1,1,servo_2,A,0.858
1770051414.8871458,ADC1,1,servo_2,A,1.398
1770051414.938143,THERM,0,motor_temp,C,61.997
1770051414.9892197,ADC1,1,servo_2,A,1.56
1770051415.0396862,ADC1,1,servo_2,A,2.105
1770051415.090264,ADC2,0,bus_voltage,V,12.375
1770051415.1408696,ADC1,0,servo_1,A,1.826
1770051415.1914785,THERM,0,motor_temp,C,65.481
1770051415.2423716,THERM,0,motor_temp,C,48.17
1770051415.2927191,ADC2,0,bus_voltage,V,10.856
1770051415.3430996,ADC2,0,bus_voltage,V,10.004
1770051415.393692,ADC1,1,servo_2,A,1.177
1770051415.4444535,ADC1,0,servo_1,A,1.454
1770051415.4951897,ADC1,1,servo_2,A,1.075
1770051415.5456204,ADC1,1,servo_2,A,2.09
1770051415.5962903,THERM,0,motor_temp,C,35.207
1770051415.6469343,THERM,0,motor_temp,C,47.036
1770051415.697233,ADC2,0,bus_voltage,V,11.208
1770051415.747711,ADC1,1,servo_2,A,1.279
1770051415.7981696,ADC1,0,servo_1,A,1.233
1770051415.8486822,ADC1,0,servo_1,A,2.488
1770051415.8992617,ADC1,1,servo_2,A,2.447
1770051415.9500678,ADC1,1,servo_2,A,1.227
1770051416.0004127,ADC1,0,servo_1,A,1.054
1770051416.0509994,ADC1,1,servo_2,A,1.288
1770051416.101706,ADC1,0,servo_1,A,1.454
1770051416.1525,ADC1,0,servo_1,A,2.228
1770051416.202769,ADC1,1,servo_2,A,1.631
1770051416.253447,ADC1,0,servo_1,A,1.954
1770051416.3041177,THERM,0,motor_temp,C,56.355
1770051416.3547716,ADC1,1,servo_2,A,1.652
1770051416.4055989,ADC2,0,bus_voltage,V,12.09
1770051416.4564762,THERM,0,motor_temp,C,57.964
1770051416.5073109,ADC1,1,servo_2,A,0.935
1770051416.557739,ADC2,0,bus_voltage,V,11.002
1770051416.6081069,ADC1,1,servo_2,A,1.226
1770051416.6585855,ADC1,0,servo_1,A,0.218
1770051416.7092586,THERM,0,motor_temp,C,50.518
1770051416.759752,ADC1,0,servo_1,A,1.241
1770051416.8104954,ADC1,0,servo_1,A,1.958
1770051416.8610008,THERM,0,motor_temp,C,30.491
1770051416.9116726,ADC2,0,bus_voltage,V,11.811
1770051416.962116,THERM,0,motor_temp,C,52.95
1770051417.0128932,ADC1,1,servo_2,A,1.308
1770051417.06319,ADC2,0,bus_voltage,V,12.004
1770051417.113729,ADC1,0,servo_1,A,1.225
1770051417.1640983,THERM,0,motor_temp,C,51.854
1770051417.2147052,ADC1,0,servo_1,A,0.254
1770051417.2650733,THERM,0,motor_temp,C,57.763
1770051417.3157125,ADC1,1,servo_2,A,1.775
1770051417.367233,ADC2,0,bus_voltage,V,10.292
1770051417.4180937,ADC2,0,bus_voltage,V,11.531
1770051417.468805,ADC1,0,servo_1,A,0.625
1770051417.519376,THERM,0,motor_temp,C,44.034
1770051417.5702646,ADC1,1,servo_2,A,2.163
1770051417.6207612,THERM,0,motor_temp,C,64.049
1770051417.6712012,THERM,0,motor_temp,C,28.48
1770051417.721741,ADC1,1,servo_2,A,1.664
1770051417.7722514,ADC1,0,servo_1,A,1.053
1770051417.8229,ADC2,0,bus_voltage,V,11.234
1770051417.8735785,ADC2,0,bus_voltage,V,11.584
1770051417.9243243,ADC1,1,servo_2,A,0.85
1770051417.974679,ADC1,1,servo_2,A,2.036
1770051418.0254045,ADC1,1,servo_2,A,1.276
1770051418.0760248,ADC2,0,bus_voltage,V,12.289
1770051418.1267364,ADC1,1,servo_2,A,2.205
1770051418.1775472,THERM,0,motor_temp,C,29.673
1770051418.2281015,ADC1,0,servo_1,A,2.388
1770051418.2784762,ADC2,0,bus_voltage,V,10.201
1770051418.3292232,ADC1,0,servo_1,A,0.428
1770051418.3793974,ADC1,1,servo_2,A,2.231
1770051418.4299388,ADC1,1,servo_2,A,0.972
1770051418.4805462,ADC1,0,servo_1,A,1.531
1770051418.5309906,ADC1,1,servo_2,A,0.471
1770051418.5815587,ADC1,1,servo_2,A,1.702
1770051418.6319032,THERM,0,motor_temp,C,41.773
1770051418.682305,ADC2,0,bus_voltage,V,12.168
1770051418.7326763,THERM,0,motor_temp,C,65.376
1770051418.7833085,ADC1,1,servo_2,A,1.212
1770051418.8337157,ADC2,0,bus_voltage,V,10.615
1770051418.884186,ADC2,0,bus_voltage,V,10.673
1770051418.9348078,ADC1,0,servo_1,A,2.02
1770051418.98529,ADC1,1,servo_2,A,0.8
1770051419.0354667,ADC2,0,bus_voltage,V,12.035
1770051419.0859747,THERM,0,motor_temp,C,65.657
1770051419.136275,ADC1,0,servo_1,A,1.45
1770051419.186636,ADC1,1,servo_2,A,0.692
1770051419.237187,ADC2,0,bus_voltage,V,11.288
1770051419.2879715,THERM,0,motor_temp,C,34.733
1770051419.338634,ADC2,0,bus_voltage,V,10.66
1770051419.3894804,ADC2,0,bus_voltage,V,10.266
1770051419.4400256,ADC2,0,bus_voltage,V,10.611
1770051419.4905496,ADC1,1,servo_2,A,1.794
1770051419.540979,THERM,0,motor_temp,C,45.129
1770051419.5914974,THERM,0,motor_temp,C,65.387
1770051419.6422963,ADC2,0,bus_voltage,V,11.012
1770051419.6927776,ADC1,1,servo_2,A,2.379
1770051419.7434742,ADC2,0,bus_voltage,V,11.571
1770051419.794293,ADC2,0,bus_voltage,V,10.592
1770051419.844769,ADC1,1,servo_2,A,0.531
1770051419.8955834,THERM,0,motor_temp,C,66.132
1770051419.945908,ADC2,0,bus_voltage,V,12.199
1770051419.9966462,ADC1,1,servo_2,A,1.809
1770051420.0474188,ADC1,1,servo_2,A,0.377
1770051420.0979736,THERM,0,motor_temp,C,42.547
1770051420.1484463,ADC1,0,servo_1,A,1.625
1770051420.1993802,THERM,0,motor_temp,C,28.955
1770051420.250284,ADC1,0,servo_1,A,1.755
1770051420.3005986,THERM,0,motor_temp,C,58.98
1770051420.351398,ADC1,0,servo_1,A,1.223
1770051420.4020472,ADC1,0,servo_1,A,2.449
1770051420.4525478,THERM,0,motor_temp,C,61.016
1770051420.503139,ADC2,0,bus_voltage,V,10.642
1770051420.5538518,ADC1,1,servo_2,A,1.585
1770051420.604214,ADC1,0,servo_1,A,0.303
1770051420.655092,THERM,0,motor_temp,C,69.905
1770051420.7056983,ADC1,1,servo_2,A,1.188
1770051420.7558966,ADC1,1,servo_2,A,0.532
1770051420.8062208,ADC1,1,servo_2,A,1.256
1770051420.8570967,ADC1,0,servo_1,A,1.724
1770051420.9077265,THERM,0,motor_temp,C,49.338
1770051420.9585187,ADC2,0,bus_voltage,V,11.663
1770051421.0092993,THERM,0,motor_temp,C,69.95
1770051421.0601087,ADC1,1,servo_2,A,0.619
1770051421.110727,ADC1,1,servo_2,A,2.215
1770051421.161152,ADC1,0,servo_1,A,0.676
1770051421.2119293,ADC1,0,servo_1,A,2.262
1770051421.2627382,ADC1,0,servo_1,A,2.189
1770051421.3132148,THERM,0,motor_temp,C,38.969
1770051421.3636494,ADC1,1,servo_2,A,0.557
1770051421.4143243,ADC2,0,bus_voltage,V,11.813
1770051421.4650552,THERM,0,motor_temp,C,41.808
1770051421.5156293,ADC1,0,servo_1,A,1.262
1770051421.5657752,ADC2,0,bus_voltage,V,10.787
1770051421.616088,THERM,0,motor_temp,C,40.293
1770051421.6667223,THERM,0,motor_temp,C,45.685
1770051421.7170317,THERM,0,motor_temp,C,26.309
1770051421.7674804,ADC2,0,bus_voltage,V,11.321
1770051421.8180513,ADC1,0,servo_1,A,2.388
1770051421.8683884,THERM,0,motor_temp,C,59.855
1770051421.919041,ADC2,0,bus_voltage,V,12.468
1770051421.969323,ADC1,1,servo_2,A,1.376
1770051422.0197499,ADC1,1,servo_2,A,2.111
1770051422.0703633,ADC1,0,servo_1,A,2.294
1770051422.1210713,ADC2,0,bus_voltage,V,12.129
1770051422.171697,ADC1,1,servo_2,A,1.714
1770051422.2227285,ADC1,0,servo_1,A,1.686
1770051422.2733788,ADC1,0,servo_1,A,0.975
1770051422.324028,ADC1,0,servo_1,A,0.419
1770051422.3744993,ADC2,0,bus_voltage,V,12.523
1770051422.4247873,ADC1,0,servo_1,A,1.234
1770051422.4749901,ADC2,0,bus_voltage,V,10.888
1770051422.525159,THERM,0,motor_temp,C,46.193
1770051422.5757744,THERM,0,motor_temp,C,59.471
1770051422.6261814,ADC1,1,servo_2,A,1.704
1770051422.676885,ADC1,0,servo_1,A,1.156
1770051422.7274811,ADC1,0,servo_1,A,1.833
1770051422.7777703,ADC1,1,servo_2,A,0.216
1770051422.8281322,THERM,0,motor_temp,C,50.448
1770051422.878681,ADC1,1,servo_2,A,1.903
1770051422.9293928,THERM,0,motor_temp,C,32.874
1770051422.979705,THERM,0,motor_temp,C,26.165
1770051423.03031,THERM,0,motor_temp,C,49.136
1770051423.0815852,ADC1,1,servo_2,A,1.291
1770051423.1323948,ADC2,0,bus_voltage,V,10.986
1770051423.1828747,THERM,0,motor_temp,C,34.102
1770051423.2334068,ADC2,0,bus_voltage,V,11.401
1770051423.283901,THERM,0,motor_temp,C,65.133
1770051423.3346372,ADC1,0,servo_1,A,0.539
1770051423.385268,ADC2,0,bus_voltage,V,11.097
1770051423.4356456,THERM,0,motor_temp,C,45.833
1770051423.4862554,ADC1,1,servo_2,A,0.589
1770051423.5367668,ADC1,0,servo_1,A,0.391
1770051423.5876634,THERM,0,motor_temp,C,64.892
1770051423.6382873,ADC1,1,servo_2,A,1.952
1770051423.6886897,ADC1,0,servo_1,A,1.707
1770051423.7391093,ADC1,0,servo_1,A,1.942
1770051423.7894802,THERM,0,motor_temp,C,40.406
1770051423.840009,THERM,0,motor_temp,C,67.33
1770051423.8905694,THERM,0,motor_temp,C,26.126
1770051423.9408467,ADC1,1,servo_2,A,1.765
1770051423.9911468,THERM,0,motor_temp,C,63.639
1770051424.0421662,ADC1,1,servo_2,A,0.911
1770051424.0927746,ADC1,1,servo_2,A,0.802
1770051424.1431031,ADC1,1,servo_2,A,1.619
1770051424.1941032,ADC1,1,servo_2,A,1.101
1770051424.2444568,ADC2,0,bus_voltage,V,11.138
1770051424.2948189,THERM,0,motor_temp,C,63.436
1770051424.3452141,THERM,0,motor_temp,C,47.21
1770051424.3957727,ADC2,0,bus_voltage,V,11.046
1770051424.4461448,ADC2,0,bus_voltage,V,10.469
1770051424.49641,THERM,0,motor_temp,C,28.712
1770051424.5471206,ADC2,0,bus_voltage,V,11.104
1770051424.5975673,ADC1,1,servo_2,A,2.405
1770051424.6483278,ADC2,0,bus_voltage,V,12.483
1770051424.6989002,ADC1,0,servo_1,A,0.82
1770051424.7499447,ADC1,0,servo_1,A,0.806
1770051424.8006094,ADC1,0,servo_1,A,2.288
1770051424.8510306,THERM,0,motor_temp,C,55.234
1770051424.9014127,ADC1,0,servo_1,A,0.694
1770051424.951714,ADC1,0,servo_1,A,1.425
1770051425.0023992,ADC1,0,servo_1,A,1.887
1770051425.0528297,THERM,0,motor_temp,C,38.112
1770051425.1034598,ADC1,1,servo_2,A,1.222
1770051425.1538281,ADC2,0,bus_voltage,V,11.465
1770051425.2043772,ADC1,0,servo_1,A,1.192
1770051425.2552855,ADC1,1,servo_2,A,0.687
1770051425.3059702,THERM,0,motor_temp,C,27.851
1770051425.3562274,ADC1,0,servo_1,A,2.1
1770051425.4066594,ADC1,1,servo_2,A,1.547
1770051425.4569595,ADC2,0,bus_voltage,V,11.321
1770051425.5073564,ADC1,0,servo_1,A,2.139
1770051425.5580058,ADC1,0,servo_1,A,1.593
1770051425.6083534,ADC1,0,servo_1,A,1.734
1770051425.6593137,ADC2,0,bus_voltage,V,11.254
1770051425.7097974,THERM,0,motor_temp,C,61.926
1770051425.7605,ADC2,0,bus_voltage,V,12.087
1770051425.8108957,THERM,0,motor_temp,C,27.83
1770051425.8615925,ADC1,0,servo_1,A,0.942
1770051425.9122312,ADC1,0,servo_1,A,1.565
1770051425.9624248,ADC1,1,servo_2,A,0.404
1770051426.0127428,ADC1,0,servo_1,A,1.12
1770051426.0632942,ADC1,1,servo_2,A,0.276
1770051426.1134663,ADC1,0,servo_1,A,1.563
1770051426.1638272,THERM,0,motor_temp,C,26.068
1770051426.214525,ADC2,0,bus_voltage,V,10.607
1770051426.265149,ADC1,0,servo_1,A,0.414
1770051426.3155932,ADC1,0,servo_1,A,0.854
1770051426.3659484,ADC1,0,servo_1,A,2.018
1770051426.4166315,ADC1,0,servo_1,A,2.062
1770051426.4673505,ADC2,0,bus_voltage,V,11.631
1770051426.51808,ADC2,0,bus_voltage,V,10.733
1770051426.5686421,ADC1,1,servo_2,A,2.036
1770051426.61896,THERM,0,motor_temp,C,53.429
1770051426.66934,THERM,0,motor_temp,C,50.788
1770051426.719808,ADC1,1,servo_2,A,1.026
1770051426.770093,ADC1,1,servo_2,A,1.994
1770051426.8206427,ADC1,0,servo_1,A,0.627
1770051426.8711905,ADC2,0,bus_voltage,V,11.122
1770051426.9216182,ADC1,1,servo_2,A,0.338
1770051426.9720883,ADC2,0,bus_voltage,V,10.759
1770051427.022792,ADC1,1,servo_2,A,1.772
1770051427.0735302,THERM,0,motor_temp,C,62.021
1770051427.1282248,ADC1,1,servo_2,A,0.412
1770051427.179126,ADC2,0,bus_voltage,V,11.063
1770051427.229816,ADC2,0,bus_voltage,V,11.399
1770051427.2800243,ADC1,1,servo_2,A,1.401
1770051427.3307734,ADC1,0,servo_1,A,1.935
1770051427.3812258,ADC1,1,servo_2,A,1.52
1770051427.4317517,THERM,0,motor_temp,C,40.562
1770051427.4823182,ADC1,1,servo_2,A,0.561
1770051427.5328412,ADC1,0,servo_1,A,1.757
1770051427.583342,THERM,0,motor_temp,C,66.356
1770051427.6342006,ADC2,0,bus_voltage,V,11.399
1770051427.6845288,ADC1,1,servo_2,A,2.366
1770051427.735239,ADC2,0,bus_voltage,V,10.682
1770051427.7860541,ADC2,0,bus_voltage,V,10.774
1770051427.8365715,ADC1,1,servo_2,A,1.761
1770051427.8870459,THERM,0,motor_temp,C,53.725
1770051427.9379,ADC1,0,servo_1,A,2.426
1770051427.98886,THERM,0,motor_temp,C,35.784
1770051428.0393994,ADC2,0,bus_voltage,V,12.491
1770051428.0901525,ADC1,0,servo_1,A,2.376
1770051428.1409206,ADC1,1,servo_2,A,1.327
1770051428.1913908,ADC2,0,bus_voltage,V,11.544
1770051428.241912,ADC2,0,bus_voltage,V,10.81
1770051428.2922933,ADC1,0,servo_1,A,2.263
1770051428.3428757,THERM,0,motor_temp,C,29.954
1770051428.3935115,ADC2,0,bus_voltage,V,11.555
1770051428.4440668,ADC1,1,servo_2,A,0.804
1770051428.4948206,ADC2,0,bus_voltage,V,11.924
1770051428.5455303,ADC2,0,bus_voltage,V,12.026
1770051428.596757,ADC2,0,bus_voltage,V,12.238
1770051428.6474578,ADC1,0,servo_1,A,1.798
1770051428.698193,THERM,0,motor_temp,C,26.503
1770051428.748825,ADC1,1,servo_2,A,2.054
1770051428.799347,ADC1,1,servo_2,A,0.616
1770051428.850084,ADC1,1,servo_2,A,1.375
1770051428.9008045,THERM,0,motor_temp,C,32.219
1770051428.9516306,ADC1,1,servo_2,A,1.117
1770051429.002064,THERM,0,motor_temp,C,61.23
1770051429.0524201,ADC1,1,servo_2,A,1.096
1770051429.1028492,THERM,0,motor_temp,C,37.481
1770051429.153448,THERM,0,motor_temp,C,26.781
1770051429.204229,ADC1,0,servo_1,A,2.321
1770051429.2567358,ADC2,0,bus_voltage,V,10.796
1770051429.3072884,ADC2,0,bus_voltage,V,12.047
1770051429.357748,ADC2,0,bus_voltage,V,10.134
1770051429.4083302,THERM,0,motor_temp,C,44.249
1770051429.458784,ADC2,0,bus_voltage,V,11.202
1770051429.5095077,ADC1,0,servo_1,A,2.236
1770051429.5598593,ADC2,0,bus_voltage,V,10.903
1770051429.6103275,ADC1,0,servo_1,A,2.452
1770051429.6610491,ADC2,0,bus_voltage,V,10.463
1770051429.7116394,THERM,0,motor_temp,C,53.581
1770051429.7621717,ADC2,0,bus_voltage,V,12.121
1770051429.8129134,THERM,0,motor_temp,C,57.835
1770051429.8638136,ADC1,1,servo_2,A,0.658
1770051429.9141552,THERM,0,motor_temp,C,68.621
1770051429.9645538,ADC1,0,servo_1,A,2.261
1770051430.0149717,ADC1,0,servo_1,A,2.437
1770051430.0656989,ADC1,0,servo_1,A,0.5
1770051430.116482,ADC1,1,servo_2,A,0.873
1770051430.167133,ADC1,0,servo_1,A,0.941
1770051430.217779,ADC1,1,servo_2,A,1.08
1770051430.2683318,ADC1,0,servo_1,A,0.762
1770051430.3187618,ADC1,0,servo_1,A,2.356
1770051430.3692877,ADC1,1,servo_2,A,2.167
1770051430.420087,ADC2,0,bus_voltage,V,12.055
1770051430.4712076,ADC2,0,bus_voltage,V,11.724
1770051430.5215292,ADC1,0,servo_1,A,1.288
1770051430.5718505,ADC1,0,servo_1,A,0.215
1770051430.6220999,ADC1,1,servo_2,A,2.043
1770051430.6726184,ADC2,0,bus_voltage,V,10.711
1770051430.7232637,ADC1,0,servo_1,A,1.694
1770051430.7737951,THERM,0,motor_temp,C,40.388
1770051430.8244317,THERM,0,motor_temp,C,34.602
1770051430.87508,ADC2,0,bus_voltage,V,11.399
1770051430.9253066,THERM,0,motor_temp,C,63.147
1770051430.9759166,ADC2,0,bus_voltage,V,12.154
1770051431.0262141,ADC1,1,servo_2,A,0.634
1770051431.0766168,THERM,0,motor_temp,C,52.409
1770051431.1276767,ADC1,1,servo_2,A,0.468
1770051431.1786296,ADC1,0,servo_1,A,0.392
1770051431.2288678,ADC1,0,servo_1,A,2.004
1770051431.2792547,ADC1,0,servo_1,A,1.23
1770051431.3297443,ADC1,0,servo_1,A,1.73
1770051431.3804386,ADC1,1,servo_2,A,0.319
1770051431.43088,ADC1,0,servo_1,A,0.604
1770051431.4813466,ADC1,0,servo_1,A,1.48
1770051431.5317032,ADC1,1,servo_2,A,0.72
1770051431.582524,ADC1,1,servo_2,A,1.077
1770051431.6331692,ADC1,1,servo_2,A,0.398
1770051431.6835744,ADC1,0,servo_1,A,1.2
1770051431.7339606,THERM,0,motor_temp,C,61.576
1770051431.7846816,THERM,0,motor_temp,C,39.712
1770051431.8372047,ADC1,0,servo_1,A,2.427
1770051431.8878615,ADC1,0,servo_1,A,1.024
1770051431.9382195,ADC1,0,servo_1,A,1.88
1770051431.9884617,ADC2,0,bus_voltage,V,10.342
1770051432.0386174,ADC1,0,servo_1,A,0.338
1770051432.0890596,THERM,0,motor_temp,C,53.114
1770051432.1396656,ADC2,0,bus_voltage,V,10.402
1770051432.1900666,ADC1,1,servo_2,A,2.249
1770051432.2404742,ADC1,1,servo_2,A,0.682
1770051432.291326,ADC2,0,bus_voltage,V,10.225
1770051432.3417885,ADC1,1,servo_2,A,0.737
1770051432.3925872,ADC1,0,servo_1,A,1.241
1770051432.4431412,ADC2,0,bus_voltage,V,10.245
1770051432.49345,THERM,0,motor_temp,C,26.153
1770051432.5441623,ADC1,0,servo_1,A,1.908
1770051432.594547,ADC1,1,servo_2,A,0.492
1770051432.644951,ADC1,1,servo_2,A,2.142
1770051432.6959014,ADC2,0,bus_voltage,V,11.324
1770051432.7463658,THERM,0,motor_temp,C,27.988
1770051432.7973387,THERM,0,motor_temp,C,66.943
1770051432.8481822,ADC1,0,servo_1,A,0.862
1770051432.899366,ADC2,0,bus_voltage,V,12.482
1770051432.9496348,ADC1,1,servo_2,A,1.605
1770051433.0001695,ADC2,0,bus_voltage,V,12.472
1770051433.0504985,ADC1,1,servo_2,A,2.339
1770051433.101181,THERM,0,motor_temp,C,35.467
1770051433.1517515,THERM,0,motor_temp,C,46.78
1770051433.2024677,ADC1,1,servo_2,A,1.018
1770051433.2530234,ADC1,0,servo_1,A,2.087
1770051433.303656,THERM,0,motor_temp,C,26.934
1770051433.3542886,ADC2,0,bus_voltage,V,10.599
1770051433.4048338,ADC1,1,servo_2,A,1.776
1770051433.4554272,ADC1,0,servo_1,A,1.171
1770051433.5061114,THERM,0,motor_temp,C,28.811
1770051433.556865,ADC2,0,bus_voltage,V,11.826
1770051433.6076272,THERM,0,motor_temp,C,48.511
1770051433.6582074,ADC1,1,servo_2,A,0.53
1770051433.7090974,ADC1,1,servo_2,A,1.666
1770051433.7597523,ADC2,0,bus_voltage,V,11.418
1770051433.810122,THERM,0,motor_temp,C,51.962
1770051433.8605196,ADC1,0,servo_1,A,0.689
1770051433.9109569,ADC1,0,servo_1,A,1.312
1770051433.9614785,ADC1,0,servo_1,A,2.014
1770051434.0118506,THERM,0,motor_temp,C,26.71
1770051434.0622544,ADC1,0,servo_1,A,1.775
1770051434.1127646,ADC1,0,servo_1,A,1.137
1770051434.1634114,ADC2,0,bus_voltage,V,10.955
1770051434.214138,ADC1,1,servo_2,A,1.883
1770051434.2649298,ADC1,1,servo_2,A,0.438
1770051434.3154144,ADC1,0,servo_1,A,0.652
1770051434.3657532,ADC1,0,servo_1,A,1.094
1770051434.4164677,THERM,0,motor_temp,C,65.608
1770051434.4670756,ADC1,1,servo_2,A,2.218
1770051434.5175855,ADC1,1,servo_2,A,1.003
1770051434.5679882,THERM,0,motor_temp,C,26.101
1770051434.6185355,ADC1,1,servo_2,A,1.006
1770051434.6691043,ADC1,0,servo_1,A,0.378
1770051434.719721,THERM,0,motor_temp,C,38.938
1770051434.77044,ADC1,0,servo_1,A,1.243
1770051434.820899,THERM,0,motor_temp,C,45.46
1770051434.8712432,ADC2,0,bus_voltage,V,11.138
1770051434.9217148,THERM,0,motor_temp,C,29.429
1770051434.9721375,ADC2,0,bus_voltage,V,12.224
1770051435.0228214,THERM,0,motor_temp,C,65.418
1770051435.07322,ADC2,0,bus_voltage,V,10.36
1770051435.1239014,ADC1,0,servo_1,A,2.128
1770051435.1747556,THERM,0,motor_temp,C,60.129
1770051435.2253382,ADC1,0,servo_1,A,1.882
1770051435.275723,THERM,0,motor_temp,C,44.218
1770051435.3261855,ADC1,0,servo_1,A,0.982
1770051435.376706,ADC2,0,bus_voltage,V,10.701
1770051435.4271166,ADC1,0,servo_1,A,0.275
1770051435.4776099,THERM,0,motor_temp,C,54.412
1770051435.5281043,ADC1,0,servo_1,A,2.194
1770051435.5790555,ADC1,1,servo_2,A,0.967
1770051435.6301792,ADC1,0,servo_1,A,0.9
1770051435.680724,THERM,0,motor_temp,C,43.44
1770051435.7321625,THERM,0,motor_temp,C,35.088
1770051435.7827435,THERM,0,motor_temp,C,35.402
1770051435.833795,ADC2,0,bus_voltage,V,12.386
1770051435.8842168,THERM,0,motor_temp,C,34.084
1770051435.935211,ADC1,0,servo_1,A,0.685
1770051435.9857855,ADC2,0,bus_voltage,V,12.399
1770051436.0361564,THERM,0,motor_temp,C,62.824
1770051436.0869973,ADC1,0,servo_1,A,2.018
1770051436.1372206,THERM,0,motor_temp,C,28.882
1770051436.187928,ADC1,1,servo_2,A,2.239
1770051436.2387311,ADC1,1,servo_2,A,1.35
1770051436.2903166,ADC1,0,servo_1,A,1.665
1770051436.3414156,ADC1,0,servo_1,A,1.397
1770051436.3918073,ADC2,0,bus_voltage,V,11.859
1770051436.442159,ADC1,0,servo_1,A,0.303
1770051436.4929185,ADC1,0,servo_1,A,0.783
1770051436.5435102,ADC2,0,bus_voltage,V,11.039
1770051436.5939076,ADC1,1,servo_2,A,1.35
1770051436.6441405,ADC2,0,bus_voltage,V,11.832
1770051436.694837,ADC1,1,servo_2,A,0.726
1770051436.745497,ADC1,0,servo_1,A,1.184
1770051436.796107,ADC1,1,servo_2,A,0.254
1770051436.8467646,ADC2,0,bus_voltage,V,12.214
1770051436.8973813,ADC1,0,servo_1,A,0.689
1770051436.9481926,ADC2,0,bus_voltage,V,11.95
1770051436.9986322,ADC2,0,bus_voltage,V,12.128
1770051437.0493114,THERM,0,motor_temp,C,27.405
1770051437.1000662,ADC1,1,servo_2,A,1.083
1770051437.1508577,THERM,0,motor_temp,C,48.872
1770051437.2017205,THERM,0,motor_temp,C,69.737
1770051437.2519875,ADC2,0,bus_voltage,V,10.114
1770051437.302347,ADC2,0,bus_voltage,V,10.918
1770051437.3529994,ADC1,1,servo_2,A,0.488
1770051437.403527,THERM,0,motor_temp,C,53.193
1770051437.4538965,ADC1,0,servo_1,A,2.133
1770051437.5043037,ADC1,1,servo_2,A,2.436
1770051437.554739,ADC2,0,bus_voltage,V,12.402
1770051437.6050704,ADC1,1,servo_2,A,2.182
1770051437.6555374,ADC2,0,bus_voltage,V,10.751
1770051437.7064342,ADC2,0,bus_voltage,V,11.182
1770051437.7570887,ADC2,0,bus_voltage,V,11.363
1770051437.8074172,ADC1,1,servo_2,A,1.082
1770051437.8578563,ADC1,0,servo_1,A,0.911
1770051437.908487,ADC2,0,bus_voltage,V,10.42
1770051437.9589732,ADC1,1,servo_2,A,0.926
1770051438.009731,ADC1,1,servo_2,A,1.823
1770051438.060367,ADC1,0,servo_1,A,0.262
1770051438.110708,ADC1,1,servo_2,A,0.844
1770051438.1611073,THERM,0,motor_temp,C,27.997
1770051438.2116854,ADC1,1,servo_2,A,0.386
1770051438.2623632,ADC1,0,servo_1,A,0.291
1770051438.3128936,THERM,0,motor_temp,C,29.947
1770051438.3636885,ADC1,1,servo_2,A,1.936
1770051438.4145072,THERM,0,motor_temp,C,37.262
1770051438.4650903,ADC2,0,bus_voltage,V,10.02
1770051438.5157928,ADC1,0,servo_1,A,1.742
1770051438.566197,ADC1,1,servo_2,A,0.598
1770051438.6169682,ADC1,1,servo_2,A,0.55
1770051438.6678565,ADC1,1,servo_2,A,0.629
1770051438.7184737,ADC1,1,servo_2,A,2.179
1770051438.7693522,ADC1,1,servo_2,A,0.341
1770051438.8201563,THERM,0,motor_temp,C,37.1
1770051438.8709347,THERM,0,motor_temp,C,33.093
1770051438.9216132,ADC1,0,servo_1,A,1.181
1770051438.9720385,ADC1,1,servo_2,A,2.167
1770051439.022688,ADC1,0,servo_1,A,1.683
1770051439.0741172,ADC1,1,servo_2,A,1.382
1770051439.124481,ADC1,0,servo_1,A,1.875
1770051439.1751244,ADC2,0,bus_voltage,V,11.414
1770051439.2262373,THERM,0,motor_temp,C,41.899
1770051439.2768056,ADC1,1,servo_2,A,2.283
1770051439.3275638,ADC1,1,servo_2,A,0.209
1770051439.3781254,THERM,0,motor_temp,C,45.417
1770051439.4290824,ADC1,1,servo_2,A,0.352
1770051439.4794767,ADC1,1,servo_2,A,2.021
1770051439.529811,ADC1,0,servo_1,A,2.186
1770051439.5806766,ADC1,0,servo_1,A,0.909
1770051439.6311288,ADC2,0,bus_voltage,V,12.27
1770051439.6817403,THERM,0,motor_temp,C,63.458
1770051439.7324576,ADC1,1,servo_2,A,1.958
1770051439.7828643,ADC2,0,bus_voltage,V,10.772
1770051439.8333826,ADC2,0,bus_voltage,V,12.477
1770051439.8839731,ADC2,0,bus_voltage,V,12.35
1770051439.9345605,ADC1,1,servo_2,A,2.066
1770051439.9850874,ADC2,0,bus_voltage,V,10.012
1770051440.0355933,THERM,0,motor_temp,C,47.502
1770051440.08628,ADC1,1,servo_2,A,1.249
1770051440.1370723,ADC2,0,bus_voltage,V,12.544
1770051440.1875184,ADC2,0,bus_voltage,V,11.765
1770051440.2386127,ADC1,0,servo_1,A,2.202
1770051440.2890522,THERM,0,motor_temp,C,34.894
1770051440.3395317,ADC1,1,servo_2,A,1.159
1770051440.3901067,ADC1,0,servo_1,A,0.294
1770051440.4407294,THERM,0,motor_temp,C,27.365
1770051440.491495,ADC2,0,bus_voltage,V,11.242
1770051440.5419378,ADC1,0,servo_1,A,1.018
1770051440.592487,ADC1,0,servo_1,A,1.773
1770051440.6430337,ADC1,1,servo_2,A,0.333
1770051440.6937332,ADC2,0,bus_voltage,V,10.37
1770051440.7446043,ADC1,1,servo_2,A,0.283
1770051440.7952225,ADC1,0,servo_1,A,1.12
1770051440.8463023,ADC2,0,bus_voltage,V,10.224
1770051440.8970144,ADC1,0,servo_1,A,0.689
1770051440.9473531,THERM,0,motor_temp,C,40.41
1770051440.9976187,ADC1,1,servo_2,A,0.723
1770051441.0481896,THERM,0,motor_temp,C,38.502
1770051441.0986717,ADC1,1,servo_2,A,2.068
1770051441.1489623,ADC1,0,servo_1,A,1.908
1770051441.1997242,ADC1,0,servo_1,A,1.22
1770051441.250128,ADC1,0,servo_1,A,0.539
1770051441.3008106,THERM,0,motor_temp,C,45.4
1770051441.351365,THERM,0,motor_temp,C,65.121
1770051441.4015257,ADC2,0,bus_voltage,V,11.821
1770051441.452381,THERM,0,motor_temp,C,41.17
1770051441.5028632,ADC2,0,bus_voltage,V,12.305
1770051441.553485,THERM,0,motor_temp,C,39.606
1770051441.6038308,THERM,0,motor_temp,C,51.416
1770051441.654626,THERM,0,motor_temp,C,66.974
1770051441.7052414,ADC1,0,servo_1,A,1.418
1770051441.7559547,ADC2,0,bus_voltage,V,11.053
1770051441.8064501,ADC1,0,servo_1,A,1.544
1770051441.8568351,ADC1,1,servo_2,A,2.441
1770051441.9073677,ADC2,0,bus_voltage,V,10.873
1770051441.9581685,THERM,0,motor_temp,C,33.933
1770051442.0086234,ADC1,0,servo_1,A,2.021
1770051442.059493,ADC1,0,servo_1,A,1.02
1770051442.1099045,ADC2,0,bus_voltage,V,11.754
1770051442.1609845,ADC1,0,servo_1,A,0.408
1770051442.2114563,ADC1,1,servo_2,A,0.697
1770051442.2619956,ADC1,1,servo_2,A,2.373
1770051442.312421,THERM,0,motor_temp,C,39.283
1770051442.362886,ADC2,0,bus_voltage,V,10.689
1770051442.4134924,ADC1,1,servo_2,A,2.342
1770051442.4642024,ADC1,0,servo_1,A,1.927
1770051442.5144699,ADC1,1,servo_2,A,2.327
1770051442.5648878,THERM,0,motor_temp,C,30.917
1770051442.6154659,ADC1,0,servo_1,A,2.313
1770051442.6665754,THERM,0,motor_temp,C,49.529
1770051442.7172496,ADC1,0,servo_1,A,1.372
1770051442.767586,ADC1,0,servo_1,A,1.781
1770051442.8181396,ADC2,0,bus_voltage,V,11.806
1770051442.8689005,ADC1,0,servo_1,A,1.911
1770051442.919726,ADC2,0,bus_voltage,V,12.522
1770051442.970436,ADC1,0,servo_1,A,1.459
1770051443.0211256,THERM,0,motor_temp,C,65.877
1770051443.0717666,ADC2,0,bus_voltage,V,11.834
1770051443.123295,ADC1,0,servo_1,A,1.514
1770051443.1742737,ADC1,0,servo_1,A,0.223
1770051443.2253015,THERM,0,motor_temp,C,32.375
1770051443.2759063,ADC2,0,bus_voltage,V,12.149
1770051443.3261662,ADC1,1,servo_2,A,2.424
1770051443.377194,THERM,0,motor_temp,C,68.628
1770051443.4277446,ADC1,0,servo_1,A,2.058
1770051443.4785433,THERM,0,motor_temp,C,60.187
1770051443.5288675,ADC1,0,servo_1,A,1.6
1770051443.579444,THERM,0,motor_temp,C,39.439
1770051443.630285,ADC1,1,servo_2,A,0.279
1770051443.6808348,THERM,0,motor_temp,C,32.96
1770051443.731443,ADC2,0,bus_voltage,V,11.276
1770051443.781945,THERM,0,motor_temp,C,26.742
1770051443.832324,ADC1,1,servo_2,A,1.739
1770051443.8826034,ADC1,0,servo_1,A,1.976
1770051443.9330814,ADC1,0,servo_1,A,2.171
1770051443.9836938,THERM,0,motor_temp,C,53.314
1770051444.0344672,ADC2,0,bus_voltage,V,12.304
1770051444.0852609,THERM,0,motor_temp,C,27.019
1770051444.1360853,THERM,0,motor_temp,C,61.669
1770051444.186726,ADC1,0,servo_1,A,0.486
1770051444.2378635,THERM,0,motor_temp,C,42.024
1770051444.2889514,ADC1,0,servo_1,A,0.586
1770051444.339697,THERM,0,motor_temp,C,54.898
1770051444.3903263,ADC1,0,servo_1,A,1.032
1770051444.4410028,ADC1,0,servo_1,A,1.519
1770051444.4919617,ADC1,0,servo_1,A,2.125
1770051444.542319,ADC1,1,servo_2,A,1.592
1770051444.5925925,ADC1,0,servo_1,A,0.906
1770051444.642917,ADC1,0,servo_1,A,1.039
1770051444.693089,ADC1,1,servo_2,A,0.883
1770051444.744019,ADC1,1,servo_2,A,2.485
1770051444.7947319,THERM,0,motor_temp,C,48.663
1770051444.8450496,ADC2,0,bus_voltage,V,12.001
1770051444.8958294,THERM,0,motor_temp,C,58.459
1770051444.9465523,ADC1,1,servo_2,A,1.481
1770051444.997306,ADC1,1,servo_2,A,2.126
1770051445.0480688,ADC2,0,bus_voltage,V,11.267
1770051445.098417,ADC1,1,servo_2,A,1.842
1770051445.1489193,ADC1,1,servo_2,A,1.359
1770051445.1993885,ADC1,0,servo_1,A,0.429
1770051445.2497454,ADC2,0,bus_voltage,V,11.545
1770051445.3003259,ADC1,0,servo_1,A,1.676
1770051445.3509207,ADC1,0,servo_1,A,2.302
1770051445.4016302,ADC2,0,bus_voltage,V,12.144
1770051445.4520576,ADC2,0,bus_voltage,V,10.335
1770051445.5029137,ADC2,0,bus_voltage,V,10.715
1770051445.5534003,ADC1,0,servo_1,A,1.025
1770051445.603698,THERM,0,motor_temp,C,30.406
1770051445.6540487,ADC2,0,bus_voltage,V,11.119
1770051445.704545,ADC1,0,servo_1,A,2.339
1770051445.755077,ADC2,0,bus_voltage,V,10.229
1770051445.805477,ADC2,0,bus_voltage,V,10.646
1770051445.8559954,ADC1,1,servo_2,A,2.135
1770051445.9067874,ADC1,0,servo_1,A,0.624
1770051445.957495,ADC1,1,servo_2,A,0.82
1770051446.008232,ADC2,0,bus_voltage,V,10.474
1770051446.0590472,THERM,0,motor_temp,C,31.341
1770051446.1093826,ADC1,0,servo_1,A,0.726
1770051446.1603494,THERM,0,motor_temp,C,34.646
1770051446.210912,THERM,0,motor_temp,C,43.86
1770051446.2617173,ADC1,0,servo_1,A,0.795
1770051446.312432,ADC1,1,servo_2,A,1.769
1770051446.3629737,ADC1,1,servo_2,A,2.194
1770051446.4139495,THERM,0,motor_temp,C,68.339
1770051446.4648118,ADC1,0,servo_1,A,0.477
1770051446.5154674,ADC1,1,servo_2,A,1.313
1770051446.56603,ADC2,0,bus_voltage,V,10.194
1770051446.6166344,ADC1,1,servo_2,A,0.378
1770051446.6667986,ADC2,0,bus_voltage,V,11.222
1770051446.717157,THERM,0,motor_temp,C,62.663
1770051446.7678313,ADC1,1,servo_2,A,0.601
1770051446.818394,ADC1,0,servo_1,A,2.053
1770051446.868941,ADC1,0,servo_1,A,1.069
1770051446.919381,ADC2,0,bus_voltage,V,11.937
1770051446.9698079,ADC1,1,servo_2,A,1.746
1770051447.020428,ADC1,1,servo_2,A,1.333
1770051447.071277,ADC1,1,servo_2,A,1.72
1770051447.1219468,ADC1,1,servo_2,A,0.997
1770051447.172394,ADC1,0,servo_1,A,1.516
1770051447.2227542,THERM,0,motor_temp,C,31.81
1770051447.2732418,ADC1,0,servo_1,A,1.675
1770051447.3238842,ADC2,0,bus_voltage,V,11.606
1770051447.3744373,ADC1,1,servo_2,A,1.914
1770051447.4250495,ADC1,0,servo_1,A,1.667
1770051447.4757185,THERM,0,motor_temp,C,42.164
1770051447.5264206,ADC1,0,servo_1,A,0.555
1770051447.5769649,THERM,0,motor_temp,C,28.527
1770051447.6275275,THERM,0,motor_temp,C,48.518
1770051447.6784194,THERM,0,motor_temp,C,26.855
1770051447.7291007,ADC1,0,servo_1,A,0.361
1770051447.7793562,ADC1,1,servo_2,A,2.173
1770051447.829831,ADC1,0,servo_1,A,0.299
1770051447.8805513,ADC1,0,servo_1,A,0.811
1770051447.9315455,ADC1,0,servo_1,A,1.042
1770051447.982389,ADC1,1,servo_2,A,2.016
1770051448.0332353,ADC1,0,servo_1,A,1.671
1770051448.0838737,ADC2,0,bus_voltage,V,12.081
1770051448.1346931,THERM,0,motor_temp,C,42.735
1770051448.1852472,ADC1,0,servo_1,A,0.298
1770051448.235455,ADC1,1,servo_2,A,2.067
1770051448.2857654,ADC2,0,bus_voltage,V,10.954
1770051448.336788,THERM,0,motor_temp,C,31.953
1770051448.387043,ADC1,1,servo_2,A,1.006
1770051448.4376512,ADC1,0,servo_1,A,1.084
1770051448.4884284,THERM,0,motor_temp,C,58.559
1770051448.5392745,ADC2,0,bus_voltage,V,11.758
1770051448.5896454,ADC2,0,bus_voltage,V,10.551
1770051448.640034,ADC2,0,bus_voltage,V,11.887
1770051448.6905596,ADC1,0,servo_1,A,1.659
1770051448.7414086,ADC1,1,servo_2,A,0.589
1770051448.7921062,THERM,0,motor_temp,C,27.856
1770051448.8429866,THERM,0,motor_temp,C,43.816
1770051448.89345,THERM,0,motor_temp,C,52.999
1770051448.9439023,ADC1,1,servo_2,A,1.656
1770051448.9943833,THERM,0,motor_temp,C,57.641
1770051449.0448012,ADC1,1,servo_2,A,0.302
1770051449.0953016,ADC1,0,servo_1,A,1.916
1770051449.1455724,THERM,0,motor_temp,C,68.463
1770051449.195957,ADC1,0,servo_1,A,2.433
1770051449.2464576,ADC1,0,servo_1,A,2.143
1770051449.2967992,ADC1,0,servo_1,A,0.65
1770051449.347261,ADC1,1,servo_2,A,2.342
1770051449.3980496,ADC2,0,bus_voltage,V,12.191
1770051449.4490826,ADC1,1,servo_2,A,1.034
1770051449.4998286,ADC1,0,servo_1,A,1.615
1770051449.5509064,ADC1,0,servo_1,A,2.029
1770051449.6012213,ADC1,0,servo_1,A,1.633
1770051449.652104,ADC2,0,bus_voltage,V,11.116
1770051449.7027495,ADC2,0,bus_voltage,V,11.142
1770051449.7538176,THERM,0,motor_temp,C,57.169
1770051449.8045092,ADC1,0,servo_1,A,2.276
1770051449.8547602,ADC1,0,servo_1,A,2.379
1770051449.9057148,THERM,0,motor_temp,C,63.129
1770051449.9566145,THERM,0,motor_temp,C,41.826
1770051450.0072374,ADC1,1,servo_2,A,0.308
1770051450.0579777,ADC1,1,servo_2,A,0.744
1770051450.1083891,ADC1,1,servo_2,A,0.769
1770051450.1590567,ADC1,0,servo_1,A,1.473
1770051450.209931,ADC2,0,bus_voltage,V,12.276
1770051450.2605898,ADC1,0,servo_1,A,1.591
1770051450.3112378,ADC1,1,servo_2,A,1.671
1770051450.3619123,THERM,0,motor_temp,C,61.715
1770051450.412552,ADC1,0,servo_1,A,1.397
1770051450.4633262,ADC1,1,servo_2,A,1.17
1770051450.5141847,ADC1,1,servo_2,A,2.061
1770051450.5647511,ADC1,0,servo_1,A,1.579
1770051450.6154604,ADC1,1,servo_2,A,2.031
1770051450.6658897,ADC1,0,servo_1,A,0.453
1770051450.7163503,THERM,0,motor_temp,C,61.227
1770051450.7670383,ADC1,0,servo_1,A,1.976
1770051450.8176076,ADC1,1,servo_2,A,0.314
1770051450.8684342,ADC2,0,bus_voltage,V,11.786
1770051450.9193244,ADC1,1,servo_2,A,0.803
1770051450.9697726,ADC1,1,servo_2,A,0.859
1770051451.0204754,ADC1,0,servo_1,A,1.929
1770051451.070968,ADC2,0,bus_voltage,V,10.248
1770051451.122211,ADC1,1,servo_2,A,1.41
1770051451.1730094,ADC1,0,servo_1,A,1.042
1770051451.2234266,ADC1,0,servo_1,A,2.493
1770051451.273873,ADC2,0,bus_voltage,V,12.403
1770051451.324662,ADC1,0,servo_1,A,0.324
1770051451.3752234,THERM,0,motor_temp,C,32.872
1770051451.4256306,THERM,0,motor_temp,C,48.256
1770051451.4763165,ADC2,0,bus_voltage,V,11.347
1770051451.526937,THERM,0,motor_temp,C,39.1
1770051451.577527,ADC2,0,bus_voltage,V,11.328
1770051451.6279964,ADC1,1,servo_2,A,1.89
1770051451.6784174,ADC2,0,bus_voltage,V,10.529
1770051451.72905,ADC1,0,servo_1,A,1.83
1770051451.7799761,THERM,0,motor_temp,C,64.105
1770051451.8306174,ADC1,1,servo_2,A,1.496
1770051451.8814032,ADC1,0,servo_1,A,0.946
1770051451.9320345,ADC1,1,servo_2,A,2.304
1770051451.982354,ADC1,1,servo_2,A,2.159
1770051452.0329638,THERM,0,motor_temp,C,66.397
1770051452.0835426,ADC2,0,bus_voltage,V,12.15
1770051452.1339774,ADC1,1,servo_2,A,1.3
1770051452.184587,ADC2,0,bus_voltage,V,11.799
1770051452.2351878,THERM,0,motor_temp,C,55.119
1770051452.285525,ADC1,1,servo_2,A,2.151
1770051452.3359952,THERM,0,motor_temp,C,42.967
1770051452.3865867,THERM,0,motor_temp,C,54.154
1770051452.43727,THERM,0,motor_temp,C,43.489
1770051452.488072,ADC2,0,bus_voltage,V,10.496
1770051452.5385313,ADC2,0,bus_voltage,V,10.68
1770051452.5892882,THERM,0,motor_temp,C,29.169
1770051452.6397557,ADC1,0,servo_1,A,2.023
1770051452.6908963,ADC1,0,servo_1,A,0.241
1770051452.7413952,ADC1,0,servo_1,A,0.384
1770051452.7917743,ADC1,1,servo_2,A,0.672
1770051452.8422482,THERM,0,motor_temp,C,36.007
1770051452.8926759,ADC1,0,servo_1,A,0.88
1770051452.9434078,ADC2,0,bus_voltage,V,11.464
1770051452.9938977,ADC1,0,servo_1,A,1.666
1770051453.044346,ADC1,0,servo_1,A,2.447
1770051453.0947318,THERM,0,motor_temp,C,53.753
1770051453.145016,THERM,0,motor_temp,C,63.468
1770051453.195579,THERM,0,motor_temp,C,63.411
1770051453.2461057,ADC1,0,servo_1,A,1.694
1770051453.2969444,ADC1,0,servo_1,A,1.067
1770051453.3472993,ADC1,1,servo_2,A,0.895
1770051453.3982098,THERM,0,motor_temp,C,65.749
1770051453.4486835,ADC1,1,servo_2,A,1.1
1770051453.499263,THERM,0,motor_temp,C,68.187
1770051453.5497994,ADC1,0,servo_1,A,1.926
1770051453.600197,ADC1,1,servo_2,A,1.469
1770051453.6506722,ADC2,0,bus_voltage,V,11.279
1770051453.7010472,ADC2,0,bus_voltage,V,10.185
1770051453.7513778,ADC1,1,servo_2,A,1.673
1770051453.8021271,THERM,0,motor_temp,C,61.687
1770051453.8526702,THERM,0,motor_temp,C,60.817
1770051453.903319,ADC1,0,servo_1,A,1.701
1770051453.9537926,ADC1,0,servo_1,A,1.62
1770051454.0044236,ADC1,1,servo_2,A,0.96
1770051454.0549784,ADC1,1,servo_2,A,2.108
1770051454.1053183,ADC1,0,servo_1,A,0.55
1770051454.1560564,ADC1,1,servo_2,A,1.046
1770051454.2065732,ADC2,0,bus_voltage,V,10.66
1770051454.2572548,ADC1,1,servo_2,A,2.175
1770051454.3075774,ADC1,1,servo_2,A,1.917
1770051454.3583658,ADC1,0,servo_1,A,2.453
1770051454.4090035,ADC1,0,servo_1,A,1.157
1770051454.4595842,ADC1,0,servo_1,A,0.389
1770051454.5100849,ADC2,0,bus_voltage,V,11.862
1770051454.5605116,THERM,0,motor_temp,C,42.419
1770051454.6110604,THERM,0,motor_temp,C,29.08
1770051454.661788,ADC2,0,bus_voltage,V,10.157
1770051454.712335,ADC1,1,servo_2,A,1.95
1770051454.7626622,ADC2,0,bus_voltage,V,11.314
1770051454.813652,ADC2,0,bus_voltage,V,11.678
1770051454.8641272,THERM,0,motor_temp,C,61.666
1770051454.9147184,ADC2,0,bus_voltage,V,11.717
1770051454.9656754,ADC2,0,bus_voltage,V,12.407
1770051455.0159447,ADC1,1,servo_2,A,2.088
1770051455.0663676,ADC1,1,servo_2,A,1.38
1770051455.1168373,ADC1,0,servo_1,A,1.422
1770051455.1673954,THERM,0,motor_temp,C,55.313
1770051455.2181044,ADC1,1,servo_2,A,0.275
1770051455.2685487,ADC2,0,bus_voltage,V,10.238
1770051455.3192906,ADC1,1,servo_2,A,0.383
1770051455.3698297,ADC1,1,servo_2,A,2.392
1770051455.4200675,THERM,0,motor_temp,C,47.346
1770051455.4708085,THERM,0,motor_temp,C,39.862
1770051455.521165,ADC1,0,servo_1,A,0.384
1770051455.5713897,ADC1,0,servo_1,A,1.753
1770051455.621991,ADC1,1,servo_2,A,1.409
1770051455.6725984,ADC1,1,servo_2,A,1.148
1770051455.723496,ADC2,0,bus_voltage,V,12.538
1770051455.7740254,ADC1,1,servo_2,A,1.966
1770051455.824534,THERM,0,motor_temp,C,65.063
1770051455.875246,ADC1,0,servo_1,A,1.713
1770051455.9256182,ADC1,1,servo_2,A,1.429
1770051455.9762619,THERM,0,motor_temp,C,61.497
1770051456.0268288,ADC1,1,servo_2,A,0.998
1770051456.0772588,ADC2,0,bus_voltage,V,12.046
1770051456.1280987,ADC2,0,bus_voltage,V,12.308
1770051456.1791935,ADC1,0,servo_1,A,0.347
1770051456.2297165,THERM,0,motor_temp,C,68.79
1770051456.2800958,THERM,0,motor_temp,C,47.878
1770051456.3304064,THERM,0,motor_temp,C,48.523
1770051456.381112,THERM,0,motor_temp,C,50.753
1770051456.4314473,ADC1,0,servo_1,A,0.929
1770051456.4818752,ADC1,0,servo_1,A,1.277
1770051456.5325782,ADC2,0,bus_voltage,V,11.075
1770051456.5834568,THERM,0,motor_temp,C,45.409
1770051456.634024,ADC2,0,bus_voltage,V,11.724
1770051456.6843853,ADC1,0,servo_1,A,2.064
1770051456.7348926,ADC2,0,bus_voltage,V,11.088
1770051456.785635,ADC1,0,servo_1,A,2.414
1770051456.835904,ADC1,1,servo_2,A,0.693
1770051456.8864543,THERM,0,motor_temp,C,32.386
1770051456.936749,ADC1,1,servo_2,A,0.978
1770051456.9870842,THERM,0,motor_temp,C,53.353
1770051457.037381,ADC2,0,bus_voltage,V,12.358
1770051457.0876107,THERM,0,motor_temp,C,39.074
1770051457.1381557,ADC1,1,servo_2,A,2.051
1770051457.1884634,THERM,0,motor_temp,C,54.283
1770051457.2389843,ADC2,0,bus_voltage,V,11.999
1770051457.2895336,THERM,0,motor_temp,C,62.062
1770051457.3399196,ADC1,1,servo_2,A,1.943
1770051457.3901024,THERM,0,motor_temp,C,37.259
1770051457.440413,ADC2,0,bus_voltage,V,10.855
1770051457.4911878,ADC2,0,bus_voltage,V,10.098
1770051457.5416248,THERM,0,motor_temp,C,37.785
1770051457.59227,ADC1,1,servo_2,A,2.261
1770051457.6435125,THERM,0,motor_temp,C,49.793
1770051457.693792,ADC2,0,bus_voltage,V,11.562
1770051457.744596,ADC2,0,bus_voltage,V,10.174
1770051457.7950935,THERM,0,motor_temp,C,62.149
1770051457.845463,ADC2,0,bus_voltage,V,11.302
1770051457.8960452,ADC2,0,bus_voltage,V,10.552
1770051457.9463007,ADC1,0,servo_1,A,0.399
1770051457.9967632,THERM,0,motor_temp,C,66.021
1770051458.0474398,ADC2,0,bus_voltage,V,10.839
1770051458.0980566,ADC2,0,bus_voltage,V,12.594
1770051458.1484525,THERM,0,motor_temp,C,40.556
1770051458.1986861,ADC2,0,bus_voltage,V,10.001
1770051458.2489629,ADC1,1,servo_2,A,1.288
1770051458.2995048,ADC2,0,bus_voltage,V,12.059
1770051458.349653,ADC2,0,bus_voltage,V,10.636
1770051458.4002087,THERM,0,motor_temp,C,27.6
1770051458.4505517,ADC1,1,servo_2,A,1.024
1770051458.5012608,ADC1,1,servo_2,A,0.72
1770051458.5520723,ADC2,0,bus_voltage,V,12.438
1770051458.6027238,THERM,0,motor_temp,C,28.061
1770051458.653087,ADC1,1,servo_2,A,1.811
1770051458.70378,THERM,0,motor_temp,C,54.758
1770051458.7542934,THERM,0,motor_temp,C,49.503
1770051458.8045108,ADC2,0,bus_voltage,V,10.378
1770051458.8551733,ADC1,0,servo_1,A,2.254
1770051458.9056594,ADC2,0,bus_voltage,V,12.339
1770051458.9566214,ADC1,0,servo_1,A,1.485
1770051459.0074787,ADC1,0,servo_1,A,0.666
1770051459.0581763,ADC1,1,servo_2,A,1.272
1770051459.1088388,THERM,0,motor_temp,C,59.847
1770051459.159192,ADC1,1,servo_2,A,1.386
1770051459.209568,THERM,0,motor_temp,C,67.458
1770051459.260068,ADC1,1,servo_2,A,1.203
1770051459.3106081,ADC2,0,bus_voltage,V,11.553
1770051459.361163,THERM,0,motor_temp,C,39.974
1770051459.4117548,ADC2,0,bus_voltage,V,10.574
1770051459.4621813,ADC2,0,bus_voltage,V,10.681
1770051459.5126038,ADC1,1,servo_2,A,1.789
1770051459.5631657,ADC2,0,bus_voltage,V,12.023
1770051459.6135676,ADC1,1,servo_2,A,0.456
1770051459.6641755,ADC1,0,servo_1,A,0.49
1770051459.714953,ADC1,1,servo_2,A,0.691
1770051459.7653728,ADC1,0,servo_1,A,1.387
1770051459.8160045,ADC1,0,servo_1,A,0.622
1770051459.866733,ADC2,0,bus_voltage,V,12.178
1770051459.9175298,THERM,0,motor_temp,C,51.392
1770051459.9680116,ADC1,0,servo_1,A,0.384
1770051460.0183403,ADC2,0,bus_voltage,V,10.268
1770051460.068898,ADC1,1,servo_2,A,2.397
1770051460.1196375,ADC1,0,servo_1,A,0.532
1770051460.1702435,ADC2,0,bus_voltage,V,11.786
1770051460.22109,ADC1,0,servo_1,A,1.615
1770051460.2718964,THERM,0,motor_temp,C,28.043
1770051460.322506,ADC1,1,servo_2,A,0.387
1770051460.3732638,ADC2,0,bus_voltage,V,10.527
1770051460.4235568,ADC1,1,servo_2,A,2.418
1770051460.4746058,ADC2,0,bus_voltage,V,10.956
1770051460.525396,THERM,0,motor_temp,C,67.546
1770051460.5757065,ADC1,1,servo_2,A,1.827
1770051460.626079,ADC2,0,bus_voltage,V,10.098
1770051460.676232,ADC1,0,servo_1,A,2.156
1770051460.7266104,ADC1,0,servo_1,A,0.765
1770051460.7768724,THERM,0,motor_temp,C,47.0
1770051460.8276718,THERM,0,motor_temp,C,48.01
1770051460.878204,ADC1,0,servo_1,A,1.386
1770051460.9286928,ADC1,1,servo_2,A,0.958
1770051460.979337,ADC2,0,bus_voltage,V,10.459
1770051461.030086,ADC1,0,servo_1,A,0.431
1770051461.0803893,ADC2,0,bus_voltage,V,11.676
1770051461.1312606,ADC1,1,servo_2,A,2.445
1770051461.1815665,THERM,0,motor_temp,C,59.666
1770051461.2322268,ADC1,1,servo_2,A,1.553
1770051461.282809,ADC1,0,servo_1,A,0.899
1770051461.3363745,ADC1,0,servo_1,A,1.87
1770051461.3874557,ADC2,0,bus_voltage,V,11.842
1770051461.4380925,ADC2,0,bus_voltage,V,11.511
1770051461.4887757,THERM,0,motor_temp,C,39.203
1770051461.539169,ADC1,0,servo_1,A,0.583
1770051461.5900457,ADC1,0,servo_1,A,2.14
1770051461.6408484,THERM,0,motor_temp,C,62.64
1770051461.6916537,ADC1,1,servo_2,A,2.106
1770051461.7420213,ADC2,0,bus_voltage,V,10.811
1770051461.7925246,ADC1,1,servo_2,A,0.656
1770051461.8431568,ADC1,1,servo_2,A,0.686
1770051461.8939023,ADC2,0,bus_voltage,V,12.299
1770051461.9445317,ADC2,0,bus_voltage,V,10.38
1770051461.995068,ADC1,0,servo_1,A,1.086
1770051462.0458019,ADC1,0,servo_1,A,1.883
1770051462.096702,ADC1,1,servo_2,A,1.881
1770051462.1477015,ADC1,0,servo_1,A,1.528
1770051462.1982682,ADC1,1,servo_2,A,2.141
1770051462.2488043,THERM,0,motor_temp,C,41.402
1770051462.2992861,THERM,0,motor_temp,C,63.979
1770051462.3501117,ADC1,0,servo_1,A,1.727
1770051462.4003396,ADC1,1,servo_2,A,1.4
1770051462.4511409,ADC2,0,bus_voltage,V,10.462
1770051462.5017517,ADC1,1,servo_2,A,2.003
1770051462.552328,ADC2,0,bus_voltage,V,10.992
1770051462.6027377,THERM,0,motor_temp,C,60.823
1770051462.653528,ADC2,0,bus_voltage,V,12.429
1770051462.7039332,ADC1,1,servo_2,A,1.888
1770051462.7544067,THERM,0,motor_temp,C,54.8
1770051462.805244,ADC1,1,servo_2,A,2.332
1770051462.856528,ADC2,0,bus_voltage,V,11.432
1770051462.9073324,ADC1,0,servo_1,A,2.364
1770051462.957891,ADC1,1,servo_2,A,2.126
1770051463.0084114,ADC1,0,servo_1,A,2.298
1770051463.0590158,ADC1,0,servo_1,A,1.272
1770051463.1094267,ADC1,0,servo_1,A,2.492
1770051463.159867,ADC2,0,bus_voltage,V,10.982
1770051463.210337,ADC1,0,servo_1,A,1.767
1770051463.260628,THERM,0,motor_temp,C,57.722
1770051463.3110068,ADC1,0,servo_1,A,1.471
1770051463.3617654,THERM,0,motor_temp,C,41.654
1770051463.4125896,ADC2,0,bus_voltage,V,11.997
1770051463.4631314,ADC1,1,servo_2,A,0.909
1770051463.5134103,ADC1,0,servo_1,A,2.322
1770051463.5640802,THERM,0,motor_temp,C,63.277
1770051463.6145678,ADC2,0,bus_voltage,V,12.077
1770051463.665181,THERM,0,motor_temp,C,61.806
1770051463.7158654,ADC2,0,bus_voltage,V,10.828
1770051463.7664397,ADC1,1,servo_2,A,0.858
1770051463.817062,ADC1,0,servo_1,A,0.952
1770051463.8677924,ADC1,0,servo_1,A,1.248
1770051463.9184835,ADC1,1,servo_2,A,2.227
1770051463.9688008,ADC1,0,servo_1,A,0.438
1770051464.0196455,ADC1,1,servo_2,A,1.68
1770051464.0700276,ADC1,1,servo_2,A,0.734
1770051464.120997,THERM,0,motor_temp,C,63.979
1770051464.1714725,ADC2,0,bus_voltage,V,11.028
1770051464.2218397,THERM,0,motor_temp,C,66.808
1770051464.2725222,ADC1,1,servo_2,A,2.066
1770051464.3231802,ADC1,0,servo_1,A,1.102
1770051464.373957,ADC1,0,servo_1,A,1.173
1770051464.4245138,ADC2,0,bus_voltage,V,10.701
1770051464.4750962,THERM,0,motor_temp,C,68.074
1770051464.5256977,ADC1,1,servo_2,A,0.345
1770051464.576126,ADC1,1,servo_2,A,1.794
1770051464.626431,ADC2,0,bus_voltage,V,12.174
1770051464.6773465,THERM,0,motor_temp,C,67.11
1770051464.7277925,THERM,0,motor_temp,C,58.298
1770051464.7781923,ADC1,0,servo_1,A,0.942
1770051464.8288238,ADC2,0,bus_voltage,V,12.048
1770051464.8795474,THERM,0,motor_temp,C,45.482
1770051464.9299643,ADC1,1,servo_2,A,1.701
1770051464.9806848,ADC2,0,bus_voltage,V,11.469
1770051465.0310435,ADC2,0,bus_voltage,V,12.359
1770051465.0815537,ADC1,1,servo_2,A,2.311
1770051465.132132,ADC1,1,servo_2,A,2.467
1770051465.182509,THERM,0,motor_temp,C,29.458
1770051465.2330499,ADC2,0,bus_voltage,V,10.923
1770051465.2837362,ADC1,0,servo_1,A,1.326
1770051465.3342,ADC1,1,servo_2,A,0.766
1770051465.384869,ADC2,0,bus_voltage,V,11.29
1770051465.4364452,ADC1,1,servo_2,A,0.737
1770051465.4869354,ADC1,1,servo_2,A,0.935
1770051465.5373242,THERM,0,motor_temp,C,31.578
1770051465.587948,THERM,0,motor_temp,C,44.041
1770051465.6384864,THERM,0,motor_temp,C,48.119
1770051465.6894739,ADC1,0,servo_1,A,1.094
1770051465.739879,ADC2,0,bus_voltage,V,10.503
1770051465.7903242,ADC1,0,servo_1,A,0.558
1770051465.8412905,ADC1,1,servo_2,A,2.48
1770051465.8917887,ADC2,0,bus_voltage,V,10.062
1770051465.9421556,ADC1,0,servo_1,A,0.859
1770051465.9926848,ADC1,0,servo_1,A,0.212
1770051466.0449092,THERM,0,motor_temp,C,55.728
1770051466.0958412,ADC1,0,servo_1,A,1.645
1770051466.14605,ADC1,0,servo_1,A,1.271
1770051466.1966183,ADC1,1,servo_2,A,0.835
1770051466.2469344,ADC1,1,servo_2,A,1.332
1770051466.297318,ADC2,0,bus_voltage,V,10.734
1770051466.347589,ADC1,0,servo_1,A,1.876
1770051466.3977463,ADC1,1,servo_2,A,0.583
1770051466.448064,THERM,0,motor_temp,C,26.045
1770051466.4987717,ADC2,0,bus_voltage,V,10.425
1770051466.5495794,ADC2,0,bus_voltage,V,11.693
1770051466.6002045,ADC1,1,servo_2,A,1.697
1770051466.6509027,ADC2,0,bus_voltage,V,12.325
1770051466.701258,ADC2,0,bus_voltage,V,11.433
1770051466.7520063,ADC2,0,bus_voltage,V,12.502
1770051466.802442,ADC1,1,servo_2,A,0.235
1770051466.85281,THERM,0,motor_temp,C,59.36
1770051466.9033716,ADC1,0,servo_1,A,0.94
1770051466.9540231,ADC1,1,servo_2,A,0.713
1770051467.004649,ADC1,1,servo_2,A,0.62
1770051467.0551898,ADC2,0,bus_voltage,V,10.999
1770051467.1056368,ADC1,1,servo_2,A,0.279
1770051467.1567104,ADC2,0,bus_voltage,V,10.758
1770051467.2076924,ADC1,0,servo_1,A,1.97
1770051467.2580729,ADC2,0,bus_voltage,V,12.517
1770051467.309079,ADC1,1,servo_2,A,2.317
1770051467.359567,THERM,0,motor_temp,C,37.092
1770051467.4099464,ADC1,0,servo_1,A,1.421
1770051467.4601514,ADC1,0,servo_1,A,0.602
1770051467.5108337,ADC2,0,bus_voltage,V,11.652
1770051467.561199,ADC1,1,servo_2,A,2.234
1770051467.6118429,ADC1,0,servo_1,A,1.352
1770051467.6622555,ADC1,0,servo_1,A,0.477
1770051467.712725,ADC1,1,servo_2,A,0.751
1770051467.763111,THERM,0,motor_temp,C,67.267
1770051467.813695,ADC1,1,servo_2,A,0.369
1770051467.8639495,ADC1,0,servo_1,A,0.25
1770051467.914506,ADC1,1,servo_2,A,0.945
1770051467.9650998,ADC2,0,bus_voltage,V,10.456
1770051468.0154183,ADC2,0,bus_voltage,V,11.354
1770051468.0659223,ADC2,0,bus_voltage,V,11.267
1770051468.1166546,ADC1,0,servo_1,A,2.283
1770051468.1668797,ADC1,0,servo_1,A,0.371
1770051468.217121,ADC2,0,bus_voltage,V,11.678
1770051468.2676377,ADC2,0,bus_voltage,V,12.008
1770051468.3181038,THERM,0,motor_temp,C,59.649
1770051468.3687966,ADC1,0,servo_1,A,1.208
1770051468.4195054,THERM,0,motor_temp,C,32.3
1770051468.47035,ADC1,1,servo_2,A,1.526
1770051468.5210319,ADC1,0,servo_1,A,0.407
1770051468.5714087,THERM,0,motor_temp,C,52.547
1770051468.6218984,ADC1,1,servo_2,A,1.047
1770051468.672395,ADC1,1,servo_2,A,0.381
1770051468.7229433,ADC2,0,bus_voltage,V,10.676
1770051468.773332,ADC2,0,bus_voltage,V,10.415
1770051468.8240068,ADC2,0,bus_voltage,V,10.479
1770051468.8743963,ADC2,0,bus_voltage,V,10.266
1770051468.924818,ADC1,1,servo_2,A,2.256
1770051468.9755914,THERM,0,motor_temp,C,32.92
1770051469.0263054,ADC2,0,bus_voltage,V,11.113
1770051469.0766807,THERM,0,motor_temp,C,38.167
1770051469.128445,THERM,0,motor_temp,C,43.669
1770051469.1787364,ADC2,0,bus_voltage,V,10.87
1770051469.2292461,THERM,0,motor_temp,C,39.246
1770051469.2798483,ADC2,0,bus_voltage,V,10.043
1770051469.3304863,THERM,0,motor_temp,C,29.807
1770051469.3813655,ADC1,0,servo_1,A,2.327
1770051469.4320042,THERM,0,motor_temp,C,33.176
1770051469.4822845,ADC1,0,servo_1,A,1.127
1770051469.5328882,ADC2,0,bus_voltage,V,11.087
1770051469.5832236,ADC1,1,servo_2,A,1.482
1770051469.633846,ADC2,0,bus_voltage,V,10.093
1770051469.6842945,ADC1,1,servo_2,A,1.786
1770051469.7348897,THERM,0,motor_temp,C,30.157
1770051469.7857125,ADC2,0,bus_voltage,V,11.879
1770051469.8364863,THERM,0,motor_temp,C,65.968
1770051469.8871353,ADC2,0,bus_voltage,V,10.643
1770051469.9378307,ADC2,0,bus_voltage,V,11.096
1770051469.988447,ADC1,1,servo_2,A,2.077
1770051470.0389633,ADC1,1,servo_2,A,1.726
1770051470.089348,ADC1,1,servo_2,A,1.673
1770051470.1398544,ADC1,0,servo_1,A,1.236
1770051470.1902556,ADC1,1,servo_2,A,1.735
1770051470.2408502,THERM,0,motor_temp,C,58.143
1770051470.2912884,ADC2,0,bus_voltage,V,11.849
1770051470.3416348,ADC1,1,servo_2,A,1.225
1770051470.392373,ADC1,0,servo_1,A,1.376
1770051470.4427197,ADC1,1,servo_2,A,0.253
1770051470.4933968,ADC2,0,bus_voltage,V,11.552
1770051470.5446835,ADC1,0,servo_1,A,1.313
1770051470.5954607,THERM,0,motor_temp,C,43.711
1770051470.646218,THERM,0,motor_temp,C,56.632
1770051470.6965406,ADC1,1,servo_2,A,0.589
1770051470.746937,ADC1,1,servo_2,A,1.675
1770051470.7976122,ADC2,0,bus_voltage,V,10.418
1770051470.847954,ADC1,1,servo_2,A,1.432
1770051470.8986697,THERM,0,motor_temp,C,47.207
1770051470.9490814,ADC1,0,servo_1,A,0.914
1770051470.9996154,THERM,0,motor_temp,C,34.116
1770051471.0505943,ADC2,0,bus_voltage,V,11.928
1770051471.101269,ADC1,1,servo_2,A,0.869
1770051471.151489,ADC1,1,servo_2,A,1.702
1770051471.2019315,ADC1,0,servo_1,A,0.49
1770051471.2528048,ADC1,1,servo_2,A,1.604
1770051471.303364,ADC1,1,servo_2,A,0.72
1770051471.3540282,THERM,0,motor_temp,C,49.834
1770051471.404264,ADC2,0,bus_voltage,V,12.481
1770051471.4546316,THERM,0,motor_temp,C,69.977
1770051471.5049603,ADC1,0,servo_1,A,1.56
1770051471.5552125,ADC1,0,servo_1,A,0.558
1770051471.6060503,ADC2,0,bus_voltage,V,12.028
1770051471.656416,THERM,0,motor_temp,C,30.118
1770051471.7066977,ADC2,0,bus_voltage,V,12.108
1770051471.7573848,ADC1,0,servo_1,A,1.249
1770051471.8078177,ADC1,1,servo_2,A,1.73
1770051471.8584895,ADC1,1,servo_2,A,1.785
1770051471.9089804,ADC1,1,servo_2,A,1.383
1770051471.9594293,ADC1,1,servo_2,A,1.256
1770051472.0099115,ADC1,1,servo_2,A,0.747
1770051472.0604818,THERM,0,motor_temp,C,29.032
1770051472.111019,ADC2,0,bus_voltage,V,11.745
1770051472.161671,ADC1,1,servo_2,A,1.135
1770051472.2123654,THERM,0,motor_temp,C,27.23
1770051472.2633266,ADC1,1,servo_2,A,0.551
1770051472.313821,ADC1,0,servo_1,A,2.161
1770051472.3645656,THERM,0,motor_temp,C,57.31
1770051472.4152396,ADC1,1,servo_2,A,0.487
1770051472.4669652,ADC1,1,servo_2,A,1.087
1770051472.5176976,THERM,0,motor_temp,C,66.551
1770051472.5683892,ADC1,1,servo_2,A,2.216
1770051472.619177,ADC1,1,servo_2,A,1.672
1770051472.669851,THERM,0,motor_temp,C,69.615
1770051472.7202878,ADC1,0,servo_1,A,2.019
1770051472.770863,THERM,0,motor_temp,C,61.485
1770051472.8214045,THERM,0,motor_temp,C,60.705
1770051472.8719776,ADC1,0,servo_1,A,1.918
1770051472.9225104,ADC2,0,bus_voltage,V,10.731
1770051472.973008,THERM,0,motor_temp,C,40.367
1770051473.0237987,THERM,0,motor_temp,C,37.075
1770051473.0744138,ADC1,0,servo_1,A,2.33
1770051473.1248755,ADC1,1,servo_2,A,0.803
1770051473.175424,ADC1,0,servo_1,A,1.599
1770051473.2258713,ADC1,0,servo_1,A,1.524
1770051473.276843,ADC1,0,servo_1,A,0.98
1770051473.327529,ADC1,0,servo_1,A,2.424
1770051473.3785312,THERM,0,motor_temp,C,64.009
1770051473.4287937,ADC1,0,servo_1,A,0.519
1770051473.4795675,ADC2,0,bus_voltage,V,12.381
1770051473.5303495,THERM,0,motor_temp,C,31.692
1770051473.5807984,THERM,0,motor_temp,C,54.487
1770051473.631155,ADC2,0,bus_voltage,V,11.185
1770051473.6816993,THERM,0,motor_temp,C,58.025
1770051473.732174,ADC1,1,servo_2,A,1.37
1770051473.7827377,THERM,0,motor_temp,C,49.631
1770051473.8330173,ADC1,0,servo_1,A,1.526
1770051473.8833725,ADC1,0,servo_1,A,2.336
1770051473.9336662,ADC1,1,servo_2,A,2.375
1770051473.9845068,ADC1,1,servo_2,A,1.573
1770051474.0351121,ADC1,0,servo_1,A,0.73
1770051474.0854795,THERM,0,motor_temp,C,56.199
1770051474.1361961,ADC2,0,bus_voltage,V,10.735
1770051474.1870658,ADC2,0,bus_voltage,V,12.454
1770051474.237869,ADC2,0,bus_voltage,V,11.385
1770051474.2886577,THERM,0,motor_temp,C,55.231
1770051474.3393412,ADC1,1,servo_2,A,0.449
1770051474.3900354,ADC2,0,bus_voltage,V,12.105
1770051474.4409604,ADC1,0,servo_1,A,1.438
1770051474.4914377,ADC2,0,bus_voltage,V,10.288
1770051474.5419514,THERM,0,motor_temp,C,53.966
1770051474.592517,ADC1,0,servo_1,A,2.089
1770051474.643014,THERM,0,motor_temp,C,55.042
1770051474.6938298,THERM,0,motor_temp,C,58.087
1770051474.7442539,ADC1,0,servo_1,A,2.459
1770051474.7944937,ADC2,0,bus_voltage,V,10.577
1770051474.845363,THERM,0,motor_temp,C,29.3
1770051474.8960893,ADC1,1,servo_2,A,1.68
1770051474.9466712,THERM,0,motor_temp,C,37.624
1770051474.9973848,ADC1,0,servo_1,A,0.364
1770051475.0475826,ADC1,0,servo_1,A,0.416
1770051475.0981147,THERM,0,motor_temp,C,63.904
1770051475.1485078,THERM,0,motor_temp,C,49.163
1770051475.1989603,THERM,0,motor_temp,C,44.624
1770051475.2497942,ADC1,0,servo_1,A,2.147
1770051475.3002071,ADC2,0,bus_voltage,V,10.279
1770051475.3505788,ADC1,1,servo_2,A,0.337
1770051475.4013476,THERM,0,motor_temp,C,66.248
1770051475.451977,ADC1,0,servo_1,A,0.976
1770051475.5034056,ADC1,0,servo_1,A,1.13
1770051475.5536964,ADC2,0,bus_voltage,V,12.444
1770051475.6043122,ADC1,1,servo_2,A,1.858
1770051475.6549184,ADC2,0,bus_voltage,V,11.025
1770051475.7057226,ADC1,0,servo_1,A,1.905
1770051475.756491,ADC1,0,servo_1,A,1.707
1770051475.8069127,THERM,0,motor_temp,C,53.051
1770051475.857424,ADC2,0,bus_voltage,V,11.679
1770051475.9079614,ADC1,0,servo_1,A,1.844
1770051475.9586198,ADC2,0,bus_voltage,V,12.323
1770051476.0091596,ADC2,0,bus_voltage,V,10.511
1770051476.0596113,ADC1,1,servo_2,A,0.387
1770051476.1100566,ADC1,1,servo_2,A,1.486
1770051476.1604333,ADC1,1,servo_2,A,2.061
1770051476.2111533,ADC2,0,bus_voltage,V,10.53
1770051476.2629921,ADC2,0,bus_voltage,V,10.004
1770051476.3136566,ADC1,0,servo_1,A,0.644
1770051476.3643508,THERM,0,motor_temp,C,49.009
1770051476.4149985,THERM,0,motor_temp,C,53.426
1770051476.465488,THERM,0,motor_temp,C,43.468
1770051476.5161722,ADC1,1,servo_2,A,0.288
1770051476.566391,THERM,0,motor_temp,C,39.395
1770051476.6168067,ADC1,0,servo_1,A,2.088
1770051476.6671035,THERM,0,motor_temp,C,63.438
1770051476.7177682,THERM,0,motor_temp,C,28.346
1770051476.7681022,ADC1,0,servo_1,A,2.479
1770051476.8185399,ADC1,1,servo_2,A,1.801
1770051476.8689148,ADC1,0,servo_1,A,1.297
1770051476.9192774,THERM,0,motor_temp,C,26.162
1770051476.9697373,ADC2,0,bus_voltage,V,11.552
1770051477.0200925,ADC2,0,bus_voltage,V,10.526
1770051477.0704856,ADC1,0,servo_1,A,2.343
1770051477.121213,ADC1,0,servo_1,A,0.348
1770051477.1718864,THERM,0,motor_temp,C,54.894
1770051477.222249,ADC2,0,bus_voltage,V,11.341
1770051477.2727275,ADC1,0,servo_1,A,2.383
1770051477.3232245,ADC2,0,bus_voltage,V,10.61
1770051477.3736076,ADC1,1,servo_2,A,0.549
1770051477.4242837,THERM,0,motor_temp,C,28.691
1770051477.4748237,ADC2,0,bus_voltage,V,10.59
1770051477.5260582,ADC1,1,servo_2,A,1.062
1770051477.5763824,ADC1,1,servo_2,A,0.371
1770051477.6269052,ADC2,0,bus_voltage,V,10.167
1770051477.6776118,ADC1,1,servo_2,A,0.836
1770051477.727855,THERM,0,motor_temp,C,32.165
1770051477.7780578,ADC1,1,servo_2,A,0.588
1770051477.8287268,ADC1,0,servo_1,A,0.228
1770051477.8791063,ADC1,1,servo_2,A,0.587
1770051477.9296145,ADC1,0,servo_1,A,0.898
1770051477.980032,THERM,0,motor_temp,C,60.077
1770051478.0311043,ADC1,0,servo_1,A,0.364
1770051478.081702,THERM,0,motor_temp,C,46.085
1770051478.1338603,ADC1,0,servo_1,A,1.885
1770051478.184499,THERM,0,motor_temp,C,53.124
1770051478.2352767,ADC2,0,bus_voltage,V,11.158
1770051478.2858467,ADC1,0,servo_1,A,0.817
1770051478.3363683,ADC2,0,bus_voltage,V,11.096
1770051478.3865378,THERM,0,motor_temp,C,47.995
1770051478.4375858,ADC1,0,servo_1,A,1.063
1770051478.4879541,THERM,0,motor_temp,C,48.796
1770051478.5382752,ADC2,0,bus_voltage,V,10.361
1770051478.5887134,ADC1,0,servo_1,A,0.378
1770051478.639409,ADC2,0,bus_voltage,V,10.911
1770051478.6900685,THERM,0,motor_temp,C,46.223
1770051478.7406359,ADC1,1,servo_2,A,0.236
1770051478.7914429,ADC2,0,bus_voltage,V,10.584
1770051478.8422132,THERM,0,motor_temp,C,69.149
1770051478.892612,ADC1,1,servo_2,A,2.313
1770051478.9435756,ADC1,1,servo_2,A,1.984
1770051478.994176,ADC1,0,servo_1,A,1.384
1770051479.0446055,ADC1,0,servo_1,A,1.287
1770051479.0951247,ADC2,0,bus_voltage,V,11.08
1770051479.1455965,ADC1,1,servo_2,A,1.358
1770051479.1960363,ADC1,0,servo_1,A,0.401
1770051479.2464387,ADC1,0,servo_1,A,1.776
1770051479.2969375,ADC2,0,bus_voltage,V,10.528
1770051479.3477898,ADC2,0,bus_voltage,V,12.444
1770051479.3984828,ADC1,1,servo_2,A,1.631
1770051479.4488595,ADC2,0,bus_voltage,V,10.438
1770051479.4991279,ADC1,0,servo_1,A,1.295
1770051479.5502915,ADC2,0,bus_voltage,V,10.388
1770051479.600967,THERM,0,motor_temp,C,60.703
1770051479.6515653,ADC1,1,servo_2,A,0.475
1770051479.7021308,ADC1,1,servo_2,A,1.534
1770051479.752803,ADC2,0,bus_voltage,V,11.72
1770051479.8035176,ADC2,0,bus_voltage,V,12.454
1770051479.8540883,THERM,0,motor_temp,C,33.394
1770051479.9050035,ADC2,0,bus_voltage,V,11.475
1770051479.9559364,ADC1,1,servo_2,A,2.092
1770051480.0067928,ADC1,1,servo_2,A,0.486
1770051480.0573773,ADC2,0,bus_voltage,V,12.396
1770051480.1077485,ADC1,0,servo_1,A,1.608
1770051480.1581938,ADC1,1,servo_2,A,2.474
1770051480.208733,ADC2,0,bus_voltage,V,12.369
1770051480.259281,ADC2,0,bus_voltage,V,10.261
1770051480.3096678,THERM,0,motor_temp,C,29.71
1770051480.3606744,ADC2,0,bus_voltage,V,10.676
1770051480.410952,ADC1,0,servo_1,A,1.12
1770051480.4617374,ADC1,1,servo_2,A,1.747
1770051480.5124145,ADC1,0,servo_1,A,1.97
1770051480.563225,ADC1,0,servo_1,A,0.829
1770051480.613937,ADC1,0,servo_1,A,2.381
1770051480.6643581,THERM,0,motor_temp,C,46.338
1770051480.7147193,ADC1,0,servo_1,A,1.435
1770051480.7651412,THERM,0,motor_temp,C,43.913
1770051480.8157077,ADC1,1,servo_2,A,1.425
1770051480.8661115,ADC2,0,bus_voltage,V,11.71
1770051480.916893,ADC2,0,bus_voltage,V,11.003
1770051480.9672801,ADC1,1,servo_2,A,2.402
1770051481.0192022,ADC2,0,bus_voltage,V,11.482
1770051481.0697653,ADC1,0,servo_1,A,0.985
1770051481.1203423,ADC1,0,servo_1,A,1.904
1770051481.1708684,ADC1,1,servo_2,A,0.83
1770051481.2214873,ADC2,0,bus_voltage,V,10.463
1770051481.2722583,THERM,0,motor_temp,C,68.08
1770051481.3229172,ADC1,0,servo_1,A,2.067
1770051481.3735898,THERM,0,motor_temp,C,38.797
1770051481.4244878,ADC1,0,servo_1,A,1.26
1770051481.4763434,ADC1,0,servo_1,A,1.501
1770051481.5266762,ADC1,1,servo_2,A,0.583
1770051481.577398,ADC1,1,servo_2,A,1.092
1770051481.628036,ADC2,0,bus_voltage,V,11.309
1770051481.678258,ADC1,1,servo_2,A,1.526
1770051481.728853,ADC1,1,servo_2,A,1.956
1770051481.7792082,ADC1,0,servo_1,A,1.274
1770051481.8307157,ADC2,0,bus_voltage,V,10.716
1770051481.8814666,ADC1,0,servo_1,A,1.769
1770051481.932066,ADC1,0,servo_1,A,1.085
1770051481.9825559,ADC2,0,bus_voltage,V,12.006
1770051482.0332263,ADC1,1,servo_2,A,2.193
1770051482.0837228,ADC1,1,servo_2,A,2.122
1770051482.1342258,ADC1,0,servo_1,A,2.235
1770051482.1844122,ADC2,0,bus_voltage,V,11.335
1770051482.23549,ADC2,0,bus_voltage,V,11.362
1770051482.2861032,ADC2,0,bus_voltage,V,11.255
1770051482.3364995,ADC1,1,servo_2,A,0.948
1770051482.3869026,ADC1,0,servo_1,A,2.432
1770051482.4376397,ADC1,1,servo_2,A,1.311
1770051482.4880495,ADC1,1,servo_2,A,2.284
1770051482.5387464,ADC1,0,servo_1,A,1.051
1770051482.5893102,ADC2,0,bus_voltage,V,10.903
1770051482.63985,THERM,0,motor_temp,C,53.771
1770051482.6904366,ADC1,0,servo_1,A,0.997
1770051482.7413878,ADC2,0,bus_voltage,V,11.286
1770051482.7918026,ADC1,1,servo_2,A,0.606
1770051482.84219,ADC1,0,servo_1,A,1.117
1770051482.8929114,THERM,0,motor_temp,C,46.423
1770051482.9434986,ADC2,0,bus_voltage,V,10.44
1770051482.993813,THERM,0,motor_temp,C,62.37
1770051483.0445428,ADC1,1,servo_2,A,0.584
1770051483.0952246,ADC1,1,servo_2,A,1.033
1770051483.145972,ADC2,0,bus_voltage,V,10.413
1770051483.1967201,ADC1,0,servo_1,A,2.446
1770051483.2473779,ADC2,0,bus_voltage,V,10.127
1770051483.2975867,ADC1,0,servo_1,A,2.497
1770051483.3479474,ADC1,1,servo_2,A,1.996
1770051483.3985956,ADC1,1,servo_2,A,2.011
1770051483.4490504,ADC1,1,servo_2,A,1.215
1770051483.499663,ADC1,1,servo_2,A,1.202
1770051483.5505261,ADC1,1,servo_2,A,1.097
1770051483.6011777,THERM,0,motor_temp,C,38.824
1770051483.6516807,ADC2,0,bus_voltage,V,12.284
1770051483.7023344,ADC1,0,servo_1,A,0.841
1770051483.7529085,ADC2,0,bus_voltage,V,10.361
1770051483.8034816,THERM,0,motor_temp,C,64.147
1770051483.8540819,THERM,0,motor_temp,C,56.794
1770051483.9049199,ADC1,0,servo_1,A,0.448
1770051483.9555562,ADC2,0,bus_voltage,V,10.768
1770051484.005895,ADC1,0,servo_1,A,1.305
1770051484.0562406,THERM,0,motor_temp,C,51.112
1770051484.10667,ADC1,1,servo_2,A,1.45
1770051484.157364,ADC2,0,bus_voltage,V,12.039
1770051484.2080994,ADC2,0,bus_voltage,V,11.848
1770051484.25885,ADC1,1,servo_2,A,2.209
1770051484.309247,ADC1,0,servo_1,A,2.125
1770051484.359645,ADC1,0,servo_1,A,0.3
1770051484.4099827,THERM,0,motor_temp,C,34.124
1770051484.4604948,ADC1,0,servo_1,A,1.791
1770051484.5108805,ADC1,1,servo_2,A,1.348
1770051484.5612247,ADC2,0,bus_voltage,V,11.37
1770051484.611667,ADC1,0,servo_1,A,1.119
1770051484.6620693,ADC1,0,servo_1,A,0.586
1770051484.712338,ADC1,0,servo_1,A,2.345
1770051484.7629695,ADC2,0,bus_voltage,V,10.255
1770051484.813464,ADC1,1,servo_2,A,2.137
1770051484.864339,ADC2,0,bus_voltage,V,11.219
1770051484.9148183,ADC1,0,servo_1,A,1.394
1770051484.9655886,ADC1,0,servo_1,A,0.484
1770051485.0166426,ADC2,0,bus_voltage,V,12.113
1770051485.0672238,ADC2,0,bus_voltage,V,12.271
1770051485.1179652,THERM,0,motor_temp,C,31.17
1770051485.1687675,ADC2,0,bus_voltage,V,11.858
1770051485.2193208,ADC2,0,bus_voltage,V,10.032
1770051485.269867,ADC2,0,bus_voltage,V,10.29
1770051485.320769,ADC1,1,servo_2,A,1.241
1770051485.3711076,ADC2,0,bus_voltage,V,12.216
1770051485.4214075,ADC2,0,bus_voltage,V,12.332
1770051485.4719634,THERM,0,motor_temp,C,31.725
1770051485.5225234,ADC1,1,servo_2,A,0.275
1770051485.5731184,THERM,0,motor_temp,C,52.716
1770051485.6236215,THERM,0,motor_temp,C,50.447
1770051485.674018,THERM,0,motor_temp,C,60.852
1770051485.7244322,THERM,0,motor_temp,C,52.363
1770051485.7749212,ADC1,1,servo_2,A,0.725
1770051485.825856,ADC1,1,servo_2,A,0.755
1770051485.8762653,THERM,0,motor_temp,C,56.243
1770051485.9269047,ADC1,0,servo_1,A,1.866
1770051485.9777305,ADC1,1,servo_2,A,0.439
1770051486.0282648,ADC1,1,servo_2,A,0.441
1770051486.0789595,ADC1,1,servo_2,A,0.741
1770051486.129666,ADC1,1,servo_2,A,1.905
1770051486.1801853,ADC1,1,servo_2,A,0.373
1770051486.2307534,THERM,0,motor_temp,C,66.595
1770051486.281112,THERM,0,motor_temp,C,29.624
1770051486.331717,THERM,0,motor_temp,C,69.686
1770051486.3824456,ADC1,1,servo_2,A,0.247
1770051486.4328709,THERM,0,motor_temp,C,32.511
1770051486.4834623,ADC1,0,servo_1,A,1.616
1770051486.5338914,ADC1,0,servo_1,A,2.251
1770051486.584507,THERM,0,motor_temp,C,45.69
1770051486.6351027,ADC1,1,servo_2,A,0.296
1770051486.6856034,THERM,0,motor_temp,C,27.229
1770051486.7359834,ADC1,0,servo_1,A,1.877
1770051486.7862802,ADC1,0,servo_1,A,2.321
1770051486.8368704,THERM,0,motor_temp,C,61.579
1770051486.8875387,THERM,0,motor_temp,C,26.917
1770051486.9385796,THERM,0,motor_temp,C,69.948
1770051486.9887838,THERM,0,motor_temp,C,61.81
1770051487.0396993,ADC1,0,servo_1,A,0.564
1770051487.0902412,THERM,0,motor_temp,C,65.54
1770051487.1407263,ADC1,1,servo_2,A,1.935
1770051487.1913695,THERM,0,motor_temp,C,32.218
1770051487.2419105,ADC1,0,servo_1,A,0.36
1770051487.2926595,ADC1,0,servo_1,A,1.569
1770051487.3432746,ADC1,1,servo_2,A,0.813
1770051487.393816,ADC1,0,servo_1,A,0.293
1770051487.4444318,ADC2,0,bus_voltage,V,10.177
1770051487.4948952,ADC1,0,servo_1,A,1.629
1770051487.5452013,ADC2,0,bus_voltage,V,10.135
1770051487.595797,THERM,0,motor_temp,C,47.277
1770051487.6461434,THERM,0,motor_temp,C,44.221
1770051487.6964626,THERM,0,motor_temp,C,53.296
1770051487.7477577,ADC2,0,bus_voltage,V,12.338
1770051487.7988362,ADC1,1,servo_2,A,2.491
1770051487.8500345,THERM,0,motor_temp,C,58.298
1770051487.9008877,THERM,0,motor_temp,C,62.8
1770051487.9516494,THERM,0,motor_temp,C,55.709
1770051488.0023193,ADC2,0,bus_voltage,V,10.132
1770051488.0528874,THERM,0,motor_temp,C,53.549
1770051488.103402,ADC2,0,bus_voltage,V,10.633
1770051488.1539214,ADC2,0,bus_voltage,V,10.286
1770051488.2043555,ADC1,1,servo_2,A,1.225
1770051488.2552066,ADC1,0,servo_1,A,1.827
1770051488.3064535,ADC1,0,servo_1,A,2.349
1770051488.3571045,ADC2,0,bus_voltage,V,11.842
1770051488.40758,ADC2,0,bus_voltage,V,10.004
1770051488.4580712,ADC2,0,bus_voltage,V,12.256
1770051488.5084536,ADC1,1,servo_2,A,1.353
1770051488.5591037,ADC1,0,servo_1,A,0.416
1770051488.6100404,ADC1,1,servo_2,A,0.273
1770051488.6609879,THERM,0,motor_temp,C,28.637
1770051488.711832,ADC1,1,servo_2,A,1.427
1770051488.762431,ADC1,1,servo_2,A,1.249
1770051488.8131633,ADC1,1,servo_2,A,2.481
1770051488.8638773,ADC2,0,bus_voltage,V,12.085
1770051488.9145648,THERM,0,motor_temp,C,67.268
1770051488.9649885,ADC2,0,bus_voltage,V,12.461
1770051489.015548,THERM,0,motor_temp,C,56.041
1770051489.0662112,ADC1,0,servo_1,A,2.166
1770051489.1169012,ADC1,0,servo_1,A,1.2
1770051489.167879,THERM,0,motor_temp,C,54.434
1770051489.2182543,ADC2,0,bus_voltage,V,10.442
1770051489.26853,ADC1,0,servo_1,A,1.541
1770051489.3188963,THERM,0,motor_temp,C,48.957
1770051489.3696117,THERM,0,motor_temp,C,68.027
1770051489.4205527,ADC1,0,servo_1,A,0.375
1770051489.4711692,ADC1,1,servo_2,A,2.212
1770051489.5217323,ADC1,0,servo_1,A,0.943
1770051489.572384,ADC1,1,servo_2,A,0.233
1770051489.6231058,ADC2,0,bus_voltage,V,11.874
1770051489.6736398,ADC1,1,servo_2,A,0.661
1770051489.7240796,ADC1,0,servo_1,A,1.234
1770051489.774598,ADC2,0,bus_voltage,V,11.312
1770051489.8251889,ADC2,0,bus_voltage,V,11.527
1770051489.8756618,THERM,0,motor_temp,C,27.052
1770051489.9259627,THERM,0,motor_temp,C,39.455
1770051489.9767656,THERM,0,motor_temp,C,35.008
1770051490.027309,ADC1,1,servo_2,A,2.467
1770051490.0779645,ADC1,0,servo_1,A,1.894
1770051490.1283538,ADC1,1,servo_2,A,1.308
1770051490.1788735,THERM,0,motor_temp,C,46.725
1770051490.2294192,THERM,0,motor_temp,C,56.477
1770051490.2799098,ADC2,0,bus_voltage,V,10.904
1770051490.3309038,ADC1,1,servo_2,A,2.499
1770051490.3814957,ADC1,1,servo_2,A,0.38
1770051490.4321733,ADC2,0,bus_voltage,V,11.962
1770051490.4824798,THERM,0,motor_temp,C,49.645
1770051490.5329607,ADC1,0,servo_1,A,0.498
1770051490.5832992,THERM,0,motor_temp,C,31.889
1770051490.6337042,ADC1,1,servo_2,A,1.62
1770051490.6845884,THERM,0,motor_temp,C,65.042
1770051490.7351766,THERM,0,motor_temp,C,26.744
1770051490.7858834,ADC2,0,bus_voltage,V,12.349
1770051490.8367853,ADC1,1,servo_2,A,2.246
1770051490.8873508,ADC1,0,servo_1,A,0.265
1770051490.937977,THERM,0,motor_temp,C,44.475
1770051490.9883869,ADC1,1,servo_2,A,0.847
1770051491.0387487,THERM,0,motor_temp,C,66.171
1770051491.088955,ADC1,1,servo_2,A,0.742
1770051491.1394308,ADC1,1,servo_2,A,1.918
1770051491.189879,THERM,0,motor_temp,C,51.168
1770051491.2402148,ADC1,1,servo_2,A,1.624
1770051491.2904718,ADC1,0,servo_1,A,0.761
1770051491.3406918,THERM,0,motor_temp,C,51.612
1770051491.3912475,ADC1,1,servo_2,A,2.06
1770051491.4415064,THERM,0,motor_temp,C,50.049
1770051491.4921036,ADC2,0,bus_voltage,V,10.518
1770051491.5426006,ADC1,0,servo_1,A,0.713
1770051491.5931246,ADC2,0,bus_voltage,V,10.406
1770051491.6437,THERM,0,motor_temp,C,64.688
1770051491.6944904,ADC2,0,bus_voltage,V,11.453
1770051491.7449162,ADC1,0,servo_1,A,0.53
1770051491.7959995,ADC1,1,servo_2,A,1.524
1770051491.846717,THERM,0,motor_temp,C,62.354
1770051491.8971689,THERM,0,motor_temp,C,30.344
1770051491.9477599,ADC1,0,servo_1,A,0.391
1770051491.998175,THERM,0,motor_temp,C,33.198
1770051492.0490713,ADC1,1,servo_2,A,0.739
1770051492.0994112,ADC1,1,servo_2,A,0.405
1770051492.1499567,ADC2,0,bus_voltage,V,12.387
1770051492.2004201,THERM,0,motor_temp,C,58.072
1770051492.2507925,THERM,0,motor_temp,C,27.442
1770051492.3017583,ADC1,0,servo_1,A,0.987
1770051492.3524125,THERM,0,motor_temp,C,53.485
1770051492.4026365,THERM,0,motor_temp,C,41.177
1770051492.4528391,THERM,0,motor_temp,C,29.67
1770051492.5033646,THERM,0,motor_temp,C,36.325
1770051492.5539541,ADC1,0,servo_1,A,1.828
1770051492.6044025,ADC1,1,servo_2,A,2.074
1770051492.6545749,ADC2,0,bus_voltage,V,11.174
1770051492.705317,ADC1,0,servo_1,A,2.142
1770051492.7559083,ADC1,0,servo_1,A,1.132
1770051492.8062057,THERM,0,motor_temp,C,39.848
1770051492.8566966,ADC2,0,bus_voltage,V,11.932
1770051492.9075654,THERM,0,motor_temp,C,69.803
1770051492.9581382,ADC1,1,servo_2,A,1.051
1770051493.0087132,ADC2,0,bus_voltage,V,10.537
1770051493.059086,THERM,0,motor_temp,C,60.658
1770051493.109504,THERM,0,motor_temp,C,25.275
1770051493.159922,THERM,0,motor_temp,C,31.745
1770051493.2106814,THERM,0,motor_temp,C,25.105
1770051493.2614303,ADC1,0,servo_1,A,2.491
1770051493.3118782,ADC1,0,servo_1,A,2.381
1770051493.362573,ADC2,0,bus_voltage,V,12.176
1770051493.4131346,ADC1,0,servo_1,A,1.432
1770051493.4636803,ADC1,1,servo_2,A,1.277
1770051493.5141914,ADC1,1,servo_2,A,0.398
1770051493.5648475,ADC2,0,bus_voltage,V,12.229
1770051493.6153738,ADC1,1,servo_2,A,2.295
1770051493.6657784,THERM,0,motor_temp,C,62.678
1770051493.716607,ADC2,0,bus_voltage,V,12.177
1770051493.7673967,ADC1,0,servo_1,A,0.668
1770051493.8178356,ADC1,1,servo_2,A,1.879
1770051493.8681414,THERM,0,motor_temp,C,37.139
1770051493.9185839,ADC1,0,servo_1,A,1.633
1770051493.9696095,ADC1,0,servo_1,A,1.811
1770051494.0202334,THERM,0,motor_temp,C,47.833
1770051494.0704095,ADC1,0,servo_1,A,0.685
1770051494.1209733,THERM,0,motor_temp,C,65.151
1770051494.1719615,ADC1,0,servo_1,A,1.521
1770051494.222341,ADC1,0,servo_1,A,1.527
1770051494.2730758,ADC1,1,servo_2,A,0.804
1770051494.3237486,ADC1,1,servo_2,A,0.327
1770051494.3757207,THERM,0,motor_temp,C,54.702
1770051494.4265974,ADC1,0,servo_1,A,0.301
1770051494.4769735,ADC1,1,servo_2,A,1.738
1770051494.5274422,ADC1,0,servo_1,A,1.527
1770051494.5781345,ADC1,1,servo_2,A,0.35
1770051494.6288621,ADC1,0,servo_1,A,0.547
1770051494.6795905,THERM,0,motor_temp,C,38.462
1770051494.730144,THERM,0,motor_temp,C,25.949
1770051494.7806036,THERM,0,motor_temp,C,33.174
1770051494.8310583,ADC2,0,bus_voltage,V,12.243
1770051494.8814833,ADC1,0,servo_1,A,0.22
1770051494.9319105,ADC1,1,servo_2,A,2.386
1770051494.9824655,ADC2,0,bus_voltage,V,11.22
1770051495.0329168,THERM,0,motor_temp,C,57.441
1770051495.0834613,ADC2,0,bus_voltage,V,10.819
1770051495.1341307,ADC1,1,servo_2,A,2.271
1770051495.185024,ADC1,1,servo_2,A,1.919
1770051495.235631,ADC1,1,servo_2,A,1.528
1770051495.2862234,ADC2,0,bus_voltage,V,12.325
1770051495.3367093,ADC1,1,servo_2,A,1.393
1770051495.3881142,THERM,0,motor_temp,C,32.494
1770051495.4387708,ADC1,0,servo_1,A,0.95
1770051495.4894385,THERM,0,motor_temp,C,37.663
1770051495.5401418,ADC1,1,servo_2,A,1.957
1770051495.5906274,ADC1,1,servo_2,A,0.555
1770051495.6413126,ADC1,1,servo_2,A,1.112
1770051495.691995,ADC1,0,servo_1,A,2.08
1770051495.7428927,ADC2,0,bus_voltage,V,10.326
1770051495.7934632,ADC1,1,servo_2,A,1.455
1770051495.843789,THERM,0,motor_temp,C,48.857
1770051495.894294,THERM,0,motor_temp,C,69.039
1770051495.9448915,ADC1,1,servo_2,A,0.88
1770051495.9956093,ADC1,1,servo_2,A,1.128
1770051496.0459287,ADC1,1,servo_2,A,0.857
1770051496.096708,ADC1,1,servo_2,A,0.558
1770051496.1476781,THERM,0,motor_temp,C,35.667
1770051496.1979253,ADC1,0,servo_1,A,1.303
1770051496.2483482,ADC1,1,servo_2,A,1.942
1770051496.2988062,ADC2,0,bus_voltage,V,10.897
1770051496.3490694,THERM,0,motor_temp,C,51.868
1770051496.399568,ADC1,0,servo_1,A,0.297
1770051496.4501913,ADC1,1,servo_2,A,2.147
1770051496.5008762,ADC1,0,servo_1,A,1.537
1770051496.551562,ADC2,0,bus_voltage,V,12.44
1770051496.6025298,ADC1,1,servo_2,A,1.927
1770051496.6532106,THERM,0,motor_temp,C,38.643
1770051496.7036378,ADC2,0,bus_voltage,V,10.85
1770051496.753974,ADC1,0,servo_1,A,1.793
1770051496.8045678,ADC1,1,servo_2,A,0.602
1770051496.8550074,ADC2,0,bus_voltage,V,11.29
1770051496.9054961,ADC1,0,servo_1,A,0.646
1770051496.9557076,THERM,0,motor_temp,C,30.144
1770051497.0060203,THERM,0,motor_temp,C,65.854
1770051497.0569024,ADC2,0,bus_voltage,V,11.476
1770051497.1073887,ADC1,1,servo_2,A,2.493
1770051497.1583426,ADC1,0,servo_1,A,2.149
1770051497.208697,ADC2,0,bus_voltage,V,10.139
1770051497.259241,THERM,0,motor_temp,C,54.314
1770051497.3094394,ADC2,0,bus_voltage,V,11.222
1770051497.3598917,ADC2,0,bus_voltage,V,11.616
1770051497.410473,ADC2,0,bus_voltage,V,10.704
1770051497.461128,ADC1,0,servo_1,A,0.286
1770051497.5115058,ADC1,0,servo_1,A,2.302
1770051497.561897,ADC2,0,bus_voltage,V,12.214
1770051497.6125686,ADC1,0,servo_1,A,0.821
1770051497.6628203,THERM,0,motor_temp,C,26.717
1770051497.713077,ADC1,1,servo_2,A,0.362
1770051497.7632792,THERM,0,motor_temp,C,63.041
1770051497.8137927,ADC2,0,bus_voltage,V,12.046
1770051497.8642957,ADC2,0,bus_voltage,V,10.259
1770051497.91464,ADC1,1,servo_2,A,0.597
1770051497.9651694,THERM,0,motor_temp,C,35.909
1770051498.0156322,ADC1,0,servo_1,A,0.893
1770051498.0660963,ADC2,0,bus_voltage,V,11.421
1770051498.1164405,THERM,0,motor_temp,C,65.174
1770051498.167025,ADC1,0,servo_1,A,1.57
1770051498.2173402,ADC1,0,servo_1,A,0.505
1770051498.2677891,ADC1,1,servo_2,A,2.144
1770051498.3182595,ADC1,0,servo_1,A,1.975
1770051498.368696,ADC1,0,servo_1,A,1.764
1770051498.4191837,ADC1,1,servo_2,A,2.28
1770051498.4697096,ADC2,0,bus_voltage,V,10.041
1770051498.5204988,ADC1,0,servo_1,A,1.489
1770051498.5709498,ADC1,0,servo_1,A,1.28
1770051498.6219196,ADC1,1,servo_2,A,1.885
1770051498.6726882,ADC2,0,bus_voltage,V,11.283
1770051498.7231147,ADC1,1,servo_2,A,0.554
1770051498.7737255,ADC1,1,servo_2,A,2.106
1770051498.8244674,ADC1,1,servo_2,A,1.751
1770051498.8751302,ADC1,0,servo_1,A,0.456
1770051498.925562,ADC1,1,servo_2,A,1.081
1770051498.9767292,ADC2,0,bus_voltage,V,10.999
1770051499.027053,ADC1,1,servo_2,A,1.8
1770051499.0776246,ADC2,0,bus_voltage,V,11.045
1770051499.128007,ADC2,0,bus_voltage,V,11.656
1770051499.1783698,ADC1,0,servo_1,A,1.457
1770051499.2292855,ADC1,1,servo_2,A,1.033
1770051499.2799191,ADC2,0,bus_voltage,V,11.993
1770051499.3301857,ADC1,0,servo_1,A,0.706
1770051499.380425,ADC2,0,bus_voltage,V,12.28
1770051499.4308312,ADC1,1,servo_2,A,2.05
1770051499.4812374,THERM,0,motor_temp,C,61.07
1770051499.531816,THERM,0,motor_temp,C,44.882
1770051499.5825505,ADC2,0,bus_voltage,V,10.901
1770051499.6335545,ADC1,0,servo_1,A,1.422
1770051499.6838531,ADC2,0,bus_voltage,V,11.191
1770051499.7343032,THERM,0,motor_temp,C,40.776
1770051499.7849452,ADC2,0,bus_voltage,V,11.27
1770051499.83556,ADC1,0,servo_1,A,1.719
1770051499.8858354,ADC1,1,servo_2,A,0.551
1770051499.9362032,ADC2,0,bus_voltage,V,10.652
1770051499.9865751,ADC1,0,servo_1,A,1.428
1770051500.0369148,ADC1,1,servo_2,A,0.633
1770051500.0871248,ADC1,0,servo_1,A,0.493
1770051500.1375408,THERM,0,motor_temp,C,51.096
1770051500.1882112,ADC2,0,bus_voltage,V,11.122
1770051500.2398076,ADC1,0,servo_1,A,0.749
1770051500.2910526,ADC2,0,bus_voltage,V,11.915
1770051500.3416972,ADC2,0,bus_voltage,V,10.593
1770051500.3922596,THERM,0,motor_temp,C,31.259
1770051500.4431074,ADC2,0,bus_voltage,V,11.358
1770051500.4936109,ADC1,0,servo_1,A,2.179
1770051500.5440633,ADC1,0,servo_1,A,0.798
1770051500.594981,ADC2,0,bus_voltage,V,10.728
1770051500.6456609,THERM,0,motor_temp,C,54.292
1770051500.6963055,THERM,0,motor_temp,C,51.963
1770051500.7469876,THERM,0,motor_temp,C,56.478
1770051500.7976928,ADC1,1,servo_2,A,1.546
1770051500.8488016,ADC1,0,servo_1,A,2.123
1770051500.899594,THERM,0,motor_temp,C,57.814
1770051500.950029,ADC1,1,servo_2,A,1.915
1770051501.000352,ADC1,1,servo_2,A,0.888
1770051501.0508988,THERM,0,motor_temp,C,31.718
1770051501.1019566,ADC1,1,servo_2,A,1.624
1770051501.1526895,ADC2,0,bus_voltage,V,10.425
1770051501.2033777,ADC2,0,bus_voltage,V,10.809
1770051501.2538104,ADC2,0,bus_voltage,V,11.155
1770051501.304051,ADC1,1,servo_2,A,2.008
1770051501.3548703,ADC1,1,servo_2,A,0.748
1770051501.4057727,ADC2,0,bus_voltage,V,10.233
1770051501.4567478,ADC1,1,servo_2,A,1.798
1770051501.5075572,ADC2,0,bus_voltage,V,10.403
1770051501.5579402,ADC1,1,servo_2,A,0.921
1770051501.6085482,ADC2,0,bus_voltage,V,10.678
1770051501.6592586,ADC1,0,servo_1,A,0.227
1770051501.710164,THERM,0,motor_temp,C,30.585
1770051501.7607243,THERM,0,motor_temp,C,30.324
1770051501.8111997,ADC1,1,servo_2,A,1.715
1770051501.861739,ADC1,1,servo_2,A,1.188
1770051501.9125435,ADC2,0,bus_voltage,V,12.049
1770051501.9630804,ADC2,0,bus_voltage,V,11.333
1770051502.0134788,THERM,0,motor_temp,C,39.191
1770051502.063995,ADC2,0,bus_voltage,V,11.684
1770051502.1143987,THERM,0,motor_temp,C,40.701
1770051502.1651874,THERM,0,motor_temp,C,53.136
1770051502.2160075,ADC2,0,bus_voltage,V,10.264
1770051502.2665977,ADC1,0,servo_1,A,0.803
1770051502.317299,ADC2,0,bus_voltage,V,10.241
1770051502.3678892,ADC2,0,bus_voltage,V,12.531
1770051502.4183695,ADC2,0,bus_voltage,V,10.18
1770051502.468763,ADC1,1,servo_2,A,1.356
1770051502.519105,ADC2,0,bus_voltage,V,11.033
1770051502.5695138,ADC2,0,bus_voltage,V,12.578
1770051502.6201959,THERM,0,motor_temp,C,40.011
1770051502.6706898,ADC1,1,servo_2,A,0.866
1770051502.7209852,ADC2,0,bus_voltage,V,10.508
1770051502.7712622,ADC1,0,servo_1,A,2.497
1770051502.8219388,ADC1,0,servo_1,A,2.128
1770051502.8728337,ADC1,0,servo_1,A,2.231
1770051502.9234486,THERM,0,motor_temp,C,36.292
1770051502.9738197,THERM,0,motor_temp,C,64.382
1770051503.0248678,ADC1,0,servo_1,A,0.727
1770051503.0757818,ADC1,0,servo_1,A,1.738
1770051503.1275468,THERM,0,motor_temp,C,38.314
1770051503.1779413,ADC1,1,servo_2,A,1.342
1770051503.2286687,ADC1,0,servo_1,A,1.003
1770051503.2790422,THERM,0,motor_temp,C,63.511
1770051503.329852,ADC1,1,servo_2,A,2.437
1770051503.380209,ADC2,0,bus_voltage,V,11.047
1770051503.4308712,THERM,0,motor_temp,C,50.763
1770051503.481567,ADC2,0,bus_voltage,V,11.972
1770051503.5318959,THERM,0,motor_temp,C,27.071
1770051503.5825229,ADC1,1,servo_2,A,2.323
1770051503.633167,ADC2,0,bus_voltage,V,11.533
1770051503.6838582,ADC1,1,servo_2,A,0.569
1770051503.7345898,ADC1,1,servo_2,A,1.342
1770051503.7850182,ADC2,0,bus_voltage,V,11.321
1770051503.8354766,ADC2,0,bus_voltage,V,10.479
1770051503.8860884,ADC1,1,servo_2,A,0.694
1770051503.9366362,ADC1,0,servo_1,A,0.985
1770051503.9871366,ADC1,1,servo_2,A,2.468
1770051504.0377598,ADC2,0,bus_voltage,V,12.552
1770051504.088431,THERM,0,motor_temp,C,39.974
1770051504.1390743,ADC1,1,servo_2,A,2.392
1770051504.1896014,ADC1,1,servo_2,A,1.781
1770051504.2404058,ADC1,1,servo_2,A,1.67
1770051504.2909458,ADC1,0,servo_1,A,1.073
1770051504.341616,ADC1,0,servo_1,A,1.354
1770051504.3922124,ADC1,1,servo_2,A,0.33
1770051504.4427264,ADC2,0,bus_voltage,V,11.023
1770051504.493195,ADC1,0,servo_1,A,2.462
1770051504.544132,THERM,0,motor_temp,C,32.324
1770051504.59486,ADC1,0,servo_1,A,2.07
1770051504.6452236,ADC1,1,servo_2,A,1.222
1770051504.6955512,ADC2,0,bus_voltage,V,10.057
1770051504.7462342,ADC1,0,servo_1,A,1.031
1770051504.7969475,ADC2,0,bus_voltage,V,10.591
1770051504.8471603,THERM,0,motor_temp,C,39.096
1770051504.8975346,ADC2,0,bus_voltage,V,11.505
1770051504.947969,THERM,0,motor_temp,C,31.622
1770051504.9985197,ADC2,0,bus_voltage,V,11.451
1770051505.0493374,ADC2,0,bus_voltage,V,11.408
1770051505.099794,ADC2,0,bus_voltage,V,10.025
1770051505.1505876,THERM,0,motor_temp,C,32.749
1770051505.201443,THERM,0,motor_temp,C,38.36
1770051505.2518525,THERM,0,motor_temp,C,68.656
1770051505.3023393,ADC2,0,bus_voltage,V,11.595
1770051505.352839,ADC2,0,bus_voltage,V,10.08
1770051505.4034436,THERM,0,motor_temp,C,49.189
1770051505.454221,ADC1,0,servo_1,A,1.495
1770051505.5050588,ADC1,0,servo_1,A,2.199
1770051505.5558436,ADC2,0,bus_voltage,V,10.677
1770051505.6062934,ADC2,0,bus_voltage,V,12.362
1770051505.6571038,ADC2,0,bus_voltage,V,10.126
1770051505.7077942,THERM,0,motor_temp,C,57.986
1770051505.7584991,THERM,0,motor_temp,C,36.814
1770051505.8091967,THERM,0,motor_temp,C,39.57
1770051505.860038,ADC1,1,servo_2,A,2.276
1770051505.9106276,THERM,0,motor_temp,C,66.848
1770051505.9610817,ADC1,0,servo_1,A,0.834
1770051506.011527,ADC2,0,bus_voltage,V,11.742
1770051506.062251,THERM,0,motor_temp,C,45.517
1770051506.1126223,ADC2,0,bus_voltage,V,11.667
1770051506.1633453,ADC1,1,servo_2,A,1.663
1770051506.2138796,ADC1,0,servo_1,A,0.295
1770051506.2644706,ADC1,1,servo_2,A,0.836
1770051506.3153634,ADC2,0,bus_voltage,V,12.322
1770051506.3663242,THERM,0,motor_temp,C,26.364
1770051506.4170692,ADC2,0,bus_voltage,V,11.698
1770051506.4681082,ADC1,1,servo_2,A,2.301
1770051506.5187173,ADC2,0,bus_voltage,V,10.419
1770051506.5689738,ADC1,1,servo_2,A,1.229
1770051506.6195776,ADC2,0,bus_voltage,V,11.253
1770051506.6701305,ADC2,0,bus_voltage,V,11.987
1770051506.7208326,THERM,0,motor_temp,C,55.689
1770051506.7712004,THERM,0,motor_temp,C,29.481
1770051506.8217058,THERM,0,motor_temp,C,61.883
1770051506.8720522,THERM,0,motor_temp,C,67.346
1770051506.922645,ADC1,0,servo_1,A,1.72
1770051506.9732366,ADC2,0,bus_voltage,V,10.197
1770051507.0239425,ADC1,1,servo_2,A,0.308
1770051507.074382,THERM,0,motor_temp,C,61.079
1770051507.1249256,ADC1,0,servo_1,A,0.746
1770051507.1755316,ADC1,1,servo_2,A,0.418
1770051507.2262042,THERM,0,motor_temp,C,55.376
1770051507.277007,ADC1,0,servo_1,A,1.721
1770051507.3275232,ADC1,0,servo_1,A,1.388
1770051507.3779354,THERM,0,motor_temp,C,47.891
1770051507.4286647,ADC2,0,bus_voltage,V,10.156
1770051507.479192,ADC2,0,bus_voltage,V,11.022
1770051507.5295696,ADC1,0,servo_1,A,2.494
1770051507.5800643,ADC2,0,bus_voltage,V,12.291
1770051507.630303,THERM,0,motor_temp,C,40.713
1770051507.680851,ADC1,0,servo_1,A,1.952
1770051507.7315435,ADC1,1,servo_2,A,1.16
1770051507.7820983,ADC2,0,bus_voltage,V,12.515
1770051507.8329198,ADC2,0,bus_voltage,V,11.1
1770051507.8835545,THERM,0,motor_temp,C,41.995
1770051507.934201,THERM,0,motor_temp,C,25.785
1770051507.9850225,THERM,0,motor_temp,C,46.153
1770051508.0357022,ADC1,1,servo_2,A,2.141
1770051508.0861597,ADC1,0,servo_1,A,1.62
1770051508.1366048,ADC1,0,servo_1,A,1.404
1770051508.187025,THERM,0,motor_temp,C,53.016
1770051508.2376213,ADC1,1,servo_2,A,1.725
1770051508.2880251,THERM,0,motor_temp,C,43.501
1770051508.3383982,ADC1,1,servo_2,A,2.149
1770051508.38892,THERM,0,motor_temp,C,68.272
1770051508.4403117,ADC1,1,servo_2,A,1.283
1770051508.490981,THERM,0,motor_temp,C,38.638
1770051508.5415192,THERM,0,motor_temp,C,46.946
1770051508.591853,ADC1,0,servo_1,A,0.946
1770051508.642516,ADC2,0,bus_voltage,V,11.766
1770051508.6931746,THERM,0,motor_temp,C,47.69
1770051508.744536,ADC1,1,servo_2,A,1.354
1770051508.7952108,ADC2,0,bus_voltage,V,12.196
1770051508.845702,ADC1,0,servo_1,A,1.712
1770051508.8961916,ADC1,1,servo_2,A,1.622
1770051508.9466796,ADC1,0,servo_1,A,1.035
1770051508.9974093,ADC2,0,bus_voltage,V,10.037
1770051509.0479836,ADC1,0,servo_1,A,0.326
1770051509.0986109,THERM,0,motor_temp,C,52.315
1770051509.149382,ADC1,1,servo_2,A,2.151
1770051509.2000902,THERM,0,motor_temp,C,48.115
1770051509.2508204,ADC1,1,servo_2,A,1.542
1770051509.3012755,ADC1,0,servo_1,A,2.11
1770051509.3517244,ADC2,0,bus_voltage,V,11.647
1770051509.4027052,ADC2,0,bus_voltage,V,12.029
1770051509.453298,ADC1,0,servo_1,A,2.276
1770051509.5040374,ADC1,1,servo_2,A,0.902
1770051509.554423,ADC1,0,servo_1,A,2.403
1770051509.6047819,THERM,0,motor_temp,C,41.186
1770051509.6553528,ADC2,0,bus_voltage,V,11.492
1770051509.706207,ADC2,0,bus_voltage,V,10.518
1770051509.7565832,ADC2,0,bus_voltage,V,10.189
1770051509.8073308,ADC1,0,servo_1,A,0.851
1770051509.858078,ADC2,0,bus_voltage,V,12.037
1770051509.9086938,ADC2,0,bus_voltage,V,12.002
1770051509.9595082,ADC2,0,bus_voltage,V,11.127
1770051510.0105522,THERM,0,motor_temp,C,46.721
1770051510.0608802,ADC1,0,servo_1,A,1.801
1770051510.1118548,ADC1,1,servo_2,A,2.083
1770051510.1633887,ADC2,0,bus_voltage,V,10.284
1770051510.2137704,THERM,0,motor_temp,C,34.746
1770051510.264423,ADC1,0,servo_1,A,1.92
1770051510.314774,ADC2,0,bus_voltage,V,10.539
1770051510.3655372,ADC1,0,servo_1,A,0.947
1770051510.416108,THERM,0,motor_temp,C,63.534
1770051510.4665642,THERM,0,motor_temp,C,55.587
1770051510.5170639,ADC2,0,bus_voltage,V,11.908
1770051510.5676863,ADC1,1,servo_2,A,0.429
1770051510.6180937,ADC1,1,servo_2,A,0.804
1770051510.6687944,ADC2,0,bus_voltage,V,10.569
1770051510.7203128,ADC1,1,servo_2,A,2.007
1770051510.771031,ADC1,0,servo_1,A,1.223
1770051510.821418,ADC1,1,servo_2,A,0.326
1770051510.8718877,ADC1,0,servo_1,A,1.966
1770051510.922369,THERM,0,motor_temp,C,63.107
1770051510.9729586,THERM,0,motor_temp,C,62.128
1770051511.0236418,THERM,0,motor_temp,C,68.044
1770051511.074227,ADC1,1,servo_2,A,0.245
1770051511.1249404,ADC1,1,servo_2,A,0.96
1770051511.1754346,ADC1,0,servo_1,A,1.466
1770051511.2261426,ADC1,1,servo_2,A,0.767
1770051511.2769547,ADC1,1,servo_2,A,2.064
1770051511.3274896,ADC1,1,servo_2,A,0.775
1770051511.3779397,THERM,0,motor_temp,C,29.468
1770051511.4283893,THERM,0,motor_temp,C,65.379
1770051511.4787736,THERM,0,motor_temp,C,33.403
1770051511.5294392,THERM,0,motor_temp,C,47.698
1770051511.5799613,ADC1,0,servo_1,A,0.746
1770051511.630469,ADC1,0,servo_1,A,2.183
1770051511.6810367,ADC1,0,servo_1,A,1.798
1770051511.7318127,ADC1,1,servo_2,A,0.818
1770051511.7824721,THERM,0,motor_temp,C,31.478
1770051511.8332293,ADC1,1,servo_2,A,2.35
1770051511.8834343,ADC2,0,bus_voltage,V,11.693
1770051511.9341562,ADC2,0,bus_voltage,V,11.186
1770051511.9851894,ADC1,1,servo_2,A,2.178
1770051512.0355902,ADC2,0,bus_voltage,V,10.046
1770051512.0860727,ADC2,0,bus_voltage,V,11.484
1770051512.1365478,ADC1,0,servo_1,A,0.265
1770051512.1871908,ADC2,0,bus_voltage,V,10.213
1770051512.2380466,ADC2,0,bus_voltage,V,11.744
1770051512.2882147,ADC1,1,servo_2,A,0.32
1770051512.3388805,ADC1,0,servo_1,A,1.969
1770051512.3894126,ADC1,1,servo_2,A,1.485
1770051512.439845,ADC1,0,servo_1,A,2.148
1770051512.490442,ADC2,0,bus_voltage,V,12.452
1770051512.5410557,ADC1,1,servo_2,A,0.801
1770051512.5915935,ADC2,0,bus_voltage,V,10.78
1770051512.6421084,ADC1,1,servo_2,A,1.903
1770051512.692844,ADC1,1,servo_2,A,1.775
1770051512.7436206,ADC1,1,servo_2,A,0.391
1770051512.7939901,ADC2,0,bus_voltage,V,12.094
1770051512.8444319,ADC1,0,servo_1,A,0.982
1770051512.89506,THERM,0,motor_temp,C,37.203
1770051512.9456663,ADC2,0,bus_voltage,V,10.678
1770051512.9964097,ADC1,0,servo_1,A,2.21
1770051513.0472746,ADC1,0,servo_1,A,1.293
1770051513.0976887,THERM,0,motor_temp,C,36.169
1770051513.1480136,THERM,0,motor_temp,C,68.775
1770051513.1990318,THERM,0,motor_temp,C,64.673
1770051513.2495344,THERM,0,motor_temp,C,34.03
1770051513.3001206,ADC2,0,bus_voltage,V,11.347
1770051513.3509753,ADC2,0,bus_voltage,V,12.509
1770051513.4016864,ADC1,1,servo_2,A,1.839
1770051513.4519496,ADC1,1,servo_2,A,2.401
1770051513.5025883,ADC1,1,servo_2,A,1.689
1770051513.5610762,THERM,0,motor_temp,C,69.735
1770051513.6122274,ADC1,1,servo_2,A,2.457
1770051513.6628625,THERM,0,motor_temp,C,58.171
1770051513.7134156,ADC2,0,bus_voltage,V,12.193
1770051513.764143,THERM,0,motor_temp,C,28.411
1770051513.8149002,ADC1,0,servo_1,A,0.809
1770051513.8657625,ADC1,1,servo_2,A,0.265
1770051513.9165878,ADC1,1,servo_2,A,1.901
1770051513.9675224,ADC1,0,servo_1,A,1.314
1770051514.0181558,ADC2,0,bus_voltage,V,11.353
1770051514.06879,ADC1,1,servo_2,A,0.928
1770051514.1192915,ADC1,0,servo_1,A,0.45
1770051514.169858,THERM,0,motor_temp,C,59.05
1770051514.2205236,ADC1,0,servo_1,A,2.203
1770051514.2712655,ADC2,0,bus_voltage,V,12.482
1770051514.3221242,ADC1,1,servo_2,A,1.631
1770051514.372583,ADC2,0,bus_voltage,V,11.057
1770051514.4234788,ADC2,0,bus_voltage,V,10.442
1770051514.474492,ADC1,1,servo_2,A,1.989
1770051514.5250504,ADC1,0,servo_1,A,1.258
1770051514.5758784,ADC1,1,servo_2,A,1.95
1770051514.62683,ADC1,1,servo_2,A,0.964
1770051514.6776168,ADC2,0,bus_voltage,V,11.453
1770051514.728317,ADC2,0,bus_voltage,V,11.777
1770051514.7790692,ADC2,0,bus_voltage,V,10.669
1770051514.8300617,ADC1,1,servo_2,A,2.37
1770051514.8808568,ADC1,0,servo_1,A,2.014
1770051514.9313903,ADC2,0,bus_voltage,V,10.731
1770051514.982066,ADC1,1,servo_2,A,0.407
1770051515.033795,THERM,0,motor_temp,C,47.063
1770051515.0844378,ADC1,1,servo_2,A,0.499
1770051515.1355608,ADC2,0,bus_voltage,V,10.145
1770051515.1863406,ADC1,0,servo_1,A,1.386
1770051515.236601,ADC1,1,servo_2,A,0.333
1770051515.2871726,ADC1,1,servo_2,A,2.142
1770051515.3377912,ADC1,0,servo_1,A,2.444
1770051515.388326,ADC1,0,servo_1,A,0.493
1770051515.4389644,ADC1,0,servo_1,A,2.023
1770051515.489569,THERM,0,motor_temp,C,37.061
1770051515.5400438,ADC1,1,servo_2,A,1.006
1770051515.590806,THERM,0,motor_temp,C,60.629
1770051515.6412237,ADC1,0,servo_1,A,0.756
1770051515.6916368,ADC2,0,bus_voltage,V,11.338
1770051515.7422383,ADC1,1,servo_2,A,0.792
1770051515.7925878,ADC1,1,servo_2,A,0.759
1770051515.843395,ADC1,1,servo_2,A,0.764
1770051515.893953,THERM,0,motor_temp,C,56.599
1770051515.9455013,ADC1,0,servo_1,A,1.112
1770051515.9963312,THERM,0,motor_temp,C,38.152
1770051516.046704,THERM,0,motor_temp,C,58.343
1770051516.0969865,THERM,0,motor_temp,C,28.265
1770051516.1474757,ADC1,0,servo_1,A,1.576
1770051516.1979556,THERM,0,motor_temp,C,36.103
1770051516.2487009,ADC1,1,servo_2,A,1.195
1770051516.2991204,ADC1,0,servo_1,A,2.051
1770051516.3500063,ADC2,0,bus_voltage,V,10.391
1770051516.400792,THERM,0,motor_temp,C,32.088
1770051516.4515088,ADC2,0,bus_voltage,V,11.365
1770051516.5019891,ADC1,1,servo_2,A,1.374
1770051516.55234,ADC1,0,servo_1,A,1.214
1770051516.60274,ADC1,1,servo_2,A,2.094
1770051516.653524,ADC2,0,bus_voltage,V,10.546
1770051516.704046,THERM,0,motor_temp,C,43.537
1770051516.7544656,ADC1,0,servo_1,A,1.042
1770051516.8051596,ADC1,1,servo_2,A,1.6
1770051516.8560028,ADC2,0,bus_voltage,V,10.69
1770051516.906898,ADC1,0,servo_1,A,2.151
1770051516.9574783,THERM,0,motor_temp,C,48.09
1770051517.0083268,THERM,0,motor_temp,C,27.77
1770051517.0589051,ADC2,0,bus_voltage,V,10.787
1770051517.1092427,THERM,0,motor_temp,C,60.619
1770051517.159792,ADC1,1,servo_2,A,0.828
1770051517.2103565,ADC1,0,servo_1,A,0.524
1770051517.2606602,ADC2,0,bus_voltage,V,12.326
1770051517.3110797,ADC2,0,bus_voltage,V,12.48
1770051517.3612878,ADC2,0,bus_voltage,V,10.936
1770051517.411666,ADC1,1,servo_2,A,1.131
1770051517.4619102,ADC1,0,servo_1,A,1.58
1770051517.5123367,ADC1,0,servo_1,A,0.926
1770051517.5628126,ADC1,0,servo_1,A,0.431
1770051517.61362,ADC1,0,servo_1,A,1.955
1770051517.664309,ADC1,1,servo_2,A,0.215
1770051517.715021,ADC1,0,servo_1,A,0.812
1770051517.7653573,ADC2,0,bus_voltage,V,10.893
1770051517.8158925,ADC2,0,bus_voltage,V,11.081
1770051517.8663285,ADC1,0,servo_1,A,2.277
1770051517.9166472,THERM,0,motor_temp,C,53.676
1770051517.9667804,ADC1,1,servo_2,A,1.803
1770051518.0173059,ADC2,0,bus_voltage,V,11.484
1770051518.0677004,ADC1,1,servo_2,A,0.735
1770051518.117931,ADC1,1,servo_2,A,1.968
1770051518.1687195,ADC1,1,servo_2,A,0.536
1770051518.2194395,ADC1,1,servo_2,A,0.999
1770051518.2699096,ADC1,1,servo_2,A,1.251
1770051518.3207238,ADC2,0,bus_voltage,V,10.597
1770051518.371045,THERM,0,motor_temp,C,36.458
1770051518.4218583,THERM,0,motor_temp,C,49.281
1770051518.472477,ADC2,0,bus_voltage,V,11.905
1770051518.523122,ADC1,0,servo_1,A,1.041
1770051518.5741413,ADC1,0,servo_1,A,2.369
1770051518.6249242,THERM,0,motor_temp,C,46.721
1770051518.6756496,ADC1,0,servo_1,A,1.763
1770051518.7261546,ADC1,0,servo_1,A,1.173
1770051518.7766452,ADC2,0,bus_voltage,V,12.308
1770051518.82723,ADC1,1,servo_2,A,2.016
1770051518.8777344,ADC2,0,bus_voltage,V,12.486
1770051518.928471,ADC1,0,servo_1,A,2.276
1770051518.9790597,ADC1,1,servo_2,A,1.645
1770051519.029915,ADC1,0,servo_1,A,1.664
1770051519.0804055,THERM,0,motor_temp,C,62.21
1770051519.1308937,ADC2,0,bus_voltage,V,12.199
1770051519.1816921,THERM,0,motor_temp,C,37.948
1770051519.23249,THERM,0,motor_temp,C,67.838
1770051519.283126,THERM,0,motor_temp,C,54.392
1770051519.3336716,ADC2,0,bus_voltage,V,10.67
1770051519.3854282,ADC1,1,servo_2,A,0.923
1770051519.4360054,ADC1,0,servo_1,A,0.929
1770051519.486617,THERM,0,motor_temp,C,69.186
1770051519.5370011,ADC1,0,servo_1,A,0.76
1770051519.5874903,THERM,0,motor_temp,C,49.617
1770051519.6381462,THERM,0,motor_temp,C,34.817
1770051519.6888535,ADC2,0,bus_voltage,V,12.007
1770051519.7396188,THERM,0,motor_temp,C,68.798
1770051519.790061,THERM,0,motor_temp,C,28.344
1770051519.840522,THERM,0,motor_temp,C,66.174
1770051519.891004,ADC1,1,servo_2,A,0.542
1770051519.9417613,THERM,0,motor_temp,C,44.616
1770051519.9923856,ADC1,1,servo_2,A,2.183
1770051520.0426693,ADC1,1,servo_2,A,1.1
1770051520.093016,ADC1,0,servo_1,A,0.334
1770051520.1438286,THERM,0,motor_temp,C,57.976
1770051520.1941426,ADC1,0,servo_1,A,2.263
1770051520.2447667,ADC1,0,servo_1,A,1.435
1770051520.2953904,ADC2,0,bus_voltage,V,11.364
1770051520.3458352,ADC1,1,servo_2,A,2.066
1770051520.3964844,ADC1,1,servo_2,A,1.763
1770051520.447217,ADC1,1,servo_2,A,0.882
1770051520.4979517,ADC1,0,servo_1,A,1.306
1770051520.5483258,THERM,0,motor_temp,C,40.527
1770051520.5994427,THERM,0,motor_temp,C,35.155
1770051520.6499987,THERM,0,motor_temp,C,62.5
1770051520.700409,ADC1,0,servo_1,A,0.737
1770051520.7510154,THERM,0,motor_temp,C,60.635
1770051520.8014958,ADC2,0,bus_voltage,V,10.452
1770051520.852486,ADC1,1,servo_2,A,1.293
1770051520.902766,ADC1,1,servo_2,A,0.798
1770051520.9530563,ADC1,1,servo_2,A,0.848
1770051521.00336,ADC1,0,servo_1,A,2.16
1770051521.0540137,ADC1,1,servo_2,A,1.968
1770051521.1043878,ADC1,1,servo_2,A,1.845
1770051521.1545966,ADC2,0,bus_voltage,V,11.012
1770051521.2053547,ADC1,0,servo_1,A,1.576
1770051521.2556,ADC1,0,servo_1,A,2.012
1770051521.305871,ADC2,0,bus_voltage,V,11.076
1770051521.3562407,ADC2,0,bus_voltage,V,11.348
1770051521.4069092,ADC1,1,servo_2,A,2.2
1770051521.4574957,THERM,0,motor_temp,C,35.94
1770051521.5080254,ADC1,0,servo_1,A,2.258
1770051521.5586667,ADC1,1,servo_2,A,0.757
1770051521.6089938,THERM,0,motor_temp,C,39.639
1770051521.6595383,THERM,0,motor_temp,C,60.588
1770051521.710297,ADC1,1,servo_2,A,2.142
1770051521.7609985,ADC1,1,servo_2,A,0.994
1770051521.8114297,ADC1,1,servo_2,A,1.188
1770051521.8618863,ADC1,0,servo_1,A,0.412
1770051521.91238,THERM,0,motor_temp,C,31.932
1770051521.9627454,ADC2,0,bus_voltage,V,11.39
1770051522.0138245,ADC2,0,bus_voltage,V,10.105
1770051522.0643039,ADC1,1,servo_2,A,0.664
1770051522.1150568,ADC1,0,servo_1,A,1.042
1770051522.1661773,ADC2,0,bus_voltage,V,11.689
1770051522.2168245,ADC1,1,servo_2,A,1.538
1770051522.2674353,ADC2,0,bus_voltage,V,12.114
1770051522.3180132,THERM,0,motor_temp,C,67.075
1770051522.368644,ADC1,1,servo_2,A,1.886
1770051522.4189875,ADC1,1,servo_2,A,0.579
1770051522.4696376,ADC2,0,bus_voltage,V,10.491
1770051522.5201788,ADC2,0,bus_voltage,V,11.402
1770051522.5707502,THERM,0,motor_temp,C,55.232
1770051522.621425,ADC2,0,bus_voltage,V,12.067
1770051522.6721969,ADC1,1,servo_2,A,0.891
1770051522.7225044,ADC1,0,servo_1,A,1.055
1770051522.7727835,THERM,0,motor_temp,C,55.465
1770051522.8233745,ADC1,0,servo_1,A,2.355
1770051522.8746343,ADC1,1,servo_2,A,2.08
1770051522.924955,ADC1,1,servo_2,A,1.173
1770051522.9753573,ADC2,0,bus_voltage,V,12.13
1770051523.0260608,ADC2,0,bus_voltage,V,11.363
1770051523.076465,ADC1,1,servo_2,A,1.857
1770051523.126822,ADC1,1,servo_2,A,0.779
1770051523.1774554,ADC1,1,servo_2,A,1.655
1770051523.2277331,ADC1,1,servo_2,A,0.397
1770051523.2786152,ADC1,1,servo_2,A,2.118
1770051523.3292844,ADC1,1,servo_2,A,1.888
1770051523.3799126,ADC1,1,servo_2,A,0.342
1770051523.4308805,ADC2,0,bus_voltage,V,10.233
1770051523.4814777,THERM,0,motor_temp,C,57.095
1770051523.5320709,ADC1,1,servo_2,A,1.455
1770051523.583023,ADC1,0,servo_1,A,1.184
1770051523.6332982,ADC1,0,servo_1,A,1.882
1770051523.6838925,ADC1,1,servo_2,A,0.621
1770051523.734422,ADC1,0,servo_1,A,0.348
1770051523.7849624,ADC1,1,servo_2,A,1.659
1770051523.8356555,ADC1,1,servo_2,A,2.099
1770051523.886397,ADC1,1,servo_2,A,1.267
1770051523.9369323,THERM,0,motor_temp,C,59.159
1770051523.987495,ADC2,0,bus_voltage,V,12.26
1770051524.0379925,ADC2,0,bus_voltage,V,12.353
1770051524.0887353,ADC2,0,bus_voltage,V,10.603
1770051524.139531,ADC2,0,bus_voltage,V,11.109
1770051524.1901414,THERM,0,motor_temp,C,40.993
1770051524.2407196,ADC2,0,bus_voltage,V,10.555
1770051524.291446,THERM,0,motor_temp,C,36.82
1770051524.3423536,THERM,0,motor_temp,C,29.977
1770051524.3931768,ADC1,1,servo_2,A,2.479
1770051524.4436295,ADC1,1,servo_2,A,1.062
1770051524.494038,ADC1,1,servo_2,A,1.977
1770051524.5446796,ADC1,1,servo_2,A,0.71
1770051524.5953395,ADC1,1,servo_2,A,0.274
1770051524.6458626,ADC1,0,servo_1,A,2.293
1770051524.6965187,ADC2,0,bus_voltage,V,12.586
1770051524.7468352,ADC1,0,servo_1,A,1.915
1770051524.7970905,ADC1,0,servo_1,A,1.552
1770051524.847789,ADC2,0,bus_voltage,V,12.025
1770051524.898414,ADC1,0,servo_1,A,0.498
1770051524.9489398,ADC2,0,bus_voltage,V,11.357
1770051524.9995534,THERM,0,motor_temp,C,54.844
1770051525.0501144,THERM,0,motor_temp,C,42.721
1770051525.100529,ADC1,0,servo_1,A,1.571
1770051525.1513908,ADC1,1,servo_2,A,1.945
1770051525.2017558,ADC1,0,servo_1,A,0.341
1770051525.2524977,THERM,0,motor_temp,C,35.53
1770051525.3032837,ADC2,0,bus_voltage,V,12.348
1770051525.3536377,THERM,0,motor_temp,C,33.605
1770051525.4041893,ADC1,1,servo_2,A,0.749
1770051525.4546566,ADC2,0,bus_voltage,V,11.867
1770051525.5050776,ADC1,0,servo_1,A,0.832
1770051525.555538,ADC1,1,servo_2,A,0.701
1770051525.6058953,ADC1,1,servo_2,A,1.588
1770051525.6563685,ADC1,0,servo_1,A,1.873
1770051525.7069106,ADC1,1,servo_2,A,0.67
1770051525.7575526,ADC2,0,bus_voltage,V,10.452
1770051525.8080683,ADC1,1,servo_2,A,1.544
1770051525.8587694,THERM,0,motor_temp,C,54.094
1770051525.9093006,ADC1,1,servo_2,A,2.29
1770051525.9596426,THERM,0,motor_temp,C,39.207
1770051526.010657,ADC2,0,bus_voltage,V,11.535
1770051526.06133,ADC1,0,servo_1,A,2.094
1770051526.1121051,ADC2,0,bus_voltage,V,10.038
1770051526.1629179,THERM,0,motor_temp,C,48.422
1770051526.2136223,ADC1,1,servo_2,A,1.124
1770051526.2641785,ADC1,1,servo_2,A,2.413
1770051526.3145688,ADC1,1,servo_2,A,1.643
1770051526.36566,ADC1,0,servo_1,A,0.858
1770051526.4160366,ADC1,1,servo_2,A,0.96
1770051526.4664106,ADC1,1,servo_2,A,0.89
1770051526.517017,THERM,0,motor_temp,C,52.938
1770051526.5673807,THERM,0,motor_temp,C,36.403
1770051526.6179905,THERM,0,motor_temp,C,46.434
1770051526.668108,ADC1,0,servo_1,A,2.275
1770051526.7188644,THERM,0,motor_temp,C,43.377
1770051526.769457,ADC1,1,servo_2,A,2.02
1770051526.8199797,ADC1,1,servo_2,A,0.688
1770051526.8704176,ADC1,1,servo_2,A,0.912
1770051526.921223,ADC1,0,servo_1,A,1.869
1770051526.9718986,THERM,0,motor_temp,C,40.689
1770051527.0222335,ADC1,0,servo_1,A,0.688
1770051527.0729897,ADC2,0,bus_voltage,V,11.957
1770051527.123751,THERM,0,motor_temp,C,33.813
1770051527.1744096,ADC1,1,servo_2,A,0.413
1770051527.225767,ADC2,0,bus_voltage,V,12.215
1770051527.2760687,ADC2,0,bus_voltage,V,11.606
1770051527.3264883,ADC2,0,bus_voltage,V,12.087
1770051527.3769872,ADC2,0,bus_voltage,V,11.212
1770051527.4271808,THERM,0,motor_temp,C,41.079
1770051527.4775493,ADC2,0,bus_voltage,V,11.294
1770051527.5282614,ADC2,0,bus_voltage,V,12.414
1770051527.578673,THERM,0,motor_temp,C,65.537
1770051527.6291645,ADC1,0,servo_1,A,1.647
1770051527.6796055,ADC2,0,bus_voltage,V,10.679
1770051527.73012,ADC2,0,bus_voltage,V,10.039
1770051527.780494,ADC2,0,bus_voltage,V,10.537
1770051527.8313508,ADC1,0,servo_1,A,0.613
1770051527.882071,ADC1,1,servo_2,A,0.805
1770051527.9327133,THERM,0,motor_temp,C,36.172
1770051527.983274,ADC1,1,servo_2,A,1.31
1770051528.0334907,ADC1,1,servo_2,A,0.862
1770051528.08368,ADC2,0,bus_voltage,V,10.488
1770051528.134378,ADC2,0,bus_voltage,V,10.017
1770051528.1849241,ADC1,1,servo_2,A,1.579
1770051528.2358823,THERM,0,motor_temp,C,31.992
1770051528.2863188,ADC2,0,bus_voltage,V,12.303
1770051528.3365703,ADC1,1,servo_2,A,2.265
1770051528.3873405,ADC1,0,servo_1,A,2.0
1770051528.4376316,ADC2,0,bus_voltage,V,11.376
1770051528.4883883,ADC1,1,servo_2,A,2.242
1770051528.5387404,ADC1,1,servo_2,A,0.762
1770051528.5890725,THERM,0,motor_temp,C,51.974
1770051528.6397438,THERM,0,motor_temp,C,46.559
1770051528.6905031,ADC1,0,servo_1,A,0.493
1770051528.7409174,ADC2,0,bus_voltage,V,11.185
1770051528.7917554,ADC2,0,bus_voltage,V,10.095
1770051528.8422768,THERM,0,motor_temp,C,69.911
1770051528.8927639,THERM,0,motor_temp,C,64.705
1770051528.9431152,THERM,0,motor_temp,C,64.518
1770051528.9936113,ADC1,0,servo_1,A,0.3
1770051529.0442245,ADC1,0,servo_1,A,2.292
1770051529.094667,ADC1,0,servo_1,A,0.941
1770051529.1454244,THERM,0,motor_temp,C,63.041
1770051529.1961596,ADC1,1,servo_2,A,1.081
1770051529.246915,ADC1,0,servo_1,A,0.545
1770051529.2973742,ADC2,0,bus_voltage,V,11.859
1770051529.3477817,ADC1,0,servo_1,A,0.637
1770051529.3981016,ADC1,0,servo_1,A,1.444
1770051529.4492118,THERM,0,motor_temp,C,68.01
1770051529.499798,ADC1,1,servo_2,A,1.626
1770051529.5501928,ADC1,0,servo_1,A,0.53
1770051529.600743,THERM,0,motor_temp,C,62.831
1770051529.6513891,ADC1,0,servo_1,A,0.792
1770051529.7020772,THERM,0,motor_temp,C,45.562
1770051529.752744,ADC2,0,bus_voltage,V,10.688
1770051529.803191,ADC1,1,servo_2,A,0.813
1770051529.853516,THERM,0,motor_temp,C,67.841
1770051529.9045372,THERM,0,motor_temp,C,45.854
1770051529.9549854,THERM,0,motor_temp,C,61.338
1770051530.0052218,THERM,0,motor_temp,C,69.554
1770051530.05562,ADC1,0,servo_1,A,2.293
1770051530.105828,ADC2,0,bus_voltage,V,12.445
1770051530.1562474,ADC2,0,bus_voltage,V,10.691
1770051530.206762,ADC2,0,bus_voltage,V,10.327
1770051530.2569156,ADC2,0,bus_voltage,V,11.661
1770051530.3073647,ADC1,0,servo_1,A,0.453
1770051530.3577805,THERM,0,motor_temp,C,55.435
1770051530.4088697,ADC1,1,servo_2,A,0.77
1770051530.459268,ADC1,0,servo_1,A,1.458
1770051530.509721,ADC2,0,bus_voltage,V,11.924
1770051530.5604358,ADC2,0,bus_voltage,V,12.139
1770051530.6108575,ADC1,1,servo_2,A,0.379
1770051530.661201,ADC1,1,servo_2,A,1.19
1770051530.7120242,ADC1,0,servo_1,A,2.449
1770051530.7625835,THERM,0,motor_temp,C,39.031
1770051530.8129616,ADC2,0,bus_voltage,V,11.595
1770051530.863549,ADC1,1,servo_2,A,0.217
1770051530.9138465,ADC2,0,bus_voltage,V,10.616
1770051530.9641619,THERM,0,motor_temp,C,64.315
1770051531.0149024,ADC1,1,servo_2,A,2.479
1770051531.0655022,THERM,0,motor_temp,C,67.476
1770051531.115922,ADC1,0,servo_1,A,1.386
1770051531.166603,ADC1,0,servo_1,A,1.96
1770051531.2170208,THERM,0,motor_temp,C,57.244
1770051531.267649,ADC1,0,servo_1,A,0.629
1770051531.3183079,ADC2,0,bus_voltage,V,10.011
1770051531.3687887,ADC1,1,servo_2,A,0.3
1770051531.4191368,ADC1,1,servo_2,A,2.244
1770051531.4699857,ADC1,0,servo_1,A,2.235
1770051531.5204406,ADC1,0,servo_1,A,1.712
1770051531.5708783,ADC2,0,bus_voltage,V,12.277
1770051531.6214225,ADC1,1,servo_2,A,2.16
1770051531.6720886,ADC2,0,bus_voltage,V,11.898
1770051531.7239964,ADC2,0,bus_voltage,V,10.113
1770051531.7743936,ADC1,0,servo_1,A,1.1
1770051531.824745,ADC1,1,servo_2,A,1.074
1770051531.875005,ADC1,1,servo_2,A,1.124
1770051531.925994,ADC2,0,bus_voltage,V,11.846
1770051531.976335,THERM,0,motor_temp,C,51.811
1770051532.026847,ADC1,0,servo_1,A,1.285
1770051532.0772617,ADC1,0,servo_1,A,1.829
1770051532.1279671,ADC1,0,servo_1,A,0.714
1770051532.1786246,ADC1,0,servo_1,A,1.322
1770051532.2291212,THERM,0,motor_temp,C,40.491
1770051532.2799501,THERM,0,motor_temp,C,29.557
1770051532.3307157,THERM,0,motor_temp,C,60.156
1770051532.381143,ADC1,1,servo_2,A,2.092
1770051532.431772,ADC2,0,bus_voltage,V,11.786
1770051532.4824448,THERM,0,motor_temp,C,67.779
1770051532.5329795,ADC1,0,servo_1,A,1.261
1770051532.5833879,ADC2,0,bus_voltage,V,10.402
1770051532.6344895,ADC1,1,servo_2,A,1.49
1770051532.6849513,THERM,0,motor_temp,C,28.987
1770051532.7353556,ADC1,1,servo_2,A,1.528
1770051532.785872,THERM,0,motor_temp,C,59.215
1770051532.8365986,ADC1,1,servo_2,A,0.705
1770051532.8874748,ADC1,1,servo_2,A,0.656
1770051532.9380162,THERM,0,motor_temp,C,58.033
1770051532.9884906,ADC1,0,servo_1,A,0.401
1770051533.0390387,THERM,0,motor_temp,C,33.287
1770051533.0896423,ADC1,0,servo_1,A,0.794
1770051533.1402586,ADC1,0,servo_1,A,2.379
1770051533.190867,ADC2,0,bus_voltage,V,11.818
1770051533.241575,THERM,0,motor_temp,C,29.031
1770051533.2919626,ADC1,1,servo_2,A,0.514
1770051533.3427553,THERM,0,motor_temp,C,63.694
1770051533.3931022,ADC1,1,servo_2,A,1.239
1770051533.4435759,THERM,0,motor_temp,C,42.263
1770051533.4941611,ADC1,1,servo_2,A,1.321
1770051533.544827,ADC1,1,servo_2,A,2.382
1770051533.5952098,THERM,0,motor_temp,C,27.998
1770051533.6459782,ADC1,0,servo_1,A,0.731
1770051533.6963403,THERM,0,motor_temp,C,55.912
1770051533.7471483,ADC1,0,servo_1,A,1.412
1770051533.7982056,ADC1,0,servo_1,A,0.276
1770051533.8486006,THERM,0,motor_temp,C,57.542
1770051533.8990045,ADC1,0,servo_1,A,1.612
1770051533.9496055,ADC2,0,bus_voltage,V,12.351
1770051534.0000005,ADC2,0,bus_voltage,V,11.273
1770051534.0504286,ADC2,0,bus_voltage,V,10.324
1770051534.1010041,ADC2,0,bus_voltage,V,10.727
1770051534.1513693,THERM,0,motor_temp,C,59.03
1770051534.2017403,ADC2,0,bus_voltage,V,10.985
1770051534.2520695,THERM,0,motor_temp,C,68.521
1770051534.3027382,ADC2,0,bus_voltage,V,12.317
1770051534.353159,ADC1,0,servo_1,A,0.867
1770051534.4038727,ADC1,1,servo_2,A,1.966
1770051534.4545875,ADC1,0,servo_1,A,0.665
1770051534.505007,THERM,0,motor_temp,C,48.179
1770051534.5556824,ADC1,1,servo_2,A,0.907
1770051534.6063979,ADC1,0,servo_1,A,2.492
1770051534.6570163,ADC1,1,servo_2,A,0.895
1770051534.7073493,ADC1,0,servo_1,A,1.175
1770051534.758201,THERM,0,motor_temp,C,47.78
1770051534.8085396,ADC1,0,servo_1,A,2.312
1770051534.8592074,THERM,0,motor_temp,C,46.877
1770051534.9097002,ADC1,1,servo_2,A,1.817
1770051534.9605305,THERM,0,motor_temp,C,56.036
1770051535.010806,ADC2,0,bus_voltage,V,10.757
1770051535.0615258,ADC1,1,servo_2,A,0.622
1770051535.111844,ADC1,1,servo_2,A,1.627
1770051535.1625197,THERM,0,motor_temp,C,48.507
1770051535.2131414,THERM,0,motor_temp,C,46.769
1770051535.2634113,ADC1,1,servo_2,A,0.972
1770051535.3138795,THERM,0,motor_temp,C,25.644
1770051535.3644183,THERM,0,motor_temp,C,47.334
1770051535.414666,ADC1,0,servo_1,A,0.989
1770051535.4650266,THERM,0,motor_temp,C,48.921
1770051535.5154638,ADC1,0,servo_1,A,2.358
1770051535.5660996,ADC1,0,servo_1,A,0.216
1770051535.6166553,THERM,0,motor_temp,C,52.15
1770051535.6670396,THERM,0,motor_temp,C,65.287
1770051535.7176795,ADC1,0,servo_1,A,1.446
1770051535.7683218,THERM,0,motor_temp,C,53.803
1770051535.818689,ADC1,0,servo_1,A,2.273
1770051535.8692834,ADC1,0,servo_1,A,1.976
1770051535.9199562,ADC1,0,servo_1,A,1.015
1770051535.9705265,THERM,0,motor_temp,C,32.551
1770051536.021017,THERM,0,motor_temp,C,41.066
1770051536.0713973,THERM,0,motor_temp,C,47.588
1770051536.1216307,ADC1,0,servo_1,A,1.555
1770051536.17211,ADC2,0,bus_voltage,V,10.308
1770051536.2226512,THERM,0,motor_temp,C,51.64
1770051536.2738793,ADC1,1,servo_2,A,0.58
1770051536.3240876,ADC1,0,servo_1,A,1.168
1770051536.374575,THERM,0,motor_temp,C,64.63
1770051536.4253006,ADC1,0,servo_1,A,2.16
1770051536.475683,ADC1,1,servo_2,A,2.229
1770051536.526207,ADC1,0,servo_1,A,1.346
1770051536.576735,ADC2,0,bus_voltage,V,12.514
1770051536.6268868,ADC1,0,servo_1,A,2.426
1770051536.6775992,THERM,0,motor_temp,C,53.802
1770051536.7280316,THERM,0,motor_temp,C,50.051
1770051536.7784474,THERM,0,motor_temp,C,31.804
1770051536.8287392,ADC2,0,bus_voltage,V,12.195
1770051536.8790941,ADC2,0,bus_voltage,V,10.601
1770051536.9298792,THERM,0,motor_temp,C,58.046
1770051536.9802306,ADC2,0,bus_voltage,V,11.159
1770051537.0310564,THERM,0,motor_temp,C,41.223
1770051537.08175,THERM,0,motor_temp,C,32.992
1770051537.1329014,ADC1,1,servo_2,A,1.575
1770051537.1832411,THERM,0,motor_temp,C,27.465
1770051537.234322,ADC2,0,bus_voltage,V,10.555
1770051537.284786,THERM,0,motor_temp,C,38.196
1770051537.3356497,ADC1,1,servo_2,A,1.11
1770051537.3860905,ADC1,0,servo_1,A,0.739
1770051537.4367905,ADC1,0,servo_1,A,1.498
1770051537.4872975,ADC1,1,servo_2,A,2.415
1770051537.5377383,ADC1,0,servo_1,A,2.223
1770051537.5885894,ADC1,0,servo_1,A,0.715
1770051537.638864,ADC1,1,servo_2,A,0.879
1770051537.6891696,ADC1,0,servo_1,A,2.228
1770051537.7394283,ADC1,0,servo_1,A,1.561
1770051537.7899013,ADC1,1,servo_2,A,2.216
1770051537.840415,ADC1,1,servo_2,A,1.899
1770051537.8910213,ADC1,0,servo_1,A,1.991
1770051537.9412441,ADC1,0,servo_1,A,1.22
1770051537.992195,ADC1,1,servo_2,A,1.973
1770051538.0423994,ADC1,1,servo_2,A,0.761
1770051538.0927603,ADC2,0,bus_voltage,V,10.89
1770051538.1434798,ADC1,1,servo_2,A,1.947
1770051538.1940045,ADC1,0,servo_1,A,0.327
1770051538.2444115,ADC2,0,bus_voltage,V,12.042
1770051538.2948964,ADC2,0,bus_voltage,V,11.596
1770051538.3452318,ADC2,0,bus_voltage,V,11.524
1770051538.3959255,ADC1,1,servo_2,A,0.374
1770051538.4469714,ADC1,1,servo_2,A,2.468
1770051538.4976358,ADC1,1,servo_2,A,2.265
1770051538.5479505,THERM,0,motor_temp,C,42.416
1770051538.5985441,ADC2,0,bus_voltage,V,10.881
1770051538.6489015,ADC1,0,servo_1,A,2.23
1770051538.6994932,THERM,0,motor_temp,C,48.073
1770051538.7501602,ADC1,0,servo_1,A,0.876
1770051538.8008494,ADC1,0,servo_1,A,0.589
1770051538.8513443,ADC2,0,bus_voltage,V,12.437
1770051538.9022565,THERM,0,motor_temp,C,55.521
1770051538.952854,ADC1,0,servo_1,A,1.961
1770051539.0034413,ADC2,0,bus_voltage,V,11.2
1770051539.053835,THERM,0,motor_temp,C,32.872
1770051539.1044917,THERM,0,motor_temp,C,34.25
1770051539.1550963,ADC1,0,servo_1,A,2.341
1770051539.2056856,ADC2,0,bus_voltage,V,10.167
1770051539.2561107,ADC1,0,servo_1,A,0.67
1770051539.3063302,ADC1,1,servo_2,A,0.981
1770051539.3582776,ADC1,0,servo_1,A,1.254
1770051539.4088867,ADC2,0,bus_voltage,V,11.466
1770051539.4591138,ADC1,0,servo_1,A,1.512
1770051539.5094836,ADC2,0,bus_voltage,V,12.52
1770051539.560031,ADC1,0,servo_1,A,2.261
1770051539.6102178,ADC1,0,servo_1,A,0.211
1770051539.6605055,THERM,0,motor_temp,C,61.069
1770051539.7111404,ADC1,1,servo_2,A,0.8
1770051539.7617555,ADC2,0,bus_voltage,V,10.96
1770051539.812455,ADC2,0,bus_voltage,V,12.459
1770051539.8630993,ADC2,0,bus_voltage,V,11.341
1770051539.9140558,THERM,0,motor_temp,C,41.879
1770051539.9646778,THERM,0,motor_temp,C,28.212
1770051540.0151827,ADC1,0,servo_1,A,0.94
1770051540.0658424,ADC1,1,servo_2,A,2.134
1770051540.1165085,ADC1,0,servo_1,A,1.925
1770051540.1673648,ADC2,0,bus_voltage,V,11.733
1770051540.2181027,ADC1,1,servo_2,A,0.507
1770051540.2686906,ADC1,1,servo_2,A,1.456
1770051540.3191652,ADC1,1,servo_2,A,0.218
1770051540.3696036,ADC1,0,servo_1,A,2.317
1770051540.4201891,ADC1,0,servo_1,A,0.52
1770051540.470499,ADC1,1,servo_2,A,1.28
1770051540.5212402,THERM,0,motor_temp,C,31.46
1770051540.571555,ADC2,0,bus_voltage,V,11.485
1770051540.621781,ADC1,1,servo_2,A,1.246
1770051540.6723433,ADC2,0,bus_voltage,V,10.615
1770051540.7227707,ADC1,1,servo_2,A,1.715
1770051540.77334,ADC2,0,bus_voltage,V,10.422
1770051540.8235476,THERM,0,motor_temp,C,53.816
1770051540.8739989,ADC2,0,bus_voltage,V,12.599
1770051540.924658,ADC2,0,bus_voltage,V,10.903
1770051540.9751391,THERM,0,motor_temp,C,57.037
1770051541.025345,ADC1,0,servo_1,A,2.487
1770051541.0759804,ADC1,1,servo_2,A,0.873
1770051541.126545,ADC1,0,servo_1,A,1.425
1770051541.1767802,ADC2,0,bus_voltage,V,10.529
1770051541.2271705,ADC1,1,servo_2,A,1.394
1770051541.2774932,ADC1,1,servo_2,A,1.293
1770051541.3278992,THERM,0,motor_temp,C,62.336
1770051541.378566,ADC1,0,servo_1,A,2.042
1770051541.4288974,ADC1,1,servo_2,A,2.237
1770051541.4790885,ADC2,0,bus_voltage,V,10.121
1770051541.5297158,ADC2,0,bus_voltage,V,11.463
1770051541.5802982,ADC1,1,servo_2,A,2.233
1770051541.6310449,ADC1,0,servo_1,A,2.228
1770051541.6816869,ADC1,1,servo_2,A,1.21
1770051541.732202,ADC2,0,bus_voltage,V,11.451
1770051541.7831237,THERM,0,motor_temp,C,29.486
1770051541.8334396,THERM,0,motor_temp,C,53.483
1770051541.8837337,ADC1,0,servo_1,A,1.231
1770051541.934637,ADC1,0,servo_1,A,1.913
1770051541.9854286,ADC1,0,servo_1,A,2.219
1770051542.0356143,ADC1,1,servo_2,A,2.287
1770051542.0861354,ADC1,1,servo_2,A,0.537
1770051542.1368473,THERM,0,motor_temp,C,31.269
1770051542.1875558,ADC1,1,servo_2,A,2.247
1770051542.2383795,ADC1,0,servo_1,A,2.205
1770051542.2888942,THERM,0,motor_temp,C,56.332
1770051542.3395314,ADC1,1,servo_2,A,2.214
1770051542.3908231,ADC2,0,bus_voltage,V,10.977
1770051542.4410796,ADC1,1,servo_2,A,1.416
1770051542.4918773,ADC1,1,servo_2,A,0.974
1770051542.5426044,ADC2,0,bus_voltage,V,10.713
1770051542.593138,THERM,0,motor_temp,C,65.45
1770051542.6442082,THERM,0,motor_temp,C,61.418
1770051542.694869,ADC2,0,bus_voltage,V,12.369
1770051542.7457829,ADC1,0,servo_1,A,2.292
1770051542.7962017,ADC1,1,servo_2,A,1.337
1770051542.8464415,ADC1,1,servo_2,A,0.352
1770051542.8971086,ADC2,0,bus_voltage,V,12.1
1770051542.9476085,THERM,0,motor_temp,C,41.512
1770051542.9979692,ADC1,0,servo_1,A,2.308
1770051543.0488787,THERM,0,motor_temp,C,31.476
1770051543.099714,THERM,0,motor_temp,C,69.978
1770051543.150265,THERM,0,motor_temp,C,48.024
1770051543.2004936,ADC2,0,bus_voltage,V,11.685
1770051543.2511156,ADC2,0,bus_voltage,V,11.216
1770051543.301475,ADC2,0,bus_voltage,V,11.735
1770051543.3521852,ADC1,1,servo_2,A,0.915
1770051543.403068,ADC1,1,servo_2,A,2.413
1770051543.4536731,ADC2,0,bus_voltage,V,10.851
1770051543.5040176,ADC2,0,bus_voltage,V,10.171
1770051543.5547013,ADC2,0,bus_voltage,V,11.42
1770051543.605143,ADC1,1,servo_2,A,1.021
1770051543.6555388,ADC1,0,servo_1,A,0.288
1770051543.7060041,ADC2,0,bus_voltage,V,10.914
1770051543.7569115,ADC2,0,bus_voltage,V,10.602
1770051543.80724,THERM,0,motor_temp,C,45.013
1770051543.8577514,ADC1,1,servo_2,A,2.231
1770051543.908703,ADC1,1,servo_2,A,0.499
1770051543.959004,ADC2,0,bus_voltage,V,10.814
1770051544.0092988,ADC1,1,servo_2,A,0.758
1770051544.059947,ADC1,1,servo_2,A,1.685
1770051544.1104054,ADC1,0,servo_1,A,1.939
1770051544.1610856,ADC1,0,servo_1,A,1.451
1770051544.2117183,ADC1,0,servo_1,A,0.225
1770051544.2623873,ADC2,0,bus_voltage,V,11.514
1770051544.312912,ADC2,0,bus_voltage,V,10.832
1770051544.3632755,THERM,0,motor_temp,C,28.88
1770051544.4138043,THERM,0,motor_temp,C,34.339
1770051544.4643178,ADC1,0,servo_1,A,1.63
1770051544.5152626,ADC1,0,servo_1,A,0.745
1770051544.56557,THERM,0,motor_temp,C,65.234
1770051544.6158588,THERM,0,motor_temp,C,47.994
1770051544.6670332,ADC1,1,servo_2,A,0.531
1770051544.718287,THERM,0,motor_temp,C,43.831
1770051544.7688563,ADC2,0,bus_voltage,V,10.944
1770051544.8194363,THERM,0,motor_temp,C,68.691
1770051544.8697476,ADC2,0,bus_voltage,V,10.39
1770051544.9202833,ADC1,1,servo_2,A,1.103
1770051544.9709582,ADC1,1,servo_2,A,2.248
1770051545.0213482,ADC1,1,servo_2,A,0.479
1770051545.0721047,ADC2,0,bus_voltage,V,10.867
1770051545.123235,ADC1,1,servo_2,A,0.362
1770051545.173501,ADC2,0,bus_voltage,V,11.291
1770051545.224391,ADC2,0,bus_voltage,V,12.589
1770051545.2749493,ADC2,0,bus_voltage,V,12.556
1770051545.3256512,ADC1,0,servo_1,A,2.438
1770051545.3761218,THERM,0,motor_temp,C,32.752
1770051545.4267457,ADC1,1,servo_2,A,1.568
1770051545.4772425,ADC1,1,servo_2,A,0.254
1770051545.527946,THERM,0,motor_temp,C,31.734
1770051545.5786374,ADC1,0,servo_1,A,2.155
1770051545.629753,ADC1,1,servo_2,A,1.525
1770051545.680165,ADC2,0,bus_voltage,V,11.67
1770051545.7305422,THERM,0,motor_temp,C,35.571
1770051545.7812214,ADC1,0,servo_1,A,1.551
1770051545.8318803,THERM,0,motor_temp,C,47.52
1770051545.882542,THERM,0,motor_temp,C,39.514
1770051545.9332864,ADC1,0,servo_1,A,0.482
1770051545.9841192,ADC1,1,servo_2,A,2.0
1770051546.0349903,ADC1,1,servo_2,A,1.869
1770051546.0856552,THERM,0,motor_temp,C,26.7
1770051546.1360202,ADC1,0,servo_1,A,1.031
1770051546.186492,ADC2,0,bus_voltage,V,12.267
1770051546.2372136,ADC1,1,servo_2,A,0.261
1770051546.287921,THERM,0,motor_temp,C,32.921
1770051546.3387427,ADC1,1,servo_2,A,1.818
1770051546.3891144,ADC1,1,servo_2,A,1.536
1770051546.4397037,ADC2,0,bus_voltage,V,10.617
1770051546.4903307,ADC1,0,servo_1,A,0.833
1770051546.5407033,ADC1,0,servo_1,A,1.828
1770051546.5913227,THERM,0,motor_temp,C,66.11
1770051546.6425893,ADC1,1,servo_2,A,0.766
1770051546.6936407,ADC1,0,servo_1,A,1.817
1770051546.7447436,ADC1,1,servo_2,A,1.956
1770051546.7949402,ADC1,0,servo_1,A,0.404
1770051546.8454897,ADC1,0,servo_1,A,0.786
1770051546.895916,ADC2,0,bus_voltage,V,11.722
1770051546.946726,ADC1,1,servo_2,A,1.469
1770051546.9972546,ADC1,0,servo_1,A,2.46
1770051547.0474484,ADC2,0,bus_voltage,V,11.462
1770051547.0981123,ADC1,1,servo_2,A,0.577
1770051547.1486187,ADC2,0,bus_voltage,V,12.238
1770051547.1990716,ADC1,0,servo_1,A,0.59
1770051547.249482,THERM,0,motor_temp,C,32.928
1770051547.3003244,ADC1,0,servo_1,A,2.057
1770051547.3509889,THERM,0,motor_temp,C,36.732
1770051547.401535,ADC1,1,servo_2,A,0.413
1770051547.4521444,ADC2,0,bus_voltage,V,12.429
1770051547.5029607,THERM,0,motor_temp,C,44.306
1770051547.5538282,ADC1,1,servo_2,A,1.315
1770051547.604527,ADC1,1,servo_2,A,1.144
1770051547.6552694,ADC1,1,servo_2,A,0.445
1770051547.7057834,ADC1,0,servo_1,A,0.206
1770051547.7562017,ADC1,1,servo_2,A,0.265
1770051547.8064852,ADC2,0,bus_voltage,V,11.043
1770051547.8573205,ADC2,0,bus_voltage,V,10.743
1770051547.9080992,THERM,0,motor_temp,C,37.319
1770051547.959425,ADC1,1,servo_2,A,1.096
1770051548.0101285,ADC2,0,bus_voltage,V,12.243
1770051548.060583,THERM,0,motor_temp,C,28.004
1770051548.111213,ADC2,0,bus_voltage,V,12.17
1770051548.1724873,ADC1,1,servo_2,A,2.056
1770051548.2238889,ADC2,0,bus_voltage,V,11.393
1770051548.2744133,THERM,0,motor_temp,C,44.53
1770051548.3253057,ADC1,1,servo_2,A,0.813
1770051548.3761547,THERM,0,motor_temp,C,43.983
1770051548.426725,ADC1,1,servo_2,A,1.061
1770051548.4772704,ADC2,0,bus_voltage,V,10.754
1770051548.527897,ADC1,0,servo_1,A,1.449
1770051548.5781994,ADC1,0,servo_1,A,0.838
1770051548.6290023,ADC1,0,servo_1,A,2.03
1770051548.6795342,ADC1,0,servo_1,A,2.145
1770051548.729735,ADC1,0,servo_1,A,0.36
1770051548.7811568,ADC2,0,bus_voltage,V,12.4
1770051548.8317678,THERM,0,motor_temp,C,29.78
1770051548.8825867,ADC2,0,bus_voltage,V,11.584
1770051548.9330826,ADC1,0,servo_1,A,0.29
1770051548.983523,ADC2,0,bus_voltage,V,10.893
1770051549.0342307,THERM,0,motor_temp,C,65.783
1770051549.084911,THERM,0,motor_temp,C,40.873
1770051549.1353996,THERM,0,motor_temp,C,68.67
1770051549.1857202,ADC2,0,bus_voltage,V,12.439
1770051549.2362723,ADC1,0,servo_1,A,2.004
1770051549.2867062,ADC1,1,servo_2,A,1.01
1770051549.337495,THERM,0,motor_temp,C,37.038
1770051549.3882387,ADC1,1,servo_2,A,2.139
1770051549.4386258,ADC1,1,servo_2,A,0.476
1770051549.4888537,THERM,0,motor_temp,C,25.288
1770051549.5394967,ADC1,1,servo_2,A,0.224
1770051549.5905929,ADC2,0,bus_voltage,V,10.48
1770051549.6413672,THERM,0,motor_temp,C,50.528
1770051549.6915834,ADC1,0,servo_1,A,1.519
1770051549.7421658,ADC1,0,servo_1,A,0.608
1770051549.7923717,ADC1,1,servo_2,A,1.227
1770051549.8429508,ADC1,1,servo_2,A,0.224
1770051549.893476,THERM,0,motor_temp,C,51.467
1770051549.9437635,ADC2,0,bus_voltage,V,10.009
1770051549.9941688,THERM,0,motor_temp,C,50.119
1770051550.0451617,ADC1,0,servo_1,A,0.227
1770051550.0955997,ADC1,1,servo_2,A,2.149
1770051550.1464062,THERM,0,motor_temp,C,62.379
1770051550.196954,ADC1,0,servo_1,A,0.43
1770051550.2486527,ADC2,0,bus_voltage,V,11.876
1770051550.2991593,ADC1,0,servo_1,A,0.367
1770051550.3497496,ADC1,0,servo_1,A,2.252
1770051550.4000573,ADC1,0,servo_1,A,0.545
1770051550.4503598,THERM,0,motor_temp,C,67.085
1770051550.500805,ADC2,0,bus_voltage,V,11.807
1770051550.5513284,ADC2,0,bus_voltage,V,10.892
1770051550.6017532,ADC2,0,bus_voltage,V,10.919
1770051550.6524284,THERM,0,motor_temp,C,42.82
1770051550.7031627,ADC1,1,servo_2,A,0.708
1770051550.7538671,ADC1,1,servo_2,A,0.401
1770051550.8041606,THERM,0,motor_temp,C,26.436
1770051550.8544781,ADC1,0,servo_1,A,1.571
1770051550.9047215,ADC2,0,bus_voltage,V,10.544
1770051550.9550936,THERM,0,motor_temp,C,35.232
1770051551.0059004,ADC1,1,servo_2,A,0.209
1770051551.0562859,ADC2,0,bus_voltage,V,10.689
1770051551.107466,ADC2,0,bus_voltage,V,11.177
1770051551.1581814,ADC2,0,bus_voltage,V,12.125
1770051551.2086244,ADC1,0,servo_1,A,0.203
1770051551.2590373,ADC2,0,bus_voltage,V,11.97
1770051551.309648,ADC1,0,servo_1,A,1.251
1770051551.360088,ADC1,1,servo_2,A,1.148
1770051551.4108,ADC1,1,servo_2,A,1.718
1770051551.461573,THERM,0,motor_temp,C,62.031
1770051551.5121477,ADC1,0,servo_1,A,1.418
1770051551.5626779,ADC1,0,servo_1,A,1.516
1770051551.6131566,ADC1,0,servo_1,A,1.719
1770051551.6639018,THERM,0,motor_temp,C,59.904
1770051551.7149258,THERM,0,motor_temp,C,28.238
1770051551.7656653,ADC1,1,servo_2,A,0.474
1770051551.8161519,ADC1,1,servo_2,A,1.303
1770051551.866847,ADC1,1,servo_2,A,0.754
1770051551.91753,ADC1,0,servo_1,A,1.579
1770051551.96885,ADC1,0,servo_1,A,1.427
1770051552.0191965,ADC1,0,servo_1,A,1.851
1770051552.0695317,ADC2,0,bus_voltage,V,11.363
1770051552.1204967,ADC1,1,servo_2,A,0.922
1770051552.171068,THERM,0,motor_temp,C,63.796
1770051552.2216296,ADC1,1,servo_2,A,1.612
1770051552.2724154,ADC1,1,servo_2,A,0.577
1770051552.3233228,ADC1,0,servo_1,A,1.192
1770051552.3743236,ADC2,0,bus_voltage,V,10.021
1770051552.424769,THERM,0,motor_temp,C,52.547
1770051552.4751287,THERM,0,motor_temp,C,42.723
1770051552.525747,ADC2,0,bus_voltage,V,12.48
1770051552.5763009,ADC1,0,servo_1,A,1.607
1770051552.6267009,ADC1,1,servo_2,A,2.226
1770051552.677473,ADC1,1,servo_2,A,0.505
1770051552.7281303,ADC1,0,servo_1,A,1.7
1770051552.778971,THERM,0,motor_temp,C,64.44
1770051552.8296185,THERM,0,motor_temp,C,63.525
1770051552.8802361,ADC2,0,bus_voltage,V,10.453
1770051552.930956,THERM,0,motor_temp,C,25.663
1770051552.9817493,THERM,0,motor_temp,C,30.75
1770051553.032128,ADC1,0,servo_1,A,0.679
1770051553.0825088,ADC1,0,servo_1,A,1.065
1770051553.1329637,ADC1,1,servo_2,A,2.421
1770051553.183442,ADC1,1,servo_2,A,0.539
1770051553.2342694,ADC1,0,servo_1,A,0.367
1770051553.2846024,THERM,0,motor_temp,C,43.741
1770051553.3350945,THERM,0,motor_temp,C,40.999
1770051553.3859346,THERM,0,motor_temp,C,34.524
1770051553.4370472,ADC2,0,bus_voltage,V,12.478
1770051553.4876106,THERM,0,motor_temp,C,43.951
1770051553.5379465,ADC1,1,servo_2,A,0.642
1770051553.5885952,ADC1,0,servo_1,A,0.77
1770051553.6391263,ADC2,0,bus_voltage,V,10.787
1770051553.6897807,ADC1,1,servo_2,A,1.496
1770051553.7400014,ADC1,1,servo_2,A,0.732
1770051553.7905006,THERM,0,motor_temp,C,61.135
1770051553.8410478,THERM,0,motor_temp,C,40.43
1770051553.8918934,ADC1,0,servo_1,A,0.823
1770051553.942118,THERM,0,motor_temp,C,65.876
1770051553.9926963,ADC2,0,bus_voltage,V,11.872
1770051554.0432186,ADC1,0,servo_1,A,1.588
1770051554.093977,ADC1,0,servo_1,A,1.61
1770051554.1442306,ADC2,0,bus_voltage,V,11.015
1770051554.1947339,ADC1,0,servo_1,A,0.727
1770051554.244995,ADC1,0,servo_1,A,0.867
1770051554.2952251,ADC1,0,servo_1,A,0.528
1770051554.3455825,ADC1,1,servo_2,A,2.22
1770051554.3962374,ADC2,0,bus_voltage,V,12.515
1770051554.4471087,ADC1,0,servo_1,A,1.163
1770051554.4976668,ADC2,0,bus_voltage,V,12.275
1770051554.5484505,THERM,0,motor_temp,C,47.806
1770051554.5987616,ADC1,1,servo_2,A,1.521
1770051554.6494584,ADC1,0,servo_1,A,0.435
1770051554.6999805,ADC1,1,servo_2,A,1.6
1770051554.750582,ADC2,0,bus_voltage,V,11.596
1770051554.8014097,ADC1,0,servo_1,A,1.176
1770051554.8519118,THERM,0,motor_temp,C,60.811
1770051554.902591,ADC1,1,servo_2,A,0.271
1770051554.9535608,THERM,0,motor_temp,C,28.267
1770051555.0040576,THERM,0,motor_temp,C,64.588
1770051555.0549092,ADC1,1,servo_2,A,1.173
1770051555.1053333,ADC2,0,bus_voltage,V,12.062
1770051555.1562564,THERM,0,motor_temp,C,58.18
1770051555.2069254,ADC2,0,bus_voltage,V,11.784
1770051555.2572374,ADC1,0,servo_1,A,0.465
1770051555.3078034,ADC1,0,servo_1,A,0.749
1770051555.3586414,ADC1,1,servo_2,A,0.213
1770051555.4093356,THERM,0,motor_temp,C,66.111
1770051555.4596407,THERM,0,motor_temp,C,36.996
1770051555.5101357,ADC1,0,servo_1,A,1.957
1770051555.5604925,ADC2,0,bus_voltage,V,10.753
1770051555.6109335,ADC2,0,bus_voltage,V,12.171
1770051555.6612482,THERM,0,motor_temp,C,30.762
1770051555.711667,ADC2,0,bus_voltage,V,10.708
1770051555.761839,ADC1,0,servo_1,A,0.383
1770051555.8120306,ADC1,0,servo_1,A,1.061
1770051555.862349,ADC1,1,servo_2,A,1.323
1770051555.9126387,ADC1,1,servo_2,A,0.941
1770051555.9639456,ADC1,0,servo_1,A,0.702
1770051556.0152047,ADC1,0,servo_1,A,0.847
1770051556.0661988,THERM,0,motor_temp,C,54.3
1770051556.1166139,ADC2,0,bus_voltage,V,11.586
1770051556.1672919,ADC1,1,servo_2,A,1.647
1770051556.2176633,ADC1,1,servo_2,A,0.824
1770051556.2683232,ADC2,0,bus_voltage,V,11.566
1770051556.318953,THERM,0,motor_temp,C,50.854
1770051556.369425,ADC1,0,servo_1,A,1.543
1770051556.4199097,ADC1,1,servo_2,A,0.242
1770051556.47065,ADC1,0,servo_1,A,1.483
1770051556.5211096,ADC1,1,servo_2,A,1.013
1770051556.5715168,THERM,0,motor_temp,C,51.382
1770051556.6219134,ADC2,0,bus_voltage,V,11.963
1770051556.6723568,THERM,0,motor_temp,C,59.805
1770051556.7227454,ADC1,1,servo_2,A,2.244
1770051556.7732408,ADC2,0,bus_voltage,V,10.171
1770051556.8236644,ADC2,0,bus_voltage,V,10.1
1770051556.8741984,ADC1,0,servo_1,A,1.464
1770051556.9245374,ADC2,0,bus_voltage,V,11.941
1770051556.975093,ADC2,0,bus_voltage,V,11.851
1770051557.0257704,ADC2,0,bus_voltage,V,12.23
1770051557.0761893,ADC1,0,servo_1,A,1.534
1770051557.126858,ADC2,0,bus_voltage,V,12.427
1770051557.1776636,THERM,0,motor_temp,C,49.235
1770051557.2279706,ADC2,0,bus_voltage,V,10.81
1770051557.2790325,ADC1,1,servo_2,A,2.435
1770051557.3292422,ADC1,1,servo_2,A,0.775
1770051557.3796613,ADC2,0,bus_voltage,V,11.588
1770051557.4299579,ADC1,1,servo_2,A,0.931
1770051557.4804723,THERM,0,motor_temp,C,53.641
1770051557.5312798,THERM,0,motor_temp,C,53.168
1770051557.581687,ADC1,1,servo_2,A,0.488
1770051557.6320913,ADC2,0,bus_voltage,V,11.208
1770051557.6826973,THERM,0,motor_temp,C,29.82
1770051557.7333698,ADC2,0,bus_voltage,V,10.832
1770051557.7835846,ADC2,0,bus_voltage,V,11.713
1770051557.8340461,ADC2,0,bus_voltage,V,11.933
1770051557.8846402,ADC1,1,servo_2,A,1.994
1770051557.9350648,ADC1,1,servo_2,A,0.49
1770051557.985496,ADC1,1,servo_2,A,1.657
1770051558.0362306,THERM,0,motor_temp,C,45.032
1770051558.086446,THERM,0,motor_temp,C,66.463
1770051558.1370263,ADC2,0,bus_voltage,V,10.492
1770051558.187451,ADC1,0,servo_1,A,0.491
1770051558.237651,ADC1,0,servo_1,A,1.233
1770051558.2882452,THERM,0,motor_temp,C,68.847
1770051558.3385205,ADC1,0,servo_1,A,2.121
1770051558.3890555,ADC1,1,servo_2,A,0.952
1770051558.4395044,THERM,0,motor_temp,C,43.182
1770051558.4901013,ADC1,1,servo_2,A,1.644
1770051558.5405037,ADC2,0,bus_voltage,V,11.784
1770051558.5907483,THERM,0,motor_temp,C,27.324
1770051558.6411614,ADC1,0,servo_1,A,2.188
1770051558.6916275,ADC1,1,servo_2,A,1.14
1770051558.742365,ADC2,0,bus_voltage,V,11.291
1770051558.793122,ADC1,1,servo_2,A,1.573
1770051558.8434918,ADC2,0,bus_voltage,V,10.561
1770051558.8939228,ADC1,0,servo_1,A,1.985
1770051558.944524,ADC2,0,bus_voltage,V,11.617
1770051558.9951448,ADC1,1,servo_2,A,0.478
1770051559.0455656,ADC2,0,bus_voltage,V,10.092
1770051559.096079,THERM,0,motor_temp,C,39.49
1770051559.1466525,THERM,0,motor_temp,C,29.197
1770051559.197029,ADC1,0,servo_1,A,1.747
1770051559.2476146,THERM,0,motor_temp,C,66.444
1770051559.298028,ADC2,0,bus_voltage,V,10.786
1770051559.3484406,THERM,0,motor_temp,C,67.154
1770051559.3992035,ADC1,0,servo_1,A,2.24
1770051559.4497337,THERM,0,motor_temp,C,58.355
1770051559.5002766,ADC1,0,servo_1,A,1.368
1770051559.5508873,THERM,0,motor_temp,C,55.644
1770051559.601259,ADC1,1,servo_2,A,1.755
1770051559.6520517,ADC1,0,servo_1,A,0.704
1770051559.702771,THERM,0,motor_temp,C,42.594
1770051559.7531583,ADC1,1,servo_2,A,0.989
1770051559.8037975,ADC2,0,bus_voltage,V,10.516
1770051559.854236,THERM,0,motor_temp,C,38.283
1770051559.9045558,ADC1,0,servo_1,A,0.468
1770051559.9551122,ADC2,0,bus_voltage,V,12.479
1770051560.005643,THERM,0,motor_temp,C,46.441
1770051560.0560343,ADC1,0,servo_1,A,1.113
1770051560.1064863,ADC2,0,bus_voltage,V,11.928
1770051560.156894,THERM,0,motor_temp,C,69.044
1770051560.2074344,ADC1,0,servo_1,A,2.05
1770051560.258035,ADC2,0,bus_voltage,V,12.13
1770051560.3088303,ADC1,0,servo_1,A,1.464
1770051560.3591835,ADC1,1,servo_2,A,2.495
1770051560.409874,ADC1,0,servo_1,A,0.542
1770051560.4603884,ADC1,0,servo_1,A,1.861
1770051560.5111375,ADC2,0,bus_voltage,V,11.636
1770051560.561593,ADC2,0,bus_voltage,V,11.817
1770051560.6170328,ADC1,0,servo_1,A,1.9
1770051560.6678455,ADC2,0,bus_voltage,V,10.445
1770051560.7182167,THERM,0,motor_temp,C,55.671
1770051560.7696226,ADC1,1,servo_2,A,2.04
1770051560.8204017,ADC1,1,servo_2,A,0.69
1770051560.8707938,THERM,0,motor_temp,C,33.668
1770051560.9212725,THERM,0,motor_temp,C,69.366
1770051560.9719105,ADC2,0,bus_voltage,V,10.305
1770051561.0223773,THERM,0,motor_temp,C,50.019
1770051561.073043,ADC1,0,servo_1,A,2.441
1770051561.1236038,THERM,0,motor_temp,C,69.036
1770051561.173925,ADC1,1,servo_2,A,1.282
1770051561.2241826,ADC1,0,servo_1,A,2.341
1770051561.2749834,ADC2,0,bus_voltage,V,10.64
1770051561.3252788,ADC1,1,servo_2,A,2.086
1770051561.3772023,THERM,0,motor_temp,C,51.039
1770051561.4277592,ADC1,1,servo_2,A,1.912
1770051561.478126,ADC2,0,bus_voltage,V,11.835
1770051561.528601,ADC1,1,servo_2,A,2.223
1770051561.5790577,ADC2,0,bus_voltage,V,12.406
1770051561.6298332,ADC1,1,servo_2,A,2.266
1770051561.6804981,ADC1,1,servo_2,A,0.25
1770051561.7308755,ADC1,1,servo_2,A,0.777
1770051561.7814963,THERM,0,motor_temp,C,52.272
1770051561.8322332,ADC1,1,servo_2,A,1.766
1770051561.8829875,ADC2,0,bus_voltage,V,11.118
1770051561.933452,ADC1,1,servo_2,A,0.752
1770051561.9839034,ADC2,0,bus_voltage,V,10.759
1770051562.0344274,ADC1,1,servo_2,A,0.823
1770051562.0849128,ADC1,0,servo_1,A,0.377
1770051562.1351538,ADC1,0,servo_1,A,2.468
1770051562.185571,ADC1,1,servo_2,A,2.324
1770051562.2358174,THERM,0,motor_temp,C,25.623
1770051562.2868824,THERM,0,motor_temp,C,51.982
1770051562.337559,ADC2,0,bus_voltage,V,12.453
1770051562.3882406,ADC2,0,bus_voltage,V,10.123
1770051562.439154,ADC1,0,servo_1,A,1.681
1770051562.4899845,THERM,0,motor_temp,C,56.324
1770051562.5403128,ADC1,1,servo_2,A,1.73
1770051562.59072,THERM,0,motor_temp,C,53.403
1770051562.640961,ADC1,1,servo_2,A,0.592
1770051562.6917424,ADC1,1,servo_2,A,0.935
1770051562.742157,ADC2,0,bus_voltage,V,10.197
1770051562.79279,ADC1,0,servo_1,A,1.981
1770051562.8438458,ADC1,1,servo_2,A,1.03
1770051562.8946571,ADC1,1,servo_2,A,0.657
1770051562.9452686,ADC1,1,servo_2,A,0.915
1770051562.9958422,THERM,0,motor_temp,C,63.346
1770051563.0460496,THERM,0,motor_temp,C,26.179
1770051563.0965123,ADC1,1,servo_2,A,0.459
1770051563.1470063,ADC2,0,bus_voltage,V,11.596
1770051563.1978652,ADC1,0,servo_1,A,2.018
1770051563.248209,ADC1,0,servo_1,A,0.26
1770051563.2984362,ADC1,0,servo_1,A,1.457
1770051563.348829,THERM,0,motor_temp,C,40.617
1770051563.4002848,ADC2,0,bus_voltage,V,10.582
1770051563.4507937,ADC2,0,bus_voltage,V,11.046
1770051563.5012221,THERM,0,motor_temp,C,32.29
1770051563.5514815,THERM,0,motor_temp,C,42.714
1770051563.6018984,THERM,0,motor_temp,C,44.425
1770051563.6525214,ADC2,0,bus_voltage,V,10.976
1770051563.7029483,ADC1,1,servo_2,A,2.389
1770051563.7538629,ADC2,0,bus_voltage,V,10.991
1770051563.8045237,ADC2,0,bus_voltage,V,10.677
1770051563.855023,THERM,0,motor_temp,C,66.744
1770051563.9058926,ADC2,0,bus_voltage,V,10.251
1770051563.9570467,ADC2,0,bus_voltage,V,12.084
1770051564.00767,ADC1,1,servo_2,A,0.807
1770051564.0581496,ADC2,0,bus_voltage,V,10.253
1770051564.1085048,THERM,0,motor_temp,C,57.212
1770051564.1591897,THERM,0,motor_temp,C,49.723
1770051564.2098439,ADC2,0,bus_voltage,V,12.567
1770051564.260272,ADC1,0,servo_1,A,2.13
1770051564.3106625,ADC1,0,servo_1,A,1.382
1770051564.361481,THERM,0,motor_temp,C,53.249
1770051564.4121351,ADC2,0,bus_voltage,V,10.247
1770051564.463079,ADC2,0,bus_voltage,V,11.306
1770051564.5137224,THERM,0,motor_temp,C,32.795
1770051564.5642564,ADC2,0,bus_voltage,V,11.389
1770051564.6145225,ADC1,0,servo_1,A,1.269
1770051564.665052,ADC1,1,servo_2,A,0.29
1770051564.7157881,THERM,0,motor_temp,C,54.274
1770051564.766375,ADC2,0,bus_voltage,V,11.961
1770051564.8170552,ADC1,1,servo_2,A,2.102
1770051564.8678553,ADC1,0,servo_1,A,1.054
1770051564.9183617,ADC2,0,bus_voltage,V,11.575
1770051564.9688675,ADC1,1,servo_2,A,0.771
1770051565.0195348,THERM,0,motor_temp,C,39.613
1770051565.070213,THERM,0,motor_temp,C,57.019
1770051565.1205876,ADC1,1,servo_2,A,1.567
1770051565.1713545,THERM,0,motor_temp,C,58.86
1770051565.2218757,ADC1,0,servo_1,A,0.602
1770051565.272571,THERM,0,motor_temp,C,59.611
1770051565.323083,ADC1,0,servo_1,A,1.535
1770051565.3738334,ADC2,0,bus_voltage,V,11.654
1770051565.4246466,ADC1,0,servo_1,A,2.451
1770051565.4750915,ADC1,0,servo_1,A,0.983
1770051565.526338,THERM,0,motor_temp,C,36.502
1770051565.5767257,THERM,0,motor_temp,C,54.179
1770051565.6272752,ADC1,0,servo_1,A,0.306
1770051565.6777523,ADC1,1,servo_2,A,1.235
1770051565.7283223,ADC1,0,servo_1,A,0.257
1770051565.778907,THERM,0,motor_temp,C,50.505
1770051565.8295944,THERM,0,motor_temp,C,30.892
1770051565.8803554,ADC1,0,servo_1,A,1.312
1770051565.931056,ADC2,0,bus_voltage,V,12.061
1770051565.9819384,ADC2,0,bus_voltage,V,10.824
1770051566.0326333,ADC2,0,bus_voltage,V,12.131
1770051566.082945,ADC2,0,bus_voltage,V,11.684
1770051566.1334555,ADC2,0,bus_voltage,V,10.161
1770051566.1840394,ADC2,0,bus_voltage,V,11.156
1770051566.2344484,ADC1,1,servo_2,A,0.59
1770051566.2851846,ADC2,0,bus_voltage,V,10.799
1770051566.33578,ADC2,0,bus_voltage,V,10.883
1770051566.386232,ADC1,0,servo_1,A,1.986
1770051566.4366827,ADC1,1,servo_2,A,2.265
1770051566.487631,ADC2,0,bus_voltage,V,12.452
1770051566.5384178,ADC1,1,servo_2,A,2.301
1770051566.588993,THERM,0,motor_temp,C,39.212
1770051566.6395886,THERM,0,motor_temp,C,26.139
1770051566.690267,THERM,0,motor_temp,C,60.082
1770051566.7409012,ADC2,0,bus_voltage,V,12.377
1770051566.791471,THERM,0,motor_temp,C,48.635
1770051566.8422694,THERM,0,motor_temp,C,34.363
1770051566.892601,ADC1,1,servo_2,A,0.987
1770051566.942988,ADC2,0,bus_voltage,V,12.009
1770051566.993415,ADC2,0,bus_voltage,V,11.684
1770051567.0442467,ADC2,0,bus_voltage,V,11.539
1770051567.0944202,ADC1,1,servo_2,A,0.926
1770051567.1451924,ADC2,0,bus_voltage,V,10.935
1770051567.1959805,THERM,0,motor_temp,C,52.483
1770051567.2465184,THERM,0,motor_temp,C,25.581
1770051567.2969284,ADC1,1,servo_2,A,1.62
1770051567.3477747,ADC2,0,bus_voltage,V,10.747
1770051567.3986697,ADC1,0,servo_1,A,2.287
1770051567.4495451,ADC1,0,servo_1,A,0.984
1770051567.5001905,ADC2,0,bus_voltage,V,12.589
1770051567.5505466,ADC1,0,servo_1,A,0.968
1770051567.601276,ADC1,1,servo_2,A,0.684
1770051567.6518612,ADC1,0,servo_1,A,2.242
1770051567.7023594,ADC1,1,servo_2,A,1.397
1770051567.7528825,ADC2,0,bus_voltage,V,11.993
1770051567.8033836,ADC1,0,servo_1,A,1.952
1770051567.8540766,ADC1,0,servo_1,A,1.778
1770051567.9047542,ADC1,1,servo_2,A,0.7
1770051567.9551206,THERM,0,motor_temp,C,65.494
1770051568.0056877,ADC2,0,bus_voltage,V,11.132
1770051568.0565062,THERM,0,motor_temp,C,27.171
1770051568.1069868,ADC1,1,servo_2,A,2.457
1770051568.1587996,THERM,0,motor_temp,C,38.889
1770051568.2095242,ADC1,1,servo_2,A,0.991
1770051568.2601953,THERM,0,motor_temp,C,60.279
1770051568.3107302,ADC2,0,bus_voltage,V,10.985
1770051568.361425,ADC1,0,servo_1,A,0.237
1770051568.4119241,THERM,0,motor_temp,C,27.116
1770051568.4622395,ADC1,0,servo_1,A,0.356
1770051568.5128522,THERM,0,motor_temp,C,58.586
1770051568.5630724,THERM,0,motor_temp,C,25.075
1770051568.613715,ADC1,0,servo_1,A,0.328
1770051568.6643088,ADC1,0,servo_1,A,2.346
1770051568.7146688,ADC1,0,servo_1,A,0.77
1770051568.764926,ADC2,0,bus_voltage,V,12.165
1770051568.8156881,ADC1,0,servo_1,A,1.225
1770051568.8660872,ADC1,0,servo_1,A,2.432
1770051568.9165196,ADC1,0,servo_1,A,0.257
1770051568.9672878,THERM,0,motor_temp,C,69.146
1770051569.0179558,ADC2,0,bus_voltage,V,11.954
1770051569.0686839,ADC1,0,servo_1,A,2.035
1770051569.1190734,ADC2,0,bus_voltage,V,10.63
1770051569.1696146,ADC2,0,bus_voltage,V,11.732
1770051569.2204185,ADC1,1,servo_2,A,1.565
1770051569.2712295,ADC1,1,servo_2,A,0.573
1770051569.3214688,THERM,0,motor_temp,C,56.91
1770051569.3720036,ADC1,0,servo_1,A,0.884
1770051569.4224927,ADC1,1,servo_2,A,1.015
1770051569.472831,ADC2,0,bus_voltage,V,11.606
1770051569.5234222,THERM,0,motor_temp,C,37.754
1770051569.5741055,ADC1,1,servo_2,A,2.075
1770051569.6248693,ADC1,1,servo_2,A,0.249
1770051569.6752872,THERM,0,motor_temp,C,27.383
1770051569.726216,ADC2,0,bus_voltage,V,11.762
1770051569.7768168,THERM,0,motor_temp,C,52.442
1770051569.8271816,THERM,0,motor_temp,C,59.285
1770051569.8776395,ADC2,0,bus_voltage,V,12.571
1770051569.9285088,THERM,0,motor_temp,C,63.69
1770051569.9797673,THERM,0,motor_temp,C,50.396
1770051570.0302954,THERM,0,motor_temp,C,63.555
1770051570.0809011,ADC1,0,servo_1,A,0.398
1770051570.1314464,ADC1,0,servo_1,A,0.722
1770051570.1820998,ADC2,0,bus_voltage,V,11.527
1770051570.2328982,ADC1,1,servo_2,A,2.02
1770051570.283356,ADC1,0,servo_1,A,0.636
1770051570.333957,ADC2,0,bus_voltage,V,11.644
1770051570.3846326,ADC1,1,servo_2,A,0.976
1770051570.4355614,ADC1,0,servo_1,A,1.677
1770051570.4863462,ADC2,0,bus_voltage,V,11.374
1770051570.5367188,THERM,0,motor_temp,C,56.952
1770051570.5873299,ADC1,1,servo_2,A,1.07
1770051570.6377845,ADC1,1,servo_2,A,1.667
1770051570.6882436,ADC1,0,servo_1,A,1.886
1770051570.738802,ADC2,0,bus_voltage,V,11.56
1770051570.789401,ADC1,1,servo_2,A,1.034
1770051570.8400638,ADC2,0,bus_voltage,V,12.317
1770051570.8908553,THERM,0,motor_temp,C,38.538
1770051570.9415843,ADC1,0,servo_1,A,1.239
1770051570.9922295,ADC1,0,servo_1,A,0.795
1770051571.0426974,ADC1,1,servo_2,A,2.488
1770051571.0936017,ADC1,0,servo_1,A,0.704
1770051571.1440983,ADC2,0,bus_voltage,V,11.625
1770051571.1948864,ADC2,0,bus_voltage,V,10.13
1770051571.245644,ADC1,0,servo_1,A,1.927
1770051571.2960286,ADC2,0,bus_voltage,V,12.032
1770051571.3467064,ADC2,0,bus_voltage,V,11.921
1770051571.39736,ADC1,1,servo_2,A,0.833
1770051571.447678,THERM,0,motor_temp,C,44.964
1770051571.4981468,ADC1,1,servo_2,A,0.268
1770051571.548595,ADC1,0,servo_1,A,1.063
1770051571.5991282,ADC1,1,servo_2,A,0.99
1770051571.6498098,ADC2,0,bus_voltage,V,11.231
1770051571.700078,THERM,0,motor_temp,C,34.836
1770051571.750681,ADC1,1,servo_2,A,2.119
1770051571.801066,ADC2,0,bus_voltage,V,12.182
1770051571.851958,ADC2,0,bus_voltage,V,10.845
1770051571.9028895,ADC1,0,servo_1,A,0.695
1770051571.9532185,THERM,0,motor_temp,C,61.903
1770051572.0035233,ADC1,1,servo_2,A,1.283
1770051572.053944,ADC2,0,bus_voltage,V,11.711
1770051572.1047645,ADC2,0,bus_voltage,V,10.534
1770051572.1550026,ADC2,0,bus_voltage,V,10.417
1770051572.2054002,ADC1,1,servo_2,A,1.049
1770051572.2561371,THERM,0,motor_temp,C,35.373
1770051572.3068557,ADC1,0,servo_1,A,1.631
1770051572.3570774,ADC1,0,servo_1,A,2.141
1770051572.4077644,ADC1,0,servo_1,A,0.786
1770051572.4580328,THERM,0,motor_temp,C,44.541
1770051572.5083575,THERM,0,motor_temp,C,63.85
1770051572.559104,ADC2,0,bus_voltage,V,10.925
1770051572.6095104,ADC2,0,bus_voltage,V,10.566
1770051572.6600676,ADC1,0,servo_1,A,1.13
1770051572.7108643,ADC1,1,servo_2,A,2.404
1770051572.7614424,ADC2,0,bus_voltage,V,12.432
1770051572.8120465,THERM,0,motor_temp,C,38.265
1770051572.862832,ADC1,1,servo_2,A,0.351
1770051572.9134493,ADC1,1,servo_2,A,2.298
1770051572.9644024,THERM,0,motor_temp,C,47.73
1770051573.0151644,ADC2,0,bus_voltage,V,11.028
1770051573.065609,ADC2,0,bus_voltage,V,10.081
1770051573.11632,ADC1,1,servo_2,A,1.392
1770051573.167015,THERM,0,motor_temp,C,31.371
1770051573.2178257,ADC2,0,bus_voltage,V,11.822
1770051573.2686093,ADC2,0,bus_voltage,V,12.501
1770051573.3191047,ADC1,0,servo_1,A,1.601
1770051573.3694513,THERM,0,motor_temp,C,62.888
1770051573.4198656,THERM,0,motor_temp,C,63.751
1770051573.4706063,ADC2,0,bus_voltage,V,11.675
1770051573.52161,ADC2,0,bus_voltage,V,11.687
1770051573.5722294,ADC2,0,bus_voltage,V,10.971
1770051573.62313,ADC2,0,bus_voltage,V,12.42
1770051573.673794,ADC2,0,bus_voltage,V,10.588
1770051573.7243536,THERM,0,motor_temp,C,59.864
1770051573.7748923,ADC1,1,servo_2,A,2.464
1770051573.8252873,ADC1,1,servo_2,A,1.608
1770051573.8762817,ADC1,0,servo_1,A,2.364
1770051573.9279745,THERM,0,motor_temp,C,65.288
1770051573.9787955,THERM,0,motor_temp,C,68.396
1770051574.0293062,ADC1,1,servo_2,A,1.48
1770051574.0798156,ADC2,0,bus_voltage,V,11.374
1770051574.1303992,ADC1,0,servo_1,A,2.401
1770051574.1811247,THERM,0,motor_temp,C,35.443
1770051574.2314177,ADC1,1,servo_2,A,2.14
1770051574.2818315,ADC1,1,servo_2,A,1.892
1770051574.3322985,ADC2,0,bus_voltage,V,10.505
1770051574.3827531,THERM,0,motor_temp,C,67.08
1770051574.4333403,ADC2,0,bus_voltage,V,10.272
1770051574.4837794,ADC1,1,servo_2,A,0.886
1770051574.5345383,ADC1,0,servo_1,A,2.193
1770051574.584893,THERM,0,motor_temp,C,53.379
1770051574.6352477,ADC1,1,servo_2,A,2.444
1770051574.6857865,THERM,0,motor_temp,C,64.916
1770051574.7365367,ADC1,0,servo_1,A,2.422
1770051574.787082,ADC2,0,bus_voltage,V,11.159
1770051574.8377903,ADC1,0,servo_1,A,1.887
1770051574.8882062,ADC2,0,bus_voltage,V,11.08
1770051574.9386423,ADC1,0,servo_1,A,0.466
1770051574.9891691,ADC2,0,bus_voltage,V,11.793
1770051575.039865,ADC1,1,servo_2,A,1.227
1770051575.0906556,ADC2,0,bus_voltage,V,10.296
1770051575.141282,ADC1,1,servo_2,A,1.207
1770051575.192113,ADC1,0,servo_1,A,1.085
1770051575.2427616,THERM,0,motor_temp,C,66.562
1770051575.2934506,ADC2,0,bus_voltage,V,11.927
1770051575.3441567,ADC1,1,servo_2,A,2.403
1770051575.3950887,ADC1,0,servo_1,A,2.013
1770051575.4459114,ADC1,1,servo_2,A,1.423
1770051575.4967096,ADC1,0,servo_1,A,2.318
1770051575.547056,ADC2,0,bus_voltage,V,10.377
1770051575.5981393,THERM,0,motor_temp,C,66.452
1770051575.6491122,ADC2,0,bus_voltage,V,12.409
1770051575.6999032,ADC1,1,servo_2,A,1.265
1770051575.7502265,ADC1,1,servo_2,A,2.152
1770051575.8004205,ADC1,0,servo_1,A,1.967
1770051575.850882,ADC1,0,servo_1,A,1.007
1770051575.9011767,ADC1,1,servo_2,A,1.642
1770051575.9515412,ADC1,1,servo_2,A,1.316
1770051576.0020852,ADC2,0,bus_voltage,V,11.233
1770051576.0527458,ADC2,0,bus_voltage,V,10.722
1770051576.1030369,THERM,0,motor_temp,C,44.767
1770051576.1534534,THERM,0,motor_temp,C,58.711
1770051576.2041605,ADC2,0,bus_voltage,V,11.562
1770051576.254885,ADC1,0,servo_1,A,2.207
1770051576.3056269,ADC1,0,servo_1,A,1.142
1770051576.3561983,ADC2,0,bus_voltage,V,12.416
1770051576.406926,THERM,0,motor_temp,C,55.475
1770051576.45737,ADC1,1,servo_2,A,0.382
1770051576.508109,ADC1,0,servo_1,A,1.352
1770051576.5586352,ADC1,1,servo_2,A,1.987
1770051576.6104298,ADC1,1,servo_2,A,1.203
1770051576.6607814,ADC2,0,bus_voltage,V,10.614
1770051576.7118883,ADC2,0,bus_voltage,V,11.341
1770051576.7621422,THERM,0,motor_temp,C,58.446
1770051576.8126526,THERM,0,motor_temp,C,65.767
1770051576.86347,ADC2,0,bus_voltage,V,11.033
1770051576.9138727,THERM,0,motor_temp,C,36.1
1770051576.9645429,ADC2,0,bus_voltage,V,10.824
1770051577.0151994,ADC1,0,servo_1,A,0.321
1770051577.066112,ADC2,0,bus_voltage,V,11.904
1770051577.1174934,ADC1,1,servo_2,A,2.245
1770051577.1678653,ADC2,0,bus_voltage,V,12.065
1770051577.2182498,ADC1,0,servo_1,A,2.004
1770051577.2688956,ADC2,0,bus_voltage,V,11.423
1770051577.319956,ADC1,0,servo_1,A,0.986
1770051577.3709636,ADC2,0,bus_voltage,V,10.277
1770051577.4215815,ADC1,1,servo_2,A,1.731
1770051577.4720988,THERM,0,motor_temp,C,32.276
1770051577.5225754,ADC1,0,servo_1,A,2.155
1770051577.5733001,ADC2,0,bus_voltage,V,12.043
1770051577.623517,ADC2,0,bus_voltage,V,11.45
1770051577.6737897,ADC1,1,servo_2,A,1.59
1770051577.7243671,ADC1,0,servo_1,A,2.319
1770051577.7750607,ADC1,0,servo_1,A,1.937
1770051577.825906,ADC1,0,servo_1,A,0.272
1770051577.8764586,ADC2,0,bus_voltage,V,11.092
1770051577.9269493,ADC1,0,servo_1,A,0.907
1770051577.977786,THERM,0,motor_temp,C,25.385
1770051578.0285192,ADC1,1,servo_2,A,0.67
1770051578.0787468,ADC2,0,bus_voltage,V,11.749
1770051578.1290612,ADC1,1,servo_2,A,0.588
1770051578.179462,ADC2,0,bus_voltage,V,11.353
1770051578.2298076,ADC1,0,servo_1,A,0.464
1770051578.2803147,ADC1,1,servo_2,A,2.302
1770051578.3308253,ADC1,0,servo_1,A,2.489
1770051578.3811042,ADC1,0,servo_1,A,2.324
1770051578.4314945,ADC1,0,servo_1,A,1.281
1770051578.481982,ADC1,0,servo_1,A,2.288
1770051578.5327413,ADC2,0,bus_voltage,V,10.32
1770051578.5833852,THERM,0,motor_temp,C,56.565
1770051578.6336465,THERM,0,motor_temp,C,63.072
1770051578.6843798,THERM,0,motor_temp,C,48.259
1770051578.734636,ADC1,1,servo_2,A,1.811
1770051578.785176,THERM,0,motor_temp,C,51.403
1770051578.8356655,ADC1,0,servo_1,A,1.696
1770051578.8861816,ADC1,0,servo_1,A,1.117
1770051578.9369013,ADC1,0,servo_1,A,2.395
1770051578.9877558,ADC2,0,bus_voltage,V,10.543
1770051579.0385919,ADC1,0,servo_1,A,1.561
1770051579.0890067,ADC1,0,servo_1,A,1.708
1770051579.1397564,ADC1,0,servo_1,A,2.367
1770051579.1924438,ADC1,0,servo_1,A,1.066
1770051579.2429895,ADC1,1,servo_2,A,1.274
1770051579.2938244,ADC1,1,servo_2,A,0.453
1770051579.344352,ADC1,0,servo_1,A,2.031
1770051579.394928,THERM,0,motor_temp,C,55.194
1770051579.4455483,ADC1,1,servo_2,A,1.07
1770051579.496618,ADC1,1,servo_2,A,1.425
1770051579.5470273,THERM,0,motor_temp,C,58.383
1770051579.5977514,ADC1,1,servo_2,A,1.202
1770051579.6481688,ADC2,0,bus_voltage,V,10.339
1770051579.6984284,ADC1,1,servo_2,A,1.229
1770051579.7487376,ADC2,0,bus_voltage,V,11.998
1770051579.7991827,ADC2,0,bus_voltage,V,10.704
1770051579.8498843,THERM,0,motor_temp,C,61.341
1770051579.9006946,ADC1,1,servo_2,A,1.032
1770051579.9512064,ADC1,0,servo_1,A,0.455
1770051580.0013952,ADC1,0,servo_1,A,0.689
1770051580.0519867,THERM,0,motor_temp,C,52.413
1770051580.102421,THERM,0,motor_temp,C,34.782
1770051580.152806,ADC1,0,servo_1,A,2.302
1770051580.2032144,ADC2,0,bus_voltage,V,10.303
1770051580.2538095,ADC1,1,servo_2,A,2.178
1770051580.3040712,ADC1,1,servo_2,A,0.591
1770051580.3547244,THERM,0,motor_temp,C,53.559
1770051580.4050047,ADC1,1,servo_2,A,1.264
1770051580.455343,ADC1,0,servo_1,A,0.602
1770051580.5060694,ADC1,1,servo_2,A,2.269
1770051580.556619,ADC1,1,servo_2,A,1.562
1770051580.6076884,ADC1,1,servo_2,A,1.82
1770051580.6584983,THERM,0,motor_temp,C,56.79
1770051580.709227,THERM,0,motor_temp,C,30.146
1770051580.7595656,ADC2,0,bus_voltage,V,12.132
1770051580.810202,THERM,0,motor_temp,C,56.923
1770051580.8606622,THERM,0,motor_temp,C,42.815
1770051580.910971,ADC1,1,servo_2,A,1.634
1770051580.961754,ADC1,0,servo_1,A,1.188
1770051581.012034,THERM,0,motor_temp,C,41.821
1770051581.0622876,ADC1,0,servo_1,A,1.296
1770051581.112921,ADC1,0,servo_1,A,1.612
1770051581.163416,ADC2,0,bus_voltage,V,10.978
1770051581.2140408,ADC1,1,servo_2,A,2.196
1770051581.2645478,ADC1,1,servo_2,A,1.576
1770051581.3150353,THERM,0,motor_temp,C,68.264
1770051581.3656392,ADC1,1,servo_2,A,2.211
1770051581.416142,ADC1,1,servo_2,A,1.143
1770051581.466516,ADC1,1,servo_2,A,0.474
1770051581.5168924,THERM,0,motor_temp,C,61.191
1770051581.5674512,ADC2,0,bus_voltage,V,10.814
1770051581.6179578,ADC1,0,servo_1,A,1.255
1770051581.6692724,THERM,0,motor_temp,C,68.329
1770051581.7200668,ADC1,1,servo_2,A,2.38
1770051581.7704933,ADC1,0,servo_1,A,1.023
1770051581.8211813,ADC2,0,bus_voltage,V,10.466
1770051581.8718474,ADC2,0,bus_voltage,V,11.561
1770051581.9222822,ADC1,0,servo_1,A,1.615
1770051581.973024,ADC1,1,servo_2,A,0.801
1770051582.0236156,THERM,0,motor_temp,C,39.377
1770051582.0744529,ADC1,1,servo_2,A,1.457
1770051582.125158,THERM,0,motor_temp,C,25.083
1770051582.1756516,ADC2,0,bus_voltage,V,11.068
1770051582.2259812,ADC1,1,servo_2,A,0.357
1770051582.2768931,ADC2,0,bus_voltage,V,12.014
1770051582.3277557,THERM,0,motor_temp,C,28.999
1770051582.378282,ADC1,0,servo_1,A,1.208
1770051582.4287317,ADC1,1,servo_2,A,1.691
1770051582.4790268,THERM,0,motor_temp,C,41.496
1770051582.5292306,ADC2,0,bus_voltage,V,12.386
1770051582.5797582,ADC1,0,servo_1,A,2.192
1770051582.630118,ADC1,1,servo_2,A,2.012
1770051582.6807396,ADC1,0,servo_1,A,2.103
1770051582.731241,ADC1,0,servo_1,A,1.914
1770051582.781615,THERM,0,motor_temp,C,25.409
1770051582.832437,ADC1,1,servo_2,A,0.847
1770051582.8829703,ADC1,0,servo_1,A,1.566
1770051582.933647,THERM,0,motor_temp,C,44.277
1770051582.984364,ADC1,1,servo_2,A,1.961
1770051583.0351162,ADC1,1,servo_2,A,1.297
1770051583.0855165,ADC1,0,servo_1,A,1.634
1770051583.1359477,THERM,0,motor_temp,C,31.338
1770051583.1865556,THERM,0,motor_temp,C,47.577
1770051583.2370162,ADC1,0,servo_1,A,1.088
1770051583.2876883,THERM,0,motor_temp,C,44.357
1770051583.3381014,THERM,0,motor_temp,C,35.425
1770051583.3883944,ADC1,1,servo_2,A,1.893
1770051583.4392161,THERM,0,motor_temp,C,56.839
1770051583.4900098,ADC1,0,servo_1,A,0.608
1770051583.5402906,ADC2,0,bus_voltage,V,10.252
1770051583.5904553,ADC2,0,bus_voltage,V,12.524
1770051583.6409147,THERM,0,motor_temp,C,51.927
1770051583.691759,ADC1,1,servo_2,A,1.107
1770051583.7424202,THERM,0,motor_temp,C,69.896
1770051583.793057,ADC1,0,servo_1,A,0.912
1770051583.8439734,ADC2,0,bus_voltage,V,11.596
1770051583.8946483,ADC1,0,servo_1,A,0.483
1770051583.9451375,ADC1,1,servo_2,A,0.485
1770051583.995911,ADC2,0,bus_voltage,V,11.159
1770051584.0464482,THERM,0,motor_temp,C,28.543
1770051584.0970397,THERM,0,motor_temp,C,68.015
1770051584.1474342,THERM,0,motor_temp,C,32.633
1770051584.1978204,ADC1,0,servo_1,A,0.415
1770051584.2486765,THERM,0,motor_temp,C,36.658
1770051584.2997727,THERM,0,motor_temp,C,31.475
1770051584.3502083,THERM,0,motor_temp,C,66.375
1770051584.4012756,ADC1,1,servo_2,A,1.784
1770051584.4517274,THERM,0,motor_temp,C,37.129
1770051584.502083,THERM,0,motor_temp,C,58.886
1770051584.552422,ADC1,1,servo_2,A,2.086
1770051584.6026893,ADC2,0,bus_voltage,V,12.291
1770051584.6530926,ADC1,0,servo_1,A,1.544
1770051584.703534,THERM,0,motor_temp,C,60.332
1770051584.7540345,THERM,0,motor_temp,C,66.902
1770051584.8043919,ADC1,1,servo_2,A,1.102
1770051584.8548214,ADC1,1,servo_2,A,0.433
1770051584.9054976,ADC1,1,servo_2,A,1.242
1770051584.9561129,ADC2,0,bus_voltage,V,11.331
1770051585.0066123,ADC1,0,servo_1,A,1.11
1770051585.0579374,ADC1,0,servo_1,A,0.343
1770051585.1083486,THERM,0,motor_temp,C,67.11
1770051585.1587589,ADC1,0,servo_1,A,0.935
1770051585.2091475,ADC2,0,bus_voltage,V,11.798
1770051585.2597368,ADC2,0,bus_voltage,V,10.874
1770051585.3103368,ADC2,0,bus_voltage,V,10.007
1770051585.361102,ADC2,0,bus_voltage,V,12.501
1770051585.4120789,ADC1,1,servo_2,A,1.359
1770051585.4628012,ADC1,1,servo_2,A,0.634
1770051585.513142,ADC1,0,servo_1,A,0.823
1770051585.5639627,ADC1,0,servo_1,A,1.249
1770051585.6145518,ADC1,0,servo_1,A,2.104
1770051585.665196,ADC1,1,servo_2,A,2.068
1770051585.7156682,ADC2,0,bus_voltage,V,12.564
1770051585.7660863,THERM,0,motor_temp,C,30.248
1770051585.8166304,THERM,0,motor_temp,C,51.971
1770051585.8672569,ADC1,0,servo_1,A,0.952
1770051585.9178135,ADC2,0,bus_voltage,V,11.804
1770051585.9684916,ADC2,0,bus_voltage,V,11.361
1770051586.0194805,ADC2,0,bus_voltage,V,10.512
1770051586.070074,ADC2,0,bus_voltage,V,10.498
1770051586.1206405,ADC1,1,servo_2,A,2.418
1770051586.1712518,ADC1,0,servo_1,A,1.011
1770051586.2220147,THERM,0,motor_temp,C,40.788
1770051586.2724998,ADC1,1,servo_2,A,0.943
1770051586.3228707,ADC1,1,servo_2,A,0.789
1770051586.3733885,ADC1,0,servo_1,A,2.403
1770051586.4240484,ADC1,0,servo_1,A,0.607
1770051586.4744284,ADC1,1,servo_2,A,1.203
1770051586.5249524,ADC2,0,bus_voltage,V,10.685
1770051586.5755699,ADC1,0,servo_1,A,0.272
1770051586.6261048,ADC2,0,bus_voltage,V,10.84
1770051586.676828,ADC1,0,servo_1,A,0.267
1770051586.7272465,ADC1,0,servo_1,A,2.137
1770051586.7779412,THERM,0,motor_temp,C,58.265
1770051586.8284426,THERM,0,motor_temp,C,41.973
1770051586.8787172,THERM,0,motor_temp,C,43.109
1770051586.9290698,THERM,0,motor_temp,C,29.631
1770051586.9798882,ADC2,0,bus_voltage,V,10.606
1770051587.0304081,THERM,0,motor_temp,C,57.956
1770051587.0810714,ADC2,0,bus_voltage,V,11.595
1770051587.131697,ADC1,0,servo_1,A,1.363
1770051587.1823578,ADC1,1,servo_2,A,2.155
1770051587.2328594,ADC1,1,servo_2,A,0.44
1770051587.2835436,ADC1,1,servo_2,A,1.578
1770051587.3339794,ADC1,1,servo_2,A,1.898
1770051587.384578,THERM,0,motor_temp,C,38.984
1770051587.4347315,THERM,0,motor_temp,C,53.396
1770051587.4851756,THERM,0,motor_temp,C,41.585
1770051587.53551,ADC1,1,servo_2,A,2.284
1770051587.5862064,ADC2,0,bus_voltage,V,10.705
1770051587.6365683,ADC1,0,servo_1,A,0.473
1770051587.6871934,ADC1,0,servo_1,A,0.733
1770051587.7376466,THERM,0,motor_temp,C,68.056
1770051587.7880764,ADC2,0,bus_voltage,V,11.219
1770051587.838493,ADC1,1,servo_2,A,1.148
1770051587.8890665,ADC1,1,servo_2,A,2.14
1770051587.9396377,ADC2,0,bus_voltage,V,11.983
1770051587.989797,THERM,0,motor_temp,C,46.724
1770051588.0405018,ADC1,0,servo_1,A,1.787
1770051588.0909672,THERM,0,motor_temp,C,51.899
1770051588.1416266,ADC1,0,servo_1,A,2.341
1770051588.1921024,ADC2,0,bus_voltage,V,11.957
1770051588.2427347,ADC2,0,bus_voltage,V,12.124
1770051588.293208,ADC2,0,bus_voltage,V,10.797
1770051588.3434865,ADC2,0,bus_voltage,V,11.889
1770051588.3943954,ADC1,0,servo_1,A,2.136
1770051588.4448757,THERM,0,motor_temp,C,31.332
1770051588.4951463,ADC1,1,servo_2,A,0.53
1770051588.5456738,THERM,0,motor_temp,C,62.194
1770051588.5961623,ADC1,1,servo_2,A,1.64
1770051588.6466122,THERM,0,motor_temp,C,38.835
1770051588.6969426,ADC1,0,servo_1,A,1.127
1770051588.7475636,THERM,0,motor_temp,C,59.835
1770051588.7981179,ADC1,0,servo_1,A,1.605
1770051588.84866,ADC2,0,bus_voltage,V,11.482
1770051588.899283,THERM,0,motor_temp,C,33.296
1770051588.9499617,ADC1,0,servo_1,A,2.402
1770051589.0002105,ADC1,0,servo_1,A,1.951
1770051589.050532,THERM,0,motor_temp,C,47.414
1770051589.101165,ADC1,1,servo_2,A,0.451
1770051589.1518903,ADC2,0,bus_voltage,V,12.268
1770051589.2023382,THERM,0,motor_temp,C,52.221
1770051589.2532477,ADC1,1,servo_2,A,1.839
1770051589.3033922,ADC1,1,servo_2,A,0.214
1770051589.3535697,ADC2,0,bus_voltage,V,12.498
1770051589.4040847,ADC1,0,servo_1,A,0.852
1770051589.4563913,ADC1,0,servo_1,A,2.433
1770051589.5068734,ADC2,0,bus_voltage,V,10.503
1770051589.5572906,ADC2,0,bus_voltage,V,11.459
1770051589.607624,ADC2,0,bus_voltage,V,12.125
1770051589.6582873,ADC1,0,servo_1,A,1.853
1770051589.7087197,ADC1,0,servo_1,A,1.634
1770051589.7592669,ADC1,0,servo_1,A,0.971
1770051589.8096704,ADC1,1,servo_2,A,1.027
1770051589.860105,ADC2,0,bus_voltage,V,10.105
1770051589.9105752,ADC2,0,bus_voltage,V,10.334
1770051589.9611635,ADC2,0,bus_voltage,V,11.33
1770051590.0116348,THERM,0,motor_temp,C,55.613
1770051590.062314,ADC2,0,bus_voltage,V,12.119
1770051590.113011,THERM,0,motor_temp,C,42.143
1770051590.163875,THERM,0,motor_temp,C,40.655
1770051590.214331,ADC1,0,servo_1,A,1.561
1770051590.2649481,THERM,0,motor_temp,C,38.559
1770051590.3157303,ADC1,1,servo_2,A,2.413
1770051590.3662477,ADC1,0,servo_1,A,0.785
1770051590.416976,ADC1,0,servo_1,A,1.378
1770051590.4675784,ADC2,0,bus_voltage,V,10.061
1770051590.5182076,ADC1,1,servo_2,A,2.49
1770051590.5688121,ADC1,0,servo_1,A,1.397
1770051590.6195302,ADC2,0,bus_voltage,V,11.991
1770051590.6701715,ADC1,1,servo_2,A,2.424
1770051590.720845,ADC1,0,servo_1,A,0.501
1770051590.7722893,ADC1,0,servo_1,A,2.269
1770051590.8226292,ADC1,1,servo_2,A,1.85
1770051590.8734205,ADC1,0,servo_1,A,1.557
1770051590.9239872,ADC1,1,servo_2,A,0.707
1770051590.9746108,ADC2,0,bus_voltage,V,10.958
1770051591.025286,THERM,0,motor_temp,C,62.052
1770051591.075826,ADC2,0,bus_voltage,V,10.173
1770051591.1264603,ADC1,1,servo_2,A,0.338
1770051591.176856,ADC1,1,servo_2,A,2.141
1770051591.2272146,ADC1,0,servo_1,A,1.966
1770051591.277674,THERM,0,motor_temp,C,55.426
1770051591.3280983,ADC1,1,servo_2,A,0.945
1770051591.3789105,ADC1,0,servo_1,A,2.09
1770051591.4292352,ADC2,0,bus_voltage,V,10.826
1770051591.4799304,ADC1,1,servo_2,A,0.772
1770051591.5305965,THERM,0,motor_temp,C,40.412
1770051591.5810792,ADC1,0,servo_1,A,1.375
1770051591.6319182,ADC2,0,bus_voltage,V,11.981
1770051591.6822762,THERM,0,motor_temp,C,45.779
1770051591.733087,ADC2,0,bus_voltage,V,11.771
1770051591.7838178,ADC2,0,bus_voltage,V,10.234
1770051591.834194,ADC2,0,bus_voltage,V,12.252
1770051591.8846076,ADC2,0,bus_voltage,V,10.207
1770051591.9353907,ADC1,0,servo_1,A,2.127
1770051591.9861841,ADC2,0,bus_voltage,V,11.5
1770051592.0369222,THERM,0,motor_temp,C,45.55
1770051592.0874443,ADC1,0,servo_1,A,1.995
1770051592.1380584,THERM,0,motor_temp,C,48.168
1770051592.188427,ADC2,0,bus_voltage,V,10.519
1770051592.238649,ADC1,1,servo_2,A,0.248
1770051592.2889042,ADC1,0,servo_1,A,1.734
1770051592.3391662,ADC1,1,servo_2,A,0.823
1770051592.3900664,THERM,0,motor_temp,C,63.449
1770051592.4406576,ADC1,0,servo_1,A,2.133
1770051592.4911895,ADC1,0,servo_1,A,2.145
1770051592.5416267,ADC2,0,bus_voltage,V,11.266
1770051592.5919802,ADC1,1,servo_2,A,1.395
1770051592.6424325,THERM,0,motor_temp,C,49.254
1770051592.6928124,ADC1,1,servo_2,A,0.818
1770051592.743447,ADC2,0,bus_voltage,V,12.556
1770051592.794022,THERM,0,motor_temp,C,28.535
1770051592.8445475,ADC2,0,bus_voltage,V,12.325
1770051592.8949642,THERM,0,motor_temp,C,55.817
1770051592.945239,ADC1,1,servo_2,A,0.653
1770051592.9958696,ADC2,0,bus_voltage,V,10.738
1770051593.0462387,ADC1,1,servo_2,A,1.061
1770051593.096756,ADC1,1,servo_2,A,2.166
1770051593.1473346,ADC1,1,servo_2,A,2.132
1770051593.1977618,ADC1,0,servo_1,A,0.983
1770051593.2481556,ADC1,0,servo_1,A,2.25
1770051593.2986813,ADC1,1,servo_2,A,1.929
1770051593.3495274,THERM,0,motor_temp,C,58.791
1770051593.4002085,THERM,0,motor_temp,C,29.623
1770051593.4506078,ADC2,0,bus_voltage,V,11.93
1770051593.5009465,THERM,0,motor_temp,C,55.023
1770051593.5518336,ADC1,1,servo_2,A,2.144
1770051593.6022766,THERM,0,motor_temp,C,35.087
1770051593.6529286,THERM,0,motor_temp,C,56.746
1770051593.7034445,ADC2,0,bus_voltage,V,11.392
1770051593.7537568,ADC1,0,servo_1,A,0.715
1770051593.804196,ADC2,0,bus_voltage,V,10.785
1770051593.8549793,ADC1,0,servo_1,A,2.165
1770051593.9056833,ADC1,0,servo_1,A,2.054
1770051593.9566813,ADC1,1,servo_2,A,1.861
1770051594.0074496,ADC1,1,servo_2,A,0.522
1770051594.058236,ADC1,1,servo_2,A,0.984
1770051594.1090133,ADC2,0,bus_voltage,V,11.786
1770051594.159431,ADC1,1,servo_2,A,1.722
1770051594.2097452,ADC1,1,servo_2,A,1.208
1770051594.260706,ADC2,0,bus_voltage,V,12.17
1770051594.3111584,ADC2,0,bus_voltage,V,12.589
1770051594.361995,ADC1,0,servo_1,A,0.37
1770051594.4126596,ADC2,0,bus_voltage,V,11.093
1770051594.4630773,ADC1,0,servo_1,A,0.383
1770051594.5137823,THERM,0,motor_temp,C,46.794
1770051594.563982,ADC1,0,servo_1,A,0.31
1770051594.614219,ADC1,0,servo_1,A,1.431
1770051594.664793,ADC1,1,servo_2,A,0.553
1770051594.7156405,THERM,0,motor_temp,C,42.483
1770051594.7658517,THERM,0,motor_temp,C,41.696
1770051594.8163068,ADC1,1,servo_2,A,0.879
1770051594.8668888,ADC2,0,bus_voltage,V,12.2
1770051594.9174113,THERM,0,motor_temp,C,50.44
1770051594.9682484,THERM,0,motor_temp,C,49.233
1770051595.0189939,ADC1,0,servo_1,A,0.3
1770051595.0696495,THERM,0,motor_temp,C,53.43
1770051595.1200676,THERM,0,motor_temp,C,61.114
1770051595.1706784,THERM,0,motor_temp,C,53.735
1770051595.221213,ADC2,0,bus_voltage,V,10.792
1770051595.2718964,ADC1,0,servo_1,A,0.471
1770051595.322199,THERM,0,motor_temp,C,27.925
1770051595.3725226,ADC1,0,servo_1,A,0.767
1770051595.4230783,THERM,0,motor_temp,C,58.946
1770051595.4734871,ADC2,0,bus_voltage,V,12.217
1770051595.5244005,THERM,0,motor_temp,C,46.398
1770051595.5748029,THERM,0,motor_temp,C,60.189
1770051595.6253617,ADC1,0,servo_1,A,1.579
1770051595.6758254,ADC1,0,servo_1,A,0.676
1770051595.7263951,ADC2,0,bus_voltage,V,10.366
1770051595.776795,ADC1,1,servo_2,A,0.963
1770051595.8271432,ADC2,0,bus_voltage,V,10.581
1770051595.877652,THERM,0,motor_temp,C,31.797
1770051595.9281936,ADC2,0,bus_voltage,V,12.299
1770051595.9790032,ADC2,0,bus_voltage,V,11.993
1770051596.0293212,ADC2,0,bus_voltage,V,12.243
1770051596.0799189,ADC2,0,bus_voltage,V,10.491
1770051596.1307187,ADC1,1,servo_2,A,0.728
1770051596.1815863,ADC2,0,bus_voltage,V,11.026
1770051596.232175,THERM,0,motor_temp,C,42.124
1770051596.2832148,ADC1,0,servo_1,A,1.235
1770051596.3338428,THERM,0,motor_temp,C,34.455
1770051596.3842344,ADC2,0,bus_voltage,V,12.2
1770051596.4349473,THERM,0,motor_temp,C,36.839
1770051596.4855492,ADC1,1,servo_2,A,1.172
1770051596.5357816,ADC1,1,servo_2,A,2.007
1770051596.5861137,ADC1,1,servo_2,A,2.139
1770051596.6366498,ADC1,1,servo_2,A,1.194
1770051596.6870549,ADC2,0,bus_voltage,V,10.641
1770051596.7376719,ADC2,0,bus_voltage,V,10.177
1770051596.7880964,ADC1,0,servo_1,A,1.449
1770051596.8384519,ADC1,0,servo_1,A,1.182
1770051596.8891087,ADC2,0,bus_voltage,V,11.662
1770051596.9397466,ADC2,0,bus_voltage,V,11.706
1770051596.990237,ADC2,0,bus_voltage,V,12.094
1770051597.0405924,ADC1,1,servo_2,A,0.65
1770051597.0911074,ADC2,0,bus_voltage,V,12.196
1770051597.1417522,THERM,0,motor_temp,C,34.071
1770051597.192124,ADC1,1,servo_2,A,0.412
1770051597.2428157,ADC1,1,servo_2,A,0.824
1770051597.2930973,THERM,0,motor_temp,C,63.002
1770051597.3434398,ADC2,0,bus_voltage,V,12.576
1770051597.3940048,THERM,0,motor_temp,C,52.023
1770051597.4446447,ADC2,0,bus_voltage,V,10.557
1770051597.4952517,ADC2,0,bus_voltage,V,12.366
1770051597.5456297,THERM,0,motor_temp,C,58.956
1770051597.5959327,ADC2,0,bus_voltage,V,10.993
1770051597.64636,THERM,0,motor_temp,C,59.64
1770051597.6966257,ADC1,0,servo_1,A,0.952
1770051597.747115,ADC2,0,bus_voltage,V,11.347
1770051597.7981358,THERM,0,motor_temp,C,28.709
1770051597.8484945,THERM,0,motor_temp,C,57.103
1770051597.898834,ADC1,1,servo_2,A,0.269
1770051597.9491525,ADC1,0,servo_1,A,1.649
1770051597.9993906,ADC1,0,servo_1,A,0.403
1770051598.0497985,ADC1,1,servo_2,A,0.888
1770051598.1004703,ADC2,0,bus_voltage,V,10.242
1770051598.153078,ADC2,0,bus_voltage,V,10.659
1770051598.203582,ADC2,0,bus_voltage,V,10.647
1770051598.2539077,ADC2,0,bus_voltage,V,12.229
1770051598.3048627,THERM,0,motor_temp,C,56.02
1770051598.3555198,THERM,0,motor_temp,C,62.041
1770051598.4062223,ADC2,0,bus_voltage,V,11.381
1770051598.4569597,THERM,0,motor_temp,C,56.566
1770051598.5073414,ADC1,1,servo_2,A,1.906
1770051598.5581388,ADC2,0,bus_voltage,V,10.678
1770051598.6088452,ADC1,0,servo_1,A,1.47
1770051598.6592922,ADC2,0,bus_voltage,V,10.622
1770051598.7100275,ADC1,1,servo_2,A,0.826
1770051598.7604067,THERM,0,motor_temp,C,40.417
1770051598.8110862,THERM,0,motor_temp,C,25.521
1770051598.861539,ADC2,0,bus_voltage,V,11.81
1770051598.9121568,THERM,0,motor_temp,C,31.993
1770051598.9626946,ADC2,0,bus_voltage,V,12.458
1770051599.0133004,ADC1,1,servo_2,A,0.202
1770051599.0639534,ADC1,0,servo_1,A,1.29
1770051599.1142826,ADC1,1,servo_2,A,1.056
1770051599.1650739,ADC1,0,servo_1,A,2.113
1770051599.2158492,ADC2,0,bus_voltage,V,10.674
1770051599.266324,ADC1,0,servo_1,A,1.902
1770051599.3170733,THERM,0,motor_temp,C,31.939
1770051599.3680298,THERM,0,motor_temp,C,69.717
1770051599.4186308,ADC2,0,bus_voltage,V,10.341
1770051599.4692385,THERM,0,motor_temp,C,36.618
1770051599.5198526,ADC2,0,bus_voltage,V,10.362
1770051599.570564,ADC2,0,bus_voltage,V,10.742
1770051599.6209517,ADC1,0,servo_1,A,1.335
1770051599.6713676,THERM,0,motor_temp,C,68.379
1770051599.7217026,ADC2,0,bus_voltage,V,10.945
1770051599.772248,ADC1,0,servo_1,A,0.783
1770051599.8228846,ADC1,0,servo_1,A,0.808
1770051599.8734195,ADC1,0,servo_1,A,1.728
1770051599.923904,ADC1,0,servo_1,A,1.2
1770051599.9743354,ADC1,1,servo_2,A,0.937
1770051600.0247142,THERM,0,motor_temp,C,46.161
1770051600.075163,ADC1,0,servo_1,A,2.151
1770051600.1257262,ADC1,1,servo_2,A,2.062
1770051600.1763003,ADC2,0,bus_voltage,V,10.742
1770051600.2269669,ADC1,0,servo_1,A,0.305
1770051600.278088,ADC2,0,bus_voltage,V,11.445
1770051600.3284018,ADC1,1,servo_2,A,2.262
1770051600.3792098,THERM,0,motor_temp,C,32.823
1770051600.4296465,ADC1,0,servo_1,A,1.223
1770051600.4801428,ADC1,0,servo_1,A,1.83
1770051600.5305302,ADC2,0,bus_voltage,V,11.934
1770051600.5813148,ADC2,0,bus_voltage,V,12.1
1770051600.6320298,ADC1,1,servo_2,A,0.598
1770051600.6826472,ADC1,1,servo_2,A,0.427
1770051600.7333732,ADC1,0,servo_1,A,0.447
1770051600.7841983,ADC1,0,servo_1,A,2.102
1770051600.8349133,ADC2,0,bus_voltage,V,11.073
1770051600.8851788,ADC2,0,bus_voltage,V,12.499
1770051600.9355087,ADC1,0,servo_1,A,2.37
1770051600.9861627,ADC2,0,bus_voltage,V,10.796
1770051601.0366483,ADC1,1,servo_2,A,2.02
1770051601.0872278,ADC2,0,bus_voltage,V,10.954
1770051601.1383739,THERM,0,motor_temp,C,64.614
1770051601.1890216,ADC1,1,servo_2,A,0.467
1770051601.2396293,ADC1,1,servo_2,A,1.744
1770051601.2905233,THERM,0,motor_temp,C,38.562
1770051601.3409734,ADC1,0,servo_1,A,0.38
1770051601.3912454,THERM,0,motor_temp,C,39.206
1770051601.4419885,ADC1,0,servo_1,A,0.234
1770051601.4922752,ADC1,0,servo_1,A,1.299
1770051601.542619,ADC1,0,servo_1,A,1.881
1770051601.592918,THERM,0,motor_temp,C,59.456
1770051601.6434438,THERM,0,motor_temp,C,67.426
1770051601.69398,ADC1,0,servo_1,A,1.031
1770051601.7443063,ADC1,0,servo_1,A,1.085
1770051601.7948503,ADC2,0,bus_voltage,V,10.576
1770051601.845361,ADC1,1,servo_2,A,1.138
1770051601.8958628,ADC1,0,servo_1,A,1.601
1770051601.9464486,ADC2,0,bus_voltage,V,12.063
1770051601.9972644,ADC1,0,servo_1,A,1.496
1770051602.047613,ADC2,0,bus_voltage,V,10.121
1770051602.097992,ADC2,0,bus_voltage,V,10.902
1770051602.1484535,ADC1,1,servo_2,A,1.74
1770051602.1987503,ADC1,1,servo_2,A,0.684
1770051602.2489777,ADC2,0,bus_voltage,V,11.769
1770051602.2992535,ADC2,0,bus_voltage,V,11.917
1770051602.3505754,THERM,0,motor_temp,C,69.099
1770051602.4033487,ADC2,0,bus_voltage,V,12.143
1770051602.453812,ADC1,1,servo_2,A,0.491
1770051602.5046194,ADC2,0,bus_voltage,V,11.725
1770051602.5550487,ADC1,1,servo_2,A,2.067
1770051602.6054397,ADC1,1,servo_2,A,1.296
1770051602.656821,ADC1,1,servo_2,A,1.373
1770051602.7072837,ADC1,1,servo_2,A,1.091
1770051602.7590196,ADC1,0,servo_1,A,1.22
1770051602.8094027,THERM,0,motor_temp,C,41.234
1770051602.8599358,ADC2,0,bus_voltage,V,11.446
1770051602.9105327,THERM,0,motor_temp,C,26.399
1770051602.9611893,ADC1,1,servo_2,A,0.404
1770051603.0123043,THERM,0,motor_temp,C,51.674
1770051603.0628445,ADC1,1,servo_2,A,1.712
1770051603.1132834,ADC1,0,servo_1,A,0.335
1770051603.1637263,ADC1,1,servo_2,A,2.47
1770051603.2149632,THERM,0,motor_temp,C,27.647
1770051603.2652686,ADC1,0,servo_1,A,0.539
1770051603.3156226,ADC1,1,servo_2,A,1.058
1770051603.366045,THERM,0,motor_temp,C,47.266
1770051603.4176831,THERM,0,motor_temp,C,53.054
1770051603.468592,ADC1,1,servo_2,A,2.486
1770051603.519378,ADC1,1,servo_2,A,1.061
1770051603.570285,ADC1,1,servo_2,A,1.887
1770051603.6216762,THERM,0,motor_temp,C,35.6
1770051603.6718683,ADC1,0,servo_1,A,2.184
1770051603.7222674,ADC1,1,servo_2,A,0.357
1770051603.7727733,ADC2,0,bus_voltage,V,12.072
1770051603.8233871,THERM,0,motor_temp,C,36.559
1770051603.8737972,ADC1,1,servo_2,A,1.747
1770051603.9240966,ADC1,1,servo_2,A,2.032
1770051603.9749289,ADC1,1,servo_2,A,1.153
1770051604.0254424,ADC1,0,servo_1,A,1.511
1770051604.0772278,ADC1,0,servo_1,A,1.956
1770051604.128993,ADC1,1,servo_2,A,0.341
1770051604.1794906,ADC1,0,servo_1,A,2.094
1770051604.2301478,ADC1,0,servo_1,A,2.085
1770051604.280415,ADC1,0,servo_1,A,0.884
1770051604.3310537,THERM,0,motor_temp,C,44.8
1770051604.3815815,THERM,0,motor_temp,C,48.715
1770051604.4321733,ADC1,1,servo_2,A,1.314
1770051604.4827552,ADC2,0,bus_voltage,V,10.185
1770051604.5332782,ADC2,0,bus_voltage,V,11.11
1770051604.5835516,ADC1,1,servo_2,A,0.477
1770051604.635124,THERM,0,motor_temp,C,41.934
1770051604.6861095,ADC1,0,servo_1,A,1.362
1770051604.7367136,THERM,0,motor_temp,C,69.549
1770051604.7870963,ADC1,0,servo_1,A,0.65
1770051604.8376265,THERM,0,motor_temp,C,54.756
1770051604.888059,ADC1,1,servo_2,A,1.369
1770051604.9387116,ADC2,0,bus_voltage,V,11.388
1770051604.9895635,ADC1,1,servo_2,A,2.341
1770051605.0402334,THERM,0,motor_temp,C,38.788
1770051605.090742,ADC1,0,servo_1,A,1.268
1770051605.1414664,ADC1,1,servo_2,A,2.171
1770051605.1919045,THERM,0,motor_temp,C,53.683
1770051605.242517,ADC2,0,bus_voltage,V,11.858
1770051605.292924,ADC1,1,servo_2,A,1.361
1770051605.3434076,ADC1,1,servo_2,A,0.449
1770051605.3941767,THERM,0,motor_temp,C,50.464
1770051605.449533,ADC2,0,bus_voltage,V,11.292
1770051605.5004258,ADC1,1,servo_2,A,0.57
1770051605.5509148,ADC1,1,servo_2,A,2.38
1770051605.6013386,ADC1,0,servo_1,A,0.441
1770051605.6520605,ADC1,0,servo_1,A,0.986
1770051605.7023811,ADC2,0,bus_voltage,V,12.123
1770051605.7527666,ADC1,0,servo_1,A,1.075
1770051605.803518,THERM,0,motor_temp,C,61.672
1770051605.8540745,ADC2,0,bus_voltage,V,10.886
1770051605.904571,THERM,0,motor_temp,C,42.688
1770051605.9551451,ADC2,0,bus_voltage,V,10.224
1770051606.005711,ADC1,0,servo_1,A,2.107
1770051606.056632,ADC1,0,servo_1,A,0.796
1770051606.1075864,THERM,0,motor_temp,C,54.212
1770051606.158095,ADC1,1,servo_2,A,0.868
1770051606.2088475,ADC1,0,servo_1,A,2.43
1770051606.259559,ADC2,0,bus_voltage,V,11.582
1770051606.3100164,ADC1,0,servo_1,A,2.178
1770051606.3606722,ADC2,0,bus_voltage,V,10.624
1770051606.4110758,THERM,0,motor_temp,C,57.456
1770051606.4614403,ADC1,1,servo_2,A,0.545
1770051606.511734,ADC1,1,servo_2,A,1.097
1770051606.5619607,THERM,0,motor_temp,C,38.484
1770051606.612356,THERM,0,motor_temp,C,41.679
1770051606.6628525,THERM,0,motor_temp,C,46.936
1770051606.7132554,ADC1,1,servo_2,A,2.43
1770051606.7638636,ADC1,1,servo_2,A,0.482
1770051606.8147328,ADC1,0,servo_1,A,1.486
1770051606.8656244,ADC1,0,servo_1,A,1.707
1770051606.915888,THERM,0,motor_temp,C,47.146
1770051606.966352,ADC1,0,servo_1,A,0.752
1770051607.01675,ADC1,0,servo_1,A,1.61
1770051607.0682683,ADC1,0,servo_1,A,0.644
1770051607.1188934,ADC1,1,servo_2,A,0.44
1770051607.1696465,ADC2,0,bus_voltage,V,10.945
1770051607.2212636,ADC1,0,servo_1,A,0.752
1770051607.2721627,ADC1,0,servo_1,A,2.311
1770051607.3226626,THERM,0,motor_temp,C,47.841
1770051607.3732762,ADC1,1,servo_2,A,1.494
1770051607.423642,ADC1,0,servo_1,A,0.718
1770051607.4748278,ADC1,1,servo_2,A,2.087
1770051607.525466,ADC1,0,servo_1,A,0.488
1770051607.5762775,THERM,0,motor_temp,C,62.084
1770051607.6268754,THERM,0,motor_temp,C,62.941
1770051607.677245,ADC2,0,bus_voltage,V,10.718
1770051607.7279706,ADC1,1,servo_2,A,2.49
1770051607.778573,ADC1,0,servo_1,A,2.424
1770051607.8294404,ADC2,0,bus_voltage,V,12.361
1770051607.8800552,ADC1,1,servo_2,A,0.927
1770051607.9304092,ADC2,0,bus_voltage,V,10.365
1770051607.9805715,ADC1,1,servo_2,A,1.046
1770051608.031148,ADC2,0,bus_voltage,V,11.453
1770051608.0816429,ADC2,0,bus_voltage,V,12.255
1770051608.1325295,ADC1,1,servo_2,A,2.268
1770051608.1831138,ADC1,0,servo_1,A,0.895
1770051608.2336833,ADC1,0,servo_1,A,2.485
1770051608.2842693,ADC2,0,bus_voltage,V,10.294
1770051608.3346574,THERM,0,motor_temp,C,52.262
1770051608.385354,ADC1,1,servo_2,A,2.033
1770051608.4357505,THERM,0,motor_temp,C,25.0
1770051608.4864123,THERM,0,motor_temp,C,47.534
1770051608.536931,ADC1,0,servo_1,A,1.168
1770051608.5876772,THERM,0,motor_temp,C,49.254
1770051608.6384819,ADC1,1,servo_2,A,1.452
1770051608.6888785,ADC1,1,servo_2,A,2.308
1770051608.7393546,ADC1,0,servo_1,A,1.872
1770051608.7900155,ADC1,0,servo_1,A,1.887
1770051608.8406384,ADC2,0,bus_voltage,V,11.99
1770051608.8911512,ADC2,0,bus_voltage,V,12.216
1770051608.9416857,ADC1,1,servo_2,A,1.897
1770051608.992147,ADC2,0,bus_voltage,V,11.338
1770051609.0425208,ADC2,0,bus_voltage,V,11.625
1770051609.0933135,ADC1,0,servo_1,A,0.488
1770051609.1436288,ADC1,1,servo_2,A,1.494
1770051609.1940238,ADC2,0,bus_voltage,V,12.504
1770051609.2456586,ADC1,0,servo_1,A,1.391
1770051609.2970142,ADC1,1,servo_2,A,0.737
1770051609.347622,ADC1,1,servo_2,A,1.064
1770051609.3980014,ADC1,1,servo_2,A,0.588
1770051609.4487088,ADC1,1,servo_2,A,0.375
1770051609.499482,ADC1,0,servo_1,A,1.776
1770051609.5499015,ADC1,1,servo_2,A,0.312
1770051609.6005068,ADC1,0,servo_1,A,0.675
1770051609.6513002,THERM,0,motor_temp,C,63.733
1770051609.701899,THERM,0,motor_temp,C,36.326
1770051609.752372,ADC1,0,servo_1,A,1.06
1770051609.8026154,ADC1,0,servo_1,A,0.518
1770051609.8532677,THERM,0,motor_temp,C,42.185
1770051609.9039264,ADC2,0,bus_voltage,V,12.08
1770051609.9543903,ADC2,0,bus_voltage,V,11.469
1770051610.0050986,ADC1,0,servo_1,A,0.535
1770051610.0566983,ADC1,0,servo_1,A,1.301
1770051610.1077704,ADC1,0,servo_1,A,1.692
1770051610.1580257,ADC1,1,servo_2,A,0.213
1770051610.2084053,ADC1,0,servo_1,A,0.986
1770051610.259179,ADC2,0,bus_voltage,V,11.303
1770051610.3098629,ADC2,0,bus_voltage,V,11.242
1770051610.3602993,ADC1,0,servo_1,A,0.394
1770051610.410921,ADC2,0,bus_voltage,V,12.297
1770051610.4631686,ADC2,0,bus_voltage,V,11.476
1770051610.5144577,THERM,0,motor_temp,C,33.46
1770051610.5647023,THERM,0,motor_temp,C,61.214
1770051610.615107,ADC1,0,servo_1,A,0.374
1770051610.6657004,ADC1,0,servo_1,A,2.296
1770051610.7162235,ADC1,1,servo_2,A,1.894
1770051610.7665093,THERM,0,motor_temp,C,34.17
1770051610.8170497,ADC1,1,servo_2,A,0.576
1770051610.8677335,ADC2,0,bus_voltage,V,11.309
1770051610.9185758,ADC1,0,servo_1,A,0.986
1770051610.9690578,ADC2,0,bus_voltage,V,12.09
1770051611.0196795,ADC1,1,servo_2,A,0.637
1770051611.070501,ADC2,0,bus_voltage,V,10.392
1770051611.1211755,ADC2,0,bus_voltage,V,10.083
1770051611.1717017,ADC1,0,servo_1,A,1.781
1770051611.2219725,THERM,0,motor_temp,C,64.561
1770051611.2723565,ADC1,0,servo_1,A,1.436
1770051611.3237617,ADC2,0,bus_voltage,V,12.068
1770051611.3742123,ADC1,1,servo_2,A,0.71
1770051611.4245512,THERM,0,motor_temp,C,64.361
1770051611.474865,ADC1,1,servo_2,A,2.197
1770051611.5252028,ADC2,0,bus_voltage,V,10.17
1770051611.5760045,THERM,0,motor_temp,C,59.647
1770051611.6265068,ADC1,1,servo_2,A,1.322
1770051611.6770086,THERM,0,motor_temp,C,63.827
1770051611.7273605,THERM,0,motor_temp,C,34.062
1770051611.778145,ADC1,0,servo_1,A,0.343
1770051611.8283663,ADC1,1,servo_2,A,1.931
1770051611.8787274,ADC1,1,servo_2,A,0.808
1770051611.92961,ADC1,1,servo_2,A,0.922
1770051611.980064,ADC1,1,servo_2,A,2.002
1770051612.0305927,ADC1,1,servo_2,A,1.73
1770051612.0809262,ADC2,0,bus_voltage,V,11.344
1770051612.132837,THERM,0,motor_temp,C,42.313
1770051612.1832008,ADC1,1,servo_2,A,2.013
1770051612.2350452,ADC1,0,servo_1,A,0.764
1770051612.285613,ADC1,0,servo_1,A,1.425
1770051612.336173,ADC1,0,servo_1,A,0.579
1770051612.3866427,ADC1,0,servo_1,A,1.241
1770051612.4372382,ADC1,0,servo_1,A,1.014
1770051612.4875646,ADC1,1,servo_2,A,0.395
1770051612.537971,THERM,0,motor_temp,C,28.509
1770051612.5886674,THERM,0,motor_temp,C,53.997
1770051612.6390154,ADC1,0,servo_1,A,1.767
1770051612.6895711,THERM,0,motor_temp,C,50.204
1770051612.7400937,ADC1,0,servo_1,A,1.588
1770051612.790468,ADC1,1,servo_2,A,2.325
1770051612.8412194,ADC2,0,bus_voltage,V,11.166
1770051612.8918383,ADC2,0,bus_voltage,V,11.411
1770051612.9421208,ADC1,1,servo_2,A,0.928
1770051612.9929442,THERM,0,motor_temp,C,47.905
1770051613.043314,THERM,0,motor_temp,C,40.955
1770051613.0939276,ADC2,0,bus_voltage,V,11.113
1770051613.1445518,THERM,0,motor_temp,C,40.044
1770051613.1948235,ADC2,0,bus_voltage,V,10.866
1770051613.2454014,THERM,0,motor_temp,C,51.646
1770051613.2960055,ADC2,0,bus_voltage,V,12.554
1770051613.3464916,ADC2,0,bus_voltage,V,12.575
1770051613.3972683,ADC2,0,bus_voltage,V,10.217
1770051613.4477642,ADC2,0,bus_voltage,V,12.168
1770051613.4984078,ADC1,1,servo_2,A,2.439
1770051613.5490532,ADC1,1,servo_2,A,0.631
1770051613.5995092,THERM,0,motor_temp,C,45.548
1770051613.6506598,ADC2,0,bus_voltage,V,10.357
1770051613.7008262,ADC2,0,bus_voltage,V,10.377
1770051613.7510712,ADC1,0,servo_1,A,1.839
1770051613.801902,ADC1,1,servo_2,A,2.426
1770051613.8522093,ADC1,1,servo_2,A,1.404
1770051613.9028492,ADC2,0,bus_voltage,V,10.559
1770051613.9530828,THERM,0,motor_temp,C,28.789
1770051614.0035224,ADC1,0,servo_1,A,1.162
1770051614.0537844,ADC1,1,servo_2,A,1.425
1770051614.1043305,ADC2,0,bus_voltage,V,12.325
1770051614.1555443,ADC1,0,servo_1,A,2.184
1770051614.2064083,ADC1,1,servo_2,A,1.901
1770051614.256796,ADC1,1,servo_2,A,2.376
1770051614.3074458,ADC1,1,servo_2,A,1.498
1770051614.3579376,THERM,0,motor_temp,C,67.477
1770051614.408232,ADC1,0,servo_1,A,1.958
1770051614.4587383,ADC1,0,servo_1,A,1.16
1770051614.5094752,THERM,0,motor_temp,C,28.421
1770051614.560058,THERM,0,motor_temp,C,63.546
1770051614.6107764,ADC1,1,servo_2,A,1.412
1770051614.661037,THERM,0,motor_temp,C,65.048
1770051614.711741,ADC2,0,bus_voltage,V,11.177
1770051614.7621057,ADC1,0,servo_1,A,1.844
1770051614.812448,ADC1,0,servo_1,A,2.14
1770051614.862828,ADC1,1,servo_2,A,2.332
1770051614.9131749,ADC2,0,bus_voltage,V,10.09
1770051614.9672523,ADC1,0,servo_1,A,1.97
1770051615.0177202,ADC1,1,servo_2,A,0.395
1770051615.0683916,ADC2,0,bus_voltage,V,11.922
1770051615.1193123,ADC1,1,servo_2,A,1.61
1770051615.170085,THERM,0,motor_temp,C,65.262
1770051615.220798,ADC1,1,servo_2,A,0.572
1770051615.2723923,THERM,0,motor_temp,C,46.028
1770051615.3228426,ADC2,0,bus_voltage,V,11.687
1770051615.3732839,ADC1,1,servo_2,A,2.117
1770051615.4241352,ADC1,1,servo_2,A,2.1
1770051615.4750757,THERM,0,motor_temp,C,34.268
1770051615.5256953,ADC1,1,servo_2,A,0.621
1770051615.5760653,ADC1,0,servo_1,A,1.056
1770051615.626725,THERM,0,motor_temp,C,50.456
1770051615.6773658,ADC1,1,servo_2,A,1.661
1770051615.7277503,ADC1,1,servo_2,A,1.466
1770051615.777977,ADC2,0,bus_voltage,V,11.185
1770051615.8287141,ADC2,0,bus_voltage,V,11.857
1770051615.8789728,ADC2,0,bus_voltage,V,11.411
1770051615.9293525,ADC2,0,bus_voltage,V,11.622
1770051615.979628,ADC1,0,servo_1,A,1.113
1770051616.0302718,ADC1,1,servo_2,A,0.709
1770051616.08105,ADC2,0,bus_voltage,V,11.874
1770051616.1318634,ADC2,0,bus_voltage,V,10.882
1770051616.1821165,ADC2,0,bus_voltage,V,11.436
1770051616.2335396,THERM,0,motor_temp,C,30.682
1770051616.2840939,ADC1,0,servo_1,A,0.883
1770051616.3344955,THERM,0,motor_temp,C,30.033
1770051616.3849792,ADC1,1,servo_2,A,0.705
1770051616.4357133,ADC2,0,bus_voltage,V,11.12
1770051616.4862192,ADC2,0,bus_voltage,V,12.105
1770051616.5368657,ADC1,1,servo_2,A,0.675
1770051616.5877347,ADC1,1,servo_2,A,0.822
1770051616.638239,ADC1,0,servo_1,A,0.949
1770051616.6889577,ADC2,0,bus_voltage,V,12.475
1770051616.7396731,ADC1,1,servo_2,A,0.307
1770051616.7900696,THERM,0,motor_temp,C,49.964
1770051616.8406491,THERM,0,motor_temp,C,51.429
1770051616.8912222,ADC1,0,servo_1,A,1.957
1770051616.9416592,ADC1,1,servo_2,A,1.143
1770051616.992348,ADC1,1,servo_2,A,0.629
1770051617.0430017,THERM,0,motor_temp,C,56.764
1770051617.0935562,ADC2,0,bus_voltage,V,12.33
1770051617.1446478,ADC2,0,bus_voltage,V,10.295
1770051617.195245,ADC1,1,servo_2,A,1.257
1770051617.2458541,ADC1,1,servo_2,A,0.878
1770051617.2960763,ADC1,1,servo_2,A,1.253
1770051617.3467329,THERM,0,motor_temp,C,55.24
1770051617.3972545,ADC1,1,servo_2,A,1.054
1770051617.4479928,ADC1,1,servo_2,A,1.414
1770051617.498657,ADC2,0,bus_voltage,V,10.375
1770051617.5490048,ADC2,0,bus_voltage,V,10.077
1770051617.5993643,ADC1,0,servo_1,A,0.795
1770051617.6496375,ADC1,1,servo_2,A,2.175
1770051617.7003076,ADC2,0,bus_voltage,V,11.101
1770051617.7507036,ADC1,1,servo_2,A,1.191
1770051617.8011582,ADC2,0,bus_voltage,V,11.393
1770051617.8518434,ADC1,0,servo_1,A,1.664
1770051617.9024742,ADC1,0,servo_1,A,0.89
1770051617.9531963,ADC1,0,servo_1,A,1.345
1770051618.0039437,ADC1,1,servo_2,A,0.236
1770051618.0544634,ADC1,1,servo_2,A,0.33
1770051618.1048436,ADC1,1,servo_2,A,0.497
1770051618.1550963,ADC1,0,servo_1,A,1.787
1770051618.2057273,ADC1,0,servo_1,A,0.997
1770051618.2559397,THERM,0,motor_temp,C,64.151
1770051618.3065531,ADC2,0,bus_voltage,V,12.483
1770051618.3568957,ADC1,0,servo_1,A,1.193
1770051618.4076042,ADC1,1,servo_2,A,1.27
1770051618.4580772,ADC1,0,servo_1,A,1.51
1770051618.5086365,ADC1,0,servo_1,A,2.438
1770051618.559311,THERM,0,motor_temp,C,61.414
1770051618.6097016,ADC1,1,servo_2,A,2.094
1770051618.6599805,ADC1,1,servo_2,A,2.244
1770051618.710698,ADC2,0,bus_voltage,V,11.245
1770051618.7609684,ADC1,0,servo_1,A,2.25
1770051618.811559,ADC2,0,bus_voltage,V,11.118
1770051618.862357,ADC1,0,servo_1,A,0.863
1770051618.912951,ADC2,0,bus_voltage,V,10.523
1770051618.963596,THERM,0,motor_temp,C,28.06
1770051619.0141075,ADC2,0,bus_voltage,V,12.21
1770051619.0648098,ADC2,0,bus_voltage,V,10.551
1770051619.1155612,ADC1,1,servo_2,A,2.031
1770051619.1663182,THERM,0,motor_temp,C,47.117
1770051619.217104,ADC2,0,bus_voltage,V,12.475
1770051619.2678342,ADC2,0,bus_voltage,V,11.62
1770051619.3184779,THERM,0,motor_temp,C,52.702
1770051619.3689556,ADC2,0,bus_voltage,V,12.555
1770051619.4195602,ADC2,0,bus_voltage,V,12.574
1770051619.4699862,THERM,0,motor_temp,C,66.953
1770051619.5205817,ADC1,1,servo_2,A,1.185
1770051619.5711768,ADC2,0,bus_voltage,V,10.226
1770051619.621785,ADC1,1,servo_2,A,0.552
1770051619.67243,ADC1,1,servo_2,A,0.646
1770051619.7229662,ADC2,0,bus_voltage,V,10.006
1770051619.7735145,ADC2,0,bus_voltage,V,10.353
1770051619.8237963,ADC1,1,servo_2,A,2.028
1770051619.874913,ADC1,0,servo_1,A,0.207
1770051619.9257584,THERM,0,motor_temp,C,69.66
1770051619.976009,ADC1,0,servo_1,A,0.66
1770051620.0265143,ADC1,0,servo_1,A,2.045
1770051620.0771606,ADC2,0,bus_voltage,V,10.048
1770051620.12781,ADC1,0,servo_1,A,1.74
1770051620.178287,ADC2,0,bus_voltage,V,10.948
1770051620.2288332,ADC1,1,servo_2,A,1.903
1770051620.279426,ADC2,0,bus_voltage,V,12.4
1770051620.3300474,ADC2,0,bus_voltage,V,11.867
1770051620.3806858,ADC2,0,bus_voltage,V,10.55
1770051620.4311273,ADC2,0,bus_voltage,V,11.683
1770051620.4814315,ADC1,1,servo_2,A,0.765
1770051620.5319183,THERM,0,motor_temp,C,43.577
1770051620.5826783,ADC1,0,servo_1,A,0.772
1770051620.6335576,ADC2,0,bus_voltage,V,11.98
1770051620.6841664,THERM,0,motor_temp,C,37.217
1770051620.7346807,ADC1,0,servo_1,A,0.56
1770051620.7856612,ADC1,0,servo_1,A,0.62
1770051620.8366337,ADC2,0,bus_voltage,V,10.237
1770051620.8873885,ADC1,1,servo_2,A,2.428
1770051620.9378095,ADC1,0,servo_1,A,0.512
1770051620.9891825,ADC1,0,servo_1,A,2.172
1770051621.0402195,THERM,0,motor_temp,C,67.696
1770051621.090835,ADC1,1,servo_2,A,1.021
1770051621.1412976,ADC1,1,servo_2,A,2.193
1770051621.1916406,ADC2,0,bus_voltage,V,12.272
1770051621.2439814,ADC1,0,servo_1,A,2.228
1770051621.2946293,ADC1,1,servo_2,A,0.422
1770051621.3450437,ADC1,0,servo_1,A,2.25
1770051621.395783,THERM,0,motor_temp,C,43.021
1770051621.4461825,ADC1,0,servo_1,A,2.125
1770051621.4965048,THERM,0,motor_temp,C,61.322
1770051621.5469184,ADC2,0,bus_voltage,V,11.732
1770051621.5971444,ADC2,0,bus_voltage,V,11.118
1770051621.64787,ADC1,0,servo_1,A,1.393
1770051621.6982253,ADC1,0,servo_1,A,1.015
1770051621.7486126,ADC1,1,servo_2,A,1.307
1770051621.7993374,ADC1,1,servo_2,A,0.742
1770051621.8497825,ADC2,0,bus_voltage,V,12.294
1770051621.9000108,ADC1,0,servo_1,A,0.9
1770051621.9504082,ADC2,0,bus_voltage,V,10.663
1770051622.0011985,THERM,0,motor_temp,C,50.016
1770051622.051818,ADC1,0,servo_1,A,1.666
1770051622.102506,ADC1,1,servo_2,A,2.01
1770051622.1531906,ADC1,0,servo_1,A,1.46
1770051622.2039094,THERM,0,motor_temp,C,67.724
1770051622.2545886,ADC1,0,servo_1,A,1.857
1770051622.3053415,ADC1,0,servo_1,A,1.012
1770051622.3557413,THERM,0,motor_temp,C,39.258
1770051622.4065394,ADC1,1,servo_2,A,2.261
1770051622.457047,THERM,0,motor_temp,C,63.941
1770051622.50743,ADC1,0,servo_1,A,1.729
1770051622.5577288,THERM,0,motor_temp,C,68.223
1770051622.6083062,ADC1,0,servo_1,A,1.94
1770051622.6589134,THERM,0,motor_temp,C,55.523
1770051622.7104092,THERM,0,motor_temp,C,40.193
1770051622.7608407,THERM,0,motor_temp,C,29.338
1770051622.8112915,ADC2,0,bus_voltage,V,12.197
1770051622.8617866,ADC1,0,servo_1,A,0.714
1770051622.912219,THERM,0,motor_temp,C,58.764
1770051622.9628088,THERM,0,motor_temp,C,39.882
1770051623.013307,THERM,0,motor_temp,C,52.069
1770051623.0638433,ADC1,0,servo_1,A,1.323
1770051623.1143324,ADC1,1,servo_2,A,0.501
1770051623.1649306,ADC1,0,servo_1,A,0.736
1770051623.215416,THERM,0,motor_temp,C,69.921
1770051623.266006,ADC1,1,servo_2,A,0.882
1770051623.316323,ADC1,1,servo_2,A,0.901
1770051623.366827,ADC2,0,bus_voltage,V,11.155
1770051623.4171946,ADC2,0,bus_voltage,V,12.204
1770051623.4675324,ADC1,0,servo_1,A,2.137
1770051623.5181599,ADC1,1,servo_2,A,0.58
1770051623.5686274,ADC1,1,servo_2,A,1.596
1770051623.6192367,ADC1,0,servo_1,A,1.383
1770051623.6697621,ADC1,0,servo_1,A,1.112
1770051623.720251,ADC1,1,servo_2,A,1.422
1770051623.7709932,ADC2,0,bus_voltage,V,11.161
1770051623.82144,ADC1,1,servo_2,A,0.497
1770051623.8721623,THERM,0,motor_temp,C,51.238
1770051623.9225576,THERM,0,motor_temp,C,29.263
1770051623.9732666,ADC2,0,bus_voltage,V,12.181
1770051624.0240195,ADC1,0,servo_1,A,1.878
1770051624.0743582,THERM,0,motor_temp,C,34.672
1770051624.12501,ADC1,0,servo_1,A,1.482
1770051624.1755862,ADC1,0,servo_1,A,0.667
1770051624.2259543,ADC2,0,bus_voltage,V,11.353
1770051624.2766588,ADC1,1,servo_2,A,1.755
1770051624.327261,ADC1,0,servo_1,A,0.702
1770051624.3776119,ADC2,0,bus_voltage,V,11.43
1770051624.429025,THERM,0,motor_temp,C,59.641
1770051624.480208,THERM,0,motor_temp,C,31.551
1770051624.5308523,ADC1,0,servo_1,A,2.465
1770051624.581195,THERM,0,motor_temp,C,44.835
1770051624.6318133,ADC1,0,servo_1,A,0.34
1770051624.6828427,ADC1,1,servo_2,A,0.759
1770051624.7334862,THERM,0,motor_temp,C,38.015
1770051624.783888,ADC1,1,servo_2,A,2.145
1770051624.8342726,ADC2,0,bus_voltage,V,11.281
1770051624.8850374,ADC1,1,servo_2,A,2.238
1770051624.935541,ADC1,1,servo_2,A,1.171
1770051624.9868085,ADC1,0,servo_1,A,1.217
1770051625.0371485,ADC1,1,servo_2,A,2.142
1770051625.0879457,ADC1,0,servo_1,A,1.695
1770051625.1396184,ADC1,0,servo_1,A,1.355
1770051625.1907358,ADC1,0,servo_1,A,2.176
1770051625.2414255,ADC2,0,bus_voltage,V,10.051
1770051625.2918274,THERM,0,motor_temp,C,31.139
1770051625.342451,THERM,0,motor_temp,C,40.019
1770051625.3931615,ADC2,0,bus_voltage,V,11.53
1770051625.4440064,ADC2,0,bus_voltage,V,10.621
1770051625.494327,ADC2,0,bus_voltage,V,12.316
1770051625.544657,ADC1,1,servo_2,A,2.465
1770051625.5953798,ADC1,0,servo_1,A,1.305
1770051625.6458921,ADC1,0,servo_1,A,0.374
1770051625.6962917,ADC1,1,servo_2,A,1.536
1770051625.7467074,ADC2,0,bus_voltage,V,11.762
1770051625.797161,ADC1,0,servo_1,A,1.862
1770051625.8477306,ADC2,0,bus_voltage,V,10.352
1770051625.8982837,ADC2,0,bus_voltage,V,11.076
1770051625.9490414,ADC2,0,bus_voltage,V,10.678
1770051626.0000863,ADC1,0,servo_1,A,0.42
1770051626.050655,THERM,0,motor_temp,C,56.855
1770051626.1010413,ADC1,1,servo_2,A,1.247
1770051626.15141,ADC2,0,bus_voltage,V,11.12
1770051626.2019358,THERM,0,motor_temp,C,32.634
1770051626.2529445,ADC1,0,servo_1,A,1.062
1770051626.303276,ADC1,0,servo_1,A,0.824
1770051626.3538628,THERM,0,motor_temp,C,32.613
1770051626.4042118,THERM,0,motor_temp,C,54.804
1770051626.4550476,ADC1,1,servo_2,A,1.99
1770051626.5054572,ADC1,0,servo_1,A,1.448
1770051626.555867,THERM,0,motor_temp,C,41.14
1770051626.6062744,ADC2,0,bus_voltage,V,12.053
1770051626.6566556,ADC1,1,servo_2,A,1.353
1770051626.7068899,ADC1,0,servo_1,A,2.125
1770051626.757403,ADC1,0,servo_1,A,0.586
1770051626.8085852,THERM,0,motor_temp,C,26.862
1770051626.8589118,ADC1,0,servo_1,A,0.769
1770051626.9097047,THERM,0,motor_temp,C,37.301
1770051626.9600043,THERM,0,motor_temp,C,31.052
1770051627.010595,ADC2,0,bus_voltage,V,11.828
1770051627.061781,ADC1,0,servo_1,A,1.343
1770051627.1124213,ADC2,0,bus_voltage,V,11.283
1770051627.1628785,ADC1,0,servo_1,A,2.468
1770051627.2132056,THERM,0,motor_temp,C,40.485
1770051627.2639484,THERM,0,motor_temp,C,66.18
1770051627.3143833,THERM,0,motor_temp,C,67.591
1770051627.3649805,ADC2,0,bus_voltage,V,11.592
1770051627.4154935,ADC2,0,bus_voltage,V,10.174
1770051627.4661493,THERM,0,motor_temp,C,65.552
1770051627.516726,ADC1,0,servo_1,A,2.286
1770051627.5671785,ADC1,1,servo_2,A,1.549
1770051627.6179652,THERM,0,motor_temp,C,64.545
1770051627.6688426,ADC1,1,servo_2,A,1.633
1770051627.719055,ADC1,1,servo_2,A,0.915
1770051627.7696915,ADC2,0,bus_voltage,V,11.809
1770051627.8210618,THERM,0,motor_temp,C,59.376
1770051627.8717191,ADC2,0,bus_voltage,V,10.559
1770051627.9223151,ADC2,0,bus_voltage,V,10.99
1770051627.972584,THERM,0,motor_temp,C,47.206
1770051628.0228498,ADC1,0,servo_1,A,2.214
1770051628.0733914,ADC1,0,servo_1,A,0.333
1770051628.1239522,ADC2,0,bus_voltage,V,11.832
1770051628.1748314,THERM,0,motor_temp,C,34.22
1770051628.2253306,ADC2,0,bus_voltage,V,12.455
1770051628.2761006,ADC1,0,servo_1,A,2.447
1770051628.3270545,THERM,0,motor_temp,C,53.158
1770051628.3777475,ADC2,0,bus_voltage,V,10.509
1770051628.4281313,THERM,0,motor_temp,C,40.029
1770051628.4787338,ADC1,0,servo_1,A,2.006
1770051628.5293229,THERM,0,motor_temp,C,43.516
1770051628.579749,ADC2,0,bus_voltage,V,11.156
1770051628.630357,ADC1,0,servo_1,A,1.278
1770051628.6806457,ADC1,1,servo_2,A,2.03
1770051628.7312279,THERM,0,motor_temp,C,30.752
1770051628.7817097,THERM,0,motor_temp,C,44.832
1770051628.832412,ADC1,1,servo_2,A,0.296
1770051628.8827567,ADC1,1,servo_2,A,0.682
1770051628.9330502,ADC2,0,bus_voltage,V,10.812
1770051628.9837074,ADC1,0,servo_1,A,0.365
1770051629.0341523,ADC1,0,servo_1,A,1.789
1770051629.0847745,ADC2,0,bus_voltage,V,11.44
1770051629.1351442,ADC2,0,bus_voltage,V,11.508
1770051629.185495,ADC2,0,bus_voltage,V,12.019
1770051629.2364478,ADC1,0,servo_1,A,2.309
1770051629.2875679,ADC1,0,servo_1,A,0.647
1770051629.3382194,ADC1,1,servo_2,A,0.415
1770051629.3886933,ADC1,1,servo_2,A,1.091
1770051629.4393313,ADC1,0,servo_1,A,1.519
1770051629.4895525,ADC1,0,servo_1,A,1.724
1770051629.5399473,THERM,0,motor_temp,C,69.598
1770051629.5904722,ADC2,0,bus_voltage,V,12.319
1770051629.6408732,ADC1,0,servo_1,A,1.06
1770051629.6918333,ADC1,1,servo_2,A,1.995
1770051629.742081,ADC2,0,bus_voltage,V,11.836
1770051629.7925642,ADC1,1,servo_2,A,0.876
1770051629.8432338,THERM,0,motor_temp,C,64.287
1770051629.893646,ADC1,0,servo_1,A,0.62
1770051629.944181,ADC2,0,bus_voltage,V,12.339
1770051629.994817,ADC2,0,bus_voltage,V,11.264
1770051630.0451977,ADC1,0,servo_1,A,2.44
1770051630.0957742,ADC1,0,servo_1,A,0.642
1770051630.146209,THERM,0,motor_temp,C,68.818
1770051630.1972828,ADC1,0,servo_1,A,1.79
1770051630.2478068,ADC1,1,servo_2,A,2.271
1770051630.2985327,THERM,0,motor_temp,C,31.553
1770051630.3492749,ADC2,0,bus_voltage,V,10.409
1770051630.4000452,ADC2,0,bus_voltage,V,11.032
1770051630.4505541,THERM,0,motor_temp,C,42.927
1770051630.5012603,THERM,0,motor_temp,C,30.66
1770051630.5515733,ADC1,0,servo_1,A,1.719
1770051630.6019328,ADC2,0,bus_voltage,V,11.953
1770051630.6526115,ADC2,0,bus_voltage,V,10.162
1770051630.7033615,THERM,0,motor_temp,C,65.787
1770051630.7540655,ADC1,1,servo_2,A,2.161
1770051630.804546,ADC1,0,servo_1,A,1.439
1770051630.8564155,ADC1,1,servo_2,A,0.496
1770051630.9118695,ADC2,0,bus_voltage,V,11.897
1770051630.962385,ADC1,1,servo_2,A,0.513
1770051631.013031,ADC1,1,servo_2,A,0.504
1770051631.063662,ADC1,1,servo_2,A,0.321
1770051631.1143308,ADC2,0,bus_voltage,V,11.168
1770051631.164856,THERM,0,motor_temp,C,33.921
1770051631.2153206,ADC1,0,servo_1,A,1.65
1770051631.2658627,ADC1,0,servo_1,A,0.634
1770051631.316609,ADC2,0,bus_voltage,V,10.686
1770051631.3672657,ADC1,1,servo_2,A,1.817
1770051631.4177902,ADC1,1,servo_2,A,0.867
1770051631.4682722,ADC1,1,servo_2,A,0.934
1770051631.51871,ADC2,0,bus_voltage,V,12.406
1770051631.5692668,ADC2,0,bus_voltage,V,12.283
1770051631.6196978,ADC1,1,servo_2,A,1.635
1770051631.6699057,ADC1,0,servo_1,A,0.532
1770051631.721099,ADC2,0,bus_voltage,V,11.053
1770051631.7716625,ADC1,1,servo_2,A,2.498
1770051631.8220513,ADC1,1,servo_2,A,2.33
1770051631.876571,ADC1,0,servo_1,A,0.635
1770051631.9278364,THERM,0,motor_temp,C,28.328
1770051631.9784298,ADC2,0,bus_voltage,V,10.317
1770051632.0290263,ADC2,0,bus_voltage,V,12.439
1770051632.079386,THERM,0,motor_temp,C,61.824
1770051632.1298258,ADC1,1,servo_2,A,0.677
1770051632.1802242,ADC1,0,servo_1,A,0.534
1770051632.2307487,ADC1,1,servo_2,A,0.527
1770051632.2815738,ADC2,0,bus_voltage,V,10.96
1770051632.3317664,ADC1,1,servo_2,A,1.614
1770051632.3820045,ADC2,0,bus_voltage,V,10.492
1770051632.4323277,THERM,0,motor_temp,C,48.886
1770051632.4828382,ADC1,1,servo_2,A,0.746
1770051632.5332394,ADC2,0,bus_voltage,V,11.897
1770051632.5837035,ADC1,1,servo_2,A,0.535
1770051632.6344159,ADC1,1,servo_2,A,1.681
1770051632.6850142,ADC1,0,servo_1,A,1.545
1770051632.735707,ADC1,1,servo_2,A,2.277
1770051632.7864602,ADC2,0,bus_voltage,V,11.391
1770051632.8368528,ADC2,0,bus_voltage,V,10.808
1770051632.887366,ADC1,1,servo_2,A,0.562
1770051632.937691,ADC2,0,bus_voltage,V,12.005
1770051632.9888816,ADC1,1,servo_2,A,2.479
1770051633.039388,ADC1,0,servo_1,A,2.37
1770051633.0897222,ADC1,1,servo_2,A,0.659
1770051633.1398904,ADC2,0,bus_voltage,V,10.559
1770051633.190689,ADC1,0,servo_1,A,0.44
1770051633.24154,ADC1,0,servo_1,A,2.182
1770051633.291858,ADC2,0,bus_voltage,V,11.114
1770051633.342362,ADC2,0,bus_voltage,V,12.431
1770051633.3927765,THERM,0,motor_temp,C,48.399
1770051633.4432766,THERM,0,motor_temp,C,69.946
1770051633.4937272,ADC1,0,servo_1,A,1.418
1770051633.5439208,ADC1,1,servo_2,A,0.493
1770051633.5968845,ADC1,1,servo_2,A,1.98
1770051633.6479034,ADC1,1,servo_2,A,0.231
1770051633.6988301,ADC2,0,bus_voltage,V,10.272
1770051633.749318,ADC2,0,bus_voltage,V,10.45
1770051633.799962,ADC2,0,bus_voltage,V,11.754
1770051633.8505461,ADC1,1,servo_2,A,1.186
1770051633.9009805,ADC2,0,bus_voltage,V,10.676
1770051633.9512753,ADC1,0,servo_1,A,2.046
1770051634.001751,ADC1,1,servo_2,A,1.182
1770051634.0522275,ADC1,1,servo_2,A,0.927
1770051634.1030862,THERM,0,motor_temp,C,54.178
1770051634.1537404,ADC2,0,bus_voltage,V,11.723
1770051634.2044802,THERM,0,motor_temp,C,25.904
1770051634.254949,ADC1,1,servo_2,A,1.005
1770051634.3052404,ADC1,0,servo_1,A,2.263
1770051634.3555822,ADC1,1,servo_2,A,1.121
1770051634.4060044,ADC1,1,servo_2,A,1.394
1770051634.4563665,ADC2,0,bus_voltage,V,11.732
1770051634.50677,ADC1,1,servo_2,A,0.665
1770051634.5570314,ADC1,1,servo_2,A,2.433
1770051634.6073937,ADC2,0,bus_voltage,V,11.408
1770051634.6577394,ADC2,0,bus_voltage,V,10.99
1770051634.7081082,ADC1,0,servo_1,A,1.054
1770051634.7586849,ADC2,0,bus_voltage,V,10.202
1770051634.809119,ADC2,0,bus_voltage,V,11.105
1770051634.859567,THERM,0,motor_temp,C,57.058
1770051634.9099724,ADC2,0,bus_voltage,V,10.793
1770051634.9603488,THERM,0,motor_temp,C,69.741
1770051635.0106397,ADC1,1,servo_2,A,1.687
1770051635.0611115,ADC1,1,servo_2,A,1.018
1770051635.1116514,THERM,0,motor_temp,C,58.456
1770051635.1621578,ADC1,1,servo_2,A,0.39
1770051635.2124078,ADC1,1,servo_2,A,2.117
1770051635.2628522,ADC2,0,bus_voltage,V,10.15
1770051635.3134084,ADC1,0,servo_1,A,0.348
1770051635.363626,THERM,0,motor_temp,C,31.789
1770051635.4142292,ADC1,0,servo_1,A,0.644
1770051635.4687016,ADC1,0,servo_1,A,2.118
1770051635.519956,ADC2,0,bus_voltage,V,10.547
1770051635.570368,THERM,0,motor_temp,C,41.833
1770051635.6211867,ADC1,1,servo_2,A,0.808
1770051635.671936,ADC1,0,servo_1,A,1.129
1770051635.7226036,ADC1,0,servo_1,A,2.445
1770051635.7731714,ADC1,1,servo_2,A,1.424
1770051635.823638,ADC1,0,servo_1,A,1.49
1770051635.8742027,ADC1,0,servo_1,A,1.207
1770051635.9249668,ADC1,0,servo_1,A,1.97
1770051635.975647,ADC1,0,servo_1,A,0.637
1770051636.0260103,ADC1,1,servo_2,A,0.821
1770051636.076658,THERM,0,motor_temp,C,64.056
1770051636.1270156,ADC1,1,servo_2,A,2.036
1770051636.1774123,ADC1,1,servo_2,A,1.694
1770051636.2278569,THERM,0,motor_temp,C,39.729
1770051636.2786758,ADC2,0,bus_voltage,V,10.657
1770051636.3293097,ADC1,0,servo_1,A,1.267
1770051636.3797748,ADC1,1,servo_2,A,2.098
1770051636.4302366,THERM,0,motor_temp,C,50.446
1770051636.4806545,THERM,0,motor_temp,C,60.885
1770051636.5310795,ADC1,1,servo_2,A,1.322
1770051636.5818532,ADC1,0,servo_1,A,0.629
1770051636.6324975,ADC2,0,bus_voltage,V,10.912
1770051636.6831763,ADC1,0,servo_1,A,1.807
1770051636.7335732,ADC2,0,bus_voltage,V,10.252
1770051636.7837799,ADC1,0,servo_1,A,2.097
1770051636.8344471,THERM,0,motor_temp,C,52.231
1770051636.8851335,ADC1,0,servo_1,A,0.798
1770051636.9356,THERM,0,motor_temp,C,50.384
1770051636.9860618,ADC1,1,servo_2,A,2.205
1770051637.036877,ADC2,0,bus_voltage,V,12.247
1770051637.087559,ADC1,0,servo_1,A,0.869
1770051637.138009,ADC1,0,servo_1,A,1.741
1770051637.188226,ADC1,0,servo_1,A,2.35
1770051637.23849,THERM,0,motor_temp,C,53.559
1770051637.2887814,THERM,0,motor_temp,C,36.926
1770051637.339214,THERM,0,motor_temp,C,64.959
1770051637.3898356,THERM,0,motor_temp,C,69.5
1770051637.4400387,ADC2,0,bus_voltage,V,12.29
1770051637.4905286,THERM,0,motor_temp,C,61.295
1770051637.5412557,ADC2,0,bus_voltage,V,11.296
1770051637.5926077,ADC2,0,bus_voltage,V,12.547
1770051637.6429002,ADC1,0,servo_1,A,0.833
1770051637.6932752,THERM,0,motor_temp,C,48.658
1770051637.7436304,ADC2,0,bus_voltage,V,11.177
1770051637.7943432,ADC1,1,servo_2,A,1.704
1770051637.845232,THERM,0,motor_temp,C,68.609
1770051637.8962326,ADC2,0,bus_voltage,V,10.736
1770051637.946545,ADC2,0,bus_voltage,V,10.301
1770051637.997181,ADC1,1,servo_2,A,1.509
1770051638.0477421,ADC2,0,bus_voltage,V,12.386
1770051638.098161,ADC1,0,servo_1,A,2.073
1770051638.1488476,ADC1,0,servo_1,A,1.246
1770051638.1991725,ADC2,0,bus_voltage,V,12.156
1770051638.2495942,ADC2,0,bus_voltage,V,10.803
1770051638.3000777,THERM,0,motor_temp,C,67.793
1770051638.3515403,ADC1,0,servo_1,A,1.715
1770051638.4021356,ADC1,0,servo_1,A,0.229
1770051638.4528115,ADC1,1,servo_2,A,1.234
1770051638.5035677,ADC2,0,bus_voltage,V,11.947
1770051638.5539925,ADC1,1,servo_2,A,1.442
1770051638.604644,ADC1,0,servo_1,A,0.584
1770051638.655116,THERM,0,motor_temp,C,38.166
1770051638.7055721,THERM,0,motor_temp,C,67.551
1770051638.7557957,ADC1,0,servo_1,A,0.725
1770051638.8062274,THERM,0,motor_temp,C,37.328
1770051638.8569212,ADC1,1,servo_2,A,1.348
1770051638.907782,ADC1,0,servo_1,A,2.351
1770051638.9586062,ADC1,0,servo_1,A,1.364
1770051639.00928,THERM,0,motor_temp,C,42.93
1770051639.0598521,THERM,0,motor_temp,C,67.957
1770051639.1100307,ADC1,1,servo_2,A,1.888
1770051639.161029,ADC1,1,servo_2,A,0.634
1770051639.2116451,ADC1,0,servo_1,A,1.863
1770051639.2625332,ADC1,0,servo_1,A,1.071
1770051639.3128605,ADC1,0,servo_1,A,0.344
1770051639.3633244,ADC1,0,servo_1,A,2.278
1770051639.4136057,ADC1,0,servo_1,A,2.307
1770051639.4641383,ADC2,0,bus_voltage,V,12.542
1770051639.5144029,ADC1,1,servo_2,A,1.759
1770051639.5735776,THERM,0,motor_temp,C,28.089
1770051639.6248035,ADC2,0,bus_voltage,V,10.967
1770051639.675093,ADC1,1,servo_2,A,1.481
1770051639.7254725,THERM,0,motor_temp,C,33.116
1770051639.776157,ADC2,0,bus_voltage,V,12.264
1770051639.8265824,ADC2,0,bus_voltage,V,10.544
1770051639.877321,ADC2,0,bus_voltage,V,10.137
1770051639.9278755,THERM,0,motor_temp,C,58.899
1770051639.9782846,ADC1,1,servo_2,A,0.805
1770051640.029132,ADC1,1,servo_2,A,1.264
1770051640.0799224,ADC1,0,servo_1,A,1.538
1770051640.1312664,ADC2,0,bus_voltage,V,11.332
1770051640.1820219,ADC1,1,servo_2,A,1.454
1770051640.2326882,ADC1,0,servo_1,A,0.366
1770051640.2832344,ADC2,0,bus_voltage,V,10.328
1770051640.3340135,ADC1,1,servo_2,A,0.668
1770051640.384725,ADC1,1,servo_2,A,0.702
1770051640.4355621,THERM,0,motor_temp,C,48.069
1770051640.4860632,ADC1,0,servo_1,A,0.659
1770051640.536508,ADC2,0,bus_voltage,V,11.157
1770051640.5874076,ADC1,1,servo_2,A,2.189
1770051640.6376405,ADC2,0,bus_voltage,V,12.026
1770051640.6878505,THERM,0,motor_temp,C,58.507
1770051640.7382102,ADC2,0,bus_voltage,V,11.481
1770051640.788533,ADC2,0,bus_voltage,V,10.368
1770051640.8386865,ADC1,1,servo_2,A,1.695
1770051640.8891885,THERM,0,motor_temp,C,67.004
1770051640.9398038,ADC1,0,servo_1,A,2.369
1770051640.9903243,ADC1,1,servo_2,A,0.579
1770051641.040722,ADC1,1,servo_2,A,1.261
1770051641.091149,ADC1,1,servo_2,A,1.672
1770051641.1417763,THERM,0,motor_temp,C,31.954
1770051641.1922474,ADC1,0,servo_1,A,0.559
1770051641.2430954,ADC2,0,bus_voltage,V,12.448
1770051641.2935991,ADC1,0,servo_1,A,0.474
1770051641.3440378,ADC1,1,servo_2,A,0.602
1770051641.3946307,THERM,0,motor_temp,C,50.01
1770051641.4453266,ADC1,0,servo_1,A,1.652
1770051641.495718,ADC2,0,bus_voltage,V,10.212
1770051641.546254,THERM,0,motor_temp,C,38.093
1770051641.5970364,ADC1,1,servo_2,A,0.505
1770051641.647949,ADC1,1,servo_2,A,1.952
1770051641.6987753,ADC2,0,bus_voltage,V,10.523
1770051641.7497337,ADC1,1,servo_2,A,1.632
1770051641.8002577,ADC2,0,bus_voltage,V,12.364
1770051641.850845,THERM,0,motor_temp,C,50.81
1770051641.9012232,ADC1,0,servo_1,A,0.793
1770051641.9515831,ADC1,1,servo_2,A,1.512
1770051642.0022578,ADC1,1,servo_2,A,1.204
1770051642.0529583,ADC2,0,bus_voltage,V,10.301
1770051642.1040683,ADC1,1,servo_2,A,2.301
1770051642.1550553,ADC1,0,servo_1,A,2.066
1770051642.2060277,THERM,0,motor_temp,C,69.365
1770051642.2570066,THERM,0,motor_temp,C,32.354
1770051642.3076844,ADC2,0,bus_voltage,V,12.297
1770051642.3579297,THERM,0,motor_temp,C,69.894
1770051642.408334,ADC1,0,servo_1,A,0.254
1770051642.4587286,THERM,0,motor_temp,C,29.753
1770051642.5090146,ADC2,0,bus_voltage,V,10.833
1770051642.5597873,THERM,0,motor_temp,C,58.666
1770051642.6102839,ADC2,0,bus_voltage,V,10.428
1770051642.660632,ADC1,1,servo_2,A,1.743
1770051642.7110164,ADC1,1,servo_2,A,1.898
1770051642.7613733,THERM,0,motor_temp,C,39.759
1770051642.8118846,ADC1,1,servo_2,A,1.846
1770051642.8623414,ADC1,1,servo_2,A,0.955
1770051642.9157465,ADC1,1,servo_2,A,0.267
1770051642.9680693,ADC1,0,servo_1,A,0.531
1770051643.01853,ADC1,1,servo_2,A,2.354
1770051643.0692067,ADC1,0,servo_1,A,1.706
1770051643.1196904,ADC1,1,servo_2,A,0.551
1770051643.1700404,THERM,0,motor_temp,C,40.47
1770051643.2206373,THERM,0,motor_temp,C,28.57
1770051643.27138,ADC1,0,servo_1,A,0.979
1770051643.3220563,ADC2,0,bus_voltage,V,10.82
1770051643.3731549,THERM,0,motor_temp,C,44.216
1770051643.424216,ADC1,1,servo_2,A,0.703
1770051643.4744422,ADC1,1,servo_2,A,1.235
1770051643.5250218,ADC1,0,servo_1,A,1.813
1770051643.5755017,ADC1,0,servo_1,A,2.366
1770051643.6261604,THERM,0,motor_temp,C,65.767
1770051643.676842,THERM,0,motor_temp,C,55.669
1770051643.7274501,ADC2,0,bus_voltage,V,12.228
1770051643.7778971,ADC2,0,bus_voltage,V,11.094
1770051643.8284545,THERM,0,motor_temp,C,48.278
1770051643.8787405,THERM,0,motor_temp,C,64.385
1770051643.9292839,THERM,0,motor_temp,C,53.794
1770051643.980239,ADC1,0,servo_1,A,1.552
1770051644.0310903,ADC1,0,servo_1,A,1.809
1770051644.083261,ADC2,0,bus_voltage,V,10.317
1770051644.13409,THERM,0,motor_temp,C,65.729
1770051644.184906,ADC1,1,servo_2,A,0.203
1770051644.235276,ADC1,1,servo_2,A,0.647
1770051644.2860103,ADC2,0,bus_voltage,V,10.913
1770051644.3363528,THERM,0,motor_temp,C,39.328
1770051644.386885,ADC1,0,servo_1,A,1.058
1770051644.4373903,ADC1,1,servo_2,A,0.675
1770051644.4877708,ADC2,0,bus_voltage,V,11.245
1770051644.5380871,ADC1,0,servo_1,A,2.076
1770051644.5888536,ADC2,0,bus_voltage,V,10.844
1770051644.6392906,THERM,0,motor_temp,C,47.812
1770051644.6905553,THERM,0,motor_temp,C,29.882
1770051644.7412722,THERM,0,motor_temp,C,39.893
1770051644.7916803,ADC1,1,servo_2,A,0.279
1770051644.8423364,THERM,0,motor_temp,C,46.015
1770051644.893852,ADC1,1,servo_2,A,1.009
1770051644.9441564,THERM,0,motor_temp,C,46.379
1770051644.9948554,ADC1,1,servo_2,A,2.396
1770051645.0453894,ADC2,0,bus_voltage,V,12.073
1770051645.095877,ADC2,0,bus_voltage,V,10.502
1770051645.1464891,ADC1,1,servo_2,A,1.463
1770051645.1973367,ADC2,0,bus_voltage,V,11.539
1770051645.2480645,ADC2,0,bus_voltage,V,12.327
1770051645.2985718,ADC1,0,servo_1,A,2.312
1770051645.3487587,ADC2,0,bus_voltage,V,12.014
1770051645.3991935,THERM,0,motor_temp,C,65.413
1770051645.449509,ADC2,0,bus_voltage,V,12.023
1770051645.4997847,ADC1,1,servo_2,A,1.642
1770051645.5501494,THERM,0,motor_temp,C,55.703
1770051645.6006477,ADC2,0,bus_voltage,V,10.3
1770051645.650948,ADC1,0,servo_1,A,0.755
1770051645.7011468,THERM,0,motor_temp,C,47.332
1770051645.751876,THERM,0,motor_temp,C,57.949
1770051645.8025904,ADC1,1,servo_2,A,1.957
1770051645.8533518,ADC2,0,bus_voltage,V,10.424
1770051645.903608,THERM,0,motor_temp,C,26.49
1770051645.9540336,ADC1,0,servo_1,A,1.697
1770051646.0047016,ADC1,1,servo_2,A,0.969
1770051646.0551627,THERM,0,motor_temp,C,55.803
1770051646.1059248,THERM,0,motor_temp,C,53.548
1770051646.156932,ADC1,1,servo_2,A,1.248
1770051646.2073033,ADC2,0,bus_voltage,V,11.753
1770051646.2576637,THERM,0,motor_temp,C,39.349
1770051646.3083613,ADC2,0,bus_voltage,V,12.441
1770051646.3596194,ADC1,1,servo_2,A,1.137
1770051646.4104347,ADC2,0,bus_voltage,V,10.238
1770051646.4609587,ADC1,1,servo_2,A,0.973
1770051646.5116055,ADC2,0,bus_voltage,V,10.476
1770051646.5620027,ADC1,0,servo_1,A,0.784
1770051646.6125925,ADC1,0,servo_1,A,2.482
1770051646.6632364,ADC2,0,bus_voltage,V,11.006
1770051646.7149847,ADC1,0,servo_1,A,0.948
1770051646.7655046,THERM,0,motor_temp,C,62.748
1770051646.8162756,ADC1,0,servo_1,A,1.203
1770051646.866969,ADC2,0,bus_voltage,V,12.142
1770051646.9175525,ADC2,0,bus_voltage,V,12.458
1770051646.9682546,ADC2,0,bus_voltage,V,12.374
1770051647.0188231,THERM,0,motor_temp,C,53.791
1770051647.0693474,ADC1,0,servo_1,A,1.59
1770051647.1199484,ADC1,1,servo_2,A,1.782
1770051647.170578,ADC2,0,bus_voltage,V,10.611
1770051647.2215185,ADC2,0,bus_voltage,V,10.846
1770051647.2721393,ADC1,1,servo_2,A,0.336
1770051647.3227346,THERM,0,motor_temp,C,29.212
1770051647.3733332,THERM,0,motor_temp,C,46.859
1770051647.423914,ADC1,0,servo_1,A,0.43
1770051647.4743187,ADC2,0,bus_voltage,V,11.354
1770051647.5248313,THERM,0,motor_temp,C,56.695
1770051647.5751505,ADC1,0,servo_1,A,0.74
1770051647.625734,ADC1,1,servo_2,A,0.618
1770051647.6759279,ADC1,0,servo_1,A,1.495
1770051647.7264209,ADC1,0,servo_1,A,0.575
1770051647.777071,THERM,0,motor_temp,C,45.857
1770051647.8275185,THERM,0,motor_temp,C,59.013
1770051647.877849,ADC2,0,bus_voltage,V,11.723
1770051647.927992,ADC1,1,servo_2,A,2.383
1770051647.97835,THERM,0,motor_temp,C,27.922
1770051648.0287216,ADC2,0,bus_voltage,V,11.628
1770051648.0792308,THERM,0,motor_temp,C,64.542
1770051648.129491,ADC2,0,bus_voltage,V,11.745
1770051648.1800041,ADC2,0,bus_voltage,V,11.299
1770051648.2302008,THERM,0,motor_temp,C,52.124
1770051648.2813678,ADC2,0,bus_voltage,V,10.912
1770051648.3322368,THERM,0,motor_temp,C,51.179
1770051648.3828027,ADC2,0,bus_voltage,V,10.992
1770051648.4333756,THERM,0,motor_temp,C,42.256
1770051648.4837482,ADC1,1,servo_2,A,1.616
1770051648.5343707,THERM,0,motor_temp,C,56.255
1770051648.584606,ADC1,1,servo_2,A,1.269
1770051648.63531,ADC1,1,servo_2,A,1.556
1770051648.6856532,ADC1,1,servo_2,A,0.536
1770051648.7364247,ADC2,0,bus_voltage,V,10.883
1770051648.787031,ADC1,1,servo_2,A,1.306
1770051648.8373015,ADC1,1,servo_2,A,0.232
1770051648.8874938,ADC1,1,servo_2,A,0.61
1770051648.9380147,THERM,0,motor_temp,C,34.183
1770051648.9885068,ADC2,0,bus_voltage,V,12.429
1770051649.039058,THERM,0,motor_temp,C,44.226
1770051649.0897832,ADC1,0,servo_1,A,2.003
1770051649.1402786,ADC2,0,bus_voltage,V,12.468
1770051649.190581,ADC1,1,servo_2,A,1.243
1770051649.2414188,ADC2,0,bus_voltage,V,12.07
1770051649.29212,THERM,0,motor_temp,C,68.836
1770051649.342501,ADC2,0,bus_voltage,V,10.823
1770051649.3933449,THERM,0,motor_temp,C,63.469
1770051649.4441555,ADC2,0,bus_voltage,V,12.492
1770051649.4944382,THERM,0,motor_temp,C,33.643
1770051649.5455651,ADC1,1,servo_2,A,0.819
1770051649.5963705,THERM,0,motor_temp,C,57.584
1770051649.647061,THERM,0,motor_temp,C,57.292
1770051649.6973214,ADC2,0,bus_voltage,V,10.119
1770051649.74788,THERM,0,motor_temp,C,39.499
1770051649.7981741,ADC1,1,servo_2,A,2.186
1770051649.8487942,ADC1,0,servo_1,A,1.321
1770051649.8997824,ADC1,1,servo_2,A,0.547
1770051649.9507878,THERM,0,motor_temp,C,66.441
1770051650.0013506,ADC2,0,bus_voltage,V,11.961
1770051650.0533097,ADC1,0,servo_1,A,0.99
1770051650.1035578,THERM,0,motor_temp,C,57.705
1770051650.154002,ADC2,0,bus_voltage,V,12.236
1770051650.2043896,THERM,0,motor_temp,C,62.402
1770051650.2547085,ADC2,0,bus_voltage,V,10.195
1770051650.3052173,ADC2,0,bus_voltage,V,12.099
1770051650.3557448,ADC1,1,servo_2,A,1.546
1770051650.4064932,ADC1,1,servo_2,A,0.514
1770051650.4572377,ADC2,0,bus_voltage,V,10.106
1770051650.5076125,ADC1,1,servo_2,A,1.0
1770051650.557866,THERM,0,motor_temp,C,35.48
1770051650.608626,THERM,0,motor_temp,C,67.423
1770051650.6589813,THERM,0,motor_temp,C,43.893
1770051650.7097192,ADC2,0,bus_voltage,V,10.893
1770051650.760372,ADC1,1,servo_2,A,2.019
1770051650.8109918,ADC1,0,servo_1,A,1.478
1770051650.8616028,ADC1,1,servo_2,A,0.458
1770051650.912086,THERM,0,motor_temp,C,27.179
1770051650.962734,THERM,0,motor_temp,C,51.619
1770051651.0131888,ADC1,0,servo_1,A,1.428
1770051651.0635886,THERM,0,motor_temp,C,41.31
1770051651.1138387,ADC1,0,servo_1,A,2.337
1770051651.1644726,ADC1,1,servo_2,A,0.383
1770051651.2150855,ADC1,1,servo_2,A,1.428
1770051651.26572,THERM,0,motor_temp,C,53.275
1770051651.3162444,ADC1,1,servo_2,A,0.209
1770051651.366556,ADC1,1,servo_2,A,0.71
1770051651.4170518,ADC1,1,servo_2,A,0.272
1770051651.468023,ADC2,0,bus_voltage,V,11.205
1770051651.5187883,ADC1,0,servo_1,A,2.137
1770051651.56945,THERM,0,motor_temp,C,35.232
1770051651.620081,ADC1,0,servo_1,A,0.317
1770051651.670895,ADC1,1,servo_2,A,1.163
1770051651.7214024,THERM,0,motor_temp,C,60.848
1770051651.7719321,ADC2,0,bus_voltage,V,12.357
1770051651.8224213,ADC1,1,servo_2,A,1.386
1770051651.87311,ADC2,0,bus_voltage,V,11.624
1770051651.923952,ADC2,0,bus_voltage,V,12.422
1770051651.974677,THERM,0,motor_temp,C,45.936
1770051652.0250244,THERM,0,motor_temp,C,40.178
1770051652.0753198,ADC1,1,servo_2,A,1.723
1770051652.1259847,ADC2,0,bus_voltage,V,10.68
1770051652.1766543,ADC1,0,servo_1,A,1.623
1770051652.2270515,ADC2,0,bus_voltage,V,10.028
1770051652.277604,THERM,0,motor_temp,C,69.907
1770051652.3281817,THERM,0,motor_temp,C,30.595
1770051652.3788166,ADC1,1,servo_2,A,1.881
1770051652.4293132,ADC1,1,servo_2,A,0.295
1770051652.479643,ADC1,0,servo_1,A,0.683
1770051652.530316,THERM,0,motor_temp,C,49.727
1770051652.580583,ADC1,1,servo_2,A,0.479
1770051652.6312442,ADC1,0,servo_1,A,2.318
1770051652.681908,ADC1,1,servo_2,A,0.878
1770051652.732457,ADC1,1,servo_2,A,2.258
1770051652.782919,THERM,0,motor_temp,C,51.283
1770051652.8336623,ADC1,0,servo_1,A,0.586
1770051652.884025,ADC2,0,bus_voltage,V,11.623
1770051652.9344509,ADC1,1,servo_2,A,1.629
1770051652.9850922,THERM,0,motor_temp,C,39.328
1770051653.0357351,ADC1,1,servo_2,A,0.63
1770051653.0874689,ADC1,1,servo_2,A,0.306
1770051653.1378562,ADC1,1,servo_2,A,1.22
1770051653.1884205,THERM,0,motor_temp,C,50.237
1770051653.2391953,ADC2,0,bus_voltage,V,12.194
1770051653.2894974,ADC2,0,bus_voltage,V,10.005
1770051653.3408992,ADC1,1,servo_2,A,0.32
1770051653.3911996,ADC2,0,bus_voltage,V,12.563
1770051653.4418657,ADC2,0,bus_voltage,V,10.52
1770051653.492216,ADC1,1,servo_2,A,1.044
1770051653.5458722,THERM,0,motor_temp,C,56.971
1770051653.59671,ADC2,0,bus_voltage,V,10.366
1770051653.647196,ADC1,0,servo_1,A,0.97
1770051653.6976793,THERM,0,motor_temp,C,48.062
1770051653.7483277,ADC1,1,servo_2,A,2.262
1770051653.7987325,ADC1,1,servo_2,A,2.254
1770051653.8495622,ADC2,0,bus_voltage,V,10.149
1770051653.8997524,ADC2,0,bus_voltage,V,10.953
1770051653.9504852,ADC2,0,bus_voltage,V,10.133
1770051654.0010114,ADC1,1,servo_2,A,2.456
1770051654.0513868,ADC1,1,servo_2,A,1.865
1770051654.1018548,ADC1,1,servo_2,A,2.306
1770051654.152044,ADC1,1,servo_2,A,1.332
1770051654.20293,THERM,0,motor_temp,C,55.914
1770051654.2532947,ADC1,1,servo_2,A,1.943
1770051654.3036976,ADC1,0,servo_1,A,0.319
1770051654.3541238,THERM,0,motor_temp,C,46.352
1770051654.4045434,ADC1,1,servo_2,A,1.504
1770051654.4549217,ADC2,0,bus_voltage,V,10.412
1770051654.5052738,ADC1,0,servo_1,A,1.544
1770051654.5556002,THERM,0,motor_temp,C,41.073
1770051654.606424,ADC1,1,servo_2,A,1.08
1770051654.6570673,THERM,0,motor_temp,C,37.848
1770051654.7085443,ADC2,0,bus_voltage,V,11.724
1770051654.7589777,ADC1,0,servo_1,A,1.934
1770051654.8097265,ADC1,0,servo_1,A,2.393
1770051654.8603132,ADC1,0,servo_1,A,2.103
1770051654.91066,ADC1,1,servo_2,A,1.418
1770051654.9616463,ADC1,0,servo_1,A,0.983
1770051655.0120451,ADC2,0,bus_voltage,V,12.382
1770051655.0626385,ADC1,1,servo_2,A,2.004
1770051655.1135347,ADC2,0,bus_voltage,V,10.117
1770051655.1640692,ADC2,0,bus_voltage,V,10.45
1770051655.214592,ADC1,1,servo_2,A,0.514
1770051655.2649267,THERM,0,motor_temp,C,48.561
1770051655.31568,ADC2,0,bus_voltage,V,10.201
1770051655.366553,ADC1,1,servo_2,A,0.222
1770051655.4174507,THERM,0,motor_temp,C,52.864
1770051655.4679158,THERM,0,motor_temp,C,46.125
1770051655.5184364,ADC1,0,servo_1,A,1.591
1770051655.569042,ADC2,0,bus_voltage,V,11.53
1770051655.6196551,THERM,0,motor_temp,C,45.857
1770051655.6702852,ADC1,1,servo_2,A,2.445
1770051655.7211163,THERM,0,motor_temp,C,37.81
1770051655.7716787,ADC1,0,servo_1,A,1.337
1770051655.82225,THERM,0,motor_temp,C,52.455
1770051655.8724182,ADC1,0,servo_1,A,2.149
1770051655.9228685,ADC2,0,bus_voltage,V,11.951
1770051655.9734168,THERM,0,motor_temp,C,33.449
1770051656.024198,ADC1,1,servo_2,A,2.011
1770051656.074725,THERM,0,motor_temp,C,25.575
1770051656.1252904,ADC1,0,servo_1,A,0.578
1770051656.1761293,ADC1,1,servo_2,A,1.703
1770051656.2265759,ADC2,0,bus_voltage,V,12.215
1770051656.2771742,ADC2,0,bus_voltage,V,11.667
1770051656.32787,THERM,0,motor_temp,C,60.411
1770051656.378675,ADC2,0,bus_voltage,V,11.802
1770051656.4289963,ADC1,0,servo_1,A,1.997
1770051656.4793239,ADC2,0,bus_voltage,V,12.16
1770051656.5298867,ADC2,0,bus_voltage,V,12.035
1770051656.5802948,ADC1,0,servo_1,A,0.678
1770051656.6311505,ADC1,0,servo_1,A,2.282
1770051656.6814477,ADC1,0,servo_1,A,0.636
1770051656.7322836,ADC1,1,servo_2,A,1.673
1770051656.783038,ADC1,0,servo_1,A,2.401
1770051656.8334472,ADC1,0,servo_1,A,0.706
1770051656.8841166,ADC1,1,servo_2,A,0.887
1770051656.93453,ADC1,0,servo_1,A,1.559
1770051656.985033,ADC1,1,servo_2,A,0.785
1770051657.0353436,ADC2,0,bus_voltage,V,12.52
1770051657.085831,ADC2,0,bus_voltage,V,10.875
1770051657.1361237,ADC1,0,servo_1,A,1.069
1770051657.186685,ADC2,0,bus_voltage,V,11.11
1770051657.2373626,ADC2,0,bus_voltage,V,12.403
1770051657.2877781,ADC2,0,bus_voltage,V,11.719
1770051657.3389635,ADC1,1,servo_2,A,0.525
1770051657.3896527,ADC2,0,bus_voltage,V,12.084
1770051657.4404426,THERM,0,motor_temp,C,64.105
1770051657.4907823,ADC1,1,servo_2,A,0.386
1770051657.5410337,ADC1,0,servo_1,A,1.379
1770051657.591417,ADC1,0,servo_1,A,1.631
1770051657.6418111,ADC2,0,bus_voltage,V,12.359
1770051657.6924195,ADC1,0,servo_1,A,1.439
1770051657.742699,ADC2,0,bus_voltage,V,11.038
1770051657.7931068,ADC1,1,servo_2,A,2.263
1770051657.8434398,ADC1,1,servo_2,A,2.289
1770051657.8938196,ADC2,0,bus_voltage,V,10.355
1770051657.944542,ADC2,0,bus_voltage,V,11.118
1770051657.9948878,THERM,0,motor_temp,C,51.464
1770051658.045244,ADC1,0,servo_1,A,2.123
1770051658.0954201,ADC2,0,bus_voltage,V,10.163
1770051658.145819,ADC1,1,servo_2,A,2.254
1770051658.1963465,ADC1,0,servo_1,A,1.887
1770051658.2467978,ADC2,0,bus_voltage,V,10.248
1770051658.2973294,ADC1,0,servo_1,A,1.368
1770051658.3480854,THERM,0,motor_temp,C,30.354
1770051658.3987265,ADC1,1,servo_2,A,2.498
1770051658.4491718,THERM,0,motor_temp,C,48.978
1770051658.4997008,ADC1,0,servo_1,A,0.935
1770051658.5500112,THERM,0,motor_temp,C,55.457
1770051658.6002002,ADC1,0,servo_1,A,0.648
1770051658.6508632,ADC1,0,servo_1,A,1.556
1770051658.7015798,ADC2,0,bus_voltage,V,11.188
1770051658.7522101,ADC1,1,servo_2,A,0.477
1770051658.8024087,ADC2,0,bus_voltage,V,12.043
1770051658.8537116,ADC1,0,servo_1,A,0.469
1770051658.9048939,ADC1,0,servo_1,A,1.725
1770051658.9555485,ADC1,1,servo_2,A,1.353
1770051659.0060315,ADC2,0,bus_voltage,V,10.111
1770051659.0563352,ADC1,0,servo_1,A,2.032
1770051659.1065538,ADC1,1,servo_2,A,1.573
1770051659.1567566,ADC2,0,bus_voltage,V,11.513
1770051659.2073832,ADC1,0,servo_1,A,1.112
1770051659.258185,ADC1,0,servo_1,A,0.81
1770051659.3087208,ADC1,1,servo_2,A,1.254
1770051659.3591433,ADC1,1,servo_2,A,0.56
1770051659.4102504,ADC1,0,servo_1,A,1.131
1770051659.4610174,ADC1,1,servo_2,A,0.987
1770051659.511395,ADC1,0,servo_1,A,0.278
1770051659.5618625,ADC2,0,bus_voltage,V,12.087
1770051659.6124582,THERM,0,motor_temp,C,64.043
1770051659.6633298,ADC1,1,servo_2,A,2.273
1770051659.713753,ADC2,0,bus_voltage,V,10.436
1770051659.7644928,ADC1,0,servo_1,A,0.721
1770051659.8151016,ADC1,1,servo_2,A,0.832
1770051659.8664882,ADC2,0,bus_voltage,V,10.985
1770051659.91708,THERM,0,motor_temp,C,31.394
1770051659.9676373,ADC2,0,bus_voltage,V,11.793
1770051660.0181298,ADC1,1,servo_2,A,2.007
1770051660.0685408,ADC1,1,servo_2,A,1.909
1770051660.118967,ADC1,0,servo_1,A,0.381
1770051660.1694262,ADC1,0,servo_1,A,0.445
1770051660.2203956,ADC1,1,servo_2,A,2.103
1770051660.271225,ADC1,1,servo_2,A,1.393
1770051660.3215146,ADC1,1,servo_2,A,1.545
1770051660.3721287,ADC2,0,bus_voltage,V,11.157
1770051660.4228795,ADC2,0,bus_voltage,V,10.636
1770051660.473364,THERM,0,motor_temp,C,26.948
1770051660.523835,ADC2,0,bus_voltage,V,11.953
1770051660.574491,ADC1,0,servo_1,A,0.741
1770051660.6251292,THERM,0,motor_temp,C,68.413
1770051660.675571,ADC1,0,servo_1,A,0.394
1770051660.725919,ADC1,1,servo_2,A,1.835
1770051660.7764657,THERM,0,motor_temp,C,27.452
1770051660.8267462,ADC2,0,bus_voltage,V,11.186
1770051660.878489,ADC1,0,servo_1,A,0.84
1770051660.9288595,ADC2,0,bus_voltage,V,11.457
1770051660.979093,ADC2,0,bus_voltage,V,10.797
1770051661.0297415,THERM,0,motor_temp,C,26.236
1770051661.080026,ADC1,0,servo_1,A,1.35
1770051661.130411,THERM,0,motor_temp,C,67.686
1770051661.1808634,THERM,0,motor_temp,C,37.312
1770051661.2310772,THERM,0,motor_temp,C,29.667
1770051661.281556,ADC2,0,bus_voltage,V,10.969
1770051661.3322294,ADC1,0,servo_1,A,0.925
1770051661.3829281,ADC1,1,servo_2,A,0.264
1770051661.4335227,ADC1,0,servo_1,A,0.22
