ts,src,ch,name,unit,val
1769884614.4773853,THERM,0,motor_temp,C,46.833
1769884614.5281532,ADC1,1,servo_2,A,1.47
1769884614.5784948,THERM,0,motor_temp,C,39.199
1769884614.6294665,ADC1,1,servo_2,A,2.321
1769884614.6801317,ADC2,0,bus_voltage,V,11.476
1769884614.73444,THERM,0,motor_temp,C,62.205
1769884614.7848299,ADC1,1,servo_2,A,0.396
1769884614.8353815,ADC1,0,servo_1,A,0.779
1769884614.8861747,ADC1,1,servo_2,A,1.561
1769884614.9369047,ADC1,1,servo_2,A,0.432
1769884614.98741,ADC1,1,servo_2,A,1.209
1769884615.0382006,ADC1,1,servo_2,A,1.768
1769884615.0889041,ADC1,1,servo_2,A,0.523
1769884615.1392517,THERM,0,motor_temp,C,37.969
1769884615.1899524,ADC2,0,bus_voltage,V,10.935
1769884615.2418046,ADC1,0,servo_1,A,0.584
1769884615.2923405,ADC2,0,bus_voltage,V,11.472
1769884615.3446236,ADC1,1,servo_2,A,0.315
1769884615.3955047,THERM,0,motor_temp,C,64.792
1769884615.4459565,ADC1,0,servo_1,A,1.892
1769884615.4965687,ADC1,1,servo_2,A,0.359
1769884615.5471785,ADC1,1,servo_2,A,1.236
1769884615.597818,ADC1,1,servo_2,A,0.805
1769884615.6490357,ADC1,0,servo_1,A,0.273
1769884615.6994495,THERM,0,motor_temp,C,36.761
1769884615.7537384,ADC1,0,servo_1,A,1.659
1769884615.8045778,ADC2,0,bus_voltage,V,12.115
1769884615.855474,ADC2,0,bus_voltage,V,11.388
1769884615.9060793,ADC1,1,servo_2,A,1.409
1769884615.9572368,ADC1,1,servo_2,A,0.818
1769884616.0077283,ADC1,0,servo_1,A,1.422
1769884616.058603,ADC2,0,bus_voltage,V,11.659
1769884616.1094573,ADC2,0,bus_voltage,V,11.1
1769884616.1598759,THERM,0,motor_temp,C,65.396
1769884616.2104237,THERM,0,motor_temp,C,55.248
1769884616.2610095,ADC1,1,servo_2,A,1.96
1769884616.311797,ADC1,0,servo_1,A,0.583
1769884616.3631701,THERM,0,motor_temp,C,32.321
1769884616.4143813,ADC1,1,servo_2,A,1.109
1769884616.4657717,ADC1,0,servo_1,A,2.013
1769884616.5167253,ADC1,1,servo_2,A,1.587
1769884616.5674314,THERM,0,motor_temp,C,33.675
1769884616.6201968,ADC1,1,servo_2,A,0.751
1769884616.6710455,ADC1,0,servo_1,A,2.397
1769884616.72193,THERM,0,motor_temp,C,26.897
1769884616.7729564,THERM,0,motor_temp,C,61.251
1769884616.8240042,ADC1,0,servo_1,A,1.349
1769884616.8748596,ADC2,0,bus_voltage,V,11.109
1769884616.9253364,ADC1,0,servo_1,A,2.204
1769884616.9757316,ADC2,0,bus_voltage,V,11.585
1769884617.026486,ADC1,1,servo_2,A,2.302
1769884617.0772939,ADC1,1,servo_2,A,1.444
1769884617.1283689,ADC2,0,bus_voltage,V,12.191
1769884617.1787288,ADC1,1,servo_2,A,0.458
1769884617.229625,ADC1,1,servo_2,A,1.456
1769884617.280986,ADC2,0,bus_voltage,V,10.304
1769884617.3330438,ADC1,0,servo_1,A,2.312
1769884617.3836849,ADC2,0,bus_voltage,V,10.892
1769884617.4344277,ADC1,0,servo_1,A,0.815
1769884617.4848561,ADC1,0,servo_1,A,0.933
1769884617.5352368,ADC2,0,bus_voltage,V,10.468
1769884617.5857759,THERM,0,motor_temp,C,37.551
1769884617.63656,ADC2,0,bus_voltage,V,11.522
1769884617.6870172,THERM,0,motor_temp,C,50.104
1769884617.7377598,ADC2,0,bus_voltage,V,11.07
1769884617.7884665,ADC2,0,bus_voltage,V,10.817
1769884617.8396997,ADC1,0,servo_1,A,1.308
1769884617.8903441,ADC2,0,bus_voltage,V,12.561
1769884617.941792,THERM,0,motor_temp,C,36.167
1769884617.9923584,ADC2,0,bus_voltage,V,11.703
1769884618.0431592,ADC2,0,bus_voltage,V,11.808
1769884618.104342,ADC1,0,servo_1,A,0.802
1769884618.155809,ADC2,0,bus_voltage,V,11.045
1769884618.2063065,ADC1,1,servo_2,A,1.385
1769884618.2568872,ADC2,0,bus_voltage,V,10.583
1769884618.3077228,ADC1,1,servo_2,A,1.379
1769884618.3584495,ADC1,0,servo_1,A,0.649
1769884618.409422,THERM,0,motor_temp,C,27.771
1769884618.4600527,THERM,0,motor_temp,C,25.48
1769884618.5108116,THERM,0,motor_temp,C,32.769
1769884618.5613203,ADC2,0,bus_voltage,V,12.496
1769884618.6120543,ADC2,0,bus_voltage,V,11.536
1769884618.6628034,ADC1,0,servo_1,A,0.776
1769884618.7132623,THERM,0,motor_temp,C,43.052
1769884618.7640784,THERM,0,motor_temp,C,54.249
1769884618.8149016,ADC1,1,servo_2,A,0.282
1769884618.8654804,ADC1,1,servo_2,A,0.282
1769884618.915872,THERM,0,motor_temp,C,34.183
1769884618.9662557,ADC1,0,servo_1,A,1.715
1769884619.0166276,ADC1,1,servo_2,A,0.337
1769884619.0675042,ADC1,0,servo_1,A,0.358
1769884619.118366,THERM,0,motor_temp,C,38.076
1769884619.1690211,ADC2,0,bus_voltage,V,11.762
1769884619.2196999,ADC2,0,bus_voltage,V,11.099
1769884619.2702065,ADC1,0,servo_1,A,1.999
1769884619.3206062,THERM,0,motor_temp,C,66.606
1769884619.3717504,THERM,0,motor_temp,C,40.097
1769884619.4226727,ADC2,0,bus_voltage,V,11.079
1769884619.4731843,ADC1,0,servo_1,A,0.229
1769884619.5239825,ADC1,1,servo_2,A,1.903
1769884619.5744052,THERM,0,motor_temp,C,59.543
1769884619.6256638,ADC1,1,servo_2,A,0.604
1769884619.6763637,THERM,0,motor_temp,C,55.707
1769884619.727288,ADC1,0,servo_1,A,0.21
1769884619.7778742,ADC1,1,servo_2,A,2.11
1769884619.8302016,THERM,0,motor_temp,C,31.46
1769884619.8816833,THERM,0,motor_temp,C,28.881
1769884619.9337547,THERM,0,motor_temp,C,46.11
1769884619.9845886,ADC1,0,servo_1,A,1.907
1769884620.0353622,ADC1,1,servo_2,A,2.462
1769884620.0862157,ADC2,0,bus_voltage,V,12.158
1769884620.1369758,ADC1,1,servo_2,A,2.329
1769884620.1874168,ADC2,0,bus_voltage,V,10.631
1769884620.2386885,ADC1,1,servo_2,A,1.646
1769884620.2891915,ADC1,1,servo_2,A,1.043
1769884620.340304,ADC1,1,servo_2,A,2.482
1769884620.3911617,ADC1,0,servo_1,A,1.42
1769884620.4423046,ADC1,0,servo_1,A,1.346
1769884620.4930267,ADC1,0,servo_1,A,0.255
1769884620.5440354,ADC1,0,servo_1,A,0.989
1769884620.5948668,ADC1,0,servo_1,A,2.443
1769884620.6455326,ADC1,1,servo_2,A,2.005
1769884620.6963897,ADC1,0,servo_1,A,2.079
1769884620.746953,THERM,0,motor_temp,C,60.415
1769884620.797547,ADC1,0,servo_1,A,1.146
1769884620.8485012,ADC1,0,servo_1,A,1.103
1769884620.900071,ADC1,0,servo_1,A,2.386
1769884620.9521618,ADC1,1,servo_2,A,0.667
1769884621.0028856,ADC1,1,servo_2,A,0.789
1769884621.053591,ADC2,0,bus_voltage,V,11.458
1769884621.1039982,ADC1,0,servo_1,A,1.279
1769884621.1544268,ADC1,0,servo_1,A,0.851
1769884621.2050774,ADC1,1,servo_2,A,2.338
1769884621.255469,ADC1,1,servo_2,A,1.186
1769884621.3058445,ADC2,0,bus_voltage,V,11.509
1769884621.3566465,ADC1,0,servo_1,A,0.581
1769884621.4073834,ADC1,0,servo_1,A,2.063
1769884621.458213,ADC2,0,bus_voltage,V,11.857
1769884621.5088918,ADC1,0,servo_1,A,0.407
1769884621.5593421,ADC1,0,servo_1,A,0.713
1769884621.6100955,ADC1,1,servo_2,A,1.42
1769884621.660535,THERM,0,motor_temp,C,39.811
1769884621.7115195,ADC1,1,servo_2,A,1.741
1769884621.7623203,THERM,0,motor_temp,C,52.263
1769884621.812927,THERM,0,motor_temp,C,29.206
1769884621.8669598,ADC1,0,servo_1,A,0.907
1769884621.9178221,ADC1,1,servo_2,A,2.289
1769884621.968183,ADC1,0,servo_1,A,1.236
1769884622.0187652,ADC2,0,bus_voltage,V,10.76
1769884622.0691063,ADC1,1,servo_2,A,0.634
1769884622.120521,ADC1,1,servo_2,A,1.071
1769884622.1722698,ADC1,0,servo_1,A,1.629
1769884622.2228475,ADC1,1,servo_2,A,1.433
1769884622.2733839,THERM,0,motor_temp,C,44.04
1769884622.323762,ADC2,0,bus_voltage,V,11.138
1769884622.374472,THERM,0,motor_temp,C,35.352
1769884622.4251022,ADC1,0,servo_1,A,0.67
1769884622.4754446,ADC2,0,bus_voltage,V,10.212
1769884622.525725,ADC1,1,servo_2,A,0.705
1769884622.57621,ADC2,0,bus_voltage,V,11.444
1769884622.6266713,ADC1,1,servo_2,A,1.066
1769884622.6771348,ADC2,0,bus_voltage,V,11.109
1769884622.7281625,ADC1,0,servo_1,A,0.916
1769884622.7787416,ADC2,0,bus_voltage,V,10.307
1769884622.829532,THERM,0,motor_temp,C,32.115
1769884622.8801053,ADC1,1,servo_2,A,0.999
1769884622.9310184,THERM,0,motor_temp,C,31.665
1769884622.983289,ADC1,0,servo_1,A,0.207
1769884623.0338848,ADC1,0,servo_1,A,0.711
1769884623.0842962,ADC1,1,servo_2,A,1.044
1769884623.1349807,THERM,0,motor_temp,C,28.632
1769884623.1857097,ADC1,0,servo_1,A,0.296
1769884623.23612,ADC2,0,bus_voltage,V,10.91
1769884623.287526,ADC1,1,servo_2,A,1.736
1769884623.3399231,ADC1,1,servo_2,A,0.227
1769884623.3906562,ADC1,0,servo_1,A,1.984
1769884623.4415417,THERM,0,motor_temp,C,38.209
1769884623.4922552,THERM,0,motor_temp,C,37.331
1769884623.5429766,ADC1,1,servo_2,A,1.118
1769884623.5934584,ADC2,0,bus_voltage,V,12.471
1769884623.643879,ADC1,1,servo_2,A,0.36
1769884623.6946225,ADC1,1,servo_2,A,0.92
1769884623.7452865,ADC1,0,servo_1,A,2.028
1769884623.7961183,THERM,0,motor_temp,C,44.082
1769884623.846958,ADC1,0,servo_1,A,1.743
1769884623.897527,THERM,0,motor_temp,C,38.919
1769884623.9481199,ADC2,0,bus_voltage,V,11.893
1769884624.0005167,ADC1,1,servo_2,A,0.836
1769884624.051206,ADC1,1,servo_2,A,1.062
1769884624.1026013,ADC1,0,servo_1,A,2.434
1769884624.1536713,ADC2,0,bus_voltage,V,12.296
1769884624.2041495,ADC1,1,servo_2,A,0.254
1769884624.2548265,ADC1,1,servo_2,A,1.666
1769884624.3054247,ADC2,0,bus_voltage,V,12.488
1769884624.3561974,ADC2,0,bus_voltage,V,12.088
1769884624.406834,ADC1,0,servo_1,A,1.725
1769884624.45732,ADC1,1,servo_2,A,1.053
1769884624.5077882,ADC2,0,bus_voltage,V,10.049
1769884624.5584931,ADC1,0,servo_1,A,2.364
1769884624.6088395,ADC2,0,bus_voltage,V,11.495
1769884624.659589,ADC2,0,bus_voltage,V,11.228
1769884624.7101479,ADC1,0,servo_1,A,0.924
1769884624.7608387,THERM,0,motor_temp,C,39.367
1769884624.811589,ADC1,0,servo_1,A,1.712
1769884624.8635437,ADC1,0,servo_1,A,0.619
1769884624.9155009,ADC2,0,bus_voltage,V,11.963
1769884624.9672506,ADC1,1,servo_2,A,1.464
1769884625.0179937,ADC1,1,servo_2,A,1.979
1769884625.0686557,ADC1,0,servo_1,A,2.033
1769884625.1191273,ADC1,0,servo_1,A,2.285
1769884625.1701133,ADC2,0,bus_voltage,V,12.582
1769884625.2215438,ADC2,0,bus_voltage,V,11.438
1769884625.2735016,ADC1,1,servo_2,A,2.383
1769884625.3247535,THERM,0,motor_temp,C,36.543
1769884625.375371,ADC1,1,servo_2,A,2.278
1769884625.426236,ADC1,1,servo_2,A,2.057
1769884625.4768772,ADC1,1,servo_2,A,2.323
1769884625.5273287,THERM,0,motor_temp,C,34.547
1769884625.577839,ADC2,0,bus_voltage,V,11.663
1769884625.6287422,ADC1,1,servo_2,A,2.31
1769884625.6793094,ADC1,0,servo_1,A,1.829
1769884625.7302063,ADC2,0,bus_voltage,V,10.445
1769884625.781069,ADC2,0,bus_voltage,V,10.14
1769884625.8331382,ADC2,0,bus_voltage,V,11.332
1769884625.883996,ADC2,0,bus_voltage,V,10.597
1769884625.9347167,ADC2,0,bus_voltage,V,11.736
1769884625.9859195,ADC1,0,servo_1,A,1.453
1769884626.0365393,THERM,0,motor_temp,C,45.754
1769884626.0870295,ADC1,1,servo_2,A,1.762
1769884626.1379151,ADC2,0,bus_voltage,V,11.329
1769884626.188368,ADC1,0,servo_1,A,0.678
1769884626.2388842,THERM,0,motor_temp,C,50.916
1769884626.2895296,ADC1,1,servo_2,A,1.895
1769884626.339961,THERM,0,motor_temp,C,31.101
1769884626.3904345,ADC1,1,servo_2,A,1.671
1769884626.4409034,ADC2,0,bus_voltage,V,10.081
1769884626.4913335,ADC2,0,bus_voltage,V,10.509
1769884626.5417933,ADC1,1,servo_2,A,1.074
1769884626.5926259,ADC2,0,bus_voltage,V,11.581
1769884626.6433268,THERM,0,motor_temp,C,67.211
1769884626.693792,ADC2,0,bus_voltage,V,10.112
1769884626.744572,ADC2,0,bus_voltage,V,12.417
1769884626.7952118,THERM,0,motor_temp,C,63.73
1769884626.8456578,ADC2,0,bus_voltage,V,11.159
1769884626.896067,ADC1,0,servo_1,A,2.033
1769884626.9464195,ADC2,0,bus_voltage,V,12.498
1769884626.997082,ADC1,1,servo_2,A,2.239
1769884627.048054,ADC2,0,bus_voltage,V,11.532
1769884627.098842,ADC2,0,bus_voltage,V,11.348
1769884627.149552,ADC1,1,servo_2,A,0.236
1769884627.2003937,ADC1,1,servo_2,A,0.413
1769884627.2517183,ADC1,1,servo_2,A,2.01
1769884627.3027692,ADC2,0,bus_voltage,V,10.525
1769884627.353625,THERM,0,motor_temp,C,51.0
1769884627.4040394,ADC1,0,servo_1,A,1.275
1769884627.4544482,ADC1,0,servo_1,A,0.424
1769884627.504826,THERM,0,motor_temp,C,35.492
1769884627.555688,ADC2,0,bus_voltage,V,12.545
1769884627.6068814,ADC2,0,bus_voltage,V,11.448
1769884627.6576378,ADC2,0,bus_voltage,V,12.002
1769884627.708033,THERM,0,motor_temp,C,39.598
1769884627.7585132,ADC1,0,servo_1,A,1.44
1769884627.809148,THERM,0,motor_temp,C,54.47
1769884627.8595002,THERM,0,motor_temp,C,38.982
1769884627.9100108,ADC2,0,bus_voltage,V,10.651
1769884627.9604928,ADC1,1,servo_2,A,0.876
1769884628.010983,ADC1,0,servo_1,A,0.662
1769884628.0615685,ADC1,0,servo_1,A,1.534
1769884628.1119442,THERM,0,motor_temp,C,25.94
1769884628.1627102,THERM,0,motor_temp,C,68.525
1769884628.21341,ADC1,0,servo_1,A,1.69
1769884628.2644212,THERM,0,motor_temp,C,67.081
1769884628.3149807,ADC1,1,servo_2,A,1.404
1769884628.3654459,ADC1,1,servo_2,A,0.967
1769884628.4162273,THERM,0,motor_temp,C,35.695
1769884628.466588,THERM,0,motor_temp,C,39.958
1769884628.5172968,ADC1,1,servo_2,A,0.765
1769884628.567893,ADC1,0,servo_1,A,0.361
1769884628.6184523,ADC2,0,bus_voltage,V,11.957
1769884628.6694753,ADC2,0,bus_voltage,V,10.238
1769884628.7202892,ADC2,0,bus_voltage,V,11.273
1769884628.7710514,ADC1,1,servo_2,A,1.06
1769884628.821856,ADC1,0,servo_1,A,1.39
1769884628.8722634,ADC2,0,bus_voltage,V,12.542
1769884628.922807,ADC1,0,servo_1,A,1.824
1769884628.9733093,THERM,0,motor_temp,C,26.586
1769884629.02402,THERM,0,motor_temp,C,27.591
1769884629.074592,ADC1,1,servo_2,A,0.687
1769884629.1249516,ADC1,1,servo_2,A,2.486
1769884629.1757522,THERM,0,motor_temp,C,36.486
1769884629.2268128,THERM,0,motor_temp,C,35.534
1769884629.277389,ADC2,0,bus_voltage,V,10.138
1769884629.3278685,ADC1,0,servo_1,A,1.528
1769884629.3805954,ADC1,1,servo_2,A,0.548
1769884629.4312866,THERM,0,motor_temp,C,36.698
1769884629.4823925,THERM,0,motor_temp,C,58.631
1769884629.533269,ADC1,1,servo_2,A,1.733
1769884629.5838253,ADC2,0,bus_voltage,V,10.625
1769884629.6344738,ADC1,1,servo_2,A,1.498
1769884629.6852307,ADC2,0,bus_voltage,V,12.491
1769884629.7359712,ADC1,1,servo_2,A,1.331
1769884629.786391,THERM,0,motor_temp,C,62.951
1769884629.8370514,THERM,0,motor_temp,C,60.296
1769884629.8874931,ADC1,0,servo_1,A,2.046
1769884629.9379547,ADC1,0,servo_1,A,0.239
1769884629.9885387,THERM,0,motor_temp,C,33.906
1769884630.0389628,ADC1,0,servo_1,A,0.658
1769884630.0897896,ADC2,0,bus_voltage,V,11.741
1769884630.140375,ADC1,1,servo_2,A,1.965
1769884630.190926,ADC1,1,servo_2,A,1.37
1769884630.2414815,ADC2,0,bus_voltage,V,11.909
1769884630.292181,THERM,0,motor_temp,C,25.977
1769884630.3428082,ADC1,0,servo_1,A,1.944
1769884630.393159,ADC2,0,bus_voltage,V,10.343
1769884630.4438167,ADC1,1,servo_2,A,1.233
1769884630.4942496,ADC1,0,servo_1,A,0.512
1769884630.5447176,ADC2,0,bus_voltage,V,10.73
1769884630.5955722,THERM,0,motor_temp,C,41.295
1769884630.6460123,ADC1,1,servo_2,A,2.043
1769884630.6967819,THERM,0,motor_temp,C,27.337
1769884630.747709,THERM,0,motor_temp,C,48.457
1769884630.798592,ADC1,1,servo_2,A,1.497
1769884630.8489652,ADC2,0,bus_voltage,V,10.876
1769884630.8996003,THERM,0,motor_temp,C,28.435
1769884630.9503152,ADC1,1,servo_2,A,0.835
1769884631.0010748,ADC2,0,bus_voltage,V,10.346
1769884631.0516005,ADC1,1,servo_2,A,0.813
1769884631.102193,THERM,0,motor_temp,C,26.318
1769884631.1529145,ADC2,0,bus_voltage,V,11.826
1769884631.2033517,ADC2,0,bus_voltage,V,11.726
1769884631.2537894,ADC1,1,servo_2,A,1.696
1769884631.3044956,ADC1,1,servo_2,A,2.104
1769884631.3552022,ADC2,0,bus_voltage,V,11.083
1769884631.4059658,ADC1,1,servo_2,A,0.331
1769884631.458344,THERM,0,motor_temp,C,42.846
1769884631.5095332,ADC2,0,bus_voltage,V,10.708
1769884631.5605912,ADC1,0,servo_1,A,2.181
1769884631.611333,THERM,0,motor_temp,C,28.911
1769884631.661834,THERM,0,motor_temp,C,31.471
1769884631.7126927,ADC1,1,servo_2,A,1.894
1769884631.7635782,ADC1,1,servo_2,A,2.032
1769884631.8146389,ADC1,0,servo_1,A,0.66
1769884631.8663087,ADC1,1,servo_2,A,0.62
1769884631.9168236,THERM,0,motor_temp,C,28.07
1769884631.9675813,ADC2,0,bus_voltage,V,10.874
1769884632.019281,ADC1,1,servo_2,A,2.241
1769884632.0701976,ADC2,0,bus_voltage,V,10.309
1769884632.1217322,ADC1,0,servo_1,A,1.365
1769884632.1727612,ADC1,1,servo_2,A,1.036
1769884632.2236598,ADC1,0,servo_1,A,0.366
1769884632.2780585,ADC2,0,bus_voltage,V,10.593
1769884632.328939,ADC1,0,servo_1,A,0.78
1769884632.3800547,ADC2,0,bus_voltage,V,12.141
1769884632.430494,ADC2,0,bus_voltage,V,10.271
1769884632.4816115,ADC1,1,servo_2,A,1.864
1769884632.5324898,THERM,0,motor_temp,C,67.161
1769884632.5853875,ADC1,0,servo_1,A,2.364
1769884632.6362355,ADC1,0,servo_1,A,2.233
1769884632.689402,ADC2,0,bus_voltage,V,11.195
1769884632.7402265,THERM,0,motor_temp,C,51.571
1769884632.7910368,THERM,0,motor_temp,C,60.53
1769884632.8432815,ADC2,0,bus_voltage,V,11.14
1769884632.8940403,ADC1,1,servo_2,A,0.578
1769884632.9444685,ADC1,0,servo_1,A,1.088
1769884632.9948525,ADC1,1,servo_2,A,0.237
1769884633.0473971,ADC1,1,servo_2,A,0.824
1769884633.0982442,ADC2,0,bus_voltage,V,12.133
1769884633.1489289,ADC2,0,bus_voltage,V,11.669
1769884633.201367,THERM,0,motor_temp,C,41.092
1769884633.2540727,ADC2,0,bus_voltage,V,10.291
1769884633.3048394,ADC1,0,servo_1,A,1.003
1769884633.355674,ADC1,1,servo_2,A,0.449
1769884633.4067097,ADC1,0,servo_1,A,1.735
1769884633.4576128,ADC2,0,bus_voltage,V,11.083
1769884633.5084462,ADC1,1,servo_2,A,1.175
1769884633.559413,THERM,0,motor_temp,C,28.305
1769884633.6100621,THERM,0,motor_temp,C,57.803
1769884633.6613843,ADC1,0,servo_1,A,1.008
1769884633.7119143,ADC2,0,bus_voltage,V,10.364
1769884633.7628803,THERM,0,motor_temp,C,66.538
1769884633.8134205,ADC2,0,bus_voltage,V,11.617
1769884633.8637686,ADC1,1,servo_2,A,0.739
1769884633.9143138,ADC1,1,servo_2,A,0.424
1769884633.9658256,THERM,0,motor_temp,C,42.084
1769884634.0168567,THERM,0,motor_temp,C,54.995
1769884634.0685942,ADC2,0,bus_voltage,V,12.128
1769884634.1202312,ADC1,0,servo_1,A,1.453
1769884634.1710944,THERM,0,motor_temp,C,51.997
1769884634.2224097,THERM,0,motor_temp,C,59.939
1769884634.273889,ADC2,0,bus_voltage,V,10.13
1769884634.3247883,THERM,0,motor_temp,C,65.461
1769884634.3755167,ADC1,0,servo_1,A,1.784
1769884634.426144,ADC1,0,servo_1,A,0.356
1769884634.4772382,THERM,0,motor_temp,C,43.575
1769884634.5280225,ADC1,0,servo_1,A,0.467
1769884634.6001396,ADC1,0,servo_1,A,2.431
1769884634.6515243,THERM,0,motor_temp,C,60.981
1769884634.7022376,ADC1,0,servo_1,A,1.965
1769884634.7529461,THERM,0,motor_temp,C,46.318
1769884634.8037155,THERM,0,motor_temp,C,42.636
1769884634.8540342,THERM,0,motor_temp,C,53.393
1769884634.90495,THERM,0,motor_temp,C,64.248
1769884634.9557877,ADC2,0,bus_voltage,V,10.59
1769884635.0087955,ADC1,0,servo_1,A,1.022
1769884635.0598958,ADC1,1,servo_2,A,0.288
1769884635.110772,ADC1,0,servo_1,A,1.884
1769884635.1614163,ADC1,1,servo_2,A,2.295
1769884635.2125216,ADC2,0,bus_voltage,V,11.443
1769884635.2633817,ADC2,0,bus_voltage,V,10.602
1769884635.313882,ADC2,0,bus_voltage,V,11.805
1769884635.364641,ADC1,1,servo_2,A,0.732
1769884635.4157166,ADC2,0,bus_voltage,V,12.322
1769884635.4668143,ADC1,0,servo_1,A,1.865
1769884635.517418,ADC1,1,servo_2,A,1.867
1769884635.5680747,ADC1,0,servo_1,A,2.441
1769884635.6186228,THERM,0,motor_temp,C,28.034
1769884635.6692986,ADC2,0,bus_voltage,V,10.359
1769884635.723118,ADC1,0,servo_1,A,0.863
1769884635.774495,ADC1,0,servo_1,A,0.898
1769884635.8256645,ADC2,0,bus_voltage,V,10.235
1769884635.8766334,ADC1,1,servo_2,A,0.394
1769884635.9358666,ADC2,0,bus_voltage,V,11.733
1769884635.9864466,ADC1,1,servo_2,A,0.496
1769884636.0370598,ADC2,0,bus_voltage,V,11.449
1769884636.0875952,ADC2,0,bus_voltage,V,10.056
1769884636.1380293,THERM,0,motor_temp,C,65.108
1769884636.188662,ADC2,0,bus_voltage,V,10.025
1769884636.2407565,ADC1,0,servo_1,A,1.578
1769884636.2915828,ADC2,0,bus_voltage,V,10.207
1769884636.3421686,ADC1,1,servo_2,A,1.435
1769884636.3926003,ADC2,0,bus_voltage,V,11.91
1769884636.4468718,ADC1,1,servo_2,A,1.547
1769884636.4998674,THERM,0,motor_temp,C,57.168
1769884636.5504272,ADC1,1,servo_2,A,0.369
1769884636.6010823,ADC1,1,servo_2,A,1.876
1769884636.651894,THERM,0,motor_temp,C,33.788
1769884636.7023127,ADC1,1,servo_2,A,2.119
1769884636.7528012,ADC1,1,servo_2,A,1.479
1769884636.8036714,THERM,0,motor_temp,C,68.091
1769884636.8544116,ADC1,1,servo_2,A,0.762
1769884636.9049053,ADC1,1,servo_2,A,2.009
1769884636.9576478,ADC2,0,bus_voltage,V,10.681
1769884637.008089,ADC1,1,servo_2,A,2.477
1769884637.0590684,ADC1,1,servo_2,A,1.205
1769884637.1098783,THERM,0,motor_temp,C,67.923
1769884637.1604793,ADC1,1,servo_2,A,1.537
1769884637.2109635,ADC1,0,servo_1,A,1.903
1769884637.262625,ADC1,0,servo_1,A,2.226
1769884637.3133686,ADC2,0,bus_voltage,V,12.254
1769884637.3643346,ADC1,1,servo_2,A,1.216
1769884637.4166582,THERM,0,motor_temp,C,26.448
1769884637.4681702,ADC2,0,bus_voltage,V,12.591
1769884637.5190263,ADC1,0,servo_1,A,0.933
1769884637.572655,ADC2,0,bus_voltage,V,10.651
1769884637.623211,ADC1,1,servo_2,A,0.497
1769884637.67469,THERM,0,motor_temp,C,31.485
1769884637.7254694,ADC1,0,servo_1,A,1.664
1769884637.7761898,ADC2,0,bus_voltage,V,11.611
1769884637.8266342,ADC1,0,servo_1,A,2.299
1769884637.8778307,ADC2,0,bus_voltage,V,10.249
1769884637.9309056,ADC2,0,bus_voltage,V,10.021
1769884637.9816067,ADC1,1,servo_2,A,1.191
1769884638.0358052,ADC2,0,bus_voltage,V,11.381
1769884638.0869558,ADC2,0,bus_voltage,V,11.703
1769884638.137559,ADC2,0,bus_voltage,V,11.132
1769884638.1883023,THERM,0,motor_temp,C,65.554
1769884638.2393718,ADC1,0,servo_1,A,2.328
1769884638.290505,ADC1,1,servo_2,A,0.906
1769884638.3410223,ADC2,0,bus_voltage,V,10.076
1769884638.391792,ADC2,0,bus_voltage,V,10.923
1769884638.445126,ADC2,0,bus_voltage,V,10.247
1769884638.4962869,ADC1,1,servo_2,A,2.473
1769884638.5509276,ADC1,1,servo_2,A,1.458
1769884638.601701,ADC2,0,bus_voltage,V,10.479
1769884638.652596,ADC1,0,servo_1,A,2.067
1769884638.705037,ADC2,0,bus_voltage,V,10.116
1769884638.756088,THERM,0,motor_temp,C,45.305
1769884638.8065255,ADC1,0,servo_1,A,0.878
1769884638.8573322,ADC1,1,servo_2,A,0.565
1769884638.907906,ADC1,1,servo_2,A,1.722
1769884638.9582582,ADC2,0,bus_voltage,V,11.44
1769884639.0088575,ADC1,0,servo_1,A,0.279
1769884639.0596578,ADC1,0,servo_1,A,1.289
1769884639.1108973,ADC1,1,servo_2,A,1.694
1769884639.162743,ADC1,0,servo_1,A,1.52
1769884639.220507,ADC2,0,bus_voltage,V,10.372
1769884639.2711868,ADC1,1,servo_2,A,1.016
1769884639.3219268,ADC1,0,servo_1,A,1.921
1769884639.373408,THERM,0,motor_temp,C,43.319
1769884639.4243011,THERM,0,motor_temp,C,26.496
1769884639.4750497,ADC1,0,servo_1,A,0.575
1769884639.525766,ADC1,1,servo_2,A,0.978
1769884639.576292,THERM,0,motor_temp,C,51.466
1769884639.6268027,ADC2,0,bus_voltage,V,10.739
1769884639.6780186,ADC2,0,bus_voltage,V,10.69
1769884639.7302692,THERM,0,motor_temp,C,37.58
1769884639.780914,ADC1,1,servo_2,A,0.247
1769884639.8315828,ADC1,1,servo_2,A,2.341
1769884639.8829174,ADC1,1,servo_2,A,1.785
1769884639.9338095,ADC2,0,bus_voltage,V,11.413
1769884639.9843955,THERM,0,motor_temp,C,64.612
1769884640.0353115,ADC2,0,bus_voltage,V,11.148
1769884640.085781,ADC1,0,servo_1,A,1.821
1769884640.1366303,ADC1,1,servo_2,A,1.456
1769884640.1872065,ADC1,1,servo_2,A,1.165
1769884640.2377017,ADC1,1,servo_2,A,1.188
1769884640.288318,ADC1,1,servo_2,A,0.849
1769884640.3390043,ADC1,0,servo_1,A,0.574
1769884640.3893056,ADC2,0,bus_voltage,V,10.497
1769884640.4398823,ADC1,1,servo_2,A,1.553
1769884640.4908342,ADC1,1,servo_2,A,1.83
1769884640.5430684,ADC2,0,bus_voltage,V,11.549
1769884640.5952716,THERM,0,motor_temp,C,32.648
1769884640.6460047,ADC1,1,servo_2,A,2.1
1769884640.6968703,ADC2,0,bus_voltage,V,10.562
1769884640.7476573,ADC1,0,servo_1,A,2.38
1769884640.798085,ADC1,0,servo_1,A,1.847
1769884640.848502,THERM,0,motor_temp,C,66.62
1769884640.9003682,THERM,0,motor_temp,C,49.99
1769884640.9512074,ADC1,1,servo_2,A,0.68
1769884641.0019815,THERM,0,motor_temp,C,52.558
1769884641.0544345,ADC2,0,bus_voltage,V,12.553
1769884641.1056576,THERM,0,motor_temp,C,62.917
1769884641.1562352,ADC1,1,servo_2,A,2.299
1769884641.2070897,ADC1,1,servo_2,A,1.542
1769884641.2578266,THERM,0,motor_temp,C,64.663
1769884641.3089895,THERM,0,motor_temp,C,54.662
1769884641.3596942,ADC2,0,bus_voltage,V,11.808
1769884641.410517,ADC2,0,bus_voltage,V,10.951
1769884641.462896,ADC1,0,servo_1,A,1.914
1769884641.514009,ADC2,0,bus_voltage,V,10.869
1769884641.5651822,ADC1,1,servo_2,A,1.722
1769884641.6160989,ADC2,0,bus_voltage,V,11.936
1769884641.6666117,ADC2,0,bus_voltage,V,10.289
1769884641.7187288,THERM,0,motor_temp,C,40.325
1769884641.7698803,ADC1,0,servo_1,A,1.456
1769884641.8207657,THERM,0,motor_temp,C,48.909
1769884641.8716214,ADC2,0,bus_voltage,V,11.751
1769884641.922438,ADC1,1,servo_2,A,0.333
1769884641.973455,ADC1,1,servo_2,A,0.277
1769884642.0240974,ADC2,0,bus_voltage,V,12.255
1769884642.0745783,ADC1,1,servo_2,A,0.599
1769884642.1257353,ADC2,0,bus_voltage,V,11.645
1769884642.1834738,ADC1,0,servo_1,A,0.631
1769884642.2343009,ADC1,0,servo_1,A,1.4
1769884642.28879,ADC1,1,servo_2,A,0.545
1769884642.3399062,ADC2,0,bus_voltage,V,12.091
1769884642.3905356,THERM,0,motor_temp,C,55.776
1769884642.4416287,THERM,0,motor_temp,C,34.182
1769884642.492393,ADC1,1,servo_2,A,1.24
1769884642.5428312,ADC1,0,servo_1,A,1.892
1769884642.5934272,ADC1,0,servo_1,A,1.213
1769884642.64432,THERM,0,motor_temp,C,60.551
1769884642.6951618,ADC1,1,servo_2,A,1.262
1769884642.7495906,ADC2,0,bus_voltage,V,11.269
1769884642.800591,ADC1,0,servo_1,A,2.344
1769884642.8519418,ADC1,1,servo_2,A,1.106
1769884642.9026618,ADC2,0,bus_voltage,V,10.628
1769884642.9536035,ADC1,1,servo_2,A,1.499
1769884643.0047657,ADC2,0,bus_voltage,V,11.142
1769884643.0558798,ADC1,0,servo_1,A,2.384
1769884643.1070433,ADC1,0,servo_1,A,2.251
1769884643.1581798,ADC1,1,servo_2,A,0.525
1769884643.2091184,ADC1,1,servo_2,A,0.88
1769884643.259531,ADC1,1,servo_2,A,1.152
1769884643.310196,ADC1,0,servo_1,A,1.244
1769884643.36362,THERM,0,motor_temp,C,51.404
1769884643.4162276,ADC1,1,servo_2,A,1.461
1769884643.4674764,ADC1,1,servo_2,A,0.555
1769884643.5196147,THERM,0,motor_temp,C,32.096
1769884643.5712757,THERM,0,motor_temp,C,41.404
1769884643.6220062,ADC1,0,servo_1,A,1.337
1769884643.6727738,ADC2,0,bus_voltage,V,12.207
1769884643.7244258,ADC1,0,servo_1,A,2.288
1769884643.7753897,THERM,0,motor_temp,C,25.93
1769884643.8263056,ADC1,1,servo_2,A,0.867
1769884643.8797827,ADC2,0,bus_voltage,V,10.578
1769884643.9302738,ADC1,1,servo_2,A,0.261
1769884643.9831116,ADC1,0,servo_1,A,2.393
1769884644.0352411,ADC2,0,bus_voltage,V,11.036
1769884644.0861096,THERM,0,motor_temp,C,58.273
1769884644.136838,THERM,0,motor_temp,C,46.097
1769884644.1872149,ADC1,1,servo_2,A,0.464
1769884644.2376018,ADC1,0,servo_1,A,0.387
1769884644.2882245,ADC1,1,servo_2,A,1.125
1769884644.3387115,ADC2,0,bus_voltage,V,11.781
1769884644.3893209,THERM,0,motor_temp,C,50.192
1769884644.441128,ADC1,1,servo_2,A,0.214
1769884644.4940782,ADC1,1,servo_2,A,1.392
1769884644.5447483,THERM,0,motor_temp,C,65.8
1769884644.5957494,ADC1,0,servo_1,A,2.421
1769884644.6468496,ADC1,1,servo_2,A,2.257
1769884644.6980898,ADC2,0,bus_voltage,V,11.148
1769884644.7487657,THERM,0,motor_temp,C,34.278
1769884644.7997787,ADC1,1,servo_2,A,1.118
1769884644.8503497,ADC1,0,servo_1,A,1.049
1769884644.9012232,ADC1,0,servo_1,A,1.771
1769884644.9520123,ADC1,0,servo_1,A,1.628
1769884645.0073452,THERM,0,motor_temp,C,34.18
1769884645.0579648,ADC1,1,servo_2,A,2.288
1769884645.1085088,ADC2,0,bus_voltage,V,10.2
1769884645.1589637,THERM,0,motor_temp,C,29.056
1769884645.2099473,ADC1,0,servo_1,A,2.365
1769884645.2605145,ADC1,0,servo_1,A,2.258
1769884645.3112054,ADC1,1,servo_2,A,1.722
1769884645.361764,ADC2,0,bus_voltage,V,12.093
1769884645.412547,THERM,0,motor_temp,C,47.326
1769884645.463053,ADC1,1,servo_2,A,1.981
1769884645.5141294,THERM,0,motor_temp,C,31.056
1769884645.5651002,THERM,0,motor_temp,C,59.764
1769884645.6157575,ADC1,1,servo_2,A,0.289
1769884645.6662924,ADC2,0,bus_voltage,V,11.085
1769884645.7166953,ADC1,1,servo_2,A,2.015
1769884645.7675786,ADC1,1,servo_2,A,0.501
1769884645.8180823,ADC1,1,servo_2,A,1.463
1769884645.868993,ADC1,0,servo_1,A,1.488
1769884645.9197497,ADC1,0,servo_1,A,1.077
1769884645.9711099,ADC1,1,servo_2,A,2.289
1769884646.0222356,ADC1,0,servo_1,A,0.404
1769884646.0734167,ADC2,0,bus_voltage,V,10.053
1769884646.123918,THERM,0,motor_temp,C,69.961
1769884646.174448,THERM,0,motor_temp,C,48.124
1769884646.2252705,ADC2,0,bus_voltage,V,11.092
1769884646.276036,ADC2,0,bus_voltage,V,11.982
1769884646.3331301,ADC1,0,servo_1,A,2.355
1769884646.383655,ADC2,0,bus_voltage,V,11.768
1769884646.4346128,THERM,0,motor_temp,C,51.738
1769884646.4856465,ADC1,1,servo_2,A,1.068
1769884646.5381212,ADC1,0,servo_1,A,1.424
1769884646.5890265,ADC1,0,servo_1,A,0.445
1769884646.639727,ADC2,0,bus_voltage,V,11.617
1769884646.6905913,ADC2,0,bus_voltage,V,10.203
1769884646.74115,THERM,0,motor_temp,C,39.145
1769884646.7920792,ADC2,0,bus_voltage,V,12.214
1769884646.8439987,ADC1,1,servo_2,A,2.228
1769884646.894803,THERM,0,motor_temp,C,58.918
1769884646.9473991,ADC1,1,servo_2,A,1.409
1769884646.998563,ADC1,1,servo_2,A,1.643
1769884647.0491428,ADC1,0,servo_1,A,2.096
1769884647.0999384,THERM,0,motor_temp,C,26.617
1769884647.1503735,ADC1,0,servo_1,A,2.339
1769884647.203111,ADC1,1,servo_2,A,1.065
1769884647.2542124,ADC1,1,servo_2,A,1.765
1769884647.3050501,ADC2,0,bus_voltage,V,12.261
1769884647.3554974,THERM,0,motor_temp,C,35.633
1769884647.4131544,ADC1,1,servo_2,A,2.205
1769884647.4641168,THERM,0,motor_temp,C,55.399
1769884647.514672,ADC1,1,servo_2,A,1.507
1769884647.5663846,ADC1,0,servo_1,A,0.549
1769884647.617514,ADC2,0,bus_voltage,V,11.863
1769884647.6681159,ADC1,1,servo_2,A,0.331
1769884647.718598,ADC1,1,servo_2,A,1.056
1769884647.768943,ADC1,0,servo_1,A,0.396
1769884647.8193755,ADC2,0,bus_voltage,V,10.821
1769884647.87197,ADC1,0,servo_1,A,0.641
1769884647.9232173,ADC1,1,servo_2,A,0.301
1769884647.9742255,THERM,0,motor_temp,C,34.062
1769884648.024864,THERM,0,motor_temp,C,45.72
1769884648.0752976,ADC1,1,servo_2,A,1.998
1769884648.1262188,ADC1,1,servo_2,A,0.272
1769884648.1770039,THERM,0,motor_temp,C,55.196
1769884648.2286055,ADC1,0,servo_1,A,0.931
1769884648.2796512,ADC1,0,servo_1,A,0.852
1769884648.330506,THERM,0,motor_temp,C,46.59
1769884648.3811085,ADC1,1,servo_2,A,1.657
1769884648.4315228,ADC1,0,servo_1,A,2.491
1769884648.4845674,ADC1,0,servo_1,A,2.128
1769884648.53652,ADC2,0,bus_voltage,V,11.702
1769884648.5878487,ADC2,0,bus_voltage,V,10.519
1769884648.6386418,ADC2,0,bus_voltage,V,11.988
1769884648.689753,THERM,0,motor_temp,C,28.549
1769884648.740457,ADC1,1,servo_2,A,1.219
1769884648.7920394,ADC1,1,servo_2,A,1.69
1769884648.8432522,ADC1,0,servo_1,A,1.814
1769884648.8939102,ADC1,1,servo_2,A,0.229
1769884648.9444022,THERM,0,motor_temp,C,53.153
1769884648.9949207,ADC2,0,bus_voltage,V,10.729
1769884649.0459251,ADC1,0,servo_1,A,2.274
1769884649.096929,ADC1,0,servo_1,A,1.317
1769884649.1475813,THERM,0,motor_temp,C,55.332
1769884649.2014964,THERM,0,motor_temp,C,42.417
1769884649.2553778,ADC1,1,servo_2,A,1.827
1769884649.3059506,ADC1,0,servo_1,A,1.296
1769884649.356363,THERM,0,motor_temp,C,40.634
1769884649.408594,ADC2,0,bus_voltage,V,10.826
1769884649.4595742,THERM,0,motor_temp,C,61.526
1769884649.5099032,ADC2,0,bus_voltage,V,11.289
1769884649.5771658,ADC1,0,servo_1,A,1.608
1769884649.6284761,ADC1,1,servo_2,A,1.926
1769884649.6795607,ADC1,1,servo_2,A,0.258
1769884649.7302039,ADC1,1,servo_2,A,1.284
1769884649.7812142,THERM,0,motor_temp,C,63.123
1769884649.8322585,ADC2,0,bus_voltage,V,12.374
1769884649.883969,ADC1,1,servo_2,A,1.718
1769884649.9344301,ADC1,1,servo_2,A,0.932
1769884649.9853814,ADC2,0,bus_voltage,V,12.095
1769884650.0361571,ADC1,1,servo_2,A,1.177
1769884650.0870843,ADC1,1,servo_2,A,1.278
1769884650.1377196,ADC2,0,bus_voltage,V,10.415
1769884650.1886787,ADC1,0,servo_1,A,0.454
1769884650.239602,ADC1,1,servo_2,A,2.349
1769884650.2904143,THERM,0,motor_temp,C,47.421
1769884650.341158,ADC2,0,bus_voltage,V,12.11
1769884650.4003854,ADC2,0,bus_voltage,V,10.477
1769884650.455942,ADC1,1,servo_2,A,1.61
1769884650.5072067,THERM,0,motor_temp,C,45.32
1769884650.5651193,ADC1,1,servo_2,A,2.032
1769884650.617894,ADC2,0,bus_voltage,V,10.859
1769884650.669789,ADC1,0,servo_1,A,1.234
1769884650.7235749,ADC1,0,servo_1,A,1.878
1769884650.7744699,ADC1,1,servo_2,A,2.317
1769884650.8252263,ADC1,0,servo_1,A,0.428
1769884650.875913,ADC2,0,bus_voltage,V,10.34
1769884650.92664,THERM,0,motor_temp,C,37.92
1769884650.9770658,ADC2,0,bus_voltage,V,10.062
1769884651.027905,ADC2,0,bus_voltage,V,12.588
1769884651.078462,THERM,0,motor_temp,C,45.869
1769884651.1296322,THERM,0,motor_temp,C,62.464
1769884651.193716,ADC1,0,servo_1,A,2.254
1769884651.2453833,ADC1,1,servo_2,A,1.641
1769884651.3015406,ADC1,0,servo_1,A,2.321
1769884651.3524528,THERM,0,motor_temp,C,29.998
1769884651.4047947,THERM,0,motor_temp,C,60.144
1769884651.456123,ADC1,1,servo_2,A,2.012
1769884651.506884,ADC1,1,servo_2,A,0.333
1769884651.5574481,ADC1,1,servo_2,A,0.344
1769884651.6079223,THERM,0,motor_temp,C,50.154
1769884651.658482,ADC1,0,servo_1,A,2.438
1769884651.709274,ADC1,1,servo_2,A,1.332
1769884651.7602975,ADC2,0,bus_voltage,V,11.616
1769884651.8107307,THERM,0,motor_temp,C,63.073
1769884651.8614135,THERM,0,motor_temp,C,65.202
1769884651.9124649,ADC1,1,servo_2,A,2.367
1769884651.9633083,ADC1,1,servo_2,A,1.898
1769884652.0150497,ADC2,0,bus_voltage,V,10.754
1769884652.0667748,ADC2,0,bus_voltage,V,11.433
1769884652.1177046,ADC1,0,servo_1,A,1.386
1769884652.1689363,THERM,0,motor_temp,C,62.361
1769884652.2195456,ADC2,0,bus_voltage,V,12.311
1769884652.2700784,THERM,0,motor_temp,C,37.542
1769884652.3206198,THERM,0,motor_temp,C,43.546
1769884652.3710911,THERM,0,motor_temp,C,64.441
1769884652.4220855,ADC1,1,servo_2,A,1.948
1769884652.4729233,ADC1,1,servo_2,A,1.116
1769884652.5236528,ADC1,0,servo_1,A,0.323
1769884652.574781,ADC1,0,servo_1,A,1.628
1769884652.6260595,ADC2,0,bus_voltage,V,11.263
1769884652.6775327,THERM,0,motor_temp,C,66.439
1769884652.7286143,ADC1,1,servo_2,A,1.091
1769884652.7789552,ADC1,0,servo_1,A,0.35
1769884652.8295162,ADC2,0,bus_voltage,V,11.32
1769884652.8801124,ADC1,0,servo_1,A,2.379
1769884652.9310207,ADC1,1,servo_2,A,0.212
1769884652.9824638,ADC1,1,servo_2,A,1.4
1769884653.0394833,ADC2,0,bus_voltage,V,10.122
1769884653.0903795,ADC1,0,servo_1,A,0.608
1769884653.1408808,ADC2,0,bus_voltage,V,11.672
1769884653.1919227,ADC1,1,servo_2,A,2.143
1769884653.2425194,ADC1,1,servo_2,A,2.32
1769884653.2968397,THERM,0,motor_temp,C,57.89
1769884653.3489125,ADC2,0,bus_voltage,V,11.167
1769884653.3996027,THERM,0,motor_temp,C,67.748
1769884653.4518795,ADC1,1,servo_2,A,2.147
1769884653.5031722,ADC1,0,servo_1,A,2.129
1769884653.5541356,ADC1,1,servo_2,A,1.744
1769884653.6051009,THERM,0,motor_temp,C,61.732
1769884653.6555753,ADC1,1,servo_2,A,0.78
1769884653.7060976,ADC1,1,servo_2,A,0.334
1769884653.757441,THERM,0,motor_temp,C,48.37
1769884653.8079264,ADC1,1,servo_2,A,1.155
1769884653.858796,THERM,0,motor_temp,C,31.381
1769884653.9113383,ADC1,1,servo_2,A,1.759
1769884653.962597,THERM,0,motor_temp,C,60.728
1769884654.0133605,ADC1,1,servo_2,A,2.267
1769884654.073857,ADC2,0,bus_voltage,V,12.243
1769884654.12456,THERM,0,motor_temp,C,35.173
1769884654.176359,THERM,0,motor_temp,C,35.136
1769884654.2272081,ADC2,0,bus_voltage,V,11.983
1769884654.2784927,ADC2,0,bus_voltage,V,10.03
1769884654.333335,ADC1,0,servo_1,A,1.652
1769884654.3849635,ADC1,1,servo_2,A,1.303
1769884654.4367542,ADC1,1,servo_2,A,0.417
1769884654.4876056,ADC1,1,servo_2,A,1.845
1769884654.5383413,ADC1,1,servo_2,A,1.895
1769884654.589083,THERM,0,motor_temp,C,39.352
1769884654.6396372,ADC1,0,servo_1,A,0.208
1769884654.6899853,ADC1,1,servo_2,A,0.599
1769884654.740743,ADC1,0,servo_1,A,1.563
1769884654.7912822,THERM,0,motor_temp,C,33.881
1769884654.8418908,ADC2,0,bus_voltage,V,10.149
1769884654.8927028,THERM,0,motor_temp,C,45.309
1769884654.9435081,ADC2,0,bus_voltage,V,11.009
1769884654.994211,ADC1,0,servo_1,A,0.743
1769884655.0603647,ADC1,0,servo_1,A,2.214
1769884655.1126945,THERM,0,motor_temp,C,68.158
1769884655.1636002,ADC1,0,servo_1,A,1.782
1769884655.214396,ADC1,1,servo_2,A,2.461
1769884655.2655003,ADC1,0,servo_1,A,0.605
1769884655.3181908,ADC1,0,servo_1,A,1.164
1769884655.369025,ADC1,0,servo_1,A,2.375
1769884655.4194937,THERM,0,motor_temp,C,28.767
1769884655.4702518,THERM,0,motor_temp,C,33.024
1769884655.5207267,ADC2,0,bus_voltage,V,12.237
1769884655.5717258,ADC1,1,servo_2,A,2.325
1769884655.6225467,THERM,0,motor_temp,C,39.691
1769884655.6731467,ADC1,1,servo_2,A,0.501
1769884655.7239904,ADC1,1,servo_2,A,2.218
1769884655.7746954,ADC1,1,servo_2,A,1.621
1769884655.8252287,ADC1,0,servo_1,A,0.473
1769884655.8756928,ADC1,1,servo_2,A,2.159
1769884655.9263783,ADC2,0,bus_voltage,V,11.031
1769884655.9767878,ADC1,1,servo_2,A,0.702
1769884656.0275497,THERM,0,motor_temp,C,47.535
1769884656.078311,THERM,0,motor_temp,C,51.815
1769884656.1291826,ADC2,0,bus_voltage,V,10.322
1769884656.1800125,THERM,0,motor_temp,C,47.114
1769884656.2304664,THERM,0,motor_temp,C,27.525
1769884656.280867,ADC1,0,servo_1,A,1.22
1769884656.3317535,ADC1,1,servo_2,A,1.837
1769884656.382558,ADC1,0,servo_1,A,2.492
1769884656.433202,ADC2,0,bus_voltage,V,11.104
1769884656.4838355,ADC1,1,servo_2,A,2.383
1769884656.5347474,ADC1,1,servo_2,A,0.883
1769884656.5857475,ADC2,0,bus_voltage,V,12.339
1769884656.6363804,ADC2,0,bus_voltage,V,11.086
1769884656.6870625,ADC2,0,bus_voltage,V,10.551
1769884656.7380981,THERM,0,motor_temp,C,44.556
1769884656.788983,THERM,0,motor_temp,C,63.222
1769884656.8393974,THERM,0,motor_temp,C,61.847
1769884656.8899064,ADC1,1,servo_2,A,2.248
1769884656.9403088,THERM,0,motor_temp,C,40.572
1769884656.9907556,ADC1,0,servo_1,A,0.302
1769884657.0414023,ADC2,0,bus_voltage,V,10.387
1769884657.0920658,ADC2,0,bus_voltage,V,11.271
1769884657.143212,ADC1,0,servo_1,A,2.356
1769884657.193674,ADC1,1,servo_2,A,1.92
1769884657.2444813,THERM,0,motor_temp,C,29.049
1769884657.2952979,ADC1,0,servo_1,A,2.46
1769884657.3462324,THERM,0,motor_temp,C,68.992
1769884657.3968756,THERM,0,motor_temp,C,40.599
1769884657.4477038,ADC1,1,servo_2,A,2.351
1769884657.498504,ADC2,0,bus_voltage,V,11.249
1769884657.5488963,ADC2,0,bus_voltage,V,12.286
1769884657.599443,ADC1,0,servo_1,A,2.312
1769884657.6500092,THERM,0,motor_temp,C,55.787
1769884657.7007227,THERM,0,motor_temp,C,38.653
1769884657.7512205,ADC1,0,servo_1,A,1.295
1769884657.801798,ADC1,0,servo_1,A,0.665
1769884657.8526533,ADC2,0,bus_voltage,V,10.601
1769884657.9035003,ADC1,0,servo_1,A,1.443
1769884657.9542587,ADC1,0,servo_1,A,1.6
1769884658.0049796,ADC1,0,servo_1,A,0.364
1769884658.0555036,ADC1,1,servo_2,A,0.294
1769884658.1064243,THERM,0,motor_temp,C,65.136
1769884658.1572027,ADC2,0,bus_voltage,V,11.063
1769884658.2075443,ADC1,0,servo_1,A,1.033
1769884658.2580829,ADC1,0,servo_1,A,0.852
1769884658.308778,ADC2,0,bus_voltage,V,11.945
1769884658.359071,ADC1,1,servo_2,A,2.068
1769884658.4093802,ADC2,0,bus_voltage,V,11.533
1769884658.4597824,ADC1,0,servo_1,A,2.413
1769884658.510819,THERM,0,motor_temp,C,41.16
1769884658.5615194,ADC1,0,servo_1,A,0.713
1769884658.6141965,THERM,0,motor_temp,C,29.772
1769884658.664993,ADC1,1,servo_2,A,2.068
1769884658.7155263,THERM,0,motor_temp,C,61.428
1769884658.7722223,ADC1,1,servo_2,A,0.318
1769884658.8229096,THERM,0,motor_temp,C,33.76
1769884658.8737667,ADC1,1,servo_2,A,0.926
1769884658.9245565,ADC1,0,servo_1,A,0.272
1769884658.9753568,ADC1,1,servo_2,A,0.96
1769884659.0267403,ADC1,1,servo_2,A,0.5
1769884659.0771432,ADC1,0,servo_1,A,2.438
1769884659.1292987,ADC1,0,servo_1,A,2.441
1769884659.179895,ADC1,0,servo_1,A,0.842
1769884659.230588,ADC1,1,servo_2,A,0.597
1769884659.2818828,ADC2,0,bus_voltage,V,11.196
1769884659.3325772,ADC2,0,bus_voltage,V,11.876
1769884659.385692,THERM,0,motor_temp,C,53.068
1769884659.438236,ADC2,0,bus_voltage,V,10.328
1769884659.491534,THERM,0,motor_temp,C,62.459
1769884659.5420628,THERM,0,motor_temp,C,32.781
1769884659.5927994,ADC1,0,servo_1,A,0.5
1769884659.6435158,THERM,0,motor_temp,C,38.953
1769884659.6939178,THERM,0,motor_temp,C,29.493
1769884659.7443423,ADC1,0,servo_1,A,1.715
1769884659.796184,ADC2,0,bus_voltage,V,10.138
1769884659.8470142,ADC1,1,servo_2,A,2.051
1769884659.8980684,ADC1,0,servo_1,A,0.849
1769884659.9486434,ADC2,0,bus_voltage,V,10.564
1769884659.9997005,ADC1,1,servo_2,A,1.585
1769884660.050391,ADC1,0,servo_1,A,2.5
1769884660.1010675,THERM,0,motor_temp,C,60.212
1769884660.1529145,THERM,0,motor_temp,C,42.4
1769884660.2044072,ADC2,0,bus_voltage,V,10.169
1769884660.254987,ADC1,0,servo_1,A,1.993
1769884660.305867,ADC1,1,servo_2,A,1.402
1769884660.3564603,ADC1,0,servo_1,A,2.191
1769884660.4070745,THERM,0,motor_temp,C,30.68
1769884660.4576945,ADC1,0,servo_1,A,1.974
1769884660.5083039,ADC1,1,servo_2,A,2.087
1769884660.558699,THERM,0,motor_temp,C,49.673
1769884660.6112547,ADC2,0,bus_voltage,V,12.38
1769884660.6631389,ADC1,0,servo_1,A,0.576
1769884660.714022,ADC1,0,servo_1,A,1.977
1769884660.765481,ADC2,0,bus_voltage,V,11.61
1769884660.8164515,ADC1,1,servo_2,A,0.597
1769884660.8674755,THERM,0,motor_temp,C,69.193
1769884660.9180555,THERM,0,motor_temp,C,68.057
1769884660.9684265,ADC1,1,servo_2,A,1.907
1769884661.0195048,THERM,0,motor_temp,C,62.762
1769884661.0700688,THERM,0,motor_temp,C,36.791
1769884661.1228406,THERM,0,motor_temp,C,29.087
1769884661.1741698,ADC1,0,servo_1,A,0.962
1769884661.224932,THERM,0,motor_temp,C,42.311
1769884661.2759888,ADC1,1,servo_2,A,2.496
1769884661.3289173,THERM,0,motor_temp,C,53.95
1769884661.3798242,ADC1,0,servo_1,A,0.493
1769884661.4312134,ADC1,1,servo_2,A,0.473
1769884661.4817176,ADC1,1,servo_2,A,0.405
1769884661.5327277,ADC1,0,servo_1,A,1.747
1769884661.5832524,ADC1,1,servo_2,A,1.934
1769884661.6342463,ADC1,0,servo_1,A,0.223
1769884661.6847992,ADC1,1,servo_2,A,1.821
1769884661.735334,ADC1,0,servo_1,A,2.048
1769884661.7858083,THERM,0,motor_temp,C,50.727
1769884661.8366232,THERM,0,motor_temp,C,68.34
1769884661.8870385,THERM,0,motor_temp,C,48.445
1769884661.9379756,ADC1,1,servo_2,A,1.804
1769884661.98917,ADC1,1,servo_2,A,1.281
1769884662.0402217,ADC1,0,servo_1,A,1.614
1769884662.0911536,ADC1,1,servo_2,A,0.981
1769884662.1420877,THERM,0,motor_temp,C,56.216
1769884662.1929913,ADC2,0,bus_voltage,V,10.278
1769884662.247859,ADC1,0,servo_1,A,1.12
1769884662.2988243,ADC1,1,servo_2,A,1.025
1769884662.3495433,THERM,0,motor_temp,C,53.748
1769884662.4000323,ADC1,1,servo_2,A,0.836
1769884662.4507751,ADC1,0,servo_1,A,1.957
1769884662.5019534,ADC2,0,bus_voltage,V,10.747
1769884662.553342,ADC1,1,servo_2,A,0.968
1769884662.6043508,ADC1,0,servo_1,A,1.072
1769884662.655706,ADC1,0,servo_1,A,1.941
1769884662.7067723,THERM,0,motor_temp,C,44.569
1769884662.7587702,THERM,0,motor_temp,C,63.214
1769884662.8103786,THERM,0,motor_temp,C,47.136
1769884662.861931,ADC1,0,servo_1,A,2.494
1769884662.9135015,ADC2,0,bus_voltage,V,11.591
1769884662.9642463,ADC1,0,servo_1,A,1.382
1769884663.016235,ADC1,0,servo_1,A,0.33
1769884663.0669692,ADC1,0,servo_1,A,1.593
1769884663.1178393,ADC1,1,servo_2,A,1.05
1769884663.1688657,THERM,0,motor_temp,C,53.426
1769884663.2225392,ADC2,0,bus_voltage,V,10.783
1769884663.2733235,ADC2,0,bus_voltage,V,12.264
1769884663.3239505,ADC1,1,servo_2,A,1.977
1769884663.3747535,ADC1,0,servo_1,A,1.683
1769884663.4254575,ADC1,1,servo_2,A,1.414
1769884663.4760225,ADC1,1,servo_2,A,0.954
1769884663.5267518,ADC1,0,servo_1,A,0.495
1769884663.577461,ADC1,1,servo_2,A,1.817
1769884663.628334,THERM,0,motor_temp,C,57.104
1769884663.6798162,ADC1,0,servo_1,A,0.642
1769884663.7334027,ADC2,0,bus_voltage,V,10.551
1769884663.7836983,ADC2,0,bus_voltage,V,11.813
1769884663.834024,ADC1,1,servo_2,A,2.43
1769884663.8845143,ADC1,0,servo_1,A,0.387
1769884663.9348774,ADC2,0,bus_voltage,V,10.703
1769884663.986934,THERM,0,motor_temp,C,31.914
1769884664.0380163,THERM,0,motor_temp,C,37.391
1769884664.0889614,ADC2,0,bus_voltage,V,11.41
1769884664.1394413,THERM,0,motor_temp,C,61.391
1769884664.190072,ADC1,1,servo_2,A,1.903
1769884664.2411304,ADC2,0,bus_voltage,V,11.42
1769884664.291973,ADC2,0,bus_voltage,V,12.275
1769884664.343305,ADC2,0,bus_voltage,V,11.493
1769884664.3939998,ADC2,0,bus_voltage,V,10.121
1769884664.4449475,ADC1,1,servo_2,A,1.435
1769884664.4960206,THERM,0,motor_temp,C,28.822
1769884664.5468638,ADC1,1,servo_2,A,2.049
1769884664.5991,ADC2,0,bus_voltage,V,12.303
1769884664.6510813,THERM,0,motor_temp,C,40.553
1769884664.703645,ADC1,0,servo_1,A,1.126
1769884664.755207,THERM,0,motor_temp,C,68.808
1769884664.8060253,ADC1,1,servo_2,A,2.418
1769884664.85761,ADC1,0,servo_1,A,1.144
1769884664.9099162,ADC1,1,servo_2,A,0.618
1769884664.964835,THERM,0,motor_temp,C,59.287
1769884665.0195088,ADC1,0,servo_1,A,0.498
1769884665.0711923,THERM,0,motor_temp,C,56.505
1769884665.1237643,ADC2,0,bus_voltage,V,11.365
1769884665.175657,THERM,0,motor_temp,C,32.773
1769884665.2271574,THERM,0,motor_temp,C,56.843
1769884665.2780175,THERM,0,motor_temp,C,47.072
1769884665.3285697,THERM,0,motor_temp,C,69.718
1769884665.379101,ADC1,1,servo_2,A,1.614
1769884665.4298134,ADC1,0,servo_1,A,2.228
1769884665.4801664,ADC1,1,servo_2,A,0.867
1769884665.5311782,ADC2,0,bus_voltage,V,10.601
1769884665.582596,ADC1,0,servo_1,A,1.045
1769884665.6338742,THERM,0,motor_temp,C,27.966
1769884665.6846757,ADC1,1,servo_2,A,1.573
1769884665.7351851,ADC2,0,bus_voltage,V,10.816
1769884665.7857943,ADC1,0,servo_1,A,1.198
1769884665.8366947,THERM,0,motor_temp,C,69.468
1769884665.8876228,ADC2,0,bus_voltage,V,10.091
1769884665.9381182,THERM,0,motor_temp,C,32.594
1769884665.9886572,THERM,0,motor_temp,C,29.983
1769884666.0389662,ADC1,0,servo_1,A,0.233
1769884666.0898035,ADC1,0,servo_1,A,1.224
1769884666.1401694,THERM,0,motor_temp,C,37.093
1769884666.1908615,ADC1,1,servo_2,A,0.263
1769884666.2413304,ADC1,0,servo_1,A,0.676
1769884666.2918382,THERM,0,motor_temp,C,28.93
1769884666.3424008,THERM,0,motor_temp,C,62.887
1769884666.3929033,THERM,0,motor_temp,C,58.643
1769884666.4493463,ADC2,0,bus_voltage,V,10.297
1769884666.4997883,ADC1,1,servo_2,A,2.269
1769884666.5506518,ADC1,1,servo_2,A,1.998
1769884666.6013353,THERM,0,motor_temp,C,44.232
1769884666.651841,THERM,0,motor_temp,C,47.726
1769884666.702564,ADC1,1,servo_2,A,1.908
1769884666.7530355,THERM,0,motor_temp,C,59.473
1769884666.8036683,ADC1,1,servo_2,A,0.716
1769884666.8541527,ADC2,0,bus_voltage,V,11.809
1769884666.9048584,ADC2,0,bus_voltage,V,10.559
1769884666.9563725,ADC1,1,servo_2,A,1.26
1769884667.0071702,ADC1,1,servo_2,A,2.084
1769884667.057784,ADC1,0,servo_1,A,0.414
1769884667.1088881,ADC2,0,bus_voltage,V,12.363
1769884667.1597686,ADC2,0,bus_voltage,V,10.224
1769884667.2101521,ADC2,0,bus_voltage,V,10.295
1769884667.2607913,ADC1,1,servo_2,A,0.873
1769884667.31115,THERM,0,motor_temp,C,55.381
1769884667.361644,ADC2,0,bus_voltage,V,11.552
1769884667.4119859,ADC1,1,servo_2,A,1.746
1769884667.462698,THERM,0,motor_temp,C,32.549
1769884667.513422,THERM,0,motor_temp,C,63.962
1769884667.563921,ADC1,0,servo_1,A,1.268
1769884667.6161125,THERM,0,motor_temp,C,51.067
1769884667.6671343,ADC2,0,bus_voltage,V,11.437
1769884667.7178783,ADC2,0,bus_voltage,V,10.704
1769884667.7683492,ADC1,1,servo_2,A,1.635
1769884667.819175,THERM,0,motor_temp,C,56.069
1769884667.8701947,ADC1,0,servo_1,A,2.208
1769884667.9209545,ADC1,0,servo_1,A,1.849
1769884667.9715703,ADC1,0,servo_1,A,2.31
1769884668.023953,ADC2,0,bus_voltage,V,11.595
1769884668.0757208,THERM,0,motor_temp,C,27.755
1769884668.1261022,ADC1,0,servo_1,A,0.824
1769884668.1764472,ADC1,1,servo_2,A,1.218
1769884668.2269688,ADC1,0,servo_1,A,1.448
1769884668.2777061,ADC1,0,servo_1,A,1.59
1769884668.3287427,ADC2,0,bus_voltage,V,10.5
1769884668.379759,ADC2,0,bus_voltage,V,10.483
1769884668.4328206,THERM,0,motor_temp,C,34.683
1769884668.4832284,ADC1,0,servo_1,A,1.086
1769884668.5338736,THERM,0,motor_temp,C,29.799
1769884668.5845807,ADC1,0,servo_1,A,0.317
1769884668.63672,ADC1,1,servo_2,A,2.229
1769884668.68728,ADC1,1,servo_2,A,0.762
1769884668.7381089,ADC2,0,bus_voltage,V,10.88
1769884668.78907,THERM,0,motor_temp,C,29.663
1769884668.8395503,THERM,0,motor_temp,C,48.283
1769884668.8905098,ADC1,1,servo_2,A,0.674
1769884668.9414709,ADC1,0,servo_1,A,0.585
1769884668.992196,THERM,0,motor_temp,C,59.074
1769884669.0437353,ADC1,0,servo_1,A,1.215
1769884669.0945258,ADC1,0,servo_1,A,2.384
1769884669.1455832,ADC2,0,bus_voltage,V,10.254
1769884669.196703,ADC2,0,bus_voltage,V,10.758
1769884669.247409,THERM,0,motor_temp,C,44.372
1769884669.2980874,ADC2,0,bus_voltage,V,12.501
1769884669.3499892,THERM,0,motor_temp,C,56.258
1769884669.4005327,ADC1,1,servo_2,A,1.896
1769884669.4512978,THERM,0,motor_temp,C,66.11
1769884669.5019324,ADC2,0,bus_voltage,V,12.461
1769884669.5525029,ADC1,0,servo_1,A,1.52
1769884669.6029005,ADC2,0,bus_voltage,V,10.018
1769884669.653693,THERM,0,motor_temp,C,56.858
1769884669.7044256,THERM,0,motor_temp,C,39.442
1769884669.7550821,ADC1,1,servo_2,A,0.227
1769884669.8057306,ADC1,0,servo_1,A,1.529
1769884669.8565547,ADC1,0,servo_1,A,0.434
1769884669.9076242,ADC1,1,servo_2,A,1.378
1769884669.958053,ADC2,0,bus_voltage,V,10.655
1769884670.0089724,ADC1,0,servo_1,A,2.231
1769884670.0593567,THERM,0,motor_temp,C,65.634
1769884670.109819,ADC2,0,bus_voltage,V,11.916
1769884670.1606529,ADC1,1,servo_2,A,1.284
1769884670.2118452,ADC2,0,bus_voltage,V,12.002
1769884670.262419,ADC2,0,bus_voltage,V,10.127
1769884670.3131213,THERM,0,motor_temp,C,38.895
1769884670.3636856,ADC1,1,servo_2,A,2.411
1769884670.4149604,THERM,0,motor_temp,C,26.319
1769884670.4655733,THERM,0,motor_temp,C,62.619
1769884670.5159483,ADC1,1,servo_2,A,1.621
1769884670.5667136,ADC2,0,bus_voltage,V,11.978
1769884670.6171634,ADC1,0,servo_1,A,1.992
1769884670.6697047,ADC1,0,servo_1,A,2.038
1769884670.7208886,ADC1,0,servo_1,A,2.349
1769884670.7741077,ADC1,1,servo_2,A,0.369
1769884670.8270528,ADC1,0,servo_1,A,0.93
1769884670.8774192,ADC2,0,bus_voltage,V,10.611
1769884670.928458,ADC2,0,bus_voltage,V,11.144
1769884670.979311,THERM,0,motor_temp,C,44.694
1769884671.030107,THERM,0,motor_temp,C,53.57
1769884671.0808682,ADC1,0,servo_1,A,1.771
1769884671.1332512,ADC1,0,servo_1,A,0.796
1769884671.1842966,ADC1,0,servo_1,A,2.219
1769884671.234602,ADC1,0,servo_1,A,2.449
1769884671.2853,ADC1,0,servo_1,A,1.594
1769884671.3361669,ADC1,1,servo_2,A,1.593
1769884671.3869264,ADC1,0,servo_1,A,2.209
1769884671.4374585,ADC1,1,servo_2,A,1.299
1769884671.5052974,THERM,0,motor_temp,C,31.819
1769884671.5557277,THERM,0,motor_temp,C,34.673
1769884671.6077874,ADC1,1,servo_2,A,1.87
1769884671.6586735,ADC1,1,servo_2,A,2.088
1769884671.7103395,ADC1,0,servo_1,A,0.967
1769884671.761073,ADC2,0,bus_voltage,V,11.982
1769884671.8116004,ADC1,1,servo_2,A,2.093
1769884671.8625834,ADC1,0,servo_1,A,2.479
1769884671.9133358,ADC2,0,bus_voltage,V,10.792
1769884671.966849,ADC2,0,bus_voltage,V,12.415
1769884672.0179822,ADC2,0,bus_voltage,V,10.716
1769884672.0686572,ADC2,0,bus_voltage,V,10.374
1769884672.119485,ADC2,0,bus_voltage,V,12.304
1769884672.1699462,THERM,0,motor_temp,C,31.44
1769884672.2206068,THERM,0,motor_temp,C,63.198
1769884672.2711442,ADC1,1,servo_2,A,0.235
1769884672.3217065,ADC1,1,servo_2,A,0.996
1769884672.3723805,ADC1,1,servo_2,A,0.884
1769884672.4229743,ADC2,0,bus_voltage,V,11.83
1769884672.4737036,ADC1,0,servo_1,A,1.576
1769884672.5241816,THERM,0,motor_temp,C,58.359
1769884672.5747921,ADC2,0,bus_voltage,V,11.633
1769884672.628223,THERM,0,motor_temp,C,64.087
1769884672.6790552,ADC2,0,bus_voltage,V,11.256
1769884672.7312064,ADC2,0,bus_voltage,V,10.772
1769884672.7853317,ADC1,0,servo_1,A,0.644
1769884672.836341,ADC1,0,servo_1,A,1.994
1769884672.8871,ADC2,0,bus_voltage,V,11.269
1769884672.9381022,THERM,0,motor_temp,C,58.011
1769884672.9885488,ADC1,0,servo_1,A,0.658
1769884673.0389445,ADC1,0,servo_1,A,1.796
1769884673.089859,ADC1,1,servo_2,A,0.477
1769884673.142575,ADC2,0,bus_voltage,V,10.006
1769884673.1929712,ADC1,1,servo_2,A,1.917
1769884673.2506406,THERM,0,motor_temp,C,49.208
1769884673.301522,ADC2,0,bus_voltage,V,10.443
1769884673.3523614,ADC1,1,servo_2,A,0.364
1769884673.4029105,THERM,0,motor_temp,C,66.148
1769884673.454531,ADC1,1,servo_2,A,1.787
1769884673.5052822,ADC1,1,servo_2,A,0.691
1769884673.5590281,ADC1,1,servo_2,A,2.1
1769884673.6097846,THERM,0,motor_temp,C,49.419
1769884673.662269,ADC1,0,servo_1,A,0.993
1769884673.7133107,ADC1,1,servo_2,A,0.483
1769884673.7642028,ADC1,1,servo_2,A,0.365
1769884673.8154967,ADC1,0,servo_1,A,1.715
1769884673.868081,ADC1,0,servo_1,A,2.279
1769884673.9208162,ADC1,1,servo_2,A,2.334
1769884673.9716983,ADC2,0,bus_voltage,V,11.409
1769884674.022542,ADC2,0,bus_voltage,V,12.581
1769884674.073578,THERM,0,motor_temp,C,52.967
1769884674.1244497,ADC1,0,servo_1,A,1.613
1769884674.1752615,ADC1,0,servo_1,A,1.591
1769884674.2260535,ADC1,0,servo_1,A,1.849
1769884674.2771072,ADC1,0,servo_1,A,0.641
1769884674.3275511,THERM,0,motor_temp,C,42.997
1769884674.3783212,ADC1,0,servo_1,A,1.042
1769884674.4304643,ADC1,1,servo_2,A,0.32
1769884674.4815307,ADC1,0,servo_1,A,1.629
1769884674.5322852,ADC1,0,servo_1,A,1.812
1769884674.5831933,ADC2,0,bus_voltage,V,10.088
1769884674.6343503,ADC1,1,servo_2,A,0.212
1769884674.6850228,THERM,0,motor_temp,C,58.783
1769884674.7357705,ADC1,0,servo_1,A,1.143
1769884674.7871847,ADC1,0,servo_1,A,1.762
1769884674.838254,THERM,0,motor_temp,C,64.967
1769884674.889358,ADC1,0,servo_1,A,0.887
1769884674.94031,THERM,0,motor_temp,C,25.967
1769884674.9910161,ADC1,1,servo_2,A,1.771
1769884675.041594,ADC1,1,servo_2,A,1.894
1769884675.0941691,ADC2,0,bus_voltage,V,11.181
1769884675.1451757,ADC2,0,bus_voltage,V,10.315
1769884675.1960385,THERM,0,motor_temp,C,36.562
1769884675.2471423,THERM,0,motor_temp,C,44.67
1769884675.2980957,ADC2,0,bus_voltage,V,10.834
1769884675.349366,ADC1,0,servo_1,A,1.492
1769884675.4003046,ADC1,1,servo_2,A,1.521
1769884675.451244,ADC2,0,bus_voltage,V,10.895
1769884675.5022612,ADC1,1,servo_2,A,0.727
1769884675.5544405,ADC2,0,bus_voltage,V,11.86
1769884675.6057124,ADC1,0,servo_1,A,0.466
1769884675.6577723,THERM,0,motor_temp,C,40.47
1769884675.7087746,ADC1,1,servo_2,A,0.517
1769884675.759476,ADC1,1,servo_2,A,1.596
1769884675.8103244,ADC1,0,servo_1,A,0.408
1769884675.8617833,ADC2,0,bus_voltage,V,10.527
1769884675.9197187,THERM,0,motor_temp,C,42.033
1769884675.9706895,ADC2,0,bus_voltage,V,10.796
1769884676.0214014,ADC1,0,servo_1,A,0.854
1769884676.0718768,ADC1,0,servo_1,A,0.304
1769884676.1228142,ADC1,1,servo_2,A,0.203
1769884676.173734,ADC1,0,servo_1,A,0.79
1769884676.2246494,THERM,0,motor_temp,C,32.82
1769884676.2758138,ADC2,0,bus_voltage,V,11.006
1769884676.3264062,ADC2,0,bus_voltage,V,11.91
1769884676.3772578,ADC2,0,bus_voltage,V,11.101
1769884676.42995,ADC2,0,bus_voltage,V,11.635
1769884676.486833,ADC1,0,servo_1,A,2.184
1769884676.539114,ADC1,0,servo_1,A,1.439
1769884676.5958261,THERM,0,motor_temp,C,32.738
1769884676.64657,THERM,0,motor_temp,C,56.257
1769884676.6972342,ADC1,1,servo_2,A,0.846
1769884676.747631,THERM,0,motor_temp,C,28.642
1769884676.798364,ADC1,0,servo_1,A,1.001
1769884676.8488815,ADC2,0,bus_voltage,V,10.514
1769884676.899346,THERM,0,motor_temp,C,54.997
1769884676.9499254,THERM,0,motor_temp,C,44.561
1769884677.0009403,ADC1,0,servo_1,A,1.314
1769884677.0517814,THERM,0,motor_temp,C,44.457
1769884677.1028295,ADC1,1,servo_2,A,0.448
1769884677.153533,ADC1,1,servo_2,A,0.487
1769884677.204457,ADC1,1,servo_2,A,1.685
1769884677.255022,ADC1,0,servo_1,A,0.409
1769884677.305588,ADC1,0,servo_1,A,2.001
1769884677.3564868,ADC2,0,bus_voltage,V,11.434
1769884677.4069836,ADC1,1,servo_2,A,1.757
1769884677.457779,ADC2,0,bus_voltage,V,12.291
1769884677.5083067,ADC1,0,servo_1,A,1.598
1769884677.5591757,ADC1,0,servo_1,A,1.758
1769884677.610085,ADC2,0,bus_voltage,V,10.457
1769884677.6606574,ADC1,1,servo_2,A,1.64
1769884677.7115858,ADC2,0,bus_voltage,V,12.309
1769884677.7626026,ADC1,0,servo_1,A,0.997
1769884677.813195,ADC1,1,servo_2,A,2.306
1769884677.8640223,ADC1,0,servo_1,A,0.453
1769884677.9145243,ADC2,0,bus_voltage,V,11.332
1769884677.9652278,THERM,0,motor_temp,C,55.331
1769884678.0161176,ADC1,1,servo_2,A,1.77
1769884678.0670726,ADC2,0,bus_voltage,V,10.316
1769884678.1174922,THERM,0,motor_temp,C,28.859
1769884678.1684256,ADC1,0,servo_1,A,0.875
1769884678.2189941,ADC1,1,servo_2,A,2.319
1769884678.2698288,THERM,0,motor_temp,C,65.405
1769884678.320943,ADC1,1,servo_2,A,1.711
1769884678.3713214,ADC1,0,servo_1,A,1.377
1769884678.4216564,ADC1,1,servo_2,A,1.812
1769884678.472388,THERM,0,motor_temp,C,53.056
1769884678.523051,ADC1,0,servo_1,A,0.334
1769884678.5735073,THERM,0,motor_temp,C,42.17
1769884678.624212,ADC1,0,servo_1,A,0.821
1769884678.675203,ADC1,1,servo_2,A,1.666
1769884678.725894,ADC1,1,servo_2,A,2.119
1769884678.7764668,ADC2,0,bus_voltage,V,10.349
1769884678.8269174,ADC2,0,bus_voltage,V,11.415
1769884678.8777952,THERM,0,motor_temp,C,65.327
1769884678.9283566,ADC1,1,servo_2,A,0.492
1769884678.9788916,ADC1,0,servo_1,A,1.094
1769884679.0292606,ADC1,0,servo_1,A,0.657
1769884679.0798204,ADC1,1,servo_2,A,0.624
1769884679.1305208,ADC1,0,servo_1,A,0.624
1769884679.1812265,THERM,0,motor_temp,C,30.959
1769884679.231922,THERM,0,motor_temp,C,37.875
1769884679.2827318,ADC2,0,bus_voltage,V,10.554
1769884679.3334918,ADC2,0,bus_voltage,V,10.68
1769884679.3846145,THERM,0,motor_temp,C,49.0
1769884679.4354863,ADC1,0,servo_1,A,1.227
1769884679.4860692,THERM,0,motor_temp,C,68.316
1769884679.5369256,ADC1,0,servo_1,A,1.269
1769884679.587632,ADC1,1,servo_2,A,2.155
1769884679.63823,ADC2,0,bus_voltage,V,12.281
1769884679.688672,ADC1,1,servo_2,A,1.178
1769884679.7390294,ADC1,1,servo_2,A,0.44
1769884679.7896643,THERM,0,motor_temp,C,45.212
1769884679.8405557,ADC1,1,servo_2,A,1.544
1769884679.8913472,ADC2,0,bus_voltage,V,10.803
1769884679.941946,ADC2,0,bus_voltage,V,11.079
1769884679.9927316,ADC2,0,bus_voltage,V,10.055
1769884680.0432231,ADC1,0,servo_1,A,0.645
1769884680.0936792,ADC2,0,bus_voltage,V,10.534
1769884680.1455255,ADC2,0,bus_voltage,V,11.302
1769884680.1961243,THERM,0,motor_temp,C,62.136
1769884680.2469668,THERM,0,motor_temp,C,45.061
1769884680.2974799,ADC2,0,bus_voltage,V,11.818
1769884680.3481035,ADC1,0,servo_1,A,0.353
1769884680.3987055,ADC1,0,servo_1,A,0.618
1769884680.4491765,ADC1,1,servo_2,A,2.116
1769884680.4995415,ADC2,0,bus_voltage,V,11.124
1769884680.5502355,ADC1,0,servo_1,A,1.143
1769884680.6010072,THERM,0,motor_temp,C,65.379
1769884680.6514218,ADC1,0,servo_1,A,1.788
1769884680.7022717,ADC1,1,servo_2,A,1.935
1769884680.7528834,ADC2,0,bus_voltage,V,12.235
1769884680.8036153,ADC2,0,bus_voltage,V,11.517
1769884680.8540041,ADC2,0,bus_voltage,V,12.455
1769884680.9044793,ADC1,0,servo_1,A,2.278
1769884680.95512,ADC2,0,bus_voltage,V,12.242
1769884681.0055506,ADC1,1,servo_2,A,2.397
1769884681.0564835,ADC2,0,bus_voltage,V,10.881
1769884681.1080313,ADC1,1,servo_2,A,0.899
1769884681.1590295,THERM,0,motor_temp,C,32.292
1769884681.2096584,THERM,0,motor_temp,C,27.465
1769884681.260153,ADC1,0,servo_1,A,1.491
1769884681.311297,ADC1,1,servo_2,A,2.361
1769884681.3619988,ADC2,0,bus_voltage,V,11.102
1769884681.4126406,ADC1,1,servo_2,A,2.364
1769884681.4634333,ADC1,0,servo_1,A,1.286
1769884681.5142841,ADC1,1,servo_2,A,1.132
1769884681.5647006,ADC1,1,servo_2,A,1.471
1769884681.6152208,ADC2,0,bus_voltage,V,12.403
1769884681.6660345,ADC2,0,bus_voltage,V,11.365
1769884681.716915,ADC1,0,servo_1,A,0.879
1769884681.7677875,ADC1,0,servo_1,A,1.676
1769884681.8184526,ADC1,0,servo_1,A,0.748
1769884681.86934,THERM,0,motor_temp,C,29.791
1769884681.9197578,ADC1,1,servo_2,A,1.953
1769884681.9709885,ADC1,0,servo_1,A,1.217
1769884682.0215242,ADC1,1,servo_2,A,0.523
1769884682.0721262,THERM,0,motor_temp,C,26.078
1769884682.1231377,ADC2,0,bus_voltage,V,11.44
1769884682.1740296,THERM,0,motor_temp,C,48.965
1769884682.224992,THERM,0,motor_temp,C,27.2
1769884682.2755027,THERM,0,motor_temp,C,25.155
1769884682.3263414,THERM,0,motor_temp,C,55.636
1769884682.3773673,ADC1,1,servo_2,A,1.295
1769884682.4280996,ADC1,1,servo_2,A,1.676
1769884682.4786816,THERM,0,motor_temp,C,68.592
1769884682.5291693,THERM,0,motor_temp,C,36.805
1769884682.579972,ADC1,1,servo_2,A,1.185
1769884682.6315398,ADC1,0,servo_1,A,1.513
1769884682.682186,THERM,0,motor_temp,C,28.386
1769884682.7326112,ADC1,0,servo_1,A,1.762
1769884682.7830966,ADC1,0,servo_1,A,2.188
1769884682.8336928,ADC1,0,servo_1,A,1.455
1769884682.8843489,THERM,0,motor_temp,C,41.361
1769884682.9348314,ADC2,0,bus_voltage,V,12.148
1769884682.985134,ADC1,1,servo_2,A,2.298
1769884683.0356085,ADC1,1,servo_2,A,2.484
1769884683.0861235,ADC1,1,servo_2,A,1.026
1769884683.1368146,THERM,0,motor_temp,C,61.974
1769884683.1872265,ADC1,0,servo_1,A,0.202
1769884683.2378302,ADC2,0,bus_voltage,V,11.126
1769884683.2886007,ADC1,1,servo_2,A,2.198
1769884683.3394518,ADC1,0,servo_1,A,1.266
1769884683.3902614,ADC1,1,servo_2,A,1.795
1769884683.4408977,ADC1,0,servo_1,A,1.52
1769884683.4915848,ADC1,1,servo_2,A,0.522
1769884683.5429842,ADC1,1,servo_2,A,2.439
1769884683.5938678,THERM,0,motor_temp,C,31.446
1769884683.6443784,THERM,0,motor_temp,C,49.319
1769884683.6950347,ADC2,0,bus_voltage,V,11.428
1769884683.7459583,ADC1,1,servo_2,A,1.685
1769884683.7999713,ADC2,0,bus_voltage,V,12.577
1769884683.8509107,ADC2,0,bus_voltage,V,11.97
1769884683.9016657,THERM,0,motor_temp,C,68.934
1769884683.952381,THERM,0,motor_temp,C,48.425
1769884684.0032854,ADC2,0,bus_voltage,V,10.582
1769884684.0554478,ADC1,1,servo_2,A,2.174
1769884684.1069534,ADC1,0,servo_1,A,0.499
1769884684.157929,ADC1,0,servo_1,A,1.074
1769884684.2085319,ADC2,0,bus_voltage,V,11.996
1769884684.2594829,ADC2,0,bus_voltage,V,11.218
1769884684.3135087,ADC1,0,servo_1,A,1.395
1769884684.3645718,THERM,0,motor_temp,C,66.731
1769884684.4158587,ADC1,0,servo_1,A,1.838
1769884684.467243,ADC1,1,servo_2,A,0.324
1769884684.518332,ADC2,0,bus_voltage,V,11.624
1769884684.5686321,ADC1,0,servo_1,A,0.632
1769884684.619019,ADC2,0,bus_voltage,V,11.337
1769884684.670385,ADC2,0,bus_voltage,V,10.099
1769884684.7221391,THERM,0,motor_temp,C,26.011
1769884684.7725887,ADC2,0,bus_voltage,V,10.598
1769884684.8236108,ADC2,0,bus_voltage,V,11.717
1769884684.874354,ADC1,1,servo_2,A,0.872
1769884684.9251473,ADC1,0,servo_1,A,1.448
1769884684.975768,ADC2,0,bus_voltage,V,10.028
1769884685.02645,ADC1,0,servo_1,A,1.883
1769884685.077179,ADC1,1,servo_2,A,1.018
1769884685.1285756,ADC2,0,bus_voltage,V,11.504
1769884685.1790998,ADC1,1,servo_2,A,2.054
1769884685.2297437,ADC2,0,bus_voltage,V,10.44
1769884685.2802043,ADC2,0,bus_voltage,V,11.26
1769884685.3309515,ADC2,0,bus_voltage,V,11.031
1769884685.3851,ADC1,1,servo_2,A,0.431
1769884685.4368348,ADC2,0,bus_voltage,V,10.072
1769884685.4900262,ADC2,0,bus_voltage,V,11.435
1769884685.5417962,ADC1,1,servo_2,A,2.203
1769884685.5926151,THERM,0,motor_temp,C,31.773
1769884685.6439102,ADC2,0,bus_voltage,V,11.204
1769884685.6946788,ADC1,1,servo_2,A,1.922
1769884685.745256,ADC1,0,servo_1,A,1.252
1769884685.8127708,THERM,0,motor_temp,C,26.555
1769884685.8634331,ADC1,0,servo_1,A,0.439
1769884685.9147766,ADC1,1,servo_2,A,1.933
1769884685.9652526,THERM,0,motor_temp,C,68.458
1769884686.0197866,ADC1,0,servo_1,A,1.608
1769884686.0710063,ADC1,1,servo_2,A,1.014
1769884686.1227071,ADC1,1,servo_2,A,1.703
1769884686.1737313,ADC1,1,servo_2,A,2.193
1769884686.2243319,THERM,0,motor_temp,C,64.769
1769884686.2747672,ADC2,0,bus_voltage,V,12.044
1769884686.3252928,THERM,0,motor_temp,C,66.438
1769884686.3758824,ADC1,1,servo_2,A,1.791
1769884686.4266858,ADC2,0,bus_voltage,V,11.342
1769884686.4774945,ADC1,0,servo_1,A,2.335
1769884686.5284615,ADC2,0,bus_voltage,V,11.664
1769884686.579074,ADC1,0,servo_1,A,1.829
1769884686.6302075,ADC2,0,bus_voltage,V,11.787
1769884686.6809561,ADC1,0,servo_1,A,0.366
1769884686.7315702,THERM,0,motor_temp,C,52.262
1769884686.7821367,THERM,0,motor_temp,C,52.471
1769884686.833091,ADC1,0,servo_1,A,1.175
1769884686.885258,THERM,0,motor_temp,C,45.605
1769884686.9358094,THERM,0,motor_temp,C,50.136
1769884686.9863777,ADC2,0,bus_voltage,V,11.5
1769884687.0369687,ADC1,1,servo_2,A,0.329
1769884687.0877726,ADC1,1,servo_2,A,1.005
1769884687.1386425,ADC2,0,bus_voltage,V,10.325
1769884687.18951,ADC1,0,servo_1,A,1.428
1769884687.2408826,ADC1,1,servo_2,A,0.626
1769884687.2918847,ADC1,0,servo_1,A,2.062
1769884687.3426807,ADC2,0,bus_voltage,V,11.782
1769884687.3945386,ADC1,1,servo_2,A,2.013
1769884687.4453933,ADC1,0,servo_1,A,0.432
1769884687.4960103,ADC1,0,servo_1,A,1.048
1769884687.5468764,ADC2,0,bus_voltage,V,10.855
1769884687.597492,ADC2,0,bus_voltage,V,11.918
1769884687.6480627,ADC1,0,servo_1,A,2.37
1769884687.698548,ADC1,1,servo_2,A,1.564
1769884687.7490826,THERM,0,motor_temp,C,26.428
1769884687.7998698,ADC2,0,bus_voltage,V,12.019
1769884687.85066,ADC1,0,servo_1,A,1.321
1769884687.9011602,THERM,0,motor_temp,C,66.154
1769884687.9520736,ADC2,0,bus_voltage,V,10.832
1769884688.0028303,ADC2,0,bus_voltage,V,11.866
1769884688.053427,ADC2,0,bus_voltage,V,12.333
1769884688.104156,THERM,0,motor_temp,C,39.358
1769884688.1549263,ADC1,1,servo_2,A,2.368
1769884688.205589,ADC1,0,servo_1,A,2.264
1769884688.2564323,ADC2,0,bus_voltage,V,10.33
1769884688.3068495,ADC1,1,servo_2,A,1.87
1769884688.3577447,ADC1,0,servo_1,A,0.474
1769884688.4086015,ADC2,0,bus_voltage,V,11.553
1769884688.4594166,ADC1,1,servo_2,A,1.523
1769884688.5097744,ADC1,0,servo_1,A,1.055
1769884688.5605235,ADC1,1,servo_2,A,0.555
1769884688.6112669,ADC1,1,servo_2,A,1.812
1769884688.6617558,ADC2,0,bus_voltage,V,11.597
1769884688.712513,ADC2,0,bus_voltage,V,12.436
1769884688.7633538,ADC1,0,servo_1,A,1.156
1769884688.8197358,ADC1,0,servo_1,A,0.591
1769884688.8704867,ADC1,0,servo_1,A,1.324
1769884688.9209177,ADC1,0,servo_1,A,2.045
1769884688.9715357,ADC1,1,servo_2,A,0.657
1769884689.0221822,ADC1,1,servo_2,A,1.068
1769884689.073005,ADC1,1,servo_2,A,2.379
1769884689.1238344,THERM,0,motor_temp,C,65.639
1769884689.1742737,ADC2,0,bus_voltage,V,10.661
1769884689.2249095,THERM,0,motor_temp,C,52.087
1769884689.2756662,ADC2,0,bus_voltage,V,12.597
1769884689.3264217,ADC1,1,servo_2,A,1.652
1769884689.3769596,THERM,0,motor_temp,C,43.352
1769884689.4297023,ADC1,0,servo_1,A,2.421
1769884689.4803066,ADC2,0,bus_voltage,V,10.995
1769884689.5313137,ADC1,0,servo_1,A,2.189
1769884689.5817847,ADC1,1,servo_2,A,1.194
1769884689.634073,ADC1,1,servo_2,A,2.429
1769884689.6852036,THERM,0,motor_temp,C,40.114
1769884689.735968,THERM,0,motor_temp,C,58.791
1769884689.786933,ADC1,0,servo_1,A,0.24
1769884689.8374376,THERM,0,motor_temp,C,39.978
1769884689.8878396,THERM,0,motor_temp,C,37.475
1769884689.9385343,ADC1,0,servo_1,A,0.38
1769884689.9890318,ADC2,0,bus_voltage,V,12.561
1769884690.0398715,ADC1,1,servo_2,A,2.151
1769884690.091087,ADC2,0,bus_voltage,V,11.694
1769884690.1418588,ADC2,0,bus_voltage,V,11.637
1769884690.192218,ADC1,1,servo_2,A,1.799
1769884690.2455847,ADC1,1,servo_2,A,1.261
1769884690.2967763,ADC1,1,servo_2,A,0.68
1769884690.3472,THERM,0,motor_temp,C,50.663
1769884690.3979044,ADC1,1,servo_2,A,0.674
1769884690.4486382,ADC1,1,servo_2,A,2.051
1769884690.498988,ADC1,0,servo_1,A,1.08
1769884690.5495088,THERM,0,motor_temp,C,44.139
1769884690.600425,ADC1,1,servo_2,A,0.918
1769884690.651909,ADC2,0,bus_voltage,V,12.184
1769884690.703183,ADC2,0,bus_voltage,V,10.68
1769884690.7536676,ADC1,0,servo_1,A,0.388
1769884690.8051448,ADC1,1,servo_2,A,0.262
1769884690.8563216,ADC1,0,servo_1,A,1.597
1769884690.9071517,ADC1,1,servo_2,A,1.85
1769884690.9577916,THERM,0,motor_temp,C,51.25
1769884691.0084293,ADC2,0,bus_voltage,V,11.584
1769884691.0589848,THERM,0,motor_temp,C,27.152
1769884691.109717,ADC1,1,servo_2,A,2.109
1769884691.1609297,ADC1,1,servo_2,A,0.562
1769884691.2117732,ADC1,1,servo_2,A,1.25
1769884691.262197,THERM,0,motor_temp,C,46.603
1769884691.3127005,THERM,0,motor_temp,C,34.454
1769884691.3634672,ADC2,0,bus_voltage,V,10.296
1769884691.4144595,ADC2,0,bus_voltage,V,11.94
1769884691.465952,ADC2,0,bus_voltage,V,12.392
1769884691.5168333,THERM,0,motor_temp,C,26.603
1769884691.5677102,THERM,0,motor_temp,C,65.421
1769884691.6207192,ADC2,0,bus_voltage,V,12.145
1769884691.6717598,ADC2,0,bus_voltage,V,11.259
1769884691.7221298,ADC1,0,servo_1,A,0.562
1769884691.7732759,ADC1,0,servo_1,A,1.809
1769884691.8237288,THERM,0,motor_temp,C,31.499
1769884691.8750384,ADC2,0,bus_voltage,V,10.716
1769884691.9262993,THERM,0,motor_temp,C,44.871
1769884691.977187,ADC1,1,servo_2,A,1.16
1769884692.0280395,THERM,0,motor_temp,C,54.431
1769884692.0789685,ADC1,0,servo_1,A,2.469
1769884692.1297102,ADC2,0,bus_voltage,V,10.093
1769884692.1807163,THERM,0,motor_temp,C,33.794
1769884692.2318425,ADC1,1,servo_2,A,1.38
1769884692.2831943,ADC1,0,servo_1,A,1.993
1769884692.3340816,ADC1,1,servo_2,A,0.813
1769884692.3853836,ADC1,0,servo_1,A,0.678
1769884692.435872,ADC2,0,bus_voltage,V,10.006
1769884692.4863546,ADC2,0,bus_voltage,V,12.512
1769884692.5371323,THERM,0,motor_temp,C,39.872
1769884692.5876768,ADC1,0,servo_1,A,1.891
1769884692.6383433,ADC1,1,servo_2,A,0.998
1769884692.6891236,ADC1,1,servo_2,A,1.432
1769884692.7397895,ADC2,0,bus_voltage,V,10.636
1769884692.7902775,THERM,0,motor_temp,C,42.054
1769884692.8420143,ADC1,0,servo_1,A,1.857
1769884692.892721,ADC2,0,bus_voltage,V,11.578
1769884692.943899,ADC1,1,servo_2,A,2.38
1769884692.9948668,ADC1,0,servo_1,A,0.846
1769884693.0453312,THERM,0,motor_temp,C,25.898
1769884693.096021,ADC1,0,servo_1,A,2.241
1769884693.147023,ADC1,1,servo_2,A,1.155
1769884693.1974952,ADC1,0,servo_1,A,1.008
1769884693.2480264,THERM,0,motor_temp,C,53.758
1769884693.298744,ADC1,0,servo_1,A,1.463
1769884693.3494065,ADC2,0,bus_voltage,V,11.159
1769884693.4001982,ADC2,0,bus_voltage,V,10.887
1769884693.4509754,ADC2,0,bus_voltage,V,10.471
1769884693.5015507,ADC2,0,bus_voltage,V,10.753
1769884693.5522509,ADC1,0,servo_1,A,1.123
1769884693.603028,ADC1,1,servo_2,A,0.718
1769884693.654423,ADC2,0,bus_voltage,V,12.226
1769884693.7050152,ADC1,0,servo_1,A,0.453
1769884693.7560537,THERM,0,motor_temp,C,45.285
1769884693.8066962,THERM,0,motor_temp,C,49.607
1769884693.857725,ADC1,1,servo_2,A,1.178
1769884693.9083264,ADC1,0,servo_1,A,0.85
1769884693.9590936,ADC1,1,servo_2,A,2.078
1769884694.0099154,ADC1,1,servo_2,A,0.291
1769884694.0604575,ADC2,0,bus_voltage,V,11.448
1769884694.1115828,ADC2,0,bus_voltage,V,10.745
1769884694.1623592,ADC1,0,servo_1,A,1.625
1769884694.2136972,THERM,0,motor_temp,C,39.114
1769884694.2644784,ADC1,1,servo_2,A,1.488
1769884694.3150532,ADC1,1,servo_2,A,1.977
1769884694.365802,ADC1,1,servo_2,A,1.667
1769884694.4167736,THERM,0,motor_temp,C,52.593
1769884694.4679976,ADC2,0,bus_voltage,V,12.281
1769884694.5191731,ADC2,0,bus_voltage,V,11.684
1769884694.5697606,ADC1,1,servo_2,A,2.291
1769884694.6207023,ADC1,1,servo_2,A,1.726
1769884694.671107,ADC2,0,bus_voltage,V,11.752
1769884694.7218218,ADC1,1,servo_2,A,1.261
1769884694.7725804,ADC1,1,servo_2,A,2.017
1769884694.8234246,ADC1,1,servo_2,A,1.955
1769884694.8742936,THERM,0,motor_temp,C,69.911
1769884694.9246674,ADC1,1,servo_2,A,2.261
1769884694.9755454,THERM,0,motor_temp,C,51.313
1769884695.0279107,THERM,0,motor_temp,C,65.811
1769884695.0783868,ADC2,0,bus_voltage,V,11.682
1769884695.1294272,THERM,0,motor_temp,C,36.617
1769884695.180487,THERM,0,motor_temp,C,39.861
1769884695.2309263,ADC1,1,servo_2,A,1.203
1769884695.2818036,ADC1,0,servo_1,A,2.224
1769884695.3323898,ADC1,1,servo_2,A,1.958
1769884695.3832622,ADC2,0,bus_voltage,V,11.454
1769884695.43401,THERM,0,motor_temp,C,44.547
1769884695.4853673,THERM,0,motor_temp,C,28.579
1769884695.5392654,ADC1,1,servo_2,A,1.386
1769884695.5905356,ADC1,0,servo_1,A,1.742
1769884695.6415102,ADC1,0,servo_1,A,2.101
1769884695.6928103,ADC1,1,servo_2,A,1.153
1769884695.7435057,THERM,0,motor_temp,C,31.362
1769884695.7941504,ADC1,1,servo_2,A,1.662
1769884695.845143,ADC2,0,bus_voltage,V,11.328
1769884695.8963134,THERM,0,motor_temp,C,53.902
1769884695.9475615,ADC1,1,servo_2,A,0.256
1769884695.9984357,ADC2,0,bus_voltage,V,10.865
1769884696.0493634,ADC1,0,servo_1,A,0.608
1769884696.099963,THERM,0,motor_temp,C,60.861
1769884696.1507332,ADC2,0,bus_voltage,V,11.883
1769884696.2013016,ADC2,0,bus_voltage,V,11.167
1769884696.25239,THERM,0,motor_temp,C,58.47
1769884696.3029823,ADC2,0,bus_voltage,V,10.246
1769884696.354098,ADC1,1,servo_2,A,2.124
1769884696.405028,ADC1,1,servo_2,A,2.11
1769884696.4560905,ADC1,0,servo_1,A,0.204
1769884696.5078611,ADC1,1,servo_2,A,1.686
1769884696.558645,THERM,0,motor_temp,C,25.306
1769884696.6095607,THERM,0,motor_temp,C,49.93
1769884696.660414,THERM,0,motor_temp,C,67.171
1769884696.711038,ADC1,1,servo_2,A,0.831
1769884696.762215,ADC2,0,bus_voltage,V,12.266
1769884696.812941,ADC1,1,servo_2,A,0.857
1769884696.8634272,ADC1,1,servo_2,A,2.278
1769884696.9144547,THERM,0,motor_temp,C,42.909
1769884696.9651327,ADC1,1,servo_2,A,0.838
1769884697.0156493,ADC1,0,servo_1,A,1.019
1769884697.066377,THERM,0,motor_temp,C,52.828
1769884697.11695,THERM,0,motor_temp,C,29.804
1769884697.167677,ADC1,0,servo_1,A,1.687
1769884697.2186158,ADC2,0,bus_voltage,V,10.582
1769884697.2693963,ADC1,1,servo_2,A,0.528
1769884697.3198838,ADC1,1,servo_2,A,1.611
1769884697.370348,THERM,0,motor_temp,C,56.977
1769884697.421321,ADC1,1,servo_2,A,2.493
1769884697.4717715,ADC2,0,bus_voltage,V,10.482
1769884697.5224128,ADC1,0,servo_1,A,2.034
1769884697.572996,ADC1,0,servo_1,A,1.512
1769884697.6239424,ADC1,1,servo_2,A,1.746
1769884697.674809,ADC1,0,servo_1,A,2.301
1769884697.7263396,ADC1,1,servo_2,A,1.249
1769884697.7773588,THERM,0,motor_temp,C,56.372
1769884697.828043,THERM,0,motor_temp,C,63.52
1769884697.87893,ADC1,1,servo_2,A,0.617
1769884697.9297395,ADC1,1,servo_2,A,2.118
1769884697.9854043,ADC1,1,servo_2,A,2.405
1769884698.0582156,ADC1,1,servo_2,A,2.442
1769884698.1126518,THERM,0,motor_temp,C,62.417
1769884698.1632926,ADC1,1,servo_2,A,0.862
1769884698.21436,ADC2,0,bus_voltage,V,11.498
1769884698.264785,ADC2,0,bus_voltage,V,11.721
1769884698.3154914,THERM,0,motor_temp,C,69.074
1769884698.366407,ADC1,1,servo_2,A,1.855
1769884698.4173481,THERM,0,motor_temp,C,61.174
1769884698.4682205,ADC1,0,servo_1,A,1.638
1769884698.518927,ADC1,0,servo_1,A,1.2
1769884698.569348,ADC1,1,servo_2,A,1.306
1769884698.6199157,THERM,0,motor_temp,C,47.094
1769884698.6703684,ADC1,1,servo_2,A,0.221
1769884698.7211633,ADC1,0,servo_1,A,0.517
1769884698.7723434,ADC1,0,servo_1,A,0.727
1769884698.8227146,ADC2,0,bus_voltage,V,12.546
1769884698.874585,ADC1,1,servo_2,A,0.702
1769884698.9252014,THERM,0,motor_temp,C,30.5
1769884698.9755592,ADC1,0,servo_1,A,0.385
1769884699.0280437,ADC1,0,servo_1,A,0.549
1769884699.0787663,ADC1,1,servo_2,A,2.084
1769884699.1297994,ADC2,0,bus_voltage,V,10.423
1769884699.1811037,ADC1,0,servo_1,A,1.946
1769884699.2330594,ADC1,1,servo_2,A,1.232
1769884699.2840478,ADC2,0,bus_voltage,V,12.43
1769884699.3349462,ADC1,0,servo_1,A,0.595
1769884699.3867667,ADC1,0,servo_1,A,2.382
1769884699.4408233,ADC1,1,servo_2,A,0.358
1769884699.4916365,THERM,0,motor_temp,C,51.837
1769884699.542122,THERM,0,motor_temp,C,29.963
1769884699.5929823,ADC1,0,servo_1,A,0.714
1769884699.6437113,THERM,0,motor_temp,C,42.777
1769884699.6941853,ADC1,0,servo_1,A,1.468
1769884699.7448037,ADC2,0,bus_voltage,V,10.105
1769884699.795631,ADC1,0,servo_1,A,1.63
1769884699.8464258,THERM,0,motor_temp,C,51.387
1769884699.898549,ADC1,1,servo_2,A,0.396
1769884699.9490547,ADC1,0,servo_1,A,1.56
1769884700.0003362,ADC1,1,servo_2,A,1.833
1769884700.051316,ADC2,0,bus_voltage,V,10.77
1769884700.1024911,ADC1,1,servo_2,A,0.825
1769884700.1529334,ADC1,1,servo_2,A,2.076
1769884700.2038388,ADC1,0,servo_1,A,1.395
1769884700.2548676,ADC2,0,bus_voltage,V,11.611
1769884700.3055062,THERM,0,motor_temp,C,41.559
1769884700.35599,THERM,0,motor_temp,C,43.299
1769884700.4067523,ADC1,0,servo_1,A,1.99
1769884700.4588969,THERM,0,motor_temp,C,51.767
1769884700.5101466,ADC2,0,bus_voltage,V,10.086
1769884700.5611439,ADC1,0,servo_1,A,0.586
1769884700.6126866,ADC1,1,servo_2,A,0.245
1769884700.6631129,ADC1,0,servo_1,A,1.419
1769884700.7140741,ADC1,1,servo_2,A,0.944
1769884700.7648838,THERM,0,motor_temp,C,28.032
1769884700.8157315,ADC1,1,servo_2,A,2.053
1769884700.8664396,ADC1,1,servo_2,A,2.234
1769884700.9171758,ADC1,0,servo_1,A,0.964
1769884700.9680622,ADC1,0,servo_1,A,2.456
1769884701.0186827,ADC1,1,servo_2,A,1.468
1769884701.0712452,ADC1,0,servo_1,A,0.862
1769884701.122245,ADC1,1,servo_2,A,0.688
1769884701.1731408,ADC2,0,bus_voltage,V,12.114
1769884701.2239773,ADC1,0,servo_1,A,1.386
1769884701.2745297,ADC1,0,servo_1,A,1.274
1769884701.3261,ADC2,0,bus_voltage,V,10.946
1769884701.3766484,ADC1,1,servo_2,A,0.313
1769884701.42728,THERM,0,motor_temp,C,25.913
1769884701.4779458,ADC2,0,bus_voltage,V,11.623
1769884701.5285115,ADC1,1,servo_2,A,0.262
1769884701.57922,THERM,0,motor_temp,C,29.91
1769884701.6299887,ADC1,1,servo_2,A,1.386
1769884701.6824083,ADC2,0,bus_voltage,V,10.11
1769884701.7343297,THERM,0,motor_temp,C,69.554
1769884701.7847793,THERM,0,motor_temp,C,38.554
1769884701.8351774,ADC2,0,bus_voltage,V,11.964
1769884701.885821,ADC1,0,servo_1,A,2.329
1769884701.9364676,ADC1,0,servo_1,A,1.7
1769884701.9875884,ADC2,0,bus_voltage,V,12.183
1769884702.0384047,THERM,0,motor_temp,C,59.934
1769884702.0913558,ADC2,0,bus_voltage,V,11.163
1769884702.142531,ADC2,0,bus_voltage,V,12.301
1769884702.195394,ADC2,0,bus_voltage,V,11.047
1769884702.2468588,ADC1,0,servo_1,A,2.234
1769884702.2975473,ADC1,1,servo_2,A,1.423
1769884702.348889,THERM,0,motor_temp,C,50.507
1769884702.3993351,ADC1,1,servo_2,A,0.541
1769884702.4499848,THERM,0,motor_temp,C,26.447
1769884702.5006135,ADC1,1,servo_2,A,2.401
1769884702.5512307,ADC1,1,servo_2,A,1.04
1769884702.6015463,ADC1,1,servo_2,A,1.541
1769884702.6519508,THERM,0,motor_temp,C,62.598
1769884702.7025244,ADC1,1,servo_2,A,0.534
1769884702.75309,ADC1,0,servo_1,A,0.902
1769884702.8039086,THERM,0,motor_temp,C,48.589
1769884702.8543663,ADC1,0,servo_1,A,1.396
1769884702.9049025,THERM,0,motor_temp,C,47.355
1769884702.9554725,ADC2,0,bus_voltage,V,12.193
1769884703.0060456,THERM,0,motor_temp,C,28.985
1769884703.056772,ADC1,0,servo_1,A,0.756
1769884703.1073573,ADC2,0,bus_voltage,V,12.231
1769884703.158037,ADC2,0,bus_voltage,V,10.172
1769884703.2092063,ADC1,0,servo_1,A,0.638
1769884703.2597678,ADC1,1,servo_2,A,1.59
1769884703.31045,ADC1,1,servo_2,A,1.837
1769884703.364358,ADC1,1,servo_2,A,0.268
1769884703.4147007,ADC2,0,bus_voltage,V,11.753
1769884703.465268,ADC2,0,bus_voltage,V,11.444
1769884703.5156636,THERM,0,motor_temp,C,31.312
1769884703.5661228,THERM,0,motor_temp,C,60.34
1769884703.6165674,THERM,0,motor_temp,C,33.932
1769884703.6670723,ADC1,1,servo_2,A,2.359
1769884703.7174375,ADC1,0,servo_1,A,2.344
1769884703.7682025,ADC1,1,servo_2,A,0.588
1769884703.8192103,ADC1,0,servo_1,A,1.895
1769884703.8697665,ADC1,0,servo_1,A,2.36
1769884703.9206371,THERM,0,motor_temp,C,53.055
1769884703.9711301,ADC1,0,servo_1,A,1.382
1769884704.022123,ADC2,0,bus_voltage,V,11.348
1769884704.0727808,ADC1,0,servo_1,A,1.525
1769884704.1238606,ADC1,0,servo_1,A,1.69
1769884704.17463,THERM,0,motor_temp,C,31.192
1769884704.2254114,ADC1,0,servo_1,A,0.964
1769884704.2758596,ADC1,1,servo_2,A,1.019
1769884704.3266914,THERM,0,motor_temp,C,53.204
1769884704.3773046,ADC1,0,servo_1,A,2.175
1769884704.4289682,ADC1,0,servo_1,A,2.492
1769884704.4795961,THERM,0,motor_temp,C,26.787
1769884704.5304005,ADC1,1,servo_2,A,1.811
1769884704.5808375,ADC1,1,servo_2,A,0.83
1769884704.6313288,ADC1,1,servo_2,A,1.262
1769884704.682378,ADC1,0,servo_1,A,1.05
1769884704.732822,ADC2,0,bus_voltage,V,12.525
1769884704.783152,ADC1,0,servo_1,A,0.894
1769884704.8335152,ADC1,1,servo_2,A,1.481
1769884704.8838992,THERM,0,motor_temp,C,43.154
1769884704.9347064,ADC1,0,servo_1,A,1.347
1769884704.9851532,THERM,0,motor_temp,C,39.835
1769884705.0357087,THERM,0,motor_temp,C,60.52
1769884705.0859973,ADC2,0,bus_voltage,V,11.885
1769884705.1365259,ADC1,1,servo_2,A,1.058
1769884705.1871138,THERM,0,motor_temp,C,28.346
1769884705.2379088,ADC2,0,bus_voltage,V,12.398
1769884705.2888668,ADC1,0,servo_1,A,1.909
1769884705.339353,ADC2,0,bus_voltage,V,10.721
1769884705.3899689,THERM,0,motor_temp,C,59.919
1769884705.4407067,ADC2,0,bus_voltage,V,11.114
1769884705.4917061,ADC1,1,servo_2,A,0.793
1769884705.5424979,THERM,0,motor_temp,C,62.715
1769884705.5937614,ADC2,0,bus_voltage,V,12.362
1769884705.6442125,THERM,0,motor_temp,C,25.479
1769884705.6948924,ADC2,0,bus_voltage,V,11.41
1769884705.745851,ADC1,1,servo_2,A,0.216
1769884705.7961774,ADC1,0,servo_1,A,2.189
1769884705.8465645,ADC1,0,servo_1,A,0.222
1769884705.897487,ADC1,1,servo_2,A,1.363
1769884705.9508991,ADC1,1,servo_2,A,0.927
1769884706.002,ADC2,0,bus_voltage,V,10.8
1769884706.0537267,ADC2,0,bus_voltage,V,11.838
1769884706.1042888,ADC1,1,servo_2,A,1.234
1769884706.1551113,ADC2,0,bus_voltage,V,12.096
1769884706.2240837,ADC1,0,servo_1,A,1.919
1769884706.2880158,ADC1,0,servo_1,A,2.05
1769884706.338836,ADC2,0,bus_voltage,V,11.031
1769884706.3893595,ADC1,1,servo_2,A,1.782
1769884706.4402409,ADC2,0,bus_voltage,V,11.068
1769884706.4905818,ADC1,0,servo_1,A,1.995
1769884706.5427287,THERM,0,motor_temp,C,40.271
1769884706.5943735,ADC1,0,servo_1,A,1.019
1769884706.6457407,ADC1,1,servo_2,A,0.616
1769884706.6962228,THERM,0,motor_temp,C,38.127
1769884706.7476664,ADC2,0,bus_voltage,V,12.118
1769884706.798347,ADC2,0,bus_voltage,V,12.492
1769884706.851413,ADC1,1,servo_2,A,0.734
1769884706.90225,THERM,0,motor_temp,C,49.741
1769884706.9539137,THERM,0,motor_temp,C,67.773
1769884707.0062926,ADC2,0,bus_voltage,V,11.798
1769884707.0598803,ADC2,0,bus_voltage,V,10.739
1769884707.1103182,ADC1,1,servo_2,A,0.339
1769884707.1609917,ADC2,0,bus_voltage,V,10.852
1769884707.2114775,ADC2,0,bus_voltage,V,10.739
1769884707.2621186,THERM,0,motor_temp,C,44.953
1769884707.3129299,THERM,0,motor_temp,C,49.135
1769884707.363964,THERM,0,motor_temp,C,50.039
1769884707.4147072,ADC1,1,servo_2,A,0.673
1769884707.4652367,ADC1,0,servo_1,A,1.449
1769884707.5157773,THERM,0,motor_temp,C,39.366
1769884707.5663137,ADC1,1,servo_2,A,0.342
1769884707.617052,ADC1,0,servo_1,A,1.08
1769884707.667981,ADC1,0,servo_1,A,0.866
1769884707.7187362,ADC2,0,bus_voltage,V,10.647
1769884707.7699425,ADC1,0,servo_1,A,2.113
1769884707.820723,ADC2,0,bus_voltage,V,11.97
1769884707.8712604,ADC1,0,servo_1,A,0.634
1769884707.9221492,ADC1,1,servo_2,A,1.887
1769884707.9727445,THERM,0,motor_temp,C,66.305
1769884708.0237777,ADC1,0,servo_1,A,2.432
1769884708.0779648,ADC1,1,servo_2,A,1.262
1769884708.129092,ADC1,0,servo_1,A,1.437
1769884708.1798809,ADC1,1,servo_2,A,1.043
1769884708.2303836,ADC1,1,servo_2,A,0.547
1769884708.2834697,ADC1,1,servo_2,A,1.885
1769884708.336616,ADC2,0,bus_voltage,V,11.679
1769884708.3876243,ADC2,0,bus_voltage,V,10.29
1769884708.4381726,ADC2,0,bus_voltage,V,11.866
1769884708.4885788,ADC1,0,servo_1,A,2.014
1769884708.5393777,ADC2,0,bus_voltage,V,10.229
1769884708.5902333,ADC2,0,bus_voltage,V,10.287
1769884708.6409872,ADC1,1,servo_2,A,0.71
1769884708.6917884,ADC2,0,bus_voltage,V,11.224
1769884708.7426722,THERM,0,motor_temp,C,29.388
1769884708.7939491,ADC1,0,servo_1,A,1.72
1769884708.8443866,ADC2,0,bus_voltage,V,10.26
1769884708.8948188,ADC1,1,servo_2,A,1.496
1769884708.9463446,ADC1,1,servo_2,A,0.501
1769884708.998138,THERM,0,motor_temp,C,48.544
1769884709.050942,ADC1,0,servo_1,A,0.222
1769884709.1018224,ADC1,1,servo_2,A,0.305
1769884709.1528206,THERM,0,motor_temp,C,66.285
1769884709.2039573,ADC1,0,servo_1,A,2.126
1769884709.2593646,ADC2,0,bus_voltage,V,11.383
1769884709.3102012,THERM,0,motor_temp,C,62.655
1769884709.3647137,ADC2,0,bus_voltage,V,11.046
1769884709.42173,ADC1,0,servo_1,A,1.992
1769884709.472749,THERM,0,motor_temp,C,65.916
1769884709.5233917,ADC1,0,servo_1,A,0.846
1769884709.5744371,THERM,0,motor_temp,C,63.312
1769884709.6253002,ADC1,1,servo_2,A,1.513
1769884709.6760373,ADC2,0,bus_voltage,V,10.791
1769884709.726891,ADC1,0,servo_1,A,0.655
1769884709.777419,THERM,0,motor_temp,C,59.276
1769884709.828261,ADC2,0,bus_voltage,V,10.21
1769884709.8788147,THERM,0,motor_temp,C,45.036
1769884709.9294167,THERM,0,motor_temp,C,27.726
1769884709.980846,ADC1,0,servo_1,A,2.09
1769884710.031668,THERM,0,motor_temp,C,55.732
1769884710.0826833,ADC1,0,servo_1,A,1.837
1769884710.1338038,ADC1,0,servo_1,A,2.206
1769884710.1843548,ADC1,1,servo_2,A,2.463
1769884710.2352011,ADC1,0,servo_1,A,1.05
1769884710.2868278,ADC1,0,servo_1,A,0.442
1769884710.3386428,ADC1,0,servo_1,A,2.147
1769884710.4015822,ADC1,1,servo_2,A,0.519
1769884710.4537582,ADC2,0,bus_voltage,V,11.03
1769884710.504411,ADC2,0,bus_voltage,V,12.14
1769884710.5568438,ADC2,0,bus_voltage,V,11.619
1769884710.6077435,ADC2,0,bus_voltage,V,10.653
1769884710.6588554,ADC1,0,servo_1,A,1.279
1769884710.7096176,ADC1,0,servo_1,A,1.745
1769884710.7608063,ADC2,0,bus_voltage,V,12.037
1769884710.8213239,ADC2,0,bus_voltage,V,10.019
1769884710.8722472,THERM,0,motor_temp,C,36.719
1769884710.9230642,ADC1,1,servo_2,A,2.273
1769884710.973512,ADC1,0,servo_1,A,1.927
1769884711.024662,THERM,0,motor_temp,C,38.124
1769884711.0751565,ADC1,0,servo_1,A,0.269
1769884711.1254988,ADC2,0,bus_voltage,V,11.62
1769884711.1769366,ADC1,0,servo_1,A,1.968
1769884711.227388,ADC1,0,servo_1,A,1.48
1769884711.2777803,ADC2,0,bus_voltage,V,10.51
1769884711.3284097,ADC1,0,servo_1,A,0.237
1769884711.3792832,ADC1,1,servo_2,A,0.283
1769884711.454455,ADC1,1,servo_2,A,2.135
1769884711.5113368,ADC1,1,servo_2,A,0.546
1769884711.5620112,ADC2,0,bus_voltage,V,12.296
1769884711.6129413,ADC1,0,servo_1,A,0.952
1769884711.6640234,ADC2,0,bus_voltage,V,12.574
1769884711.7157335,ADC1,0,servo_1,A,0.876
1769884711.767572,ADC1,0,servo_1,A,2.178
1769884711.8187425,ADC1,0,servo_1,A,0.447
1769884711.8695388,ADC1,1,servo_2,A,2.197
1769884711.9199116,ADC1,1,servo_2,A,1.562
1769884711.9705856,THERM,0,motor_temp,C,44.854
1769884712.022012,ADC1,0,servo_1,A,0.987
1769884712.0731392,ADC2,0,bus_voltage,V,11.249
1769884712.1240902,ADC2,0,bus_voltage,V,11.656
1769884712.1749523,ADC1,1,servo_2,A,0.331
1769884712.226015,ADC2,0,bus_voltage,V,10.21
1769884712.276576,THERM,0,motor_temp,C,55.158
1769884712.331166,ADC2,0,bus_voltage,V,10.26
1769884712.385661,THERM,0,motor_temp,C,28.746
1769884712.4366515,ADC1,0,servo_1,A,2.011
1769884712.4875085,ADC1,1,servo_2,A,0.942
1769884712.5382252,THERM,0,motor_temp,C,39.873
1769884712.5899868,THERM,0,motor_temp,C,67.344
1769884712.6408768,ADC1,0,servo_1,A,0.43
1769884712.691276,ADC1,1,servo_2,A,1.813
1769884712.7420895,ADC2,0,bus_voltage,V,11.659
1769884712.792773,ADC2,0,bus_voltage,V,12.53
1769884712.8451135,THERM,0,motor_temp,C,28.126
1769884712.89611,THERM,0,motor_temp,C,57.473
1769884712.9468613,THERM,0,motor_temp,C,64.376
1769884712.999253,ADC1,0,servo_1,A,0.206
1769884713.049906,ADC2,0,bus_voltage,V,12.457
1769884713.1002736,THERM,0,motor_temp,C,25.857
1769884713.1512954,ADC2,0,bus_voltage,V,11.777
1769884713.2017083,ADC1,1,servo_2,A,0.91
1769884713.2522526,ADC1,0,servo_1,A,0.319
1769884713.302711,THERM,0,motor_temp,C,42.751
1769884713.3534853,ADC1,0,servo_1,A,2.03
1769884713.4038866,ADC1,1,servo_2,A,1.162
1769884713.4545794,ADC1,1,servo_2,A,1.286
1769884713.5052898,ADC1,0,servo_1,A,1.017
1769884713.5562227,ADC2,0,bus_voltage,V,11.467
1769884713.6066263,ADC2,0,bus_voltage,V,11.452
1769884713.6571887,ADC2,0,bus_voltage,V,12.129
1769884713.708079,ADC1,0,servo_1,A,1.735
1769884713.759667,ADC2,0,bus_voltage,V,10.733
1769884713.8118134,THERM,0,motor_temp,C,53.762
1769884713.8634782,ADC2,0,bus_voltage,V,11.554
1769884713.9172318,THERM,0,motor_temp,C,27.782
1769884713.9682052,THERM,0,motor_temp,C,66.401
1769884714.0189815,ADC2,0,bus_voltage,V,11.945
1769884714.0718544,ADC1,1,servo_2,A,0.266
1769884714.1233764,ADC1,0,servo_1,A,2.006
1769884714.174027,ADC1,0,servo_1,A,1.642
1769884714.2246773,ADC1,1,servo_2,A,0.839
1769884714.2754803,ADC1,0,servo_1,A,1.727
1769884714.3261511,ADC2,0,bus_voltage,V,12.256
1769884714.3768923,ADC1,0,servo_1,A,0.773
1769884714.4275281,THERM,0,motor_temp,C,68.1
1769884714.4782202,THERM,0,motor_temp,C,36.164
1769884714.529639,ADC1,0,servo_1,A,1.507
1769884714.5803754,THERM,0,motor_temp,C,62.329
1769884714.6309714,ADC1,0,servo_1,A,0.838
1769884714.6837249,ADC1,0,servo_1,A,1.195
1769884714.736402,ADC1,1,servo_2,A,0.202
1769884714.7876568,THERM,0,motor_temp,C,26.77
1769884714.8395357,ADC1,0,servo_1,A,0.741
1769884714.890513,THERM,0,motor_temp,C,57.713
1769884714.9409082,ADC1,0,servo_1,A,0.527
1769884714.991393,THERM,0,motor_temp,C,38.032
1769884715.0420554,THERM,0,motor_temp,C,51.303
1769884715.0933497,THERM,0,motor_temp,C,61.309
1769884715.152544,ADC2,0,bus_voltage,V,10.619
1769884715.2031028,ADC1,1,servo_2,A,0.436
1769884715.2537572,ADC2,0,bus_voltage,V,11.813
1769884715.3043907,THERM,0,motor_temp,C,43.833
1769884715.355127,ADC2,0,bus_voltage,V,11.486
1769884715.4062407,THERM,0,motor_temp,C,48.637
1769884715.457019,ADC2,0,bus_voltage,V,10.466
1769884715.5080292,THERM,0,motor_temp,C,29.445
1769884715.558559,ADC2,0,bus_voltage,V,10.582
1769884715.6088662,THERM,0,motor_temp,C,27.573
1769884715.6597993,ADC2,0,bus_voltage,V,11.787
1769884715.7103243,THERM,0,motor_temp,C,45.466
1769884715.7609143,ADC1,1,servo_2,A,2.077
1769884715.811532,THERM,0,motor_temp,C,36.052
1769884715.8621469,ADC1,0,servo_1,A,0.7
1769884715.9125073,ADC1,0,servo_1,A,0.533
1769884715.9629846,ADC1,1,servo_2,A,1.139
1769884716.0146818,ADC1,1,servo_2,A,1.426
1769884716.066127,ADC2,0,bus_voltage,V,10.415
1769884716.1167896,ADC2,0,bus_voltage,V,10.24
1769884716.1674752,ADC1,1,servo_2,A,2.306
1769884716.2179585,THERM,0,motor_temp,C,46.571
1769884716.2686088,ADC1,0,servo_1,A,1.561
1769884716.319203,ADC2,0,bus_voltage,V,11.331
1769884716.3699615,ADC1,1,servo_2,A,1.235
1769884716.4208467,ADC2,0,bus_voltage,V,10.849
1769884716.4718733,ADC1,1,servo_2,A,1.433
1769884716.5225844,THERM,0,motor_temp,C,53.439
1769884716.5732706,THERM,0,motor_temp,C,38.322
1769884716.6239157,ADC1,0,servo_1,A,1.226
1769884716.6743543,ADC2,0,bus_voltage,V,11.249
1769884716.7252731,ADC1,0,servo_1,A,0.817
1769884716.7764993,ADC1,0,servo_1,A,1.861
1769884716.8272378,THERM,0,motor_temp,C,41.463
1769884716.8780093,ADC2,0,bus_voltage,V,10.688
1769884716.928532,ADC1,0,servo_1,A,0.341
1769884716.979272,ADC1,0,servo_1,A,0.29
1769884717.029778,THERM,0,motor_temp,C,45.321
1769884717.0803506,ADC1,1,servo_2,A,1.279
1769884717.131056,ADC1,0,servo_1,A,1.92
1769884717.1820784,ADC1,1,servo_2,A,0.282
1769884717.2329195,ADC2,0,bus_voltage,V,11.757
1769884717.2843394,THERM,0,motor_temp,C,65.916
1769884717.3348165,ADC1,0,servo_1,A,0.476
1769884717.3853047,ADC2,0,bus_voltage,V,10.934
1769884717.4360366,ADC2,0,bus_voltage,V,10.598
1769884717.4865742,ADC1,0,servo_1,A,0.422
1769884717.5370948,ADC1,0,servo_1,A,0.223
1769884717.5878386,ADC1,0,servo_1,A,1.635
1769884717.6383197,THERM,0,motor_temp,C,54.307
1769884717.6887548,THERM,0,motor_temp,C,63.115
1769884717.7396352,ADC1,1,servo_2,A,0.841
1769884717.7899513,ADC2,0,bus_voltage,V,12.152
1769884717.8408158,ADC1,1,servo_2,A,1.957
1769884717.8914218,THERM,0,motor_temp,C,35.774
1769884717.9420378,THERM,0,motor_temp,C,61.206
1769884717.9927776,ADC1,0,servo_1,A,0.766
1769884718.043568,THERM,0,motor_temp,C,61.467
1769884718.0940337,ADC2,0,bus_voltage,V,11.361
1769884718.1445673,ADC1,0,servo_1,A,2.062
1769884718.195098,ADC1,1,servo_2,A,2.417
1769884718.245829,ADC2,0,bus_voltage,V,10.941
1769884718.296714,ADC2,0,bus_voltage,V,10.269
1769884718.3474317,ADC1,1,servo_2,A,0.287
1769884718.3980858,ADC1,1,servo_2,A,2.493
1769884718.448844,ADC1,0,servo_1,A,1.567
1769884718.4993126,ADC1,0,servo_1,A,1.693
1769884718.5501075,THERM,0,motor_temp,C,29.702
1769884718.6005359,THERM,0,motor_temp,C,63.858
1769884718.6510086,THERM,0,motor_temp,C,60.321
1769884718.7017887,ADC1,1,servo_2,A,1.737
1769884718.752476,THERM,0,motor_temp,C,35.795
1769884718.802988,ADC1,0,servo_1,A,1.42
1769884718.8539968,THERM,0,motor_temp,C,62.651
1769884718.9049,ADC1,1,servo_2,A,1.052
1769884718.955316,THERM,0,motor_temp,C,51.746
1769884719.0057476,ADC2,0,bus_voltage,V,11.971
1769884719.056518,ADC2,0,bus_voltage,V,10.897
1769884719.1068761,THERM,0,motor_temp,C,36.874
1769884719.1574667,THERM,0,motor_temp,C,61.074
1769884719.2088559,ADC1,0,servo_1,A,0.394
1769884719.2595935,THERM,0,motor_temp,C,28.5
1769884719.3111615,ADC1,0,servo_1,A,2.166
1769884719.3616536,ADC1,1,servo_2,A,1.887
1769884719.4120803,ADC2,0,bus_voltage,V,10.432
1769884719.4631383,ADC1,1,servo_2,A,0.372
1769884719.5139306,ADC2,0,bus_voltage,V,12.383
1769884719.5644405,THERM,0,motor_temp,C,25.764
1769884719.6150522,ADC2,0,bus_voltage,V,10.04
1769884719.666069,ADC2,0,bus_voltage,V,12.364
1769884719.7171233,THERM,0,motor_temp,C,54.196
1769884719.767931,THERM,0,motor_temp,C,66.262
1769884719.818618,ADC2,0,bus_voltage,V,12.15
1769884719.8691075,ADC2,0,bus_voltage,V,10.177
1769884719.9196212,THERM,0,motor_temp,C,36.119
1769884719.9704595,ADC1,1,servo_2,A,1.984
1769884720.0213053,ADC1,1,servo_2,A,0.78
1769884720.0723047,ADC2,0,bus_voltage,V,12.233
1769884720.123167,ADC1,1,servo_2,A,1.657
1769884720.1739655,ADC1,0,servo_1,A,2.123
1769884720.2245831,ADC1,1,servo_2,A,1.455
1769884720.2754135,THERM,0,motor_temp,C,35.973
1769884720.326166,ADC1,0,servo_1,A,1.231
1769884720.3768654,ADC1,1,servo_2,A,0.708
1769884720.427563,ADC1,1,servo_2,A,1.596
1769884720.4809868,ADC1,0,servo_1,A,1.867
1769884720.5318036,ADC1,1,servo_2,A,1.34
1769884720.582676,ADC1,1,servo_2,A,0.633
1769884720.6376064,ADC2,0,bus_voltage,V,10.078
1769884720.6886764,ADC1,1,servo_2,A,2.455
1769884720.739355,THERM,0,motor_temp,C,50.45
1769884720.7903247,ADC2,0,bus_voltage,V,10.833
1769884720.8415556,ADC1,0,servo_1,A,2.379
1769884720.8934948,ADC1,0,servo_1,A,2.081
1769884720.945317,THERM,0,motor_temp,C,27.146
1769884720.9961617,THERM,0,motor_temp,C,44.735
1769884721.0478263,ADC1,1,servo_2,A,2.288
1769884721.1011915,ADC2,0,bus_voltage,V,10.696
1769884721.152125,ADC1,1,servo_2,A,2.05
1769884721.2026875,ADC1,1,servo_2,A,2.116
1769884721.2557812,THERM,0,motor_temp,C,28.284
1769884721.3066716,ADC2,0,bus_voltage,V,10.069
1769884721.3571317,ADC2,0,bus_voltage,V,12.386
1769884721.4078357,THERM,0,motor_temp,C,51.121
1769884721.4583511,ADC1,0,servo_1,A,1.591
1769884721.5089278,THERM,0,motor_temp,C,25.965
1769884721.55946,ADC2,0,bus_voltage,V,11.941
1769884721.6100035,ADC1,0,servo_1,A,2.248
1769884721.6606097,ADC1,0,servo_1,A,1.279
1769884721.711326,THERM,0,motor_temp,C,48.027
1769884721.7619374,THERM,0,motor_temp,C,38.923
1769884721.814407,THERM,0,motor_temp,C,49.121
1769884721.866714,ADC2,0,bus_voltage,V,12.543
1769884721.917109,ADC1,0,servo_1,A,1.422
1769884721.9677927,ADC1,0,servo_1,A,1.925
1769884722.019237,ADC2,0,bus_voltage,V,10.353
1769884722.074424,ADC1,0,servo_1,A,2.013
1769884722.1256049,ADC1,1,servo_2,A,2.026
1769884722.1766968,ADC1,1,servo_2,A,0.311
1769884722.2281544,ADC1,0,servo_1,A,1.008
1769884722.2794306,THERM,0,motor_temp,C,51.698
1769884722.3302197,ADC2,0,bus_voltage,V,11.316
1769884722.3810065,ADC1,1,servo_2,A,2.387
1769884722.4321132,ADC1,0,servo_1,A,1.476
1769884722.482562,ADC1,0,servo_1,A,1.451
1769884722.5331898,ADC1,1,servo_2,A,0.64
1769884722.5852928,ADC2,0,bus_voltage,V,12.008
1769884722.6377618,ADC1,1,servo_2,A,1.339
1769884722.688704,ADC2,0,bus_voltage,V,12.597
1769884722.7399125,ADC1,0,servo_1,A,1.189
1769884722.7905173,ADC2,0,bus_voltage,V,10.781
1769884722.841692,THERM,0,motor_temp,C,48.556
1769884722.8961067,THERM,0,motor_temp,C,31.977
1769884722.947489,ADC1,1,servo_2,A,2.14
1769884722.9984286,THERM,0,motor_temp,C,63.548
1769884723.056192,THERM,0,motor_temp,C,32.078
1769884723.1067562,ADC2,0,bus_voltage,V,11.059
1769884723.1607454,ADC1,1,servo_2,A,1.12
1769884723.2115467,ADC1,1,servo_2,A,1.282
1769884723.2623773,THERM,0,motor_temp,C,26.766
1769884723.3130834,THERM,0,motor_temp,C,35.121
1769884723.3660839,ADC1,1,servo_2,A,1.246
1769884723.4181523,THERM,0,motor_temp,C,44.742
1769884723.4697342,ADC1,1,servo_2,A,0.618
1769884723.5219252,ADC1,1,servo_2,A,0.446
1769884723.5747573,ADC2,0,bus_voltage,V,10.239
1769884723.6253526,ADC2,0,bus_voltage,V,12.411
1769884723.6759315,ADC2,0,bus_voltage,V,11.179
1769884723.7279167,ADC1,0,servo_1,A,0.599
1769884723.778365,ADC2,0,bus_voltage,V,10.117
1769884723.8290253,ADC2,0,bus_voltage,V,12.493
1769884723.8798182,THERM,0,motor_temp,C,61.879
1769884723.931005,THERM,0,motor_temp,C,39.796
1769884723.9853218,ADC2,0,bus_voltage,V,11.875
1769884724.0364292,ADC1,1,servo_2,A,1.087
1769884724.087197,ADC2,0,bus_voltage,V,10.516
1769884724.1376297,ADC1,0,servo_1,A,1.846
1769884724.1882985,ADC1,0,servo_1,A,0.771
1769884724.2391016,ADC2,0,bus_voltage,V,12.48
1769884724.2903278,ADC2,0,bus_voltage,V,10.045
1769884724.34152,ADC1,0,servo_1,A,2.005
1769884724.392216,ADC1,0,servo_1,A,1.386
1769884724.4427252,ADC2,0,bus_voltage,V,11.233
1769884724.4933944,ADC1,0,servo_1,A,1.202
1769884724.5439715,ADC1,1,servo_2,A,1.129
1769884724.5946128,ADC1,1,servo_2,A,1.783
1769884724.645555,ADC1,0,servo_1,A,0.523
1769884724.6963763,THERM,0,motor_temp,C,41.831
1769884724.7473035,ADC2,0,bus_voltage,V,10.386
1769884724.7987218,ADC1,0,servo_1,A,0.527
1769884724.850371,ADC1,0,servo_1,A,0.531
1769884724.9010642,ADC2,0,bus_voltage,V,10.175
1769884724.9524212,THERM,0,motor_temp,C,40.672
1769884725.0032494,ADC1,0,servo_1,A,1.303
1769884725.053923,THERM,0,motor_temp,C,37.036
1769884725.1046937,ADC1,0,servo_1,A,1.353
1769884725.155336,ADC2,0,bus_voltage,V,10.135
1769884725.2062101,ADC2,0,bus_voltage,V,11.117
1769884725.2606893,ADC1,0,servo_1,A,2.338
1769884725.3117764,ADC1,1,servo_2,A,1.913
1769884725.362652,THERM,0,motor_temp,C,40.111
1769884725.4131851,THERM,0,motor_temp,C,44.35
1769884725.4641218,THERM,0,motor_temp,C,25.508
1769884725.514607,ADC1,0,servo_1,A,2.24
1769884725.5660877,THERM,0,motor_temp,C,39.448
1769884725.6169536,ADC1,0,servo_1,A,1.95
1769884725.669863,ADC2,0,bus_voltage,V,11.575
1769884725.7207408,THERM,0,motor_temp,C,43.853
1769884725.7715478,THERM,0,motor_temp,C,26.327
1769884725.8219936,ADC2,0,bus_voltage,V,10.924
1769884725.8725615,THERM,0,motor_temp,C,58.28
1769884725.9229944,ADC1,1,servo_2,A,1.692
1769884725.9736905,ADC1,0,servo_1,A,1.662
1769884726.0246084,ADC1,0,servo_1,A,0.47
1769884726.0759268,ADC1,0,servo_1,A,2.409
1769884726.1270137,THERM,0,motor_temp,C,46.699
1769884726.1787567,ADC2,0,bus_voltage,V,11.619
1769884726.2292917,THERM,0,motor_temp,C,47.623
1769884726.281114,THERM,0,motor_temp,C,61.194
1769884726.3321855,THERM,0,motor_temp,C,51.984
1769884726.383549,THERM,0,motor_temp,C,48.316
1769884726.4346523,ADC2,0,bus_voltage,V,12.389
1769884726.4852638,ADC1,0,servo_1,A,1.014
1769884726.5358825,ADC2,0,bus_voltage,V,10.368
1769884726.5865362,ADC1,1,servo_2,A,1.689
1769884726.6375666,THERM,0,motor_temp,C,40.41
1769884726.6882994,THERM,0,motor_temp,C,56.393
1769884726.739135,ADC2,0,bus_voltage,V,11.779
1769884726.7902277,THERM,0,motor_temp,C,60.708
1769884726.8418958,THERM,0,motor_temp,C,46.544
1769884726.894049,ADC2,0,bus_voltage,V,10.322
1769884726.9447925,ADC2,0,bus_voltage,V,11.262
1769884726.9952302,ADC1,1,servo_2,A,1.103
1769884727.0474944,ADC2,0,bus_voltage,V,12.457
1769884727.1003942,ADC2,0,bus_voltage,V,10.365
1769884727.1509938,ADC1,1,servo_2,A,0.929
1769884727.2018209,THERM,0,motor_temp,C,35.433
1769884727.2522998,ADC1,0,servo_1,A,1.177
1769884727.3032987,ADC2,0,bus_voltage,V,10.622
1769884727.3545113,ADC1,1,servo_2,A,0.554
1769884727.4059176,ADC1,1,servo_2,A,0.891
1769884727.4567258,ADC2,0,bus_voltage,V,12.568
1769884727.507675,ADC1,1,servo_2,A,1.335
1769884727.5590777,ADC1,1,servo_2,A,2.105
1769884727.610305,THERM,0,motor_temp,C,36.933
1769884727.661509,ADC2,0,bus_voltage,V,10.061
1769884727.7126331,ADC2,0,bus_voltage,V,11.625
1769884727.7661088,ADC1,0,servo_1,A,2.091
1769884727.8166795,ADC1,1,servo_2,A,1.917
1769884727.8674629,ADC2,0,bus_voltage,V,12.303
1769884727.920014,ADC2,0,bus_voltage,V,11.66
1769884727.971324,THERM,0,motor_temp,C,34.825
1769884728.0231256,ADC1,1,servo_2,A,1.434
1769884728.0736134,ADC2,0,bus_voltage,V,11.921
1769884728.1242516,ADC1,0,servo_1,A,0.506
1769884728.1745298,ADC1,0,servo_1,A,1.538
1769884728.22502,ADC1,0,servo_1,A,1.298
1769884728.2756317,ADC2,0,bus_voltage,V,11.308
1769884728.3264852,ADC1,0,servo_1,A,0.343
1769884728.3772287,ADC1,0,servo_1,A,1.429
1769884728.4276311,ADC1,1,servo_2,A,1.26
1769884728.4783235,THERM,0,motor_temp,C,28.302
1769884728.5287104,ADC1,1,servo_2,A,0.543
1769884728.5793147,ADC2,0,bus_voltage,V,11.068
1769884728.629835,ADC2,0,bus_voltage,V,10.691
1769884728.680807,ADC2,0,bus_voltage,V,12.097
1769884728.7319322,THERM,0,motor_temp,C,69.075
1769884728.7827466,THERM,0,motor_temp,C,68.502
1769884728.8391051,ADC1,1,servo_2,A,1.521
1769884728.889844,ADC2,0,bus_voltage,V,10.213
1769884728.9404743,ADC2,0,bus_voltage,V,11.232
1769884728.9921198,THERM,0,motor_temp,C,41.388
1769884729.0426764,ADC1,1,servo_2,A,1.196
1769884729.0933847,THERM,0,motor_temp,C,63.954
1769884729.1443107,ADC1,1,servo_2,A,2.04
1769884729.1951237,ADC1,0,servo_1,A,1.74
1769884729.24604,ADC2,0,bus_voltage,V,11.412
1769884729.2968369,ADC1,0,servo_1,A,1.592
1769884729.348241,ADC2,0,bus_voltage,V,12.061
1769884729.3991652,ADC1,1,servo_2,A,2.168
1769884729.4509149,ADC2,0,bus_voltage,V,11.896
1769884729.5017283,ADC1,0,servo_1,A,2.004
1769884729.5527294,ADC1,0,servo_1,A,2.352
1769884729.603152,ADC1,1,servo_2,A,1.721
1769884729.6545572,ADC1,1,servo_2,A,1.461
1769884729.7055554,ADC1,1,servo_2,A,2.139
1769884729.7646773,ADC1,0,servo_1,A,1.227
1769884729.8159318,THERM,0,motor_temp,C,47.507
1769884729.8677828,THERM,0,motor_temp,C,64.839
1769884729.9204166,THERM,0,motor_temp,C,29.302
1769884729.9719872,ADC1,1,servo_2,A,1.586
1769884730.026179,ADC1,0,servo_1,A,2.429
1769884730.079214,ADC1,1,servo_2,A,0.587
1769884730.1302927,THERM,0,motor_temp,C,45.618
1769884730.1813133,ADC1,0,servo_1,A,1.473
1769884730.23402,ADC2,0,bus_voltage,V,12.383
1769884730.284699,ADC1,1,servo_2,A,1.822
1769884730.3354957,ADC1,0,servo_1,A,1.578
1769884730.3863983,ADC1,1,servo_2,A,2.177
1769884730.437019,ADC2,0,bus_voltage,V,10.515
1769884730.487366,ADC1,0,servo_1,A,0.235
1769884730.5378377,THERM,0,motor_temp,C,40.227
1769884730.5882356,ADC2,0,bus_voltage,V,10.381
1769884730.6386914,ADC1,0,servo_1,A,2.0
1769884730.6891415,ADC1,1,servo_2,A,1.437
1769884730.73989,ADC1,0,servo_1,A,2.329
1769884730.7906804,THERM,0,motor_temp,C,36.169
1769884730.841472,ADC1,1,servo_2,A,0.935
1769884730.892322,ADC2,0,bus_voltage,V,12.11
1769884730.9428082,ADC1,0,servo_1,A,0.724
1769884730.99331,THERM,0,motor_temp,C,64.357
1769884731.0452688,THERM,0,motor_temp,C,33.963
1769884731.095995,ADC2,0,bus_voltage,V,12.221
1769884731.146842,ADC1,1,servo_2,A,1.097
1769884731.1978607,ADC1,1,servo_2,A,1.902
1769884731.2487557,ADC1,0,servo_1,A,0.969
1769884731.2993655,ADC1,1,servo_2,A,1.098
1769884731.3502197,ADC1,1,servo_2,A,2.226
1769884731.4010704,ADC1,0,servo_1,A,2.479
1769884731.4520996,THERM,0,motor_temp,C,48.183
1769884731.5027828,ADC1,1,servo_2,A,1.297
1769884731.553325,ADC2,0,bus_voltage,V,10.359
1769884731.604145,ADC1,1,servo_2,A,0.611
1769884731.655038,ADC1,0,servo_1,A,2.477
1769884731.7054946,ADC2,0,bus_voltage,V,12.179
1769884731.7563002,ADC1,0,servo_1,A,1.889
1769884731.80672,ADC1,1,servo_2,A,2.205
1769884731.8573277,ADC2,0,bus_voltage,V,10.347
1769884731.907774,ADC1,1,servo_2,A,1.471
1769884731.958699,THERM,0,motor_temp,C,29.549
1769884732.0094917,ADC2,0,bus_voltage,V,11.948
1769884732.0600035,ADC2,0,bus_voltage,V,11.186
1769884732.1106412,THERM,0,motor_temp,C,26.21
1769884732.1615918,ADC1,1,servo_2,A,1.232
1769884732.2122526,ADC1,0,servo_1,A,1.375
1769884732.2630262,ADC1,0,servo_1,A,0.36
1769884732.3138602,THERM,0,motor_temp,C,49.573
1769884732.366575,ADC1,1,servo_2,A,2.349
1769884732.4172478,THERM,0,motor_temp,C,51.465
1769884732.4687335,ADC1,1,servo_2,A,1.931
1769884732.519524,ADC2,0,bus_voltage,V,11.515
1769884732.5698922,THERM,0,motor_temp,C,40.313
1769884732.620249,ADC1,1,servo_2,A,0.438
1769884732.6707811,ADC1,0,servo_1,A,1.052
1769884732.7224696,ADC1,0,servo_1,A,0.598
1769884732.7734826,THERM,0,motor_temp,C,64.929
1769884732.824069,ADC1,0,servo_1,A,1.405
1769884732.8746002,THERM,0,motor_temp,C,26.579
1769884732.9253268,ADC1,0,servo_1,A,0.468
1769884732.9756875,THERM,0,motor_temp,C,52.594
1769884733.026399,ADC2,0,bus_voltage,V,11.002
1769884733.076929,THERM,0,motor_temp,C,49.766
1769884733.1277542,ADC1,0,servo_1,A,1.263
1769884733.1782002,ADC1,0,servo_1,A,0.86
1769884733.2289782,ADC1,0,servo_1,A,0.698
1769884733.2796853,ADC2,0,bus_voltage,V,10.862
1769884733.3301356,THERM,0,motor_temp,C,63.69
1769884733.3807087,ADC1,0,servo_1,A,0.355
1769884733.4317873,THERM,0,motor_temp,C,55.05
1769884733.4825797,THERM,0,motor_temp,C,41.09
1769884733.5330362,ADC1,1,servo_2,A,1.267
1769884733.5837488,ADC1,0,servo_1,A,1.141
1769884733.6346927,ADC1,0,servo_1,A,2.482
1769884733.685199,ADC2,0,bus_voltage,V,10.459
1769884733.7360046,ADC1,0,servo_1,A,1.135
1769884733.7871752,ADC2,0,bus_voltage,V,11.401
1769884733.83876,ADC1,1,servo_2,A,1.229
1769884733.8897085,ADC1,1,servo_2,A,1.818
1769884733.9402995,ADC1,1,servo_2,A,0.567
1769884733.9910123,ADC2,0,bus_voltage,V,12.229
1769884734.0415266,ADC1,0,servo_1,A,0.437
1769884734.0922701,ADC1,0,servo_1,A,1.884
1769884734.1431992,ADC1,1,servo_2,A,1.775
1769884734.1939569,ADC1,0,servo_1,A,1.116
1769884734.2444172,ADC2,0,bus_voltage,V,11.932
1769884734.2952895,ADC2,0,bus_voltage,V,10.218
1769884734.346115,ADC1,0,servo_1,A,2.342
1769884734.396738,ADC1,1,servo_2,A,1.948
1769884734.4476035,ADC1,0,servo_1,A,0.83
1769884734.4984236,ADC2,0,bus_voltage,V,12.346
1769884734.5491884,ADC1,0,servo_1,A,1.658
1769884734.599826,ADC2,0,bus_voltage,V,11.776
1769884734.6515377,ADC1,1,servo_2,A,2.249
1769884734.702341,ADC1,1,servo_2,A,0.898
1769884734.7527587,ADC1,0,servo_1,A,1.829
1769884734.8036754,ADC1,1,servo_2,A,0.926
1769884734.8543437,THERM,0,motor_temp,C,41.369
1769884734.9048307,ADC1,0,servo_1,A,0.753
1769884734.9552312,ADC2,0,bus_voltage,V,11.713
1769884735.0059915,ADC2,0,bus_voltage,V,10.754
1769884735.056476,THERM,0,motor_temp,C,64.401
1769884735.1071918,ADC1,0,servo_1,A,0.558
1769884735.157949,THERM,0,motor_temp,C,68.658
1769884735.2087753,ADC1,0,servo_1,A,1.259
1769884735.259804,ADC1,1,servo_2,A,0.949
1769884735.310537,ADC1,1,servo_2,A,1.983
1769884735.36114,ADC1,1,servo_2,A,2.079
1769884735.4118707,THERM,0,motor_temp,C,39.783
1769884735.462632,ADC1,1,servo_2,A,2.45
1769884735.513152,THERM,0,motor_temp,C,69.401
1769884735.5644467,THERM,0,motor_temp,C,49.433
1769884735.6159341,THERM,0,motor_temp,C,64.623
1769884735.6664643,ADC1,0,servo_1,A,0.493
1769884735.717707,THERM,0,motor_temp,C,37.55
1769884735.7687824,ADC1,1,servo_2,A,1.085
1769884735.819261,THERM,0,motor_temp,C,26.344
1769884735.870234,ADC2,0,bus_voltage,V,10.588
1769884735.9210732,ADC2,0,bus_voltage,V,10.123
1769884735.9718225,ADC2,0,bus_voltage,V,10.481
1769884736.0229456,ADC1,0,servo_1,A,1.03
1769884736.073636,THERM,0,motor_temp,C,43.536
1769884736.1246505,THERM,0,motor_temp,C,26.458
1769884736.175496,ADC1,0,servo_1,A,1.069
1769884736.2260354,ADC1,0,servo_1,A,0.36
1769884736.2771404,ADC1,1,servo_2,A,2.179
1769884736.3282113,THERM,0,motor_temp,C,45.76
1769884736.3789794,THERM,0,motor_temp,C,56.909
1769884736.429846,THERM,0,motor_temp,C,41.512
1769884736.4805994,ADC2,0,bus_voltage,V,10.317
1769884736.5313125,THERM,0,motor_temp,C,61.159
1769884736.582942,ADC1,0,servo_1,A,1.105
1769884736.6339183,ADC1,0,servo_1,A,2.418
1769884736.6847556,THERM,0,motor_temp,C,34.101
1769884736.7351975,THERM,0,motor_temp,C,32.712
1769884736.787414,ADC1,1,servo_2,A,1.387
1769884736.8396666,ADC1,1,servo_2,A,2.243
1769884736.8901224,THERM,0,motor_temp,C,44.123
1769884736.940515,ADC1,0,servo_1,A,1.456
1769884736.9909558,THERM,0,motor_temp,C,56.734
1769884737.0419395,THERM,0,motor_temp,C,27.098
1769884737.092606,ADC1,0,servo_1,A,0.383
1769884737.1431813,ADC1,1,servo_2,A,1.633
1769884737.1939185,THERM,0,motor_temp,C,30.761
1769884737.244419,THERM,0,motor_temp,C,47.689
1769884737.2966282,THERM,0,motor_temp,C,67.195
1769884737.3488812,ADC1,1,servo_2,A,1.329
1769884737.3998258,THERM,0,motor_temp,C,60.71
1769884737.4506183,ADC1,0,servo_1,A,1.448
1769884737.501342,ADC1,0,servo_1,A,2.161
1769884737.5522106,THERM,0,motor_temp,C,33.001
1769884737.6029084,ADC2,0,bus_voltage,V,11.659
1769884737.6552005,ADC1,1,servo_2,A,1.203
1769884737.7059314,THERM,0,motor_temp,C,41.646
1769884737.7570088,ADC1,1,servo_2,A,1.258
1769884737.8078024,ADC2,0,bus_voltage,V,10.437
1769884737.8584468,THERM,0,motor_temp,C,50.245
1769884737.9091306,ADC2,0,bus_voltage,V,10.54
1769884737.9603097,ADC2,0,bus_voltage,V,10.124
1769884738.0110245,ADC1,0,servo_1,A,1.034
1769884738.0615377,ADC2,0,bus_voltage,V,12.122
1769884738.1117876,ADC1,0,servo_1,A,2.335
1769884738.1624877,THERM,0,motor_temp,C,49.154
1769884738.2128775,ADC1,0,servo_1,A,2.32
1769884738.2634118,THERM,0,motor_temp,C,64.231
1769884738.3152013,ADC2,0,bus_voltage,V,11.63
1769884738.3686318,THERM,0,motor_temp,C,35.335
1769884738.4209251,ADC1,0,servo_1,A,0.962
1769884738.4716263,ADC1,0,servo_1,A,1.334
1769884738.5223923,ADC1,0,servo_1,A,0.929
1769884738.5730805,THERM,0,motor_temp,C,49.951
1769884738.6238208,THERM,0,motor_temp,C,55.626
1769884738.6746058,ADC1,1,servo_2,A,1.54
1769884738.7251863,THERM,0,motor_temp,C,25.313
1769884738.7756739,ADC1,0,servo_1,A,1.37
1769884738.8263395,ADC1,1,servo_2,A,1.168
1769884738.876928,THERM,0,motor_temp,C,58.463
1769884738.927503,ADC1,0,servo_1,A,0.929
1769884738.9784284,THERM,0,motor_temp,C,59.177
1769884739.0289652,ADC1,0,servo_1,A,2.317
1769884739.079557,ADC1,0,servo_1,A,0.753
1769884739.1301942,ADC2,0,bus_voltage,V,12.074
1769884739.1812892,ADC1,1,servo_2,A,2.07
1769884739.2319298,ADC1,1,servo_2,A,1.308
1769884739.28239,ADC2,0,bus_voltage,V,10.848
1769884739.3329344,ADC2,0,bus_voltage,V,10.173
1769884739.3835351,THERM,0,motor_temp,C,54.689
1769884739.4338896,ADC1,0,servo_1,A,2.137
1769884739.484976,THERM,0,motor_temp,C,39.822
1769884739.5353024,THERM,0,motor_temp,C,36.043
1769884739.5860283,ADC2,0,bus_voltage,V,11.845
1769884739.6366656,ADC2,0,bus_voltage,V,12.05
1769884739.688255,ADC2,0,bus_voltage,V,10.034
1769884739.7388318,THERM,0,motor_temp,C,40.52
1769884739.7893803,ADC1,0,servo_1,A,0.925
1769884739.8399274,ADC1,1,servo_2,A,1.243
1769884739.890522,THERM,0,motor_temp,C,25.426
1769884739.9411356,ADC1,0,servo_1,A,0.611
1769884739.9916098,THERM,0,motor_temp,C,59.525
1769884740.042438,THERM,0,motor_temp,C,68.032
1769884740.0928843,ADC1,1,servo_2,A,1.5
1769884740.1432374,ADC2,0,bus_voltage,V,12.368
1769884740.193998,ADC2,0,bus_voltage,V,12.222
1769884740.2451415,ADC1,0,servo_1,A,0.687
1769884740.2956138,ADC2,0,bus_voltage,V,10.77
1769884740.346228,THERM,0,motor_temp,C,67.956
1769884740.3970613,ADC1,1,servo_2,A,1.339
1769884740.4487062,ADC2,0,bus_voltage,V,10.41
1769884740.4994268,THERM,0,motor_temp,C,39.939
1769884740.5503323,ADC1,0,servo_1,A,1.983
1769884740.601266,ADC2,0,bus_voltage,V,10.385
1769884740.6521778,ADC2,0,bus_voltage,V,11.425
1769884740.7040799,ADC1,1,servo_2,A,1.128
1769884740.7546723,THERM,0,motor_temp,C,49.837
1769884740.8050346,ADC2,0,bus_voltage,V,10.354
1769884740.8556595,ADC1,1,servo_2,A,2.479
1769884740.9065588,THERM,0,motor_temp,C,61.675
1769884740.957189,ADC1,0,servo_1,A,2.344
1769884741.0078673,ADC2,0,bus_voltage,V,10.968
1769884741.0586758,ADC1,0,servo_1,A,0.354
1769884741.111414,ADC1,1,servo_2,A,0.504
1769884741.1625419,ADC2,0,bus_voltage,V,10.551
1769884741.2132845,THERM,0,motor_temp,C,28.286
1769884741.2638977,ADC2,0,bus_voltage,V,12.511
1769884741.3147752,THERM,0,motor_temp,C,59.313
1769884741.3657982,THERM,0,motor_temp,C,49.921
1769884741.4164095,THERM,0,motor_temp,C,52.104
1769884741.4669478,ADC2,0,bus_voltage,V,11.49
1769884741.5177443,THERM,0,motor_temp,C,33.755
1769884741.570101,THERM,0,motor_temp,C,39.503
1769884741.6225264,ADC1,0,servo_1,A,2.113
1769884741.6736257,ADC1,0,servo_1,A,2.371
1769884741.724489,ADC1,0,servo_1,A,0.556
1769884741.7751656,ADC1,0,servo_1,A,1.195
1769884741.825941,ADC1,0,servo_1,A,1.172
1769884741.8764915,ADC2,0,bus_voltage,V,10.115
1769884741.9297297,ADC1,0,servo_1,A,1.427
1769884741.9809506,ADC1,1,servo_2,A,1.843
1769884742.0315635,ADC1,0,servo_1,A,1.589
1769884742.0829434,ADC1,1,servo_2,A,0.965
1769884742.1352892,ADC2,0,bus_voltage,V,11.881
1769884742.1865141,THERM,0,motor_temp,C,53.083
1769884742.2373788,ADC1,0,servo_1,A,1.85
1769884742.2882535,THERM,0,motor_temp,C,45.016
1769884742.3388963,ADC1,1,servo_2,A,0.67
1769884742.3893714,ADC1,0,servo_1,A,1.242
1769884742.4400573,THERM,0,motor_temp,C,69.688
1769884742.4914198,ADC1,1,servo_2,A,2.113
1769884742.5418618,THERM,0,motor_temp,C,47.19
1769884742.5929282,THERM,0,motor_temp,C,41.17
1769884742.6450994,ADC1,0,servo_1,A,1.973
1769884742.6958265,THERM,0,motor_temp,C,54.122
1769884742.7476482,ADC1,1,servo_2,A,1.553
1769884742.798264,ADC1,1,servo_2,A,1.188
1769884742.8490167,ADC2,0,bus_voltage,V,10.979
1769884742.8996267,ADC2,0,bus_voltage,V,10.607
1769884742.9503777,ADC2,0,bus_voltage,V,12.377
1769884743.0010169,ADC1,0,servo_1,A,2.089
1769884743.051806,ADC2,0,bus_voltage,V,10.263
1769884743.1022143,ADC1,1,servo_2,A,1.394
1769884743.1533284,ADC1,1,servo_2,A,2.459
1769884743.2042127,ADC1,0,servo_1,A,2.46
1769884743.2549837,ADC2,0,bus_voltage,V,12.233
1769884743.3055127,THERM,0,motor_temp,C,37.913
1769884743.356011,ADC2,0,bus_voltage,V,10.776
1769884743.4067688,ADC2,0,bus_voltage,V,12.163
1769884743.4576774,ADC2,0,bus_voltage,V,12.542
1769884743.5080664,ADC1,1,servo_2,A,0.357
1769884743.5594866,ADC1,0,servo_1,A,2.402
1769884743.612626,ADC2,0,bus_voltage,V,10.39
1769884743.663406,ADC1,1,servo_2,A,1.472
1769884743.714408,THERM,0,motor_temp,C,40.258
1769884743.7651162,ADC1,1,servo_2,A,1.012
1769884743.8181689,ADC2,0,bus_voltage,V,10.563
1769884743.8690064,ADC1,0,servo_1,A,0.324
1769884743.9196858,ADC1,1,servo_2,A,1.327
1769884743.9703627,ADC1,1,servo_2,A,1.362
1769884744.0208712,ADC1,1,servo_2,A,0.4
1769884744.071674,ADC2,0,bus_voltage,V,10.885
1769884744.122492,ADC2,0,bus_voltage,V,10.928
1769884744.1731052,ADC1,1,servo_2,A,1.669
1769884744.2273693,THERM,0,motor_temp,C,61.841
1769884744.279105,ADC1,0,servo_1,A,1.194
1769884744.3303032,ADC2,0,bus_voltage,V,11.698
1769884744.381063,THERM,0,motor_temp,C,33.968
1769884744.4317544,ADC1,1,servo_2,A,0.726
1769884744.4827044,THERM,0,motor_temp,C,28.034
1769884744.5337708,ADC1,1,servo_2,A,0.996
1769884744.5841124,ADC1,0,servo_1,A,0.839
1769884744.6366208,ADC2,0,bus_voltage,V,11.133
1769884744.6870518,ADC1,1,servo_2,A,2.439
1769884744.7376409,THERM,0,motor_temp,C,69.637
1769884744.7884667,THERM,0,motor_temp,C,62.332
1769884744.839175,ADC1,0,servo_1,A,1.24
1769884744.889914,THERM,0,motor_temp,C,45.798
1769884744.9408815,ADC1,1,servo_2,A,2.348
1769884744.991485,ADC1,1,servo_2,A,1.126
1769884745.0421643,ADC1,0,servo_1,A,0.744
1769884745.092845,ADC2,0,bus_voltage,V,11.578
1769884745.143379,THERM,0,motor_temp,C,57.363
1769884745.19389,ADC1,0,servo_1,A,0.832
1769884745.244841,ADC1,1,servo_2,A,0.72
1769884745.2956069,ADC1,0,servo_1,A,1.402
1769884745.3465889,ADC1,1,servo_2,A,0.921
1769884745.3976173,ADC1,0,servo_1,A,1.812
1769884745.4483018,ADC2,0,bus_voltage,V,12.052
1769884745.4999099,ADC2,0,bus_voltage,V,11.28
1769884745.5505815,ADC1,0,servo_1,A,0.705
1769884745.6010618,ADC1,0,servo_1,A,1.291
1769884745.65199,ADC1,1,servo_2,A,0.365
1769884745.7031906,ADC1,1,servo_2,A,1.718
1769884745.7540658,ADC1,0,servo_1,A,2.389
1769884745.8047373,THERM,0,motor_temp,C,68.171
1769884745.855254,ADC1,0,servo_1,A,2.488
1769884745.9060376,ADC1,1,servo_2,A,1.029
1769884745.9568923,ADC1,0,servo_1,A,0.406
1769884746.007748,ADC1,0,servo_1,A,1.133
1769884746.0582182,ADC2,0,bus_voltage,V,10.223
1769884746.109233,ADC1,0,servo_1,A,0.735
1769884746.160021,ADC1,1,servo_2,A,1.516
1769884746.2109394,ADC2,0,bus_voltage,V,11.093
1769884746.2625034,THERM,0,motor_temp,C,28.896
1769884746.313409,ADC1,0,servo_1,A,0.782
1769884746.364234,ADC1,0,servo_1,A,1.963
1769884746.4148712,THERM,0,motor_temp,C,60.004
1769884746.4654198,ADC2,0,bus_voltage,V,12.255
1769884746.5160227,ADC2,0,bus_voltage,V,11.897
1769884746.567073,ADC2,0,bus_voltage,V,12.042
1769884746.618141,ADC1,1,servo_2,A,0.809
1769884746.6685789,ADC1,1,servo_2,A,1.565
1769884746.7189744,THERM,0,motor_temp,C,47.316
1769884746.7701151,ADC2,0,bus_voltage,V,11.865
1769884746.8207407,ADC2,0,bus_voltage,V,10.058
1769884746.871622,ADC1,1,servo_2,A,1.262
1769884746.9222429,ADC1,1,servo_2,A,0.506
1769884746.9731898,ADC1,1,servo_2,A,0.742
1769884747.023702,THERM,0,motor_temp,C,48.313
1769884747.0744073,THERM,0,motor_temp,C,48.588
1769884747.1250548,ADC2,0,bus_voltage,V,10.887
1769884747.1754925,THERM,0,motor_temp,C,49.444
1769884747.2262607,ADC1,0,servo_1,A,2.296
1769884747.276864,ADC1,1,servo_2,A,2.103
1769884747.3277316,ADC1,0,servo_1,A,1.629
1769884747.3784559,ADC2,0,bus_voltage,V,12.135
1769884747.4291625,ADC1,1,servo_2,A,1.767
1769884747.479933,THERM,0,motor_temp,C,31.656
1769884747.530384,THERM,0,motor_temp,C,25.561
1769884747.5810223,ADC2,0,bus_voltage,V,10.789
1769884747.6317284,ADC1,0,servo_1,A,1.41
1769884747.6823819,ADC2,0,bus_voltage,V,11.38
1769884747.7327907,ADC1,1,servo_2,A,1.744
1769884747.7837708,ADC1,1,servo_2,A,1.534
1769884747.8344066,THERM,0,motor_temp,C,36.687
1769884747.885112,ADC2,0,bus_voltage,V,11.251
1769884747.9356105,ADC1,1,servo_2,A,2.5
1769884747.9863706,THERM,0,motor_temp,C,59.493
1769884748.0370185,ADC1,0,servo_1,A,1.618
1769884748.0876088,ADC1,1,servo_2,A,0.21
1769884748.1383915,ADC1,0,servo_1,A,1.158
1769884748.1890206,ADC2,0,bus_voltage,V,11.422
1769884748.2395468,ADC2,0,bus_voltage,V,10.064
1769884748.2902608,ADC1,0,servo_1,A,0.654
1769884748.3408387,ADC1,1,servo_2,A,1.207
1769884748.3914657,ADC1,1,servo_2,A,1.269
1769884748.4421291,ADC1,0,servo_1,A,0.458
1769884748.4928474,THERM,0,motor_temp,C,67.625
1769884748.543524,ADC1,0,servo_1,A,1.245
1769884748.5943716,ADC1,0,servo_1,A,1.808
1769884748.6453016,THERM,0,motor_temp,C,25.638
1769884748.6959167,ADC1,1,servo_2,A,2.181
1769884748.7466364,ADC1,0,servo_1,A,2.426
1769884748.7973113,ADC1,0,servo_1,A,0.353
1769884748.8478758,THERM,0,motor_temp,C,45.204
1769884748.8985817,ADC1,0,servo_1,A,2.409
1769884748.949141,THERM,0,motor_temp,C,43.953
1769884748.9998667,ADC1,1,servo_2,A,1.621
1769884749.050287,ADC1,1,servo_2,A,1.882
1769884749.1007128,ADC1,1,servo_2,A,1.097
1769884749.1511538,THERM,0,motor_temp,C,50.807
1769884749.2017372,ADC1,0,servo_1,A,1.181
1769884749.2523677,ADC2,0,bus_voltage,V,10.151
1769884749.3029456,ADC1,0,servo_1,A,0.344
1769884749.3536112,THERM,0,motor_temp,C,37.159
1769884749.404318,ADC1,0,servo_1,A,1.493
1769884749.4548016,ADC1,0,servo_1,A,1.128
1769884749.5055797,ADC2,0,bus_voltage,V,10.391
1769884749.5564058,ADC1,1,servo_2,A,0.56
1769884749.607188,ADC2,0,bus_voltage,V,11.384
1769884749.6576405,ADC1,1,servo_2,A,1.705
1769884749.708313,THERM,0,motor_temp,C,57.115
1769884749.7590923,THERM,0,motor_temp,C,32.272
1769884749.8096385,ADC1,0,servo_1,A,0.765
1769884749.8603396,ADC2,0,bus_voltage,V,12.183
1769884749.9111862,ADC2,0,bus_voltage,V,10.006
1769884749.9625826,ADC1,1,servo_2,A,0.635
1769884750.013994,ADC1,0,servo_1,A,0.683
1769884750.0654438,ADC1,1,servo_2,A,0.835
1769884750.116959,ADC2,0,bus_voltage,V,12.085
1769884750.168259,THERM,0,motor_temp,C,34.843
1769884750.218804,THERM,0,motor_temp,C,32.416
1769884750.2695723,THERM,0,motor_temp,C,40.762
1769884750.320618,ADC1,1,servo_2,A,1.365
1769884750.3715043,THERM,0,motor_temp,C,25.683
1769884750.4220695,ADC2,0,bus_voltage,V,10.577
1769884750.4728267,ADC1,1,servo_2,A,0.513
1769884750.5234954,ADC1,1,servo_2,A,1.127
1769884750.5740006,ADC2,0,bus_voltage,V,12.377
1769884750.6243775,THERM,0,motor_temp,C,56.237
1769884750.6747785,ADC2,0,bus_voltage,V,10.527
1769884750.7251809,ADC1,0,servo_1,A,1.807
1769884750.7758331,THERM,0,motor_temp,C,51.749
1769884750.8263304,ADC1,0,servo_1,A,0.613
1769884750.8771236,ADC1,1,servo_2,A,1.008
1769884750.9282017,ADC2,0,bus_voltage,V,12.538
1769884750.978945,ADC1,0,servo_1,A,1.803
1769884751.0296776,ADC2,0,bus_voltage,V,12.016
1769884751.0802615,THERM,0,motor_temp,C,29.636
1769884751.1306534,THERM,0,motor_temp,C,27.873
1769884751.1812367,ADC2,0,bus_voltage,V,10.559
1769884751.2321131,ADC1,0,servo_1,A,1.589
1769884751.282654,ADC1,0,servo_1,A,1.053
1769884751.3335743,ADC1,0,servo_1,A,0.641
1769884751.3843544,ADC1,1,servo_2,A,0.69
1769884751.4350853,ADC1,1,servo_2,A,2.147
1769884751.4857528,ADC1,1,servo_2,A,1.154
1769884751.5365627,THERM,0,motor_temp,C,44.039
1769884751.5870283,ADC1,0,servo_1,A,2.163
1769884751.637406,ADC1,1,servo_2,A,2.133
1769884751.6878264,ADC2,0,bus_voltage,V,10.964
1769884751.7386732,ADC1,0,servo_1,A,2.212
1769884751.7897034,ADC1,0,servo_1,A,1.948
1769884751.8443549,ADC2,0,bus_voltage,V,11.505
1769884751.8952837,ADC1,1,servo_2,A,0.257
1769884751.9460018,ADC2,0,bus_voltage,V,11.669
1769884751.9964175,ADC1,1,servo_2,A,0.94
1769884752.0470872,THERM,0,motor_temp,C,60.782
1769884752.097797,ADC1,0,servo_1,A,0.237
1769884752.1481993,ADC1,1,servo_2,A,2.112
1769884752.1988795,ADC2,0,bus_voltage,V,11.478
1769884752.2517126,ADC2,0,bus_voltage,V,12.258
1769884752.30468,ADC2,0,bus_voltage,V,11.297
1769884752.3558376,ADC1,1,servo_2,A,0.297
1769884752.4067209,ADC1,1,servo_2,A,0.71
1769884752.457323,ADC2,0,bus_voltage,V,10.603
1769884752.5082607,ADC2,0,bus_voltage,V,11.936
1769884752.5589359,THERM,0,motor_temp,C,55.521
1769884752.6097593,ADC1,1,servo_2,A,0.696
1769884752.6604774,ADC1,0,servo_1,A,2.092
1769884752.7113018,ADC1,0,servo_1,A,1.022
1769884752.7622263,ADC1,1,servo_2,A,1.845
1769884752.813312,ADC1,0,servo_1,A,1.911
1769884752.8636572,ADC1,1,servo_2,A,1.028
1769884752.9145274,THERM,0,motor_temp,C,36.968
1769884752.9668252,ADC1,0,servo_1,A,1.285
1769884753.0179179,ADC2,0,bus_voltage,V,12.595
1769884753.0685682,ADC1,0,servo_1,A,1.122
1769884753.1192665,ADC1,1,servo_2,A,1.317
1769884753.1697931,ADC2,0,bus_voltage,V,10.07
1769884753.2206082,ADC2,0,bus_voltage,V,11.048
1769884753.2712588,ADC1,0,servo_1,A,2.415
1769884753.322024,ADC2,0,bus_voltage,V,10.628
1769884753.3725183,THERM,0,motor_temp,C,51.419
1769884753.423425,ADC1,0,servo_1,A,1.319
1769884753.4741602,ADC1,1,servo_2,A,0.677
1769884753.5249577,THERM,0,motor_temp,C,28.9
1769884753.5753548,ADC2,0,bus_voltage,V,10.518
1769884753.625935,THERM,0,motor_temp,C,44.861
1769884753.6764114,THERM,0,motor_temp,C,45.82
1769884753.7269745,THERM,0,motor_temp,C,64.449
1769884753.7776618,ADC2,0,bus_voltage,V,10.961
1769884753.8284829,THERM,0,motor_temp,C,56.212
1769884753.8792074,ADC2,0,bus_voltage,V,10.621
1769884753.9303424,THERM,0,motor_temp,C,58.076
1769884753.9809315,ADC1,0,servo_1,A,0.882
1769884754.0316083,THERM,0,motor_temp,C,39.855
1769884754.0821514,ADC1,0,servo_1,A,2.333
1769884754.1330578,ADC1,1,servo_2,A,1.375
1769884754.1840835,THERM,0,motor_temp,C,27.85
1769884754.234856,ADC1,1,servo_2,A,1.506
1769884754.2854218,ADC2,0,bus_voltage,V,11.785
1769884754.3362157,THERM,0,motor_temp,C,50.232
1769884754.3867342,ADC1,1,servo_2,A,2.235
1769884754.4389095,ADC1,1,servo_2,A,0.697
1769884754.4894266,ADC1,1,servo_2,A,1.85
1769884754.5406494,THERM,0,motor_temp,C,48.513
1769884754.5946596,THERM,0,motor_temp,C,38.947
1769884754.6453235,ADC1,1,servo_2,A,0.935
1769884754.6974912,ADC1,1,servo_2,A,2.36
1769884754.7482362,ADC2,0,bus_voltage,V,11.539
1769884754.7989924,ADC1,0,servo_1,A,0.451
1769884754.8495383,THERM,0,motor_temp,C,53.976
1769884754.900261,ADC1,0,servo_1,A,1.675
1769884754.951478,ADC1,0,servo_1,A,0.631
1769884755.0022242,THERM,0,motor_temp,C,25.965
1769884755.0529315,ADC1,1,servo_2,A,1.618
1769884755.107178,THERM,0,motor_temp,C,34.827
1769884755.1608274,ADC1,1,servo_2,A,2.174
1769884755.2116485,ADC1,1,servo_2,A,1.547
1769884755.2661738,THERM,0,motor_temp,C,41.581
1769884755.316783,ADC2,0,bus_voltage,V,12.116
1769884755.368124,ADC1,0,servo_1,A,1.575
1769884755.4207208,THERM,0,motor_temp,C,39.8
1769884755.4715679,ADC1,0,servo_1,A,2.286
1769884755.5221202,ADC1,0,servo_1,A,1.538
1769884755.5728788,ADC1,0,servo_1,A,1.376
1769884755.6239347,ADC1,1,servo_2,A,2.225
1769884755.674368,ADC1,1,servo_2,A,0.624
1769884755.72481,ADC1,1,servo_2,A,2.275
1769884755.7751944,ADC2,0,bus_voltage,V,11.19
1769884755.82598,ADC1,1,servo_2,A,1.364
1769884755.8764691,THERM,0,motor_temp,C,47.434
1769884755.9273252,THERM,0,motor_temp,C,47.801
1769884755.9780972,THERM,0,motor_temp,C,42.749
1769884756.0285194,THERM,0,motor_temp,C,67.915
1769884756.0790565,ADC2,0,bus_voltage,V,11.252
1769884756.1300933,ADC1,1,servo_2,A,1.733
1769884756.1810224,THERM,0,motor_temp,C,46.514
1769884756.2319136,ADC2,0,bus_voltage,V,11.612
1769884756.2825623,ADC1,0,servo_1,A,1.118
1769884756.33352,ADC1,1,servo_2,A,2.18
1769884756.3867614,ADC1,0,servo_1,A,0.544
1769884756.43842,ADC2,0,bus_voltage,V,12.165
1769884756.4892004,THERM,0,motor_temp,C,62.53
1769884756.539652,ADC2,0,bus_voltage,V,11.564
1769884756.5900986,THERM,0,motor_temp,C,28.958
1769884756.6409686,ADC1,0,servo_1,A,0.593
1769884756.6916683,ADC2,0,bus_voltage,V,11.16
1769884756.742154,ADC2,0,bus_voltage,V,10.077
1769884756.7931364,THERM,0,motor_temp,C,30.338
1769884756.844199,ADC1,0,servo_1,A,0.565
1769884756.8946712,ADC2,0,bus_voltage,V,12.473
1769884756.9453335,ADC1,1,servo_2,A,0.522
1769884756.9961112,ADC2,0,bus_voltage,V,12.236
1769884757.046624,THERM,0,motor_temp,C,43.902
1769884757.0972264,ADC1,0,servo_1,A,1.868
1769884757.1479526,ADC2,0,bus_voltage,V,11.596
1769884757.200193,ADC1,0,servo_1,A,2.104
1769884757.2505615,THERM,0,motor_temp,C,35.451
1769884757.300998,ADC1,1,servo_2,A,0.756
1769884757.3517907,ADC1,0,servo_1,A,2.331
1769884757.4026432,ADC1,1,servo_2,A,1.99
1769884757.4530995,ADC2,0,bus_voltage,V,12.269
1769884757.5036614,ADC2,0,bus_voltage,V,11.373
1769884757.5545833,ADC1,0,servo_1,A,1.39
1769884757.6056843,THERM,0,motor_temp,C,67.974
1769884757.6563034,ADC1,1,servo_2,A,1.676
1769884757.7070098,ADC1,0,servo_1,A,0.975
1769884757.757759,ADC1,1,servo_2,A,2.39
1769884757.810232,ADC1,0,servo_1,A,1.591
1769884757.8614402,ADC2,0,bus_voltage,V,10.72
1769884757.912048,ADC1,0,servo_1,A,1.844
1769884757.9630547,THERM,0,motor_temp,C,45.9
1769884758.014011,ADC1,1,servo_2,A,2.466
1769884758.064974,ADC2,0,bus_voltage,V,10.498
1769884758.1159918,ADC2,0,bus_voltage,V,11.915
1769884758.1672163,ADC1,0,servo_1,A,2.471
1769884758.2183409,THERM,0,motor_temp,C,28.034
1769884758.2691064,ADC1,1,servo_2,A,0.751
1769884758.3196194,ADC1,1,servo_2,A,0.856
1769884758.3706386,ADC1,1,servo_2,A,2.275
1769884758.4212968,ADC1,0,servo_1,A,1.035
1769884758.4721265,THERM,0,motor_temp,C,48.618
1769884758.5225675,ADC2,0,bus_voltage,V,10.086
1769884758.5736053,ADC1,0,servo_1,A,2.414
1769884758.6242738,THERM,0,motor_temp,C,51.936
1769884758.674992,ADC2,0,bus_voltage,V,10.33
1769884758.7257242,ADC2,0,bus_voltage,V,11.597
1769884758.7763782,ADC1,1,servo_2,A,1.252
1769884758.8270776,ADC2,0,bus_voltage,V,11.366
1769884758.8776293,ADC1,1,servo_2,A,0.713
1769884758.9285476,THERM,0,motor_temp,C,47.779
1769884758.979392,ADC1,0,servo_1,A,2.148
1769884759.0298336,ADC2,0,bus_voltage,V,10.943
1769884759.0803087,THERM,0,motor_temp,C,63.032
1769884759.13129,ADC1,0,servo_1,A,0.943
1769884759.1823134,ADC1,1,servo_2,A,1.767
1769884759.2329795,ADC1,0,servo_1,A,1.227
1769884759.2835774,ADC2,0,bus_voltage,V,10.277
1769884759.3341708,ADC1,0,servo_1,A,2.424
1769884759.3850253,ADC2,0,bus_voltage,V,10.821
1769884759.436065,ADC1,1,servo_2,A,2.489
1769884759.486517,THERM,0,motor_temp,C,62.364
1769884759.5374181,ADC2,0,bus_voltage,V,12.329
1769884759.5878248,ADC1,0,servo_1,A,1.858
1769884759.63872,ADC2,0,bus_voltage,V,11.353
1769884759.6896415,ADC1,1,servo_2,A,2.384
1769884759.7404585,ADC2,0,bus_voltage,V,10.5
1769884759.7912176,ADC1,1,servo_2,A,1.062
1769884759.8420568,THERM,0,motor_temp,C,52.525
1769884759.8926635,ADC2,0,bus_voltage,V,10.852
1769884759.9433846,THERM,0,motor_temp,C,64.374
1769884759.9941435,THERM,0,motor_temp,C,67.342
1769884760.044776,ADC1,1,servo_2,A,0.386
1769884760.0953503,ADC1,0,servo_1,A,0.626
1769884760.1463864,ADC1,1,servo_2,A,1.93
1769884760.2000349,ADC1,1,servo_2,A,0.827
1769884760.251122,THERM,0,motor_temp,C,35.555
1769884760.301852,THERM,0,motor_temp,C,27.431
1769884760.3525212,ADC1,1,servo_2,A,1.816
1769884760.4036734,ADC2,0,bus_voltage,V,11.484
1769884760.4546013,ADC2,0,bus_voltage,V,11.788
1769884760.5051107,ADC2,0,bus_voltage,V,10.58
1769884760.55557,THERM,0,motor_temp,C,57.39
1769884760.6064706,ADC1,0,servo_1,A,0.404
1769884760.6572168,THERM,0,motor_temp,C,47.274
1769884760.7080483,ADC1,0,servo_1,A,1.075
1769884760.7589865,ADC2,0,bus_voltage,V,10.233
1769884760.8095422,ADC1,1,servo_2,A,0.405
1769884760.8601909,ADC2,0,bus_voltage,V,10.996
1769884760.9111733,THERM,0,motor_temp,C,30.265
1769884760.962051,ADC1,1,servo_2,A,1.76
1769884761.0127282,ADC1,1,servo_2,A,0.447
1769884761.063294,ADC1,0,servo_1,A,2.316
1769884761.1143177,ADC1,0,servo_1,A,1.112
1769884761.164789,ADC1,0,servo_1,A,0.495
1769884761.215413,ADC1,0,servo_1,A,1.108
1769884761.2665453,ADC2,0,bus_voltage,V,11.613
1769884761.3171916,THERM,0,motor_temp,C,49.044
1769884761.36775,ADC1,1,servo_2,A,0.5
1769884761.4186208,ADC1,0,servo_1,A,0.903
1769884761.469459,ADC1,0,servo_1,A,1.45
1769884761.5203004,ADC1,1,servo_2,A,1.45
1769884761.5711055,ADC1,1,servo_2,A,0.356
1769884761.6218812,ADC1,1,servo_2,A,0.801
1769884761.672529,ADC2,0,bus_voltage,V,10.909
1769884761.7229245,ADC1,0,servo_1,A,1.701
1769884761.7736478,ADC1,1,servo_2,A,2.488
1769884761.824508,ADC2,0,bus_voltage,V,12.405
1769884761.8754928,ADC1,1,servo_2,A,1.939
1769884761.9262097,THERM,0,motor_temp,C,38.766
1769884761.9766686,ADC2,0,bus_voltage,V,11.667
1769884762.0274282,ADC1,0,servo_1,A,0.501
1769884762.0798275,ADC2,0,bus_voltage,V,10.673
1769884762.1312172,ADC1,1,servo_2,A,0.956
1769884762.1820123,THERM,0,motor_temp,C,64.99
1769884762.232433,THERM,0,motor_temp,C,66.859
1769884762.2835658,ADC1,0,servo_1,A,1.168
1769884762.3346157,ADC2,0,bus_voltage,V,11.774
1769884762.3876545,ADC1,1,servo_2,A,0.976
1769884762.4385448,ADC1,0,servo_1,A,2.491
1769884762.4896865,THERM,0,motor_temp,C,55.967
1769884762.5405,ADC1,0,servo_1,A,2.138
1769884762.5911005,ADC2,0,bus_voltage,V,10.544
1769884762.6418545,ADC1,1,servo_2,A,0.471
1769884762.692388,THERM,0,motor_temp,C,60.97
1769884762.7432613,THERM,0,motor_temp,C,46.26
1769884762.7940564,THERM,0,motor_temp,C,58.189
1769884762.8445337,ADC1,0,servo_1,A,2.108
1769884762.895335,ADC1,1,servo_2,A,2.31
1769884762.9466078,ADC2,0,bus_voltage,V,10.269
1769884762.99786,ADC1,1,servo_2,A,2.283
1769884763.0483534,ADC1,1,servo_2,A,2.045
1769884763.099138,THERM,0,motor_temp,C,28.057
1769884763.150502,ADC1,0,servo_1,A,0.367
1769884763.2012746,ADC1,1,servo_2,A,1.925
1769884763.2519941,ADC1,1,servo_2,A,0.848
1769884763.3044405,ADC1,1,servo_2,A,0.283
1769884763.355244,ADC1,0,servo_1,A,1.083
1769884763.4061959,ADC1,1,servo_2,A,0.755
1769884763.4570787,THERM,0,motor_temp,C,42.171
1769884763.5077412,THERM,0,motor_temp,C,39.356
1769884763.5585275,ADC1,1,servo_2,A,0.412
1769884763.6092079,ADC2,0,bus_voltage,V,11.746
1769884763.6600087,ADC1,1,servo_2,A,2.108
1769884763.7106624,ADC1,0,servo_1,A,1.45
1769884763.7613733,ADC1,0,servo_1,A,0.918
1769884763.8117845,ADC1,0,servo_1,A,0.344
1769884763.8628247,ADC2,0,bus_voltage,V,11.193
1769884763.913605,ADC2,0,bus_voltage,V,10.497
1769884763.9642053,ADC1,0,servo_1,A,2.113
1769884764.0150023,ADC2,0,bus_voltage,V,11.01
1769884764.065437,THERM,0,motor_temp,C,34.65
1769884764.1158977,ADC1,1,servo_2,A,2.247
1769884764.1664472,THERM,0,motor_temp,C,32.848
1769884764.2169614,THERM,0,motor_temp,C,43.025
1769884764.2673988,ADC1,1,servo_2,A,1.182
1769884764.318111,THERM,0,motor_temp,C,47.519
1769884764.369418,ADC1,1,servo_2,A,2.474
1769884764.419912,THERM,0,motor_temp,C,35.19
1769884764.4707007,THERM,0,motor_temp,C,67.076
1769884764.5213923,ADC1,0,servo_1,A,0.795
1769884764.5718837,ADC1,1,servo_2,A,1.102
1769884764.622416,ADC1,1,servo_2,A,0.902
1769884764.6729286,ADC1,0,servo_1,A,1.118
1769884764.723789,ADC2,0,bus_voltage,V,11.195
1769884764.7741845,THERM,0,motor_temp,C,55.657
1769884764.825001,ADC2,0,bus_voltage,V,11.36
1769884764.8760574,ADC2,0,bus_voltage,V,11.779
1769884764.926715,ADC2,0,bus_voltage,V,11.947
1769884764.9772553,THERM,0,motor_temp,C,56.119
1769884765.0278466,THERM,0,motor_temp,C,66.063
1769884765.0785606,ADC1,1,servo_2,A,1.14
1769884765.1289563,ADC1,1,servo_2,A,2.032
1769884765.1799073,ADC1,1,servo_2,A,1.403
1769884765.2316067,ADC1,1,servo_2,A,0.598
1769884765.2836428,ADC1,1,servo_2,A,2.257
1769884765.3344014,ADC2,0,bus_voltage,V,11.08
1769884765.38587,ADC1,0,servo_1,A,1.245
1769884765.4367342,ADC2,0,bus_voltage,V,11.344
1769884765.487295,ADC2,0,bus_voltage,V,10.017
1769884765.537825,ADC1,0,servo_1,A,1.42
1769884765.5887458,THERM,0,motor_temp,C,65.065
1769884765.6397126,ADC1,0,servo_1,A,1.1
1769884765.6904562,ADC1,0,servo_1,A,1.902
1769884765.7414558,ADC2,0,bus_voltage,V,10.689
1769884765.7921922,ADC1,0,servo_1,A,2.087
1769884765.8433907,THERM,0,motor_temp,C,67.578
1769884765.8943207,ADC1,0,servo_1,A,1.942
1769884765.9448085,THERM,0,motor_temp,C,38.832
1769884765.9953942,THERM,0,motor_temp,C,67.919
1769884766.046205,ADC1,1,servo_2,A,0.297
1769884766.0970342,ADC1,0,servo_1,A,0.777
1769884766.147884,ADC1,1,servo_2,A,0.393
1769884766.1989965,THERM,0,motor_temp,C,39.799
1769884766.2496095,ADC2,0,bus_voltage,V,12.143
1769884766.300975,ADC1,0,servo_1,A,1.016
1769884766.3517559,ADC1,0,servo_1,A,0.889
1769884766.4024837,ADC2,0,bus_voltage,V,10.239
1769884766.4529076,THERM,0,motor_temp,C,68.543
1769884766.503679,ADC1,1,servo_2,A,0.213
1769884766.5543754,ADC2,0,bus_voltage,V,11.011
1769884766.605067,ADC2,0,bus_voltage,V,12.338
1769884766.655498,THERM,0,motor_temp,C,45.734
1769884766.706613,ADC1,1,servo_2,A,1.377
1769884766.7570565,THERM,0,motor_temp,C,56.168
1769884766.8076923,ADC1,1,servo_2,A,2.233
1769884766.8583555,ADC1,1,servo_2,A,1.23
1769884766.9090564,THERM,0,motor_temp,C,53.956
1769884766.959704,ADC2,0,bus_voltage,V,10.896
1769884767.010411,ADC2,0,bus_voltage,V,11.081
1769884767.0614612,ADC2,0,bus_voltage,V,10.36
1769884767.1119964,ADC1,0,servo_1,A,0.728
1769884767.1642513,ADC1,1,servo_2,A,2.211
1769884767.215322,ADC1,1,servo_2,A,2.314
1769884767.2673671,ADC2,0,bus_voltage,V,11.527
1769884767.3179986,ADC2,0,bus_voltage,V,11.933
1769884767.368555,ADC2,0,bus_voltage,V,11.922
1769884767.419601,ADC1,0,servo_1,A,2.093
1769884767.4700289,ADC2,0,bus_voltage,V,12.352
1769884767.520868,THERM,0,motor_temp,C,28.688
1769884767.5715392,THERM,0,motor_temp,C,34.521
1769884767.6221092,ADC1,0,servo_1,A,1.164
1769884767.6739788,ADC2,0,bus_voltage,V,10.816
1769884767.7247021,ADC1,1,servo_2,A,2.078
1769884767.775158,ADC2,0,bus_voltage,V,11.162
1769884767.8271031,ADC1,0,servo_1,A,1.93
1769884767.8780699,ADC1,1,servo_2,A,0.728
1769884767.9284832,ADC1,0,servo_1,A,1.576
1769884767.9790726,ADC2,0,bus_voltage,V,12.007
1769884768.0297544,THERM,0,motor_temp,C,45.392
1769884768.0802047,THERM,0,motor_temp,C,35.905
1769884768.130888,THERM,0,motor_temp,C,34.693
1769884768.1813977,ADC1,1,servo_2,A,1.042
1769884768.2319207,ADC2,0,bus_voltage,V,11.958
1769884768.282437,ADC2,0,bus_voltage,V,11.908
1769884768.3331523,ADC1,1,servo_2,A,0.615
1769884768.383721,ADC1,1,servo_2,A,1.087
1769884768.4347117,THERM,0,motor_temp,C,61.024
1769884768.4852102,ADC2,0,bus_voltage,V,12.066
1769884768.5359292,ADC2,0,bus_voltage,V,10.727
1769884768.5863225,ADC2,0,bus_voltage,V,11.145
1769884768.6371047,ADC1,1,servo_2,A,0.868
1769884768.6877704,ADC2,0,bus_voltage,V,10.301
1769884768.7393985,ADC1,1,servo_2,A,1.525
1769884768.7900937,ADC1,0,servo_1,A,2.047
1769884768.8421545,ADC2,0,bus_voltage,V,10.617
1769884768.8933778,THERM,0,motor_temp,C,37.222
1769884768.9443648,ADC1,1,servo_2,A,1.104
1769884768.9952629,ADC1,0,servo_1,A,2.13
1769884769.0459623,ADC1,0,servo_1,A,1.235
1769884769.0964813,ADC1,1,servo_2,A,1.584
1769884769.147777,ADC1,1,servo_2,A,2.222
1769884769.1990056,ADC1,1,servo_2,A,0.452
1769884769.2500715,THERM,0,motor_temp,C,68.317
1769884769.3015752,ADC1,1,servo_2,A,2.421
1769884769.3526943,ADC1,0,servo_1,A,0.74
1769884769.4035451,THERM,0,motor_temp,C,65.061
1769884769.4542353,ADC2,0,bus_voltage,V,10.408
1769884769.5049791,ADC1,1,servo_2,A,2.31
1769884769.5556824,ADC1,0,servo_1,A,2.286
1769884769.6062098,ADC1,0,servo_1,A,1.135
1769884769.6571753,ADC2,0,bus_voltage,V,10.348
1769884769.7076144,THERM,0,motor_temp,C,54.056
1769884769.7583866,ADC1,1,servo_2,A,1.661
1769884769.8095474,THERM,0,motor_temp,C,54.313
1769884769.8601604,ADC1,1,servo_2,A,1.171
1769884769.911495,ADC1,1,servo_2,A,1.859
1769884769.9624708,ADC2,0,bus_voltage,V,10.417
1769884770.01325,ADC2,0,bus_voltage,V,11.368
1769884770.0666666,ADC2,0,bus_voltage,V,11.524
1769884770.1176295,ADC1,0,servo_1,A,1.245
1769884770.1692116,THERM,0,motor_temp,C,44.5
1769884770.21975,ADC1,0,servo_1,A,2.384
1769884770.270408,ADC2,0,bus_voltage,V,12.403
1769884770.3209145,ADC1,1,servo_2,A,0.539
1769884770.3714225,ADC2,0,bus_voltage,V,11.68
1769884770.421948,ADC2,0,bus_voltage,V,10.098
1769884770.4726756,THERM,0,motor_temp,C,39.482
1769884770.5238345,ADC2,0,bus_voltage,V,12.249
1769884770.5744436,THERM,0,motor_temp,C,29.964
1769884770.6251297,THERM,0,motor_temp,C,65.242
1769884770.6760883,THERM,0,motor_temp,C,56.854
1769884770.7273476,THERM,0,motor_temp,C,35.857
1769884770.7780719,ADC1,0,servo_1,A,1.614
1769884770.8289003,ADC1,0,servo_1,A,2.45
1769884770.8796782,THERM,0,motor_temp,C,39.156
1769884770.9314516,ADC1,0,servo_1,A,1.389
1769884770.982416,THERM,0,motor_temp,C,46.423
1769884771.0340595,ADC1,1,servo_2,A,0.648
1769884771.0849197,THERM,0,motor_temp,C,36.069
1769884771.1359816,ADC1,1,servo_2,A,1.549
1769884771.1869028,ADC1,1,servo_2,A,1.036
1769884771.2380514,ADC1,0,servo_1,A,0.734
1769884771.288636,THERM,0,motor_temp,C,38.781
1769884771.3392932,ADC1,1,servo_2,A,1.103
1769884771.389751,THERM,0,motor_temp,C,35.767
1769884771.440395,ADC1,0,servo_1,A,2.458
1769884771.4914303,ADC2,0,bus_voltage,V,11.884
1769884771.5421479,THERM,0,motor_temp,C,69.315
1769884771.5926073,ADC2,0,bus_voltage,V,10.213
1769884771.6433642,ADC1,0,servo_1,A,2.362
1769884771.6938636,ADC1,1,servo_2,A,1.521
1769884771.7453554,THERM,0,motor_temp,C,30.825
1769884771.7966783,ADC1,0,servo_1,A,0.723
1769884771.8471615,ADC2,0,bus_voltage,V,11.343
1769884771.8976812,ADC1,1,servo_2,A,0.356
1769884771.9482741,ADC1,1,servo_2,A,1.527
1769884771.9987764,ADC1,1,servo_2,A,0.319
1769884772.0495439,ADC1,0,servo_1,A,0.88
1769884772.1001766,ADC1,0,servo_1,A,0.598
1769884772.1506624,ADC2,0,bus_voltage,V,11.675
1769884772.2018747,ADC1,0,servo_1,A,0.507
1769884772.2525907,ADC1,1,servo_2,A,0.827
1769884772.3029845,ADC1,1,servo_2,A,2.265
1769884772.3537846,ADC1,1,servo_2,A,1.148
1769884772.4046304,ADC1,1,servo_2,A,0.598
1769884772.455461,ADC1,0,servo_1,A,1.188
1769884772.5062556,THERM,0,motor_temp,C,60.14
1769884772.5567687,ADC1,0,servo_1,A,2.296
1769884772.6074357,THERM,0,motor_temp,C,33.929
1769884772.658027,ADC1,0,servo_1,A,1.748
1769884772.7091374,ADC1,0,servo_1,A,1.986
1769884772.7596598,ADC1,1,servo_2,A,2.451
1769884772.8101597,ADC2,0,bus_voltage,V,10.934
1769884772.8605282,ADC1,0,servo_1,A,2.438
1769884772.9111793,THERM,0,motor_temp,C,27.562
1769884772.9618845,ADC2,0,bus_voltage,V,12.043
1769884773.0126615,THERM,0,motor_temp,C,66.886
1769884773.0631654,ADC1,1,servo_2,A,0.385
1769884773.1137066,ADC1,0,servo_1,A,1.785
1769884773.1642454,THERM,0,motor_temp,C,52.287
1769884773.214972,ADC1,0,servo_1,A,2.283
1769884773.2654328,ADC1,0,servo_1,A,1.319
1769884773.3158412,ADC1,0,servo_1,A,1.411
1769884773.3661706,ADC1,1,servo_2,A,0.375
1769884773.416857,THERM,0,motor_temp,C,43.399
1769884773.4676619,THERM,0,motor_temp,C,31.382
1769884773.5181718,ADC1,0,servo_1,A,2.128
1769884773.5688033,ADC2,0,bus_voltage,V,11.508
1769884773.619612,ADC2,0,bus_voltage,V,10.947
1769884773.670296,ADC1,1,servo_2,A,0.56
1769884773.7208886,ADC1,1,servo_2,A,2.359
1769884773.7715652,ADC2,0,bus_voltage,V,11.953
1769884773.8220913,ADC1,1,servo_2,A,0.251
1769884773.872974,ADC2,0,bus_voltage,V,11.338
1769884773.923599,THERM,0,motor_temp,C,52.601
1769884773.9747376,ADC1,1,servo_2,A,1.893
1769884774.0253174,ADC1,0,servo_1,A,1.24
1769884774.0761442,ADC1,0,servo_1,A,0.685
1769884774.126976,THERM,0,motor_temp,C,58.91
1769884774.1774595,ADC1,0,servo_1,A,0.42
1769884774.2283025,ADC1,0,servo_1,A,0.22
1769884774.2789237,ADC1,1,servo_2,A,2.311
1769884774.329705,ADC1,1,servo_2,A,1.871
1769884774.3807733,ADC2,0,bus_voltage,V,12.361
1769884774.4322648,ADC2,0,bus_voltage,V,10.805
1769884774.483363,THERM,0,motor_temp,C,50.745
1769884774.5338879,ADC2,0,bus_voltage,V,10.113
1769884774.5844934,ADC1,0,servo_1,A,0.333
1769884774.6349864,THERM,0,motor_temp,C,61.49
1769884774.685621,ADC2,0,bus_voltage,V,11.109
1769884774.7363112,ADC2,0,bus_voltage,V,12.054
1769884774.7874508,ADC1,0,servo_1,A,2.268
1769884774.837827,THERM,0,motor_temp,C,54.966
1769884774.8886752,ADC1,0,servo_1,A,0.48
1769884774.9395463,ADC1,0,servo_1,A,2.338
1769884774.9903066,ADC1,1,servo_2,A,1.538
1769884775.0411859,ADC1,0,servo_1,A,1.591
1769884775.0916994,ADC2,0,bus_voltage,V,11.549
1769884775.1442416,ADC1,0,servo_1,A,2.062
1769884775.194832,THERM,0,motor_temp,C,28.96
1769884775.2456348,ADC2,0,bus_voltage,V,10.57
1769884775.29648,ADC2,0,bus_voltage,V,12.535
1769884775.349328,THERM,0,motor_temp,C,60.947
1769884775.4015179,ADC1,0,servo_1,A,1.218
1769884775.4524767,ADC1,0,servo_1,A,0.766
1769884775.5031493,ADC1,1,servo_2,A,1.93
1769884775.5537622,THERM,0,motor_temp,C,32.781
1769884775.604532,ADC1,1,servo_2,A,1.221
1769884775.6559987,ADC1,0,servo_1,A,0.683
1769884775.708724,ADC1,1,servo_2,A,0.894
1769884775.7596262,ADC1,0,servo_1,A,1.019
1769884775.8110936,ADC1,0,servo_1,A,0.737
1769884775.8618646,ADC2,0,bus_voltage,V,11.423
1769884775.912889,THERM,0,motor_temp,C,41.71
1769884775.963511,ADC2,0,bus_voltage,V,12.29
1769884776.015856,THERM,0,motor_temp,C,66.339
1769884776.066634,ADC2,0,bus_voltage,V,11.756
1769884776.1174314,ADC1,1,servo_2,A,1.53
1769884776.16818,THERM,0,motor_temp,C,31.823
1769884776.218652,ADC1,0,servo_1,A,1.543
1769884776.2692175,ADC1,0,servo_1,A,0.426
1769884776.320175,THERM,0,motor_temp,C,35.249
1769884776.37087,ADC1,0,servo_1,A,1.762
1769884776.4213107,THERM,0,motor_temp,C,55.651
1769884776.4718652,ADC2,0,bus_voltage,V,10.201
1769884776.5225189,THERM,0,motor_temp,C,57.566
1769884776.5729275,ADC1,0,servo_1,A,1.68
1769884776.6237786,ADC2,0,bus_voltage,V,12.475
1769884776.6746256,ADC1,1,servo_2,A,2.287
1769884776.7250736,ADC1,1,servo_2,A,1.746
1769884776.7757618,ADC1,1,servo_2,A,0.421
1769884776.826355,ADC2,0,bus_voltage,V,10.995
1769884776.8771322,ADC1,0,servo_1,A,2.146
1769884776.927891,ADC2,0,bus_voltage,V,12.057
1769884776.9786708,ADC1,0,servo_1,A,0.792
1769884777.0293534,ADC2,0,bus_voltage,V,10.088
1769884777.079971,ADC1,0,servo_1,A,0.502
1769884777.1308227,ADC1,1,servo_2,A,1.133
1769884777.1821318,THERM,0,motor_temp,C,52.342
1769884777.2327547,THERM,0,motor_temp,C,63.457
1769884777.2834437,ADC1,0,servo_1,A,0.468
1769884777.3340638,ADC1,1,servo_2,A,2.419
1769884777.38459,ADC1,0,servo_1,A,1.992
1769884777.4351935,THERM,0,motor_temp,C,67.015
1769884777.4856334,ADC2,0,bus_voltage,V,11.039
1769884777.536332,THERM,0,motor_temp,C,34.669
1769884777.5868213,THERM,0,motor_temp,C,59.835
1769884777.6373587,ADC2,0,bus_voltage,V,12.386
1769884777.6878994,ADC2,0,bus_voltage,V,10.257
1769884777.7384489,THERM,0,motor_temp,C,44.588
1769884777.7888534,ADC1,0,servo_1,A,0.699
1769884777.8395736,ADC2,0,bus_voltage,V,12.528
1769884777.8899803,ADC1,0,servo_1,A,0.359
1769884777.9404964,ADC1,1,servo_2,A,1.415
1769884777.9910064,THERM,0,motor_temp,C,43.976
1769884778.0415025,ADC1,0,servo_1,A,2.355
1769884778.092361,THERM,0,motor_temp,C,40.614
1769884778.1429493,ADC1,0,servo_1,A,2.131
1769884778.1937187,THERM,0,motor_temp,C,29.243
1769884778.2443914,ADC1,0,servo_1,A,0.764
1769884778.29506,THERM,0,motor_temp,C,60.264
1769884778.345953,ADC2,0,bus_voltage,V,10.35
1769884778.3966737,ADC2,0,bus_voltage,V,11.691
1769884778.4472692,ADC2,0,bus_voltage,V,10.848
1769884778.498208,ADC1,1,servo_2,A,0.624
1769884778.5485158,ADC1,1,servo_2,A,1.1
1769884778.5996265,ADC1,0,servo_1,A,0.459
1769884778.6502795,THERM,0,motor_temp,C,61.962
1769884778.7009318,THERM,0,motor_temp,C,53.257
1769884778.7518744,ADC2,0,bus_voltage,V,10.943
1769884778.8028917,ADC1,1,servo_2,A,1.404
1769884778.853398,ADC1,0,servo_1,A,0.754
1769884778.9039931,ADC2,0,bus_voltage,V,12.43
1769884778.954796,ADC2,0,bus_voltage,V,11.898
1769884779.005512,THERM,0,motor_temp,C,46.419
1769884779.0564334,ADC2,0,bus_voltage,V,12.145
1769884779.106981,ADC1,0,servo_1,A,2.371
1769884779.1577935,ADC2,0,bus_voltage,V,10.065
1769884779.2084084,ADC1,1,servo_2,A,2.239
1769884779.2590032,ADC1,0,servo_1,A,1.688
1769884779.3097565,ADC1,0,servo_1,A,0.375
1769884779.3605804,THERM,0,motor_temp,C,36.942
1769884779.4113095,THERM,0,motor_temp,C,67.155
1769884779.461857,ADC1,0,servo_1,A,1.507
1769884779.5129733,ADC1,1,servo_2,A,1.12
1769884779.5635395,THERM,0,motor_temp,C,25.576
1769884779.6145568,ADC1,1,servo_2,A,0.446
1769884779.6653082,ADC1,1,servo_2,A,1.198
1769884779.7161517,ADC1,0,servo_1,A,0.345
1769884779.7666235,ADC1,1,servo_2,A,2.239
1769884779.8176444,THERM,0,motor_temp,C,40.271
1769884779.8685286,ADC2,0,bus_voltage,V,10.282
1769884779.9190369,ADC2,0,bus_voltage,V,11.154
1769884779.9697847,ADC2,0,bus_voltage,V,11.816
1769884780.0203357,ADC1,0,servo_1,A,0.544
1769884780.070873,THERM,0,motor_temp,C,58.844
1769884780.1216133,ADC1,0,servo_1,A,1.469
1769884780.1721158,ADC2,0,bus_voltage,V,11.093
1769884780.2230008,ADC1,0,servo_1,A,1.851
1769884780.2734964,THERM,0,motor_temp,C,37.076
1769884780.3241296,ADC1,1,servo_2,A,0.774
1769884780.3747082,ADC1,0,servo_1,A,1.16
1769884780.425386,ADC1,0,servo_1,A,2.167
1769884780.475757,THERM,0,motor_temp,C,33.875
1769884780.5264826,THERM,0,motor_temp,C,53.936
1769884780.5769796,ADC1,1,servo_2,A,2.026
1769884780.627853,ADC1,0,servo_1,A,0.398
1769884780.6787236,THERM,0,motor_temp,C,30.187
1769884780.7294724,THERM,0,motor_temp,C,34.844
1769884780.7803168,ADC1,0,servo_1,A,0.288
1769884780.83083,ADC2,0,bus_voltage,V,10.603
1769884780.8817472,ADC1,0,servo_1,A,0.438
1769884780.9327047,ADC1,0,servo_1,A,1.248
1769884780.9835718,ADC1,1,servo_2,A,1.847
1769884781.0344775,THERM,0,motor_temp,C,33.322
1769884781.0852494,ADC2,0,bus_voltage,V,10.464
1769884781.1358705,ADC1,1,servo_2,A,2.266
1769884781.1863248,ADC2,0,bus_voltage,V,10.334
1769884781.2372406,ADC2,0,bus_voltage,V,11.68
1769884781.2878518,ADC2,0,bus_voltage,V,10.35
1769884781.338602,ADC2,0,bus_voltage,V,12.105
1769884781.3891451,THERM,0,motor_temp,C,62.583
1769884781.4399333,ADC1,1,servo_2,A,1.62
1769884781.490908,ADC1,0,servo_1,A,0.445
1769884781.541638,ADC1,0,servo_1,A,1.952
1769884781.592205,THERM,0,motor_temp,C,62.586
1769884781.643,ADC1,1,servo_2,A,1.548
1769884781.6942127,ADC1,1,servo_2,A,1.044
1769884781.7450001,ADC1,1,servo_2,A,2.026
1769884781.7955515,ADC2,0,bus_voltage,V,10.113
1769884781.8469045,ADC1,1,servo_2,A,1.298
1769884781.898658,ADC1,1,servo_2,A,0.438
1769884781.949394,ADC1,0,servo_1,A,1.896
1769884782.0004315,ADC1,0,servo_1,A,0.201
1769884782.0514507,ADC2,0,bus_voltage,V,11.437
1769884782.1021636,ADC2,0,bus_voltage,V,12.082
1769884782.1528177,ADC2,0,bus_voltage,V,10.084
1769884782.2035284,ADC1,0,servo_1,A,1.065
1769884782.253953,THERM,0,motor_temp,C,41.653
1769884782.3049378,ADC2,0,bus_voltage,V,12.136
1769884782.3561816,THERM,0,motor_temp,C,68.124
1769884782.4071434,THERM,0,motor_temp,C,34.807
1769884782.4575815,ADC1,0,servo_1,A,0.554
1769884782.5086646,ADC2,0,bus_voltage,V,12.466
1769884782.5592418,ADC1,0,servo_1,A,1.978
1769884782.6132865,THERM,0,motor_temp,C,40.288
1769884782.663947,ADC1,0,servo_1,A,1.793
1769884782.714537,ADC1,0,servo_1,A,2.306
1769884782.7652836,THERM,0,motor_temp,C,49.986
1769884782.8158581,THERM,0,motor_temp,C,49.261
1769884782.86699,ADC2,0,bus_voltage,V,12.583
1769884782.9180057,ADC1,0,servo_1,A,0.429
1769884782.968465,ADC1,0,servo_1,A,0.554
1769884783.018871,ADC1,1,servo_2,A,1.817
1769884783.0695393,THERM,0,motor_temp,C,43.024
1769884783.119945,ADC2,0,bus_voltage,V,11.906
1769884783.1705189,ADC1,1,servo_2,A,1.663
1769884783.221332,ADC2,0,bus_voltage,V,12.461
1769884783.273351,THERM,0,motor_temp,C,63.523
1769884783.3241813,THERM,0,motor_temp,C,47.537
1769884783.3749163,ADC2,0,bus_voltage,V,11.886
1769884783.425589,ADC1,1,servo_2,A,2.055
1769884783.476162,ADC1,1,servo_2,A,2.036
1769884783.526811,THERM,0,motor_temp,C,54.951
1769884783.57791,ADC2,0,bus_voltage,V,12.068
1769884783.6284168,ADC2,0,bus_voltage,V,11.601
1769884783.6792212,THERM,0,motor_temp,C,56.516
1769884783.7300584,ADC2,0,bus_voltage,V,10.966
1769884783.7809937,ADC1,1,servo_2,A,1.41
1769884783.8319128,ADC1,0,servo_1,A,0.782
1769884783.8825464,THERM,0,motor_temp,C,33.668
1769884783.933344,THERM,0,motor_temp,C,25.896
1769884783.9839797,THERM,0,motor_temp,C,47.939
1769884784.0345142,ADC2,0,bus_voltage,V,11.941
1769884784.0863757,ADC1,1,servo_2,A,1.473
1769884784.137125,ADC1,1,servo_2,A,1.119
1769884784.1878476,ADC1,1,servo_2,A,1.508
1769884784.2384477,ADC2,0,bus_voltage,V,10.24
1769884784.2891166,THERM,0,motor_temp,C,57.682
1769884784.3400364,THERM,0,motor_temp,C,57.704
1769884784.390531,THERM,0,motor_temp,C,50.387
1769884784.441413,THERM,0,motor_temp,C,36.425
1769884784.49218,THERM,0,motor_temp,C,67.253
1769884784.5428066,ADC2,0,bus_voltage,V,10.625
1769884784.5936594,ADC1,0,servo_1,A,0.667
1769884784.6458397,THERM,0,motor_temp,C,34.769
1769884784.6968198,THERM,0,motor_temp,C,37.665
1769884784.7484536,ADC2,0,bus_voltage,V,11.012
1769884784.799255,ADC2,0,bus_voltage,V,11.841
1769884784.851033,ADC1,1,servo_2,A,1.452
1769884784.9016087,ADC1,1,servo_2,A,1.508
1769884784.9525137,ADC2,0,bus_voltage,V,10.82
1769884785.003271,ADC1,1,servo_2,A,1.771
1769884785.0537293,THERM,0,motor_temp,C,66.229
1769884785.1044502,THERM,0,motor_temp,C,52.516
1769884785.1549354,THERM,0,motor_temp,C,47.621
1769884785.2054725,ADC2,0,bus_voltage,V,12.034
1769884785.2565346,ADC1,1,servo_2,A,0.394
1769884785.3109229,THERM,0,motor_temp,C,61.581
1769884785.3635972,ADC2,0,bus_voltage,V,12.094
1769884785.4154756,ADC1,1,servo_2,A,2.256
1769884785.4673007,ADC1,1,servo_2,A,0.404
1769884785.5184262,ADC1,0,servo_1,A,1.068
1769884785.5689943,ADC1,0,servo_1,A,0.556
1769884785.6200187,THERM,0,motor_temp,C,35.888
1769884785.6707706,ADC1,0,servo_1,A,2.151
1769884785.7212753,THERM,0,motor_temp,C,55.409
1769884785.77179,ADC1,1,servo_2,A,2.494
1769884785.8222547,ADC2,0,bus_voltage,V,10.802
1769884785.8731098,ADC1,0,servo_1,A,0.651
1769884785.9236274,ADC1,1,servo_2,A,2.445
1769884785.9744608,ADC2,0,bus_voltage,V,10.405
1769884786.025682,ADC1,0,servo_1,A,2.164
1769884786.0762951,THERM,0,motor_temp,C,25.557
1769884786.1270971,THERM,0,motor_temp,C,44.577
1769884786.1782186,ADC1,1,servo_2,A,1.095
1769884786.2292252,THERM,0,motor_temp,C,64.853
1769884786.2798748,ADC1,0,servo_1,A,1.667
1769884786.3305516,ADC1,0,servo_1,A,1.206
1769884786.3819916,ADC1,1,servo_2,A,2.195
1769884786.4336019,THERM,0,motor_temp,C,41.97
1769884786.4852705,ADC1,1,servo_2,A,1.375
1769884786.5361197,ADC1,0,servo_1,A,1.919
1769884786.5867105,THERM,0,motor_temp,C,58.746
1769884786.6377044,ADC2,0,bus_voltage,V,12.509
1769884786.6883612,ADC1,1,servo_2,A,1.14
1769884786.7398272,ADC1,0,servo_1,A,0.841
1769884786.790548,ADC2,0,bus_voltage,V,12.253
1769884786.8416002,ADC1,0,servo_1,A,1.976
1769884786.893036,THERM,0,motor_temp,C,64.937
1769884786.944299,ADC2,0,bus_voltage,V,10.269
1769884786.9954112,ADC1,1,servo_2,A,0.669
1769884787.0460012,THERM,0,motor_temp,C,47.014
1769884787.0968761,THERM,0,motor_temp,C,55.246
1769884787.1474388,ADC1,0,servo_1,A,1.969
1769884787.1982176,ADC2,0,bus_voltage,V,12.416
1769884787.2487862,ADC1,0,servo_1,A,1.609
1769884787.2992756,ADC1,1,servo_2,A,1.333
1769884787.3496196,ADC1,0,servo_1,A,0.813
1769884787.400134,ADC2,0,bus_voltage,V,10.078
1769884787.4510167,ADC2,0,bus_voltage,V,11.633
1769884787.5017536,ADC1,1,servo_2,A,0.926
1769884787.5525193,ADC2,0,bus_voltage,V,12.199
1769884787.6032553,THERM,0,motor_temp,C,69.599
1769884787.65412,ADC2,0,bus_voltage,V,12.415
1769884787.70481,ADC1,1,servo_2,A,2.096
1769884787.7553785,ADC2,0,bus_voltage,V,12.192
1769884787.8057764,ADC1,0,servo_1,A,2.264
1769884787.8566308,THERM,0,motor_temp,C,58.372
1769884787.9070323,ADC1,0,servo_1,A,0.467
1769884787.957561,ADC1,1,servo_2,A,2.056
1769884788.0097454,ADC1,0,servo_1,A,2.27
1769884788.0609345,ADC1,0,servo_1,A,0.486
1769884788.1116493,ADC1,0,servo_1,A,1.262
1769884788.1620271,ADC1,0,servo_1,A,1.696
1769884788.2127357,THERM,0,motor_temp,C,58.924
1769884788.2637477,ADC1,1,servo_2,A,0.316
1769884788.3141682,ADC1,1,servo_2,A,1.76
1769884788.364991,ADC1,0,servo_1,A,0.827
1769884788.415373,THERM,0,motor_temp,C,44.624
1769884788.4663591,ADC1,1,servo_2,A,2.237
1769884788.5171804,ADC2,0,bus_voltage,V,11.898
1769884788.5677936,ADC1,1,servo_2,A,0.782
1769884788.6185884,ADC1,0,servo_1,A,1.457
1769884788.669317,THERM,0,motor_temp,C,39.148
1769884788.7198904,ADC2,0,bus_voltage,V,11.981
1769884788.7707193,THERM,0,motor_temp,C,49.912
1769884788.8211937,ADC1,0,servo_1,A,1.929
1769884788.8716836,THERM,0,motor_temp,C,38.36
1769884788.9224002,ADC1,1,servo_2,A,1.16
1769884788.9731817,ADC2,0,bus_voltage,V,11.322
1769884789.023932,ADC2,0,bus_voltage,V,11.887
1769884789.0744216,ADC2,0,bus_voltage,V,12.058
1769884789.1252646,ADC1,0,servo_1,A,0.782
1769884789.1759713,THERM,0,motor_temp,C,39.645
1769884789.2264116,ADC1,1,servo_2,A,0.557
1769884789.2772877,THERM,0,motor_temp,C,59.666
1769884789.3284276,ADC1,1,servo_2,A,1.363
1769884789.3792725,ADC1,1,servo_2,A,0.367
1769884789.429736,ADC1,0,servo_1,A,2.39
1769884789.4801629,ADC1,1,servo_2,A,1.376
1769884789.5323002,ADC2,0,bus_voltage,V,12.269
1769884789.5832045,ADC1,0,servo_1,A,0.324
1769884789.6345384,ADC1,1,servo_2,A,0.386
1769884789.6858203,ADC1,1,servo_2,A,2.402
1769884789.7365716,ADC1,1,servo_2,A,1.126
1769884789.7872384,THERM,0,motor_temp,C,59.712
1769884789.8380203,ADC1,0,servo_1,A,1.371
1769884789.8889132,ADC2,0,bus_voltage,V,11.376
1769884789.9398177,ADC2,0,bus_voltage,V,11.72
1769884789.9907596,ADC1,0,servo_1,A,1.022
1769884790.0429828,ADC1,1,servo_2,A,1.17
1769884790.0937588,ADC1,1,servo_2,A,1.614
1769884790.144328,THERM,0,motor_temp,C,59.181
1769884790.1949139,ADC1,0,servo_1,A,0.367
1769884790.2457364,ADC1,1,servo_2,A,1.402
1769884790.2965567,ADC1,1,servo_2,A,1.866
1769884790.3476436,ADC1,0,servo_1,A,2.077
1769884790.3982017,THERM,0,motor_temp,C,52.646
1769884790.449134,ADC2,0,bus_voltage,V,12.471
1769884790.4999297,ADC2,0,bus_voltage,V,10.541
1769884790.5503817,ADC2,0,bus_voltage,V,10.003
1769884790.6009476,ADC1,0,servo_1,A,2.354
1769884790.6522644,ADC1,0,servo_1,A,0.931
1769884790.7030396,ADC1,1,servo_2,A,0.35
1769884790.753612,ADC2,0,bus_voltage,V,10.418
1769884790.8041177,ADC2,0,bus_voltage,V,11.169
1769884790.8547325,ADC1,1,servo_2,A,1.2
1769884790.9054139,THERM,0,motor_temp,C,57.795
1769884790.9560332,ADC2,0,bus_voltage,V,10.343
1769884791.0064974,THERM,0,motor_temp,C,67.197
1769884791.0575693,ADC2,0,bus_voltage,V,11.825
1769884791.1085005,ADC2,0,bus_voltage,V,10.125
1769884791.1595502,ADC2,0,bus_voltage,V,11.062
1769884791.2105618,ADC1,0,servo_1,A,2.464
1769884791.2610922,ADC2,0,bus_voltage,V,10.872
1769884791.3117101,ADC2,0,bus_voltage,V,10.006
1769884791.3623965,ADC1,1,servo_2,A,1.86
1769884791.4131246,ADC1,1,servo_2,A,2.377
1769884791.463882,ADC1,0,servo_1,A,0.324
1769884791.514791,ADC1,1,servo_2,A,0.61
1769884791.56571,THERM,0,motor_temp,C,30.984
1769884791.6165063,ADC1,0,servo_1,A,2.289
1769884791.6672983,ADC2,0,bus_voltage,V,11.708
1769884791.7180142,ADC1,1,servo_2,A,1.903
1769884791.7687757,ADC1,0,servo_1,A,0.224
1769884791.820522,ADC2,0,bus_voltage,V,12.574
1769884791.871061,THERM,0,motor_temp,C,69.92
1769884791.9222512,ADC1,0,servo_1,A,1.91
1769884791.9730873,ADC1,1,servo_2,A,0.286
1769884792.0241225,ADC1,1,servo_2,A,1.606
1769884792.0759544,ADC2,0,bus_voltage,V,10.861
1769884792.1268778,ADC1,1,servo_2,A,1.399
1769884792.1772878,ADC2,0,bus_voltage,V,11.087
1769884792.228582,ADC2,0,bus_voltage,V,11.138
1769884792.2797105,ADC1,1,servo_2,A,1.174
1769884792.3317018,ADC1,1,servo_2,A,1.709
1769884792.3826926,ADC1,0,servo_1,A,2.182
1769884792.4336364,ADC1,0,servo_1,A,2.101
1769884792.4840174,ADC2,0,bus_voltage,V,10.026
1769884792.5355723,ADC2,0,bus_voltage,V,10.05
1769884792.5861464,ADC2,0,bus_voltage,V,12.288
1769884792.6372876,ADC1,1,servo_2,A,2.218
1769884792.6879895,ADC1,0,servo_1,A,2.468
1769884792.7388043,THERM,0,motor_temp,C,43.853
1769884792.7895784,THERM,0,motor_temp,C,25.009
1769884792.8421578,ADC2,0,bus_voltage,V,12.532
1769884792.8929682,ADC1,1,servo_2,A,0.735
1769884792.943536,ADC2,0,bus_voltage,V,11.089
1769884792.9941416,ADC1,1,servo_2,A,2.117
1769884793.044551,ADC1,1,servo_2,A,0.381
1769884793.0950928,ADC1,0,servo_1,A,0.926
1769884793.1458745,ADC1,0,servo_1,A,0.929
1769884793.1970122,ADC1,0,servo_1,A,1.4
1769884793.247603,THERM,0,motor_temp,C,68.096
1769884793.2981243,THERM,0,motor_temp,C,34.049
1769884793.3501003,THERM,0,motor_temp,C,52.724
1769884793.4007404,ADC1,1,servo_2,A,1.522
1769884793.4516027,ADC1,0,servo_1,A,1.734
1769884793.502073,ADC1,1,servo_2,A,0.791
1769884793.552442,ADC1,1,servo_2,A,1.533
1769884793.6029298,ADC2,0,bus_voltage,V,10.039
1769884793.6550786,ADC1,0,servo_1,A,2.384
1769884793.7069955,ADC1,1,servo_2,A,0.753
1769884793.7578406,ADC1,0,servo_1,A,1.321
1769884793.809451,ADC2,0,bus_voltage,V,10.725
1769884793.8600664,ADC1,1,servo_2,A,2.401
1769884793.9107933,ADC1,1,servo_2,A,1.159
1769884793.9614716,ADC1,0,servo_1,A,1.367
1769884794.0119991,ADC1,1,servo_2,A,0.335
1769884794.062752,ADC1,1,servo_2,A,1.391
1769884794.1132364,THERM,0,motor_temp,C,45.43
1769884794.1649632,THERM,0,motor_temp,C,46.563
1769884794.216445,ADC1,0,servo_1,A,1.009
1769884794.2674844,ADC1,1,servo_2,A,0.954
1769884794.3182378,ADC1,0,servo_1,A,0.706
1769884794.3689542,ADC1,1,servo_2,A,0.246
1769884794.4194355,THERM,0,motor_temp,C,35.3
1769884794.4699824,THERM,0,motor_temp,C,61.49
1769884794.5205915,ADC2,0,bus_voltage,V,12.485
1769884794.5711536,ADC1,0,servo_1,A,1.838
1769884794.621794,THERM,0,motor_temp,C,69.236
1769884794.672387,ADC1,0,servo_1,A,2.328
1769884794.7231693,ADC1,1,servo_2,A,1.252
1769884794.773822,ADC2,0,bus_voltage,V,12.147
1769884794.824636,ADC1,1,servo_2,A,1.383
1769884794.87542,ADC2,0,bus_voltage,V,11.152
1769884794.9261768,ADC1,1,servo_2,A,0.338
1769884794.9770205,ADC1,1,servo_2,A,1.979
1769884795.027747,ADC2,0,bus_voltage,V,10.428
1769884795.0782914,ADC1,0,servo_1,A,1.341
1769884795.1288204,THERM,0,motor_temp,C,43.318
1769884795.1809177,THERM,0,motor_temp,C,59.681
1769884795.2313237,ADC2,0,bus_voltage,V,10.661
1769884795.2820063,ADC1,1,servo_2,A,1.651
1769884795.3331473,ADC1,1,servo_2,A,0.319
1769884795.3841593,ADC1,1,servo_2,A,0.663
1769884795.434803,ADC2,0,bus_voltage,V,10.372
1769884795.485285,ADC2,0,bus_voltage,V,12.55
1769884795.5361357,ADC2,0,bus_voltage,V,12.155
1769884795.5868948,THERM,0,motor_temp,C,66.812
1769884795.6377723,ADC2,0,bus_voltage,V,11.864
1769884795.6886418,ADC2,0,bus_voltage,V,12.522
1769884795.7395627,ADC1,1,servo_2,A,0.813
1769884795.7903569,THERM,0,motor_temp,C,30.097
1769884795.8412125,ADC1,0,servo_1,A,2.011
1769884795.8917751,THERM,0,motor_temp,C,53.437
1769884795.942615,ADC2,0,bus_voltage,V,12.363
1769884795.9934099,THERM,0,motor_temp,C,60.42
1769884796.0439045,THERM,0,motor_temp,C,62.953
1769884796.094706,ADC2,0,bus_voltage,V,11.201
1769884796.1451352,ADC2,0,bus_voltage,V,11.927
1769884796.1962855,THERM,0,motor_temp,C,34.56
1769884796.2470474,ADC2,0,bus_voltage,V,11.995
1769884796.2980406,ADC2,0,bus_voltage,V,12.05
1769884796.3488362,ADC1,0,servo_1,A,1.036
1769884796.3998687,ADC1,0,servo_1,A,0.981
1769884796.4505513,ADC1,1,servo_2,A,0.884
1769884796.5011823,ADC1,1,servo_2,A,1.179
1769884796.5520768,ADC1,1,servo_2,A,0.716
1769884796.6030073,THERM,0,motor_temp,C,60.372
1769884796.653597,ADC1,0,servo_1,A,1.66
1769884796.7042217,THERM,0,motor_temp,C,46.772
1769884796.7548652,ADC2,0,bus_voltage,V,11.75
1769884796.8053691,THERM,0,motor_temp,C,26.421
1769884796.8562508,THERM,0,motor_temp,C,61.56
1769884796.9070113,THERM,0,motor_temp,C,65.723
1769884796.9579618,THERM,0,motor_temp,C,60.769
1769884797.0085516,ADC2,0,bus_voltage,V,12.017
1769884797.0594368,THERM,0,motor_temp,C,27.505
1769884797.1112926,ADC1,0,servo_1,A,2.037
1769884797.1623502,ADC1,0,servo_1,A,1.197
1769884797.2129505,ADC1,1,servo_2,A,1.54
1769884797.2638881,ADC2,0,bus_voltage,V,12.259
1769884797.3150346,ADC1,0,servo_1,A,2.175
1769884797.3658516,ADC1,0,servo_1,A,1.393
1769884797.4164276,THERM,0,motor_temp,C,41.345
1769884797.466952,ADC2,0,bus_voltage,V,12.158
1769884797.5176206,ADC1,0,servo_1,A,0.692
1769884797.568243,THERM,0,motor_temp,C,26.056
1769884797.6190255,ADC1,0,servo_1,A,1.199
1769884797.669516,THERM,0,motor_temp,C,55.874
1769884797.720522,ADC1,0,servo_1,A,1.768
1769884797.7712398,ADC1,0,servo_1,A,2.355
1769884797.8220184,ADC2,0,bus_voltage,V,10.572
1769884797.8726096,ADC2,0,bus_voltage,V,12.091
1769884797.9232943,ADC1,1,servo_2,A,0.692
1769884797.9737606,ADC1,0,servo_1,A,1.091
1769884798.0247848,ADC1,1,servo_2,A,1.416
1769884798.0753665,ADC2,0,bus_voltage,V,11.904
1769884798.126045,ADC1,1,servo_2,A,1.281
1769884798.177442,ADC1,0,servo_1,A,2.041
1769884798.22875,ADC1,1,servo_2,A,0.609
1769884798.2795131,THERM,0,motor_temp,C,51.342
1769884798.330383,ADC1,1,servo_2,A,2.068
1769884798.3808966,ADC1,0,servo_1,A,0.912
1769884798.4314094,THERM,0,motor_temp,C,49.175
1769884798.4820228,ADC2,0,bus_voltage,V,11.905
1769884798.532797,ADC1,1,servo_2,A,2.486
1769884798.5836494,ADC1,0,servo_1,A,2.402
1769884798.6343174,ADC1,0,servo_1,A,1.229
1769884798.6851542,THERM,0,motor_temp,C,43.428
1769884798.735818,ADC1,0,servo_1,A,1.127
1769884798.7867928,THERM,0,motor_temp,C,55.243
1769884798.8376727,ADC1,1,servo_2,A,0.92
1769884798.8887022,ADC1,1,servo_2,A,0.757
1769884798.9392796,ADC1,1,servo_2,A,1.603
1769884798.9898562,ADC1,1,servo_2,A,1.336
1769884799.0410957,ADC1,1,servo_2,A,0.411
1769884799.0927672,ADC1,0,servo_1,A,0.927
1769884799.1431935,ADC1,0,servo_1,A,1.471
1769884799.1937752,ADC1,1,servo_2,A,0.759
1769884799.2444959,ADC1,1,servo_2,A,0.608
1769884799.2952037,ADC1,1,servo_2,A,1.591
1769884799.345844,ADC1,0,servo_1,A,1.568
1769884799.3965533,THERM,0,motor_temp,C,63.76
1769884799.4472983,THERM,0,motor_temp,C,59.56
1769884799.4982238,THERM,0,motor_temp,C,37.738
1769884799.5490084,THERM,0,motor_temp,C,28.708
1769884799.5994387,THERM,0,motor_temp,C,27.101
1769884799.650021,ADC2,0,bus_voltage,V,10.207
1769884799.7010112,ADC1,1,servo_2,A,1.367
1769884799.7523353,ADC1,0,servo_1,A,0.631
1769884799.8027964,ADC1,0,servo_1,A,2.358
1769884799.8532548,ADC1,1,servo_2,A,0.539
1769884799.9037464,THERM,0,motor_temp,C,57.137
1769884799.9544363,THERM,0,motor_temp,C,28.624
1769884800.0057137,ADC2,0,bus_voltage,V,11.783
1769884800.0564127,THERM,0,motor_temp,C,57.303
1769884800.1076095,ADC2,0,bus_voltage,V,11.554
1769884800.1587417,ADC2,0,bus_voltage,V,11.952
1769884800.2092693,ADC2,0,bus_voltage,V,10.248
1769884800.2607822,ADC2,0,bus_voltage,V,10.208
1769884800.3120413,ADC2,0,bus_voltage,V,12.279
1769884800.3633409,ADC1,1,servo_2,A,1.183
1769884800.414335,THERM,0,motor_temp,C,61.369
1769884800.465589,ADC1,0,servo_1,A,0.571
1769884800.516355,ADC2,0,bus_voltage,V,10.221
1769884800.566971,ADC1,1,servo_2,A,1.165
1769884800.6176507,ADC2,0,bus_voltage,V,10.564
1769884800.668437,THERM,0,motor_temp,C,37.319
1769884800.7190871,ADC2,0,bus_voltage,V,10.188
1769884800.7699227,ADC1,1,servo_2,A,1.981
1769884800.8207238,ADC1,1,servo_2,A,0.329
1769884800.8713303,ADC1,1,servo_2,A,1.907
1769884800.9219363,ADC1,0,servo_1,A,0.366
1769884800.9730282,ADC1,1,servo_2,A,0.265
1769884801.0238621,THERM,0,motor_temp,C,62.216
1769884801.0745425,ADC1,1,servo_2,A,1.779
1769884801.1252675,THERM,0,motor_temp,C,30.177
1769884801.17603,ADC1,1,servo_2,A,1.522
1769884801.226929,ADC1,1,servo_2,A,2.295
1769884801.2777507,THERM,0,motor_temp,C,69.703
1769884801.3285332,ADC1,1,servo_2,A,2.131
1769884801.3792942,ADC1,1,servo_2,A,1.487
1769884801.4303346,ADC1,0,servo_1,A,0.861
1769884801.4810624,ADC1,0,servo_1,A,0.721
1769884801.5318935,THERM,0,motor_temp,C,25.32
1769884801.5824971,ADC1,1,servo_2,A,1.892
1769884801.633652,ADC2,0,bus_voltage,V,12.529
1769884801.6844215,ADC1,1,servo_2,A,1.97
1769884801.735451,THERM,0,motor_temp,C,53.335
1769884801.786562,ADC1,1,servo_2,A,1.532
1769884801.837355,ADC1,1,servo_2,A,1.718
1769884801.8880556,ADC1,0,servo_1,A,1.198
1769884801.939319,ADC1,1,servo_2,A,2.117
1769884801.993166,ADC1,0,servo_1,A,0.679
1769884802.0439909,ADC1,0,servo_1,A,1.388
1769884802.0946887,THERM,0,motor_temp,C,33.106
1769884802.1454735,THERM,0,motor_temp,C,56.903
1769884802.1964622,ADC1,1,servo_2,A,0.976
1769884802.2475543,ADC1,0,servo_1,A,0.327
1769884802.2983317,ADC1,0,servo_1,A,2.206
1769884802.3489385,ADC1,1,servo_2,A,0.82
1769884802.3998253,ADC1,0,servo_1,A,1.857
1769884802.4507275,ADC2,0,bus_voltage,V,11.04
1769884802.5016134,ADC1,0,servo_1,A,0.53
1769884802.5521166,THERM,0,motor_temp,C,62.364
1769884802.602777,ADC1,0,servo_1,A,0.554
1769884802.6535637,THERM,0,motor_temp,C,33.247
1769884802.704888,THERM,0,motor_temp,C,43.283
1769884802.7568486,ADC1,0,servo_1,A,2.17
1769884802.8078635,ADC1,1,servo_2,A,0.902
1769884802.8595917,THERM,0,motor_temp,C,43.176
1769884802.9104216,ADC1,0,servo_1,A,1.622
1769884802.9608088,ADC1,0,servo_1,A,1.896
1769884803.0113251,THERM,0,motor_temp,C,63.412
1769884803.0618725,ADC1,1,servo_2,A,0.915
1769884803.1129162,ADC2,0,bus_voltage,V,11.338
1769884803.1642375,THERM,0,motor_temp,C,42.309
1769884803.2151046,ADC1,0,servo_1,A,0.603
1769884803.2658334,ADC1,0,servo_1,A,2.211
1769884803.3166835,THERM,0,motor_temp,C,33.26
1769884803.3676686,ADC1,0,servo_1,A,0.541
1769884803.4189272,ADC1,0,servo_1,A,0.562
1769884803.4697459,ADC1,0,servo_1,A,1.227
1769884803.520332,THERM,0,motor_temp,C,31.339
1769884803.571015,ADC2,0,bus_voltage,V,11.472
1769884803.6215541,ADC1,1,servo_2,A,2.307
1769884803.6722047,THERM,0,motor_temp,C,50.012
1769884803.7230227,THERM,0,motor_temp,C,47.553
1769884803.7737014,ADC2,0,bus_voltage,V,11.362
1769884803.8243701,ADC1,1,servo_2,A,1.84
1769884803.8749292,ADC2,0,bus_voltage,V,10.165
1769884803.9254816,ADC1,1,servo_2,A,1.735
1769884803.976304,ADC1,0,servo_1,A,0.892
1769884804.0267568,ADC1,0,servo_1,A,1.969
1769884804.0772884,ADC1,0,servo_1,A,1.611
1769884804.1280618,THERM,0,motor_temp,C,33.23
1769884804.178604,ADC1,0,servo_1,A,0.901
1769884804.2290926,ADC2,0,bus_voltage,V,11.883
1769884804.2797055,ADC2,0,bus_voltage,V,10.467
1769884804.3308191,ADC1,0,servo_1,A,1.853
1769884804.3817508,ADC1,1,servo_2,A,0.457
1769884804.4327416,THERM,0,motor_temp,C,60.648
1769884804.48329,ADC2,0,bus_voltage,V,11.907
1769884804.533944,ADC1,1,servo_2,A,0.484
1769884804.5845625,ADC2,0,bus_voltage,V,10.695
1769884804.635694,ADC1,0,servo_1,A,0.289
1769884804.6861367,THERM,0,motor_temp,C,50.101
1769884804.7366765,ADC2,0,bus_voltage,V,11.742
1769884804.7878394,THERM,0,motor_temp,C,42.35
1769884804.8383267,ADC1,1,servo_2,A,1.223
1769884804.8890526,ADC1,1,servo_2,A,1.866
1769884804.9408302,ADC2,0,bus_voltage,V,10.809
1769884804.991754,ADC1,0,servo_1,A,1.933
1769884805.0425675,ADC2,0,bus_voltage,V,12.009
1769884805.0935354,ADC1,1,servo_2,A,2.178
1769884805.1445022,ADC1,1,servo_2,A,0.859
1769884805.195058,ADC1,1,servo_2,A,0.705
1769884805.2459097,THERM,0,motor_temp,C,47.363
1769884805.296728,ADC2,0,bus_voltage,V,11.162
1769884805.3481603,THERM,0,motor_temp,C,26.427
1769884805.3990152,ADC1,1,servo_2,A,1.307
1769884805.4505198,ADC2,0,bus_voltage,V,10.217
1769884805.5011714,ADC1,0,servo_1,A,2.255
1769884805.5521424,ADC1,0,servo_1,A,1.415
1769884805.6026723,ADC1,1,servo_2,A,1.27
1769884805.6532004,THERM,0,motor_temp,C,41.661
1769884805.7039757,ADC2,0,bus_voltage,V,12.441
1769884805.754581,ADC1,1,servo_2,A,1.68
1769884805.8051996,ADC1,0,servo_1,A,1.149
1769884805.8559632,ADC1,1,servo_2,A,0.392
1769884805.90667,ADC2,0,bus_voltage,V,10.484
1769884805.9573696,ADC1,0,servo_1,A,0.717
1769884806.0077927,ADC2,0,bus_voltage,V,11.646
1769884806.0582466,ADC1,1,servo_2,A,0.211
1769884806.1088426,ADC1,1,servo_2,A,1.409
1769884806.1598203,ADC1,0,servo_1,A,2.116
1769884806.2106225,THERM,0,motor_temp,C,58.074
1769884806.2611182,ADC1,1,servo_2,A,0.927
1769884806.3129814,THERM,0,motor_temp,C,47.017
1769884806.3636854,ADC2,0,bus_voltage,V,12.029
1769884806.4142995,THERM,0,motor_temp,C,33.714
1769884806.4648325,ADC2,0,bus_voltage,V,10.382
1769884806.515264,ADC1,0,servo_1,A,1.511
1769884806.566043,ADC1,0,servo_1,A,1.401
1769884806.6165974,THERM,0,motor_temp,C,35.19
1769884806.6673632,ADC1,0,servo_1,A,2.24
1769884806.7181497,ADC2,0,bus_voltage,V,10.553
1769884806.7689474,ADC1,0,servo_1,A,2.096
1769884806.819732,ADC1,1,servo_2,A,1.76
1769884806.8703196,ADC1,0,servo_1,A,2.471
1769884806.9209144,ADC1,0,servo_1,A,2.424
1769884806.9715867,THERM,0,motor_temp,C,34.661
1769884807.0225372,THERM,0,motor_temp,C,28.653
1769884807.0734785,THERM,0,motor_temp,C,68.373
1769884807.1241786,ADC1,1,servo_2,A,0.217
1769884807.174799,ADC1,0,servo_1,A,2.454
1769884807.2254686,THERM,0,motor_temp,C,56.341
1769884807.2761102,THERM,0,motor_temp,C,55.126
1769884807.3269627,ADC1,0,servo_1,A,1.661
1769884807.3773396,ADC1,1,servo_2,A,1.101
1769884807.4277272,THERM,0,motor_temp,C,34.906
1769884807.4781756,ADC2,0,bus_voltage,V,11.477
1769884807.5287423,ADC2,0,bus_voltage,V,11.174
1769884807.5792973,THERM,0,motor_temp,C,69.029
1769884807.6297486,ADC1,0,servo_1,A,0.523
1769884807.6804466,ADC1,0,servo_1,A,0.338
1769884807.7309809,THERM,0,motor_temp,C,57.401
1769884807.7818341,ADC1,0,servo_1,A,2.174
1769884807.832235,THERM,0,motor_temp,C,39.975
1769884807.8833804,ADC1,1,servo_2,A,1.632
1769884807.934165,ADC2,0,bus_voltage,V,12.173
1769884807.9846423,ADC1,0,servo_1,A,0.464
1769884808.0352845,THERM,0,motor_temp,C,59.559
1769884808.085897,ADC1,0,servo_1,A,2.455
1769884808.1366549,ADC2,0,bus_voltage,V,10.93
1769884808.1870372,ADC2,0,bus_voltage,V,10.782
1769884808.237522,ADC1,1,servo_2,A,0.226
1769884808.288061,THERM,0,motor_temp,C,63.364
1769884808.3387082,THERM,0,motor_temp,C,29.259
1769884808.3892822,ADC2,0,bus_voltage,V,11.7
1769884808.439793,ADC1,0,servo_1,A,2.096
1769884808.4904943,ADC1,0,servo_1,A,2.268
1769884808.5409012,ADC2,0,bus_voltage,V,12.28
1769884808.5916448,ADC2,0,bus_voltage,V,12.091
1769884808.6424527,ADC1,0,servo_1,A,2.435
1769884808.693103,THERM,0,motor_temp,C,33.394
1769884808.7442124,ADC1,1,servo_2,A,1.911
1769884808.795116,THERM,0,motor_temp,C,52.367
1769884808.845589,ADC1,0,servo_1,A,1.153
1769884808.8964643,THERM,0,motor_temp,C,67.706
1769884808.9472747,THERM,0,motor_temp,C,41.32
1769884808.997745,THERM,0,motor_temp,C,60.233
1769884809.0482824,ADC1,0,servo_1,A,2.443
1769884809.0988877,ADC1,0,servo_1,A,1.948
1769884809.1496468,ADC1,0,servo_1,A,1.278
1769884809.2007647,THERM,0,motor_temp,C,48.834
1769884809.251443,ADC2,0,bus_voltage,V,12.449
1769884809.306821,ADC2,0,bus_voltage,V,10.303
1769884809.3578036,ADC1,0,servo_1,A,1.797
1769884809.4084861,ADC1,1,servo_2,A,1.004
1769884809.4589686,ADC1,0,servo_1,A,2.367
1769884809.5094943,ADC1,1,servo_2,A,2.181
1769884809.5599616,THERM,0,motor_temp,C,37.524
1769884809.6104522,THERM,0,motor_temp,C,39.255
1769884809.6610532,THERM,0,motor_temp,C,33.879
1769884809.7115946,THERM,0,motor_temp,C,47.395
1769884809.7623641,ADC1,0,servo_1,A,0.716
1769884809.8128743,THERM,0,motor_temp,C,53.241
1769884809.8634796,ADC1,1,servo_2,A,0.496
1769884809.916121,ADC1,0,servo_1,A,0.293
1769884809.9690902,ADC2,0,bus_voltage,V,11.162
1769884810.0195582,THERM,0,motor_temp,C,57.147
1769884810.0715368,ADC2,0,bus_voltage,V,12.493
1769884810.1222968,ADC1,0,servo_1,A,2.231
1769884810.1731093,THERM,0,motor_temp,C,47.198
1769884810.2243826,ADC2,0,bus_voltage,V,10.845
1769884810.2753696,ADC1,0,servo_1,A,1.961
1769884810.3258195,ADC1,0,servo_1,A,0.392
1769884810.3767526,THERM,0,motor_temp,C,44.592
1769884810.4273038,THERM,0,motor_temp,C,56.867
1769884810.4778259,ADC1,0,servo_1,A,0.629
1769884810.5283105,ADC1,0,servo_1,A,1.1
1769884810.578834,ADC1,0,servo_1,A,0.802
1769884810.6294994,ADC1,1,servo_2,A,1.282
1769884810.680183,THERM,0,motor_temp,C,38.781
1769884810.7308562,ADC1,0,servo_1,A,1.838
1769884810.781936,ADC1,1,servo_2,A,1.803
1769884810.832986,ADC1,1,servo_2,A,1.841
1769884810.8838196,ADC1,1,servo_2,A,1.554
1769884810.9343383,ADC1,0,servo_1,A,2.312
1769884810.984811,THERM,0,motor_temp,C,49.008
1769884811.0356934,THERM,0,motor_temp,C,65.388
1769884811.0865054,ADC1,0,servo_1,A,2.187
1769884811.1371837,ADC1,0,servo_1,A,2.16
1769884811.1880572,ADC1,1,servo_2,A,0.976
1769884811.2385755,ADC1,0,servo_1,A,2.05
1769884811.2891774,ADC2,0,bus_voltage,V,11.319
1769884811.3399048,ADC1,1,servo_2,A,1.759
1769884811.3903356,ADC1,0,servo_1,A,1.168
1769884811.4411006,ADC1,1,servo_2,A,0.214
1769884811.4918933,ADC2,0,bus_voltage,V,11.355
1769884811.542838,THERM,0,motor_temp,C,26.752
1769884811.5937235,ADC1,1,servo_2,A,2.087
1769884811.644709,ADC2,0,bus_voltage,V,10.965
1769884811.6956959,THERM,0,motor_temp,C,54.612
1769884811.746158,ADC1,0,servo_1,A,2.266
1769884811.7969666,THERM,0,motor_temp,C,50.169
1769884811.8476508,ADC1,1,servo_2,A,1.835
1769884811.8983035,THERM,0,motor_temp,C,40.635
1769884811.9494355,ADC1,0,servo_1,A,1.941
1769884812.0002508,ADC1,1,servo_2,A,0.88
1769884812.051028,ADC2,0,bus_voltage,V,10.373
1769884812.1021688,ADC2,0,bus_voltage,V,10.472
1769884812.1529574,THERM,0,motor_temp,C,28.411
1769884812.2035868,ADC1,0,servo_1,A,1.324
1769884812.2543848,THERM,0,motor_temp,C,69.506
1769884812.3052695,THERM,0,motor_temp,C,36.661
1769884812.355996,ADC1,0,servo_1,A,0.337
1769884812.4067974,ADC1,1,servo_2,A,1.212
1769884812.4578364,ADC1,0,servo_1,A,0.231
1769884812.5084786,ADC1,0,servo_1,A,0.395
1769884812.5589833,ADC2,0,bus_voltage,V,10.975
1769884812.609515,ADC1,0,servo_1,A,2.411
1769884812.6601205,ADC2,0,bus_voltage,V,10.403
1769884812.7111318,THERM,0,motor_temp,C,32.648
1769884812.761613,THERM,0,motor_temp,C,30.074
1769884812.8120599,ADC1,0,servo_1,A,2.323
1769884812.862718,ADC2,0,bus_voltage,V,10.87
1769884812.913547,ADC2,0,bus_voltage,V,12.142
1769884812.9643881,ADC1,1,servo_2,A,2.285
1769884813.0148816,THERM,0,motor_temp,C,36.885
1769884813.065686,ADC1,0,servo_1,A,2.009
1769884813.1165504,THERM,0,motor_temp,C,44.632
1769884813.169096,THERM,0,motor_temp,C,67.624
1769884813.219604,ADC1,0,servo_1,A,0.361
1769884813.2703195,ADC1,0,servo_1,A,1.332
1769884813.3211527,ADC1,0,servo_1,A,1.912
1769884813.372895,THERM,0,motor_temp,C,25.33
1769884813.4239366,ADC1,1,servo_2,A,1.236
1769884813.4743617,ADC2,0,bus_voltage,V,11.791
1769884813.5252028,ADC1,1,servo_2,A,1.171
1769884813.5757596,ADC1,0,servo_1,A,1.742
1769884813.6267672,ADC1,0,servo_1,A,1.142
1769884813.6781368,ADC2,0,bus_voltage,V,12.007
1769884813.7290227,ADC1,0,servo_1,A,0.472
1769884813.7796412,ADC2,0,bus_voltage,V,11.83
1769884813.8309643,ADC2,0,bus_voltage,V,11.875
1769884813.8817832,ADC1,0,servo_1,A,0.722
1769884813.9335978,ADC2,0,bus_voltage,V,12.2
1769884813.9845233,ADC1,1,servo_2,A,1.575
1769884814.0350454,ADC1,0,servo_1,A,1.084
1769884814.0855877,ADC2,0,bus_voltage,V,11.072
1769884814.1361399,THERM,0,motor_temp,C,67.279
1769884814.18673,ADC1,1,servo_2,A,2.034
1769884814.2373137,ADC1,0,servo_1,A,1.388
1769884814.2877274,ADC2,0,bus_voltage,V,10.422
1769884814.3382564,ADC2,0,bus_voltage,V,10.872
1769884814.3886466,ADC1,0,servo_1,A,1.849
1769884814.4392202,ADC1,1,servo_2,A,1.884
1769884814.4947822,ADC1,0,servo_1,A,2.483
1769884814.5465696,ADC2,0,bus_voltage,V,12.085
1769884814.598691,THERM,0,motor_temp,C,41.696
1769884814.6498623,ADC1,1,servo_2,A,1.702
1769884814.7004418,ADC2,0,bus_voltage,V,10.587
1769884814.7511759,ADC2,0,bus_voltage,V,10.859
1769884814.8020205,ADC1,1,servo_2,A,1.588
1769884814.8528273,ADC2,0,bus_voltage,V,11.146
1769884814.9035635,ADC1,1,servo_2,A,0.962
1769884814.9543104,ADC2,0,bus_voltage,V,11.82
1769884815.0047367,ADC1,1,servo_2,A,0.438
1769884815.0555246,ADC1,0,servo_1,A,2.3
1769884815.1062794,ADC2,0,bus_voltage,V,11.963
1769884815.1568587,ADC1,1,servo_2,A,0.658
1769884815.2077508,ADC1,1,servo_2,A,1.287
1769884815.2585516,ADC1,0,servo_1,A,2.185
1769884815.30936,ADC1,1,servo_2,A,1.028
1769884815.3600097,ADC2,0,bus_voltage,V,11.207
1769884815.4104059,ADC1,0,servo_1,A,0.514
1769884815.4610431,THERM,0,motor_temp,C,39.632
1769884815.5116498,THERM,0,motor_temp,C,51.315
1769884815.5624251,THERM,0,motor_temp,C,36.836
1769884815.6130507,ADC1,1,servo_2,A,1.636
1769884815.663813,THERM,0,motor_temp,C,35.467
1769884815.7143881,ADC1,0,servo_1,A,2.471
1769884815.7651076,ADC1,1,servo_2,A,1.273
1769884815.8164449,ADC1,1,servo_2,A,1.509
1769884815.8673203,ADC1,1,servo_2,A,1.839
1769884815.918752,ADC2,0,bus_voltage,V,10.503
1769884815.9696126,ADC2,0,bus_voltage,V,10.222
1769884816.020062,ADC2,0,bus_voltage,V,11.635
1769884816.0709486,ADC1,0,servo_1,A,1.377
1769884816.1216133,ADC1,0,servo_1,A,0.928
1769884816.172279,THERM,0,motor_temp,C,31.13
1769884816.2229753,THERM,0,motor_temp,C,65.939
1769884816.273757,THERM,0,motor_temp,C,67.934
1769884816.3241765,ADC1,1,servo_2,A,2.257
1769884816.374948,THERM,0,motor_temp,C,37.177
1769884816.4261565,THERM,0,motor_temp,C,64.775
1769884816.476578,ADC1,1,servo_2,A,2.441
1769884816.5274935,ADC1,0,servo_1,A,0.534
1769884816.5781167,ADC1,0,servo_1,A,1.826
1769884816.6288981,ADC2,0,bus_voltage,V,10.836
1769884816.680176,ADC1,0,servo_1,A,0.827
1769884816.7334473,THERM,0,motor_temp,C,31.264
1769884816.7844305,ADC1,1,servo_2,A,0.427
1769884816.8349733,ADC1,1,servo_2,A,0.965
1769884816.8854587,ADC1,0,servo_1,A,2.451
1769884816.9359174,ADC1,0,servo_1,A,0.483
1769884816.9868908,ADC1,0,servo_1,A,1.872
1769884817.0376158,ADC2,0,bus_voltage,V,12.413
1769884817.088406,THERM,0,motor_temp,C,52.106
1769884817.1397183,ADC1,1,servo_2,A,1.862
1769884817.1902664,ADC1,1,servo_2,A,1.058
1769884817.2406576,ADC1,1,servo_2,A,1.872
1769884817.2914543,ADC1,1,servo_2,A,0.907
1769884817.3420851,ADC2,0,bus_voltage,V,11.724
1769884817.392679,ADC2,0,bus_voltage,V,10.42
1769884817.4431877,ADC1,0,servo_1,A,2.26
1769884817.4939537,ADC2,0,bus_voltage,V,10.812
1769884817.546422,ADC2,0,bus_voltage,V,11.976
1769884817.5972097,ADC2,0,bus_voltage,V,11.451
1769884817.6478152,ADC1,0,servo_1,A,1.262
1769884817.6983905,ADC2,0,bus_voltage,V,12.372
1769884817.7494228,THERM,0,motor_temp,C,27.002
1769884817.8003402,THERM,0,motor_temp,C,31.099
1769884817.851147,ADC1,0,servo_1,A,1.623
1769884817.902071,ADC2,0,bus_voltage,V,11.221
1769884817.9530177,ADC1,1,servo_2,A,2.486
1769884818.0038283,ADC1,0,servo_1,A,1.622
1769884818.055061,ADC1,0,servo_1,A,0.322
1769884818.1062098,ADC1,0,servo_1,A,2.019
1769884818.1568286,ADC2,0,bus_voltage,V,12.357
1769884818.2076476,ADC1,1,servo_2,A,0.634
1769884818.2587008,ADC2,0,bus_voltage,V,10.3
1769884818.3093536,ADC1,0,servo_1,A,2.153
1769884818.3600457,ADC1,1,servo_2,A,1.953
1769884818.410642,ADC1,1,servo_2,A,1.301
1769884818.4613497,ADC1,0,servo_1,A,1.386
1769884818.5119433,ADC2,0,bus_voltage,V,11.89
1769884818.5631928,ADC2,0,bus_voltage,V,10.368
1769884818.6155648,THERM,0,motor_temp,C,64.966
1769884818.666652,ADC1,0,servo_1,A,1.224
1769884818.71711,ADC1,1,servo_2,A,1.225
1769884818.767901,ADC1,1,servo_2,A,0.682
1769884818.8188436,ADC2,0,bus_voltage,V,12.582
1769884818.8696148,THERM,0,motor_temp,C,45.12
1769884818.9202466,THERM,0,motor_temp,C,39.159
1769884818.9708416,ADC1,0,servo_1,A,1.852
1769884819.0217676,THERM,0,motor_temp,C,67.852
1769884819.072563,ADC2,0,bus_voltage,V,12.289
1769884819.1233613,THERM,0,motor_temp,C,63.222
1769884819.1742938,THERM,0,motor_temp,C,56.805
1769884819.2248633,THERM,0,motor_temp,C,48.383
1769884819.27554,ADC1,0,servo_1,A,2.006
1769884819.3263996,ADC1,1,servo_2,A,0.982
1769884819.3770163,ADC2,0,bus_voltage,V,11.113
1769884819.4274282,ADC1,1,servo_2,A,1.703
1769884819.4782233,ADC1,0,servo_1,A,1.478
1769884819.5288599,ADC1,1,servo_2,A,1.037
1769884819.580093,ADC1,1,servo_2,A,1.999
1769884819.6306531,ADC2,0,bus_voltage,V,10.633
1769884819.6812327,ADC1,0,servo_1,A,0.371
1769884819.7319314,ADC2,0,bus_voltage,V,10.695
1769884819.782839,THERM,0,motor_temp,C,26.888
1769884819.8333275,ADC1,0,servo_1,A,2.211
1769884819.8840256,THERM,0,motor_temp,C,53.244
1769884819.9345262,THERM,0,motor_temp,C,48.475
1769884819.9854383,ADC2,0,bus_voltage,V,11.803
1769884820.0363116,ADC2,0,bus_voltage,V,12.323
1769884820.087132,ADC2,0,bus_voltage,V,10.372
1769884820.1385252,THERM,0,motor_temp,C,45.189
1769884820.1891882,THERM,0,motor_temp,C,25.947
1769884820.2396111,ADC1,1,servo_2,A,1.533
1769884820.2903333,ADC2,0,bus_voltage,V,12.436
1769884820.3409595,ADC2,0,bus_voltage,V,12.565
1769884820.391539,ADC1,1,servo_2,A,2.484
1769884820.443545,ADC2,0,bus_voltage,V,10.938
1769884820.4943855,ADC1,1,servo_2,A,0.471
1769884820.545103,THERM,0,motor_temp,C,63.324
1769884820.5958898,ADC1,1,servo_2,A,2.424
1769884820.646742,ADC1,0,servo_1,A,1.696
1769884820.697657,ADC1,1,servo_2,A,1.847
1769884820.7482662,ADC1,1,servo_2,A,1.107
1769884820.7989483,ADC1,1,servo_2,A,0.643
1769884820.8496535,THERM,0,motor_temp,C,48.955
1769884820.9005082,THERM,0,motor_temp,C,33.8
1769884820.9511375,ADC2,0,bus_voltage,V,10.482
1769884821.0015376,THERM,0,motor_temp,C,37.55
1769884821.0522707,THERM,0,motor_temp,C,26.256
1769884821.1029613,THERM,0,motor_temp,C,60.832
1769884821.1534863,ADC2,0,bus_voltage,V,10.609
1769884821.2040095,ADC2,0,bus_voltage,V,10.628
1769884821.2544243,ADC2,0,bus_voltage,V,10.194
1769884821.3052833,ADC2,0,bus_voltage,V,11.252
1769884821.3560188,ADC1,1,servo_2,A,2.272
1769884821.4066544,ADC2,0,bus_voltage,V,11.012
1769884821.4571722,THERM,0,motor_temp,C,54.618
1769884821.5083961,ADC1,1,servo_2,A,0.712
1769884821.559116,ADC2,0,bus_voltage,V,11.732
1769884821.6099021,THERM,0,motor_temp,C,31.437
1769884821.6610358,THERM,0,motor_temp,C,27.199
1769884821.7120352,ADC2,0,bus_voltage,V,12.277
1769884821.763308,THERM,0,motor_temp,C,34.508
1769884821.8139834,THERM,0,motor_temp,C,51.689
1769884821.86476,THERM,0,motor_temp,C,44.852
1769884821.916018,THERM,0,motor_temp,C,33.291
1769884821.9664657,ADC2,0,bus_voltage,V,12.218
1769884822.0175605,THERM,0,motor_temp,C,28.552
1769884822.0683525,ADC1,0,servo_1,A,0.394
1769884822.1190648,ADC2,0,bus_voltage,V,11.57
1769884822.1696613,ADC1,1,servo_2,A,1.065
1769884822.2204595,ADC1,1,servo_2,A,1.544
1769884822.2712362,ADC2,0,bus_voltage,V,11.834
1769884822.321835,ADC1,0,servo_1,A,1.371
1769884822.3724694,THERM,0,motor_temp,C,48.702
1769884822.423021,ADC1,1,servo_2,A,2.46
1769884822.4734342,ADC1,0,servo_1,A,0.256
1769884822.5253289,THERM,0,motor_temp,C,59.267
1769884822.5765142,ADC2,0,bus_voltage,V,11.948
1769884822.6283069,ADC2,0,bus_voltage,V,11.854
1769884822.679333,ADC2,0,bus_voltage,V,10.699
1769884822.7304165,ADC1,1,servo_2,A,1.245
1769884822.7816238,THERM,0,motor_temp,C,41.025
1769884822.832152,ADC2,0,bus_voltage,V,10.254
1769884822.8830268,ADC2,0,bus_voltage,V,12.329
1769884822.9335477,THERM,0,motor_temp,C,57.459
1769884822.9872792,ADC1,0,servo_1,A,1.591
1769884823.038073,THERM,0,motor_temp,C,44.576
1769884823.0887754,THERM,0,motor_temp,C,26.346
1769884823.139476,THERM,0,motor_temp,C,57.987
1769884823.1899474,ADC1,1,servo_2,A,0.961
1769884823.2409778,ADC2,0,bus_voltage,V,11.531
1769884823.2917914,THERM,0,motor_temp,C,29.97
1769884823.3426297,ADC1,1,servo_2,A,1.994
1769884823.3929904,THERM,0,motor_temp,C,50.127
1769884823.443741,THERM,0,motor_temp,C,25.73
1769884823.4943144,THERM,0,motor_temp,C,55.945
1769884823.5463786,ADC2,0,bus_voltage,V,10.081
1769884823.5971262,ADC2,0,bus_voltage,V,10.003
1769884823.6478598,ADC1,0,servo_1,A,0.732
1769884823.698464,THERM,0,motor_temp,C,30.937
1769884823.7491333,ADC2,0,bus_voltage,V,12.267
1769884823.7999482,ADC1,1,servo_2,A,0.856
1769884823.8511248,THERM,0,motor_temp,C,58.649
1769884823.9018164,THERM,0,motor_temp,C,64.057
1769884823.9525604,THERM,0,motor_temp,C,37.302
1769884824.0031662,ADC1,1,servo_2,A,1.899
1769884824.054851,THERM,0,motor_temp,C,44.399
1769884824.1058106,ADC1,1,servo_2,A,1.965
1769884824.156565,ADC2,0,bus_voltage,V,10.603
1769884824.207293,ADC2,0,bus_voltage,V,11.284
1769884824.2578375,ADC1,1,servo_2,A,0.279
1769884824.3085527,ADC1,1,servo_2,A,2.05
1769884824.3595526,ADC2,0,bus_voltage,V,11.102
1769884824.4100456,ADC1,0,servo_1,A,2.328
1769884824.4608574,THERM,0,motor_temp,C,25.856
1769884824.511654,ADC2,0,bus_voltage,V,10.447
1769884824.5623984,ADC1,1,servo_2,A,2.201
1769884824.6130598,ADC1,0,servo_1,A,0.343
1769884824.6634445,THERM,0,motor_temp,C,25.33
1769884824.7140179,ADC1,1,servo_2,A,2.346
1769884824.764655,ADC2,0,bus_voltage,V,11.182
1769884824.815072,ADC2,0,bus_voltage,V,10.988
1769884824.8656845,ADC2,0,bus_voltage,V,12.523
1769884824.9165359,ADC1,0,servo_1,A,1.975
1769884824.967434,ADC1,1,servo_2,A,0.597
1769884825.018489,ADC1,1,servo_2,A,0.952
1769884825.0690367,ADC1,0,servo_1,A,1.048
1769884825.1207933,THERM,0,motor_temp,C,61.347
1769884825.1713715,ADC1,0,servo_1,A,1.47
1769884825.221836,THERM,0,motor_temp,C,42.08
1769884825.2723622,THERM,0,motor_temp,C,46.419
1769884825.3232539,ADC2,0,bus_voltage,V,10.884
1769884825.374039,ADC1,0,servo_1,A,1.787
1769884825.4251568,ADC2,0,bus_voltage,V,12.195
1769884825.4757197,THERM,0,motor_temp,C,53.988
1769884825.5264254,ADC1,1,servo_2,A,2.28
1769884825.5791411,ADC2,0,bus_voltage,V,11.157
1769884825.6300073,THERM,0,motor_temp,C,64.877
1769884825.6806672,ADC2,0,bus_voltage,V,12.301
1769884825.731126,ADC1,1,servo_2,A,0.594
1769884825.7816308,ADC1,1,servo_2,A,0.626
1769884825.8326073,ADC2,0,bus_voltage,V,11.009
1769884825.883873,ADC1,0,servo_1,A,0.737
1769884825.9350638,ADC2,0,bus_voltage,V,11.387
1769884825.9859393,THERM,0,motor_temp,C,28.807
1769884826.036632,ADC2,0,bus_voltage,V,10.656
1769884826.0874043,THERM,0,motor_temp,C,49.781
1769884826.1377916,ADC1,1,servo_2,A,0.559
1769884826.188378,ADC1,1,servo_2,A,1.898
1769884826.2403216,ADC2,0,bus_voltage,V,11.529
1769884826.2909703,ADC1,0,servo_1,A,1.824
1769884826.3417687,THERM,0,motor_temp,C,61.676
1769884826.3925464,ADC1,1,servo_2,A,1.137
1769884826.4433541,ADC2,0,bus_voltage,V,12.476
1769884826.4940903,ADC1,1,servo_2,A,1.961
1769884826.5445793,ADC1,0,servo_1,A,1.402
1769884826.5951307,ADC1,0,servo_1,A,0.25
1769884826.6456838,THERM,0,motor_temp,C,55.757
1769884826.6963165,ADC1,0,servo_1,A,1.168
1769884826.7473495,ADC1,0,servo_1,A,2.334
1769884826.7978384,ADC2,0,bus_voltage,V,11.346
1769884826.848329,THERM,0,motor_temp,C,29.659
1769884826.8990679,ADC1,1,servo_2,A,2.222
1769884826.9497952,ADC1,0,servo_1,A,2.305
1769884827.0005846,ADC2,0,bus_voltage,V,11.749
1769884827.051145,ADC1,0,servo_1,A,1.268
1769884827.101742,THERM,0,motor_temp,C,50.428
1769884827.153672,ADC2,0,bus_voltage,V,11.67
1769884827.20552,THERM,0,motor_temp,C,25.978
1769884827.2565806,ADC2,0,bus_voltage,V,11.995
1769884827.3074353,THERM,0,motor_temp,C,39.874
1769884827.3581934,ADC2,0,bus_voltage,V,11.078
1769884827.4087217,ADC1,0,servo_1,A,0.676
1769884827.4602165,ADC2,0,bus_voltage,V,10.014
1769884827.5111232,ADC1,1,servo_2,A,2.436
1769884827.562347,ADC1,1,servo_2,A,0.867
1769884827.6133726,ADC2,0,bus_voltage,V,11.599
1769884827.6642992,ADC1,0,servo_1,A,1.371
1769884827.7171743,THERM,0,motor_temp,C,48.793
1769884827.768506,THERM,0,motor_temp,C,63.056
1769884827.819179,ADC1,1,servo_2,A,1.162
1769884827.8698678,ADC1,1,servo_2,A,2.423
1769884827.9207542,ADC1,0,servo_1,A,1.88
1769884827.971193,ADC1,1,servo_2,A,2.371
1769884828.0216858,ADC1,0,servo_1,A,1.191
1769884828.0724263,ADC1,1,servo_2,A,0.614
1769884828.1232867,ADC1,1,servo_2,A,1.43
1769884828.1741102,ADC1,1,servo_2,A,1.19
1769884828.224819,ADC2,0,bus_voltage,V,10.346
1769884828.2755933,ADC2,0,bus_voltage,V,12.131
1769884828.3260999,ADC1,0,servo_1,A,2.275
1769884828.3766313,THERM,0,motor_temp,C,46.842
1769884828.4274895,ADC2,0,bus_voltage,V,11.27
1769884828.4787502,ADC2,0,bus_voltage,V,11.287
1769884828.5308156,THERM,0,motor_temp,C,27.712
1769884828.5815785,ADC1,1,servo_2,A,0.759
1769884828.6322129,ADC1,1,servo_2,A,0.824
1769884828.6830776,THERM,0,motor_temp,C,57.718
1769884828.733845,ADC1,0,servo_1,A,2.195
1769884828.7845953,ADC1,0,servo_1,A,2.234
1769884828.8351805,ADC2,0,bus_voltage,V,10.49
1769884828.8859923,THERM,0,motor_temp,C,55.933
1769884828.9368577,ADC1,1,servo_2,A,1.623
1769884828.9873302,THERM,0,motor_temp,C,43.584
1769884829.0379493,ADC1,1,servo_2,A,2.403
1769884829.0886772,ADC2,0,bus_voltage,V,10.251
1769884829.139315,ADC2,0,bus_voltage,V,11.643
1769884829.1897101,THERM,0,motor_temp,C,64.732
1769884829.2404628,THERM,0,motor_temp,C,25.969
1769884829.290827,ADC1,1,servo_2,A,0.454
1769884829.341399,ADC1,1,servo_2,A,2.208
1769884829.392129,THERM,0,motor_temp,C,57.095
1769884829.4427876,THERM,0,motor_temp,C,34.72
1769884829.4948533,ADC1,0,servo_1,A,1.521
1769884829.5458736,ADC1,0,servo_1,A,1.893
1769884829.5974324,ADC2,0,bus_voltage,V,11.326
1769884829.6481674,ADC1,0,servo_1,A,0.875
1769884829.6989279,ADC1,0,servo_1,A,1.483
1769884829.7497752,THERM,0,motor_temp,C,27.292
1769884829.8005893,ADC1,1,servo_2,A,0.594
1769884829.8511238,ADC2,0,bus_voltage,V,10.359
1769884829.902303,ADC1,0,servo_1,A,1.711
1769884829.9528227,ADC2,0,bus_voltage,V,12.125
1769884830.0041404,ADC1,1,servo_2,A,1.605
1769884830.0548513,THERM,0,motor_temp,C,27.006
1769884830.1053195,ADC1,1,servo_2,A,2.141
1769884830.1561916,ADC2,0,bus_voltage,V,10.002
1769884830.206845,ADC2,0,bus_voltage,V,12.362
1769884830.257523,ADC1,1,servo_2,A,0.967
1769884830.3080475,ADC2,0,bus_voltage,V,11.141
1769884830.3590066,ADC2,0,bus_voltage,V,11.45
1769884830.4095185,ADC1,0,servo_1,A,1.237
1769884830.4602497,THERM,0,motor_temp,C,40.644
1769884830.5108726,ADC2,0,bus_voltage,V,12.316
1769884830.5765088,ADC1,0,servo_1,A,2.113
1769884830.6284893,ADC1,1,servo_2,A,2.134
1769884830.6798198,THERM,0,motor_temp,C,50.139
1769884830.7305427,ADC2,0,bus_voltage,V,12.168
1769884830.7813194,THERM,0,motor_temp,C,45.536
1769884830.8322399,ADC1,1,servo_2,A,1.078
1769884830.882742,ADC2,0,bus_voltage,V,12.391
1769884830.9333687,THERM,0,motor_temp,C,36.635
1769884830.9846883,ADC1,0,servo_1,A,1.926
1769884831.0355666,THERM,0,motor_temp,C,66.604
1769884831.0869992,ADC1,0,servo_1,A,1.887
1769884831.1375706,ADC2,0,bus_voltage,V,10.416
1769884831.1885467,ADC1,1,servo_2,A,0.962
1769884831.2391832,THERM,0,motor_temp,C,51.159
1769884831.2900274,ADC1,0,servo_1,A,0.322
1769884831.3405323,ADC1,0,servo_1,A,2.107
1769884831.390965,ADC2,0,bus_voltage,V,11.132
1769884831.4415698,ADC1,1,servo_2,A,1.376
1769884831.4922373,ADC2,0,bus_voltage,V,12.127
1769884831.5427756,ADC2,0,bus_voltage,V,10.824
1769884831.5938547,ADC1,0,servo_1,A,1.141
1769884831.644634,ADC2,0,bus_voltage,V,10.697
1769884831.6953495,ADC1,1,servo_2,A,1.057
1769884831.7458293,THERM,0,motor_temp,C,51.331
1769884831.7966883,ADC2,0,bus_voltage,V,12.38
1769884831.8493128,THERM,0,motor_temp,C,33.067
1769884831.9000576,ADC1,1,servo_2,A,2.354
1769884831.9505851,ADC2,0,bus_voltage,V,10.704
1769884832.0014718,ADC1,0,servo_1,A,1.18
1769884832.0522752,THERM,0,motor_temp,C,64.126
1769884832.103446,ADC1,1,servo_2,A,1.116
1769884832.1539228,ADC1,1,servo_2,A,1.841
1769884832.2048302,ADC1,1,servo_2,A,2.375
1769884832.2556002,ADC2,0,bus_voltage,V,10.365
1769884832.3060074,ADC1,0,servo_1,A,0.612
1769884832.3567948,ADC1,0,servo_1,A,1.391
1769884832.4078526,ADC2,0,bus_voltage,V,10.388
1769884832.4585104,THERM,0,motor_temp,C,57.411
1769884832.509312,THERM,0,motor_temp,C,61.259
1769884832.5609326,ADC1,0,servo_1,A,1.489
1769884832.61147,ADC1,1,servo_2,A,1.863
1769884832.6626236,THERM,0,motor_temp,C,29.597
1769884832.7136016,ADC2,0,bus_voltage,V,12.55
1769884832.765329,ADC1,1,servo_2,A,2.223
1769884832.8161392,ADC1,1,servo_2,A,0.367
1769884832.8665547,ADC1,1,servo_2,A,2.093
1769884832.9173145,ADC1,1,servo_2,A,1.742
1769884832.9681678,ADC2,0,bus_voltage,V,10.781
1769884833.0205667,THERM,0,motor_temp,C,38.484
1769884833.071443,ADC2,0,bus_voltage,V,12.157
1769884833.1221707,ADC2,0,bus_voltage,V,10.28
1769884833.1732628,ADC1,0,servo_1,A,2.454
1769884833.2247267,THERM,0,motor_temp,C,50.279
1769884833.2765458,ADC1,0,servo_1,A,2.42
1769884833.3274112,THERM,0,motor_temp,C,56.023
1769884833.3784814,ADC1,1,servo_2,A,1.774
1769884833.4291375,THERM,0,motor_temp,C,59.187
1769884833.4795396,ADC2,0,bus_voltage,V,11.189
1769884833.5304394,THERM,0,motor_temp,C,39.724
1769884833.5809467,ADC1,0,servo_1,A,1.904
1769884833.6318212,ADC2,0,bus_voltage,V,11.584
1769884833.682572,ADC2,0,bus_voltage,V,11.363
1769884833.7335505,ADC2,0,bus_voltage,V,10.878
1769884833.7841954,ADC1,0,servo_1,A,0.561
1769884833.8349395,THERM,0,motor_temp,C,60.926
1769884833.8854456,THERM,0,motor_temp,C,47.73
1769884833.9363043,ADC1,0,servo_1,A,1.004
1769884833.9871085,ADC1,1,servo_2,A,2.084
1769884834.037892,ADC1,1,servo_2,A,2.325
1769884834.0886004,ADC1,1,servo_2,A,0.666
1769884834.1392183,ADC1,1,servo_2,A,0.498
1769884834.1899219,ADC1,0,servo_1,A,1.005
1769884834.2404711,ADC2,0,bus_voltage,V,12.097
1769884834.291213,ADC2,0,bus_voltage,V,10.129
1769884834.3425786,ADC2,0,bus_voltage,V,10.973
1769884834.3930514,ADC1,1,servo_2,A,1.975
1769884834.4434686,ADC2,0,bus_voltage,V,11.86
1769884834.4947069,ADC1,0,servo_1,A,1.795
1769884834.546001,ADC1,1,servo_2,A,1.583
1769884834.5984406,ADC1,0,servo_1,A,1.272
1769884834.6494932,ADC1,0,servo_1,A,2.229
1769884834.7004406,ADC1,1,servo_2,A,0.464
1769884834.7509108,ADC1,1,servo_2,A,0.589
1769884834.8013408,ADC1,1,servo_2,A,1.704
1769884834.8521192,ADC1,0,servo_1,A,1.432
1769884834.9030964,ADC2,0,bus_voltage,V,10.959
1769884834.9535587,ADC1,0,servo_1,A,1.056
1769884835.0043635,THERM,0,motor_temp,C,26.168
1769884835.0549226,ADC2,0,bus_voltage,V,11.401
1769884835.1056776,ADC1,0,servo_1,A,0.524
1769884835.1568139,ADC1,1,servo_2,A,0.277
1769884835.2081194,ADC1,1,servo_2,A,1.22
1769884835.2591796,THERM,0,motor_temp,C,50.011
1769884835.309842,ADC2,0,bus_voltage,V,11.642
1769884835.3603873,THERM,0,motor_temp,C,56.229
1769884835.4110467,ADC1,1,servo_2,A,0.658
1769884835.461685,THERM,0,motor_temp,C,53.518
1769884835.51266,ADC2,0,bus_voltage,V,11.655
1769884835.563198,ADC2,0,bus_voltage,V,11.611
1769884835.6142237,ADC1,1,servo_2,A,1.282
1769884835.6649904,ADC1,1,servo_2,A,1.451
1769884835.7159412,ADC1,1,servo_2,A,0.323
1769884835.7666316,THERM,0,motor_temp,C,69.07
1769884835.8173378,ADC1,0,servo_1,A,1.726
1769884835.8681402,ADC1,1,servo_2,A,1.1
1769884835.9185755,ADC2,0,bus_voltage,V,10.178
1769884835.9695187,ADC2,0,bus_voltage,V,10.934
1769884836.020119,THERM,0,motor_temp,C,44.769
1769884836.070892,THERM,0,motor_temp,C,31.096
1769884836.121817,ADC2,0,bus_voltage,V,10.778
1769884836.1725864,ADC1,0,servo_1,A,2.373
1769884836.2231936,ADC2,0,bus_voltage,V,12.578
1769884836.2737544,ADC2,0,bus_voltage,V,11.385
1769884836.324364,ADC1,0,servo_1,A,1.196
1769884836.3752537,ADC1,0,servo_1,A,1.214
1769884836.4260345,THERM,0,motor_temp,C,63.717
1769884836.476632,ADC2,0,bus_voltage,V,10.182
1769884836.5272214,THERM,0,motor_temp,C,28.163
1769884836.577933,THERM,0,motor_temp,C,68.994
1769884836.6284854,ADC1,1,servo_2,A,2.029
1769884836.6789703,ADC1,0,servo_1,A,0.899
1769884836.729326,THERM,0,motor_temp,C,33.339
1769884836.7799406,ADC1,0,servo_1,A,1.511
1769884836.8305767,THERM,0,motor_temp,C,32.501
1769884836.8810585,ADC2,0,bus_voltage,V,12.172
1769884836.9315162,ADC2,0,bus_voltage,V,10.16
1769884836.9823344,THERM,0,motor_temp,C,60.642
1769884837.0328994,ADC1,0,servo_1,A,1.949
1769884837.0835576,ADC1,0,servo_1,A,0.467
1769884837.1340506,ADC1,1,servo_2,A,0.636
1769884837.18511,ADC1,1,servo_2,A,2.357
1769884837.2359266,THERM,0,motor_temp,C,27.669
1769884837.2864714,ADC1,1,servo_2,A,0.755
1769884837.3368201,ADC1,0,servo_1,A,2.46
1769884837.387475,ADC1,0,servo_1,A,1.857
1769884837.4380102,ADC1,0,servo_1,A,2.141
1769884837.4885643,THERM,0,motor_temp,C,30.18
1769884837.5393183,ADC1,1,servo_2,A,1.64
1769884837.590109,ADC2,0,bus_voltage,V,12.097
1769884837.6408153,ADC2,0,bus_voltage,V,12.104
1769884837.6916356,ADC1,1,servo_2,A,0.604
1769884837.742468,THERM,0,motor_temp,C,59.733
1769884837.7929666,ADC1,1,servo_2,A,0.574
1769884837.843606,ADC1,1,servo_2,A,2.108
1769884837.8943913,THERM,0,motor_temp,C,58.31
1769884837.9452538,ADC1,0,servo_1,A,2.11
1769884837.9957771,ADC1,1,servo_2,A,1.217
1769884838.0465705,ADC1,1,servo_2,A,1.788
1769884838.098166,ADC1,0,servo_1,A,1.181
1769884838.1485627,THERM,0,motor_temp,C,33.512
1769884838.199213,THERM,0,motor_temp,C,67.521
1769884838.2498465,ADC1,1,servo_2,A,2.231
1769884838.3006911,ADC2,0,bus_voltage,V,10.608
1769884838.3511384,THERM,0,motor_temp,C,52.198
1769884838.401839,THERM,0,motor_temp,C,28.085
1769884838.4525368,ADC1,1,servo_2,A,1.475
1769884838.503017,ADC2,0,bus_voltage,V,11.162
1769884838.5536294,ADC1,1,servo_2,A,1.904
1769884838.6072946,THERM,0,motor_temp,C,49.809
1769884838.6580884,ADC1,1,servo_2,A,0.379
1769884838.7093403,ADC1,1,servo_2,A,1.609
1769884838.7602925,ADC1,1,servo_2,A,2.005
1769884838.810716,ADC1,0,servo_1,A,1.48
1769884838.86133,ADC2,0,bus_voltage,V,12.219
1769884838.9121733,ADC1,0,servo_1,A,2.035
1769884838.9628592,ADC1,1,servo_2,A,0.363
1769884839.0134697,ADC1,1,servo_2,A,0.447
1769884839.0641823,ADC1,1,servo_2,A,0.579
1769884839.1156223,ADC1,1,servo_2,A,1.182
1769884839.1666806,ADC2,0,bus_voltage,V,11.528
1769884839.2171152,ADC2,0,bus_voltage,V,12.441
1769884839.267806,ADC1,1,servo_2,A,0.758
1769884839.3183868,ADC2,0,bus_voltage,V,10.594
1769884839.3692214,ADC1,1,servo_2,A,2.123
1769884839.4199846,ADC2,0,bus_voltage,V,10.771
1769884839.4710255,ADC2,0,bus_voltage,V,12.06
1769884839.5216627,ADC2,0,bus_voltage,V,10.001
1769884839.5722392,ADC2,0,bus_voltage,V,10.324
1769884839.623466,ADC1,0,servo_1,A,0.635
1769884839.6738622,THERM,0,motor_temp,C,51.733
1769884839.7249138,THERM,0,motor_temp,C,31.284
1769884839.7758994,ADC1,1,servo_2,A,1.923
1769884839.8263881,ADC2,0,bus_voltage,V,11.189
1769884839.8771548,THERM,0,motor_temp,C,44.186
1769884839.927581,ADC1,0,servo_1,A,1.59
1769884839.9784036,THERM,0,motor_temp,C,61.68
1769884840.0289931,ADC2,0,bus_voltage,V,11.003
1769884840.079526,ADC1,0,servo_1,A,0.924
1769884840.130061,THERM,0,motor_temp,C,29.995
1769884840.1805913,THERM,0,motor_temp,C,62.737
1769884840.231754,ADC1,0,servo_1,A,0.691
1769884840.2834184,ADC1,1,servo_2,A,2.481
1769884840.3345225,THERM,0,motor_temp,C,36.484
1769884840.38529,ADC1,0,servo_1,A,0.822
1769884840.4370801,ADC2,0,bus_voltage,V,10.913
1769884840.4887426,ADC1,1,servo_2,A,1.055
1769884840.5392792,ADC1,1,servo_2,A,0.843
1769884840.5901728,ADC1,1,servo_2,A,0.595
1769884840.6410258,ADC1,1,servo_2,A,2.201
1769884840.69143,THERM,0,motor_temp,C,33.687
1769884840.741909,THERM,0,motor_temp,C,69.736
1769884840.7926033,THERM,0,motor_temp,C,68.681
1769884840.8433068,ADC1,0,servo_1,A,0.688
1769884840.8938026,ADC1,1,servo_2,A,1.984
1769884840.944435,ADC2,0,bus_voltage,V,11.145
1769884840.9954085,ADC2,0,bus_voltage,V,10.154
1769884841.0458388,ADC2,0,bus_voltage,V,10.085
1769884841.096225,ADC1,1,servo_2,A,2.449
1769884841.1482553,ADC2,0,bus_voltage,V,12.595
1769884841.1988425,THERM,0,motor_temp,C,43.827
1769884841.251084,ADC1,1,servo_2,A,0.357
1769884841.301742,ADC2,0,bus_voltage,V,10.408
1769884841.3524468,ADC1,0,servo_1,A,2.109
1769884841.4034634,ADC1,0,servo_1,A,0.688
1769884841.4538655,THERM,0,motor_temp,C,53.325
1769884841.5043843,THERM,0,motor_temp,C,41.931
1769884841.5551739,THERM,0,motor_temp,C,38.766
1769884841.6058154,ADC1,1,servo_2,A,1.615
1769884841.6566997,ADC1,0,servo_1,A,0.527
1769884841.7072568,THERM,0,motor_temp,C,36.524
1769884841.757689,ADC2,0,bus_voltage,V,10.631
1769884841.8084219,ADC1,0,servo_1,A,1.042
1769884841.8594096,ADC1,1,servo_2,A,1.68
1769884841.9099312,ADC2,0,bus_voltage,V,10.731
1769884841.9607198,THERM,0,motor_temp,C,29.807
1769884842.0116022,THERM,0,motor_temp,C,33.749
1769884842.0623693,THERM,0,motor_temp,C,67.905
1769884842.1129396,ADC1,0,servo_1,A,2.148
1769884842.1635914,ADC1,1,servo_2,A,1.705
1769884842.2143836,THERM,0,motor_temp,C,33.13
1769884842.26478,THERM,0,motor_temp,C,39.072
1769884842.3152697,ADC1,1,servo_2,A,1.058
1769884842.366462,ADC1,1,servo_2,A,0.323
1769884842.417254,ADC1,1,servo_2,A,1.129
1769884842.4678943,ADC1,1,servo_2,A,2.285
1769884842.5184724,THERM,0,motor_temp,C,37.577
1769884842.569228,ADC2,0,bus_voltage,V,11.084
1769884842.6199188,ADC2,0,bus_voltage,V,11.755
1769884842.6703818,ADC1,1,servo_2,A,2.052
1769884842.7208278,ADC1,1,servo_2,A,1.209
1769884842.7713213,ADC1,0,servo_1,A,0.92
1769884842.8219383,ADC1,1,servo_2,A,0.718
1769884842.87252,ADC1,0,servo_1,A,2.121
1769884842.9232225,ADC2,0,bus_voltage,V,10.328
1769884842.9739223,ADC1,1,servo_2,A,1.926
1769884843.025097,ADC1,1,servo_2,A,0.771
1769884843.0755649,THERM,0,motor_temp,C,63.989
1769884843.1264193,ADC1,0,servo_1,A,0.967
1769884843.1769783,THERM,0,motor_temp,C,38.161
1769884843.2280846,ADC1,1,servo_2,A,1.818
1769884843.2785563,ADC2,0,bus_voltage,V,11.007
1769884843.3305202,ADC1,1,servo_2,A,0.536
1769884843.3809633,THERM,0,motor_temp,C,27.982
1769884843.431648,ADC1,1,servo_2,A,1.941
1769884843.4826674,THERM,0,motor_temp,C,46.696
1769884843.533173,ADC1,0,servo_1,A,0.212
1769884843.5836434,ADC1,1,servo_2,A,1.722
1769884843.6344073,ADC2,0,bus_voltage,V,12.111
1769884843.6849716,ADC1,1,servo_2,A,1.969
1769884843.735463,ADC1,1,servo_2,A,1.068
1769884843.7860148,ADC2,0,bus_voltage,V,10.618
1769884843.8365686,ADC2,0,bus_voltage,V,10.637
1769884843.88749,ADC1,1,servo_2,A,2.307
1769884843.9385467,ADC1,1,servo_2,A,1.635
1769884843.9892554,THERM,0,motor_temp,C,25.664
1769884844.0401444,ADC1,1,servo_2,A,0.93
1769884844.0906465,ADC1,0,servo_1,A,0.377
1769884844.1415062,ADC1,1,servo_2,A,0.407
1769884844.1921825,ADC1,1,servo_2,A,0.49
1769884844.243883,THERM,0,motor_temp,C,31.21
1769884844.2944276,ADC1,1,servo_2,A,0.937
1769884844.345116,ADC2,0,bus_voltage,V,10.399
1769884844.3959637,THERM,0,motor_temp,C,45.665
1769884844.4469683,ADC2,0,bus_voltage,V,12.559
1769884844.4977455,THERM,0,motor_temp,C,59.421
1769884844.548324,ADC1,0,servo_1,A,0.22
1769884844.5993705,THERM,0,motor_temp,C,40.009
1769884844.6502786,ADC2,0,bus_voltage,V,12.086
1769884844.700684,ADC1,0,servo_1,A,2.452
1769884844.7511792,THERM,0,motor_temp,C,69.236
1769884844.80199,ADC1,1,servo_2,A,1.491
1769884844.852685,THERM,0,motor_temp,C,55.891
1769884844.9035037,ADC1,1,servo_2,A,1.922
1769884844.954166,THERM,0,motor_temp,C,34.208
1769884845.0048764,THERM,0,motor_temp,C,63.695
1769884845.0554416,ADC2,0,bus_voltage,V,11.451
1769884845.1059504,ADC1,0,servo_1,A,2.219
1769884845.1565022,ADC2,0,bus_voltage,V,11.116
1769884845.2070053,THERM,0,motor_temp,C,66.366
1769884845.2577431,ADC1,0,servo_1,A,2.211
1769884845.309643,THERM,0,motor_temp,C,32.616
1769884845.3604765,ADC1,0,servo_1,A,2.451
1769884845.411233,ADC2,0,bus_voltage,V,12.58
1769884845.462246,THERM,0,motor_temp,C,62.87
1769884845.5139503,ADC1,1,servo_2,A,2.216
1769884845.5657356,ADC1,0,servo_1,A,2.051
1769884845.6164718,ADC1,1,servo_2,A,1.927
1769884845.666949,ADC1,1,servo_2,A,1.755
1769884845.717907,ADC1,1,servo_2,A,0.7
1769884845.7685838,THERM,0,motor_temp,C,46.826
1769884845.81929,ADC1,1,servo_2,A,2.332
1769884845.869969,ADC1,1,servo_2,A,2.373
1769884845.9206586,THERM,0,motor_temp,C,66.856
1769884845.9710925,ADC1,0,servo_1,A,0.444
1769884846.0217834,ADC1,0,servo_1,A,1.06
1769884846.0725324,ADC1,1,servo_2,A,0.656
1769884846.1234326,THERM,0,motor_temp,C,52.836
1769884846.1742587,ADC1,1,servo_2,A,1.858
1769884846.2247052,THERM,0,motor_temp,C,25.403
1769884846.2759266,ADC1,1,servo_2,A,0.349
1769884846.3266597,ADC1,0,servo_1,A,1.531
1769884846.377883,ADC1,1,servo_2,A,1.663
1769884846.42859,ADC1,1,servo_2,A,2.443
1769884846.4791996,THERM,0,motor_temp,C,61.988
1769884846.5300603,ADC1,1,servo_2,A,1.152
1769884846.5806127,ADC2,0,bus_voltage,V,10.143
1769884846.6314886,ADC2,0,bus_voltage,V,11.743
1769884846.6820776,ADC1,1,servo_2,A,0.36
1769884846.7328577,ADC1,1,servo_2,A,1.232
1769884846.7834575,ADC2,0,bus_voltage,V,12.426
1769884846.8358169,THERM,0,motor_temp,C,60.072
1769884846.8866866,THERM,0,motor_temp,C,44.514
1769884846.9376085,THERM,0,motor_temp,C,36.839
1769884846.9883153,ADC1,0,servo_1,A,1.651
1769884847.038971,THERM,0,motor_temp,C,37.643
1769884847.089806,ADC1,0,servo_1,A,0.547
1769884847.1406434,ADC2,0,bus_voltage,V,12.578
1769884847.1914399,ADC2,0,bus_voltage,V,10.041
1769884847.2426198,ADC2,0,bus_voltage,V,12.181
1769884847.2936316,ADC2,0,bus_voltage,V,11.538
1769884847.3446517,ADC2,0,bus_voltage,V,11.972
1769884847.3954036,THERM,0,motor_temp,C,25.196
1769884847.44613,ADC1,1,servo_2,A,2.24
1769884847.4966202,ADC2,0,bus_voltage,V,11.384
1769884847.547453,ADC1,0,servo_1,A,1.078
1769884847.5981774,THERM,0,motor_temp,C,42.143
1769884847.649273,THERM,0,motor_temp,C,33.828
1769884847.7001693,THERM,0,motor_temp,C,39.785
1769884847.7508602,ADC2,0,bus_voltage,V,11.598
1769884847.8015232,ADC2,0,bus_voltage,V,11.3
1769884847.8523114,ADC2,0,bus_voltage,V,11.59
1769884847.902837,ADC2,0,bus_voltage,V,10.978
1769884847.9540234,ADC1,1,servo_2,A,1.548
1769884848.0049524,ADC1,1,servo_2,A,1.178
1769884848.0556738,THERM,0,motor_temp,C,51.618
1769884848.1063886,ADC1,0,servo_1,A,1.236
1769884848.1572366,ADC2,0,bus_voltage,V,11.481
1769884848.2077029,ADC1,0,servo_1,A,2.152
1769884848.2581558,ADC2,0,bus_voltage,V,10.862
1769884848.3085713,ADC2,0,bus_voltage,V,10.059
1769884848.3592212,ADC1,0,servo_1,A,2.159
1769884848.4097092,THERM,0,motor_temp,C,58.511
1769884848.4602518,THERM,0,motor_temp,C,60.364
1769884848.5109003,ADC1,0,servo_1,A,1.294
1769884848.5614345,ADC2,0,bus_voltage,V,12.461
1769884848.6121273,ADC1,1,servo_2,A,1.706
1769884848.6629357,ADC1,0,servo_1,A,1.047
1769884848.7136114,ADC1,0,servo_1,A,0.965
1769884848.764607,ADC1,1,servo_2,A,0.684
1769884848.8151314,ADC2,0,bus_voltage,V,11.792
1769884848.865504,ADC1,1,servo_2,A,0.781
1769884848.9161625,ADC2,0,bus_voltage,V,11.801
1769884848.9669685,THERM,0,motor_temp,C,63.093
1769884849.0178201,THERM,0,motor_temp,C,27.973
1769884849.0687501,THERM,0,motor_temp,C,69.315
1769884849.11974,ADC2,0,bus_voltage,V,11.039
1769884849.170649,THERM,0,motor_temp,C,30.239
1769884849.221138,ADC1,0,servo_1,A,1.298
1769884849.2717962,ADC1,0,servo_1,A,0.233
1769884849.3221917,ADC1,1,servo_2,A,0.518
1769884849.3727334,ADC1,0,servo_1,A,1.928
1769884849.4235241,ADC2,0,bus_voltage,V,10.437
1769884849.4746296,ADC2,0,bus_voltage,V,12.029
1769884849.5255523,THERM,0,motor_temp,C,34.691
1769884849.576129,ADC2,0,bus_voltage,V,10.338
1769884849.6266532,ADC1,0,servo_1,A,0.495
1769884849.6775143,THERM,0,motor_temp,C,39.034
1769884849.7280238,ADC2,0,bus_voltage,V,12.522
1769884849.7787127,THERM,0,motor_temp,C,39.034
1769884849.829569,ADC1,1,servo_2,A,0.336
1769884849.8802955,ADC1,0,servo_1,A,1.244
1769884849.9309032,ADC1,1,servo_2,A,0.305
1769884849.9820004,THERM,0,motor_temp,C,47.316
1769884850.0328965,ADC1,1,servo_2,A,2.067
1769884850.0841553,THERM,0,motor_temp,C,28.314
1769884850.1346087,ADC2,0,bus_voltage,V,10.028
1769884850.1850758,ADC1,0,servo_1,A,0.239
1769884850.2356162,ADC2,0,bus_voltage,V,10.386
1769884850.2864645,THERM,0,motor_temp,C,44.362
1769884850.3372219,ADC2,0,bus_voltage,V,10.534
1769884850.3879697,ADC1,0,servo_1,A,0.296
1769884850.4390237,ADC1,0,servo_1,A,1.03
1769884850.489927,ADC1,1,servo_2,A,2.343
1769884850.5405476,ADC1,1,servo_2,A,1.264
1769884850.5911639,THERM,0,motor_temp,C,62.708
1769884850.6418886,ADC1,1,servo_2,A,0.264
1769884850.6923263,THERM,0,motor_temp,C,54.972
1769884850.7430046,THERM,0,motor_temp,C,69.844
1769884850.7938292,THERM,0,motor_temp,C,30.014
1769884850.8443534,ADC1,0,servo_1,A,1.122
1769884850.895201,ADC2,0,bus_voltage,V,11.013
1769884850.945687,ADC1,0,servo_1,A,0.597
1769884850.9961607,ADC2,0,bus_voltage,V,12.363
1769884851.0466452,ADC1,1,servo_2,A,2.036
1769884851.0972767,THERM,0,motor_temp,C,40.769
1769884851.1477396,ADC1,0,servo_1,A,2.2
1769884851.1986816,ADC2,0,bus_voltage,V,11.515
1769884851.2495856,ADC2,0,bus_voltage,V,12.377
1769884851.3002875,ADC2,0,bus_voltage,V,11.574
1769884851.3508632,ADC1,0,servo_1,A,1.318
1769884851.4015865,ADC2,0,bus_voltage,V,10.751
1769884851.452949,ADC1,1,servo_2,A,2.474
1769884851.5034478,ADC2,0,bus_voltage,V,12.311
1769884851.5544143,THERM,0,motor_temp,C,37.667
1769884851.605029,THERM,0,motor_temp,C,40.073
1769884851.655518,ADC2,0,bus_voltage,V,10.388
1769884851.706275,THERM,0,motor_temp,C,29.941
1769884851.7568436,ADC1,1,servo_2,A,1.925
1769884851.8073614,ADC1,1,servo_2,A,1.432
1769884851.85811,ADC1,0,servo_1,A,2.02
1769884851.908962,ADC1,1,servo_2,A,1.005
1769884851.9595551,ADC1,1,servo_2,A,2.387
1769884852.0101037,THERM,0,motor_temp,C,57.394
1769884852.0606067,ADC1,1,servo_2,A,0.691
1769884852.111386,ADC2,0,bus_voltage,V,10.808
1769884852.162155,THERM,0,motor_temp,C,64.438
1769884852.2129781,ADC1,1,servo_2,A,2.357
1769884852.2635026,THERM,0,motor_temp,C,34.425
1769884852.3140173,ADC1,1,servo_2,A,2.124
1769884852.364721,THERM,0,motor_temp,C,28.532
1769884852.416048,ADC1,0,servo_1,A,0.63
1769884852.4666667,ADC2,0,bus_voltage,V,11.383
1769884852.5186386,ADC1,0,servo_1,A,0.259
1769884852.5693855,ADC1,0,servo_1,A,1.628
1769884852.6201422,ADC1,0,servo_1,A,0.364
1769884852.6706321,ADC2,0,bus_voltage,V,10.644
1769884852.7214758,ADC2,0,bus_voltage,V,10.064
1769884852.7724578,THERM,0,motor_temp,C,55.107
1769884852.8233695,ADC2,0,bus_voltage,V,11.388
1769884852.8743424,ADC1,0,servo_1,A,1.224
1769884852.9249618,ADC1,0,servo_1,A,0.897
1769884852.9758132,THERM,0,motor_temp,C,48.262
1769884853.026255,THERM,0,motor_temp,C,31.876
1769884853.076853,ADC2,0,bus_voltage,V,10.043
1769884853.1273813,ADC1,0,servo_1,A,1.65
1769884853.1782694,THERM,0,motor_temp,C,55.253
1769884853.2300286,ADC2,0,bus_voltage,V,11.891
1769884853.2804995,ADC1,1,servo_2,A,2.439
1769884853.331264,THERM,0,motor_temp,C,46.77
1769884853.3819246,ADC2,0,bus_voltage,V,10.637
1769884853.4323657,THERM,0,motor_temp,C,59.063
1769884853.482993,ADC1,1,servo_2,A,0.817
1769884853.5335796,ADC1,0,servo_1,A,0.666
1769884853.5844324,ADC1,0,servo_1,A,1.597
1769884853.6352196,ADC1,1,servo_2,A,0.662
1769884853.6858518,THERM,0,motor_temp,C,44.345
1769884853.7361765,ADC1,0,servo_1,A,0.978
1769884853.7867212,THERM,0,motor_temp,C,26.629
1769884853.8376577,ADC1,0,servo_1,A,2.364
1769884853.888479,ADC1,0,servo_1,A,2.219
1769884853.9391491,ADC1,1,servo_2,A,1.401
1769884853.9895914,THERM,0,motor_temp,C,29.977
1769884854.0402052,ADC2,0,bus_voltage,V,11.549
1769884854.0906706,ADC1,1,servo_2,A,0.906
1769884854.1417944,THERM,0,motor_temp,C,31.412
1769884854.1924717,ADC2,0,bus_voltage,V,10.692
1769884854.243269,THERM,0,motor_temp,C,33.716
1769884854.2939386,THERM,0,motor_temp,C,42.662
1769884854.344729,ADC2,0,bus_voltage,V,12.247
1769884854.3956656,THERM,0,motor_temp,C,56.256
1769884854.4479578,ADC2,0,bus_voltage,V,10.467
1769884854.4987946,ADC1,0,servo_1,A,1.17
1769884854.5495882,ADC1,0,servo_1,A,1.812
1769884854.600153,ADC2,0,bus_voltage,V,12.19
1769884854.6516085,THERM,0,motor_temp,C,40.016
1769884854.7024446,ADC2,0,bus_voltage,V,11.122
1769884854.7533994,ADC1,0,servo_1,A,0.389
1769884854.8039591,THERM,0,motor_temp,C,38.397
1769884854.854475,ADC1,0,servo_1,A,2.363
1769884854.9049094,ADC1,1,servo_2,A,1.07
1769884854.955442,ADC1,1,servo_2,A,0.697
1769884855.00575,ADC1,0,servo_1,A,1.159
1769884855.0565631,ADC1,0,servo_1,A,1.094
1769884855.1069694,ADC1,1,servo_2,A,0.644
1769884855.1592603,ADC2,0,bus_voltage,V,11.758
1769884855.2101943,ADC1,1,servo_2,A,0.748
1769884855.2608504,THERM,0,motor_temp,C,47.89
1769884855.3114102,ADC2,0,bus_voltage,V,10.262
1769884855.3620749,ADC1,1,servo_2,A,0.242
1769884855.4127307,ADC1,0,servo_1,A,0.391
1769884855.4634671,THERM,0,motor_temp,C,47.798
1769884855.5155203,ADC2,0,bus_voltage,V,11.278
1769884855.5660584,ADC1,1,servo_2,A,0.763
1769884855.6166399,ADC1,0,servo_1,A,2.261
1769884855.6671038,THERM,0,motor_temp,C,37.155
1769884855.7178283,ADC1,1,servo_2,A,0.438
1769884855.768659,ADC1,1,servo_2,A,0.366
1769884855.819736,ADC2,0,bus_voltage,V,10.169
1769884855.8702703,ADC1,0,servo_1,A,0.502
1769884855.9211483,ADC2,0,bus_voltage,V,11.095
1769884855.9721704,THERM,0,motor_temp,C,55.407
1769884856.0229883,ADC2,0,bus_voltage,V,10.361
1769884856.0735338,ADC1,1,servo_2,A,2.26
1769884856.12411,ADC1,1,servo_2,A,2.206
1769884856.1757784,THERM,0,motor_temp,C,57.883
1769884856.2266872,ADC2,0,bus_voltage,V,12.403
1769884856.27741,ADC1,1,servo_2,A,0.677
1769884856.3280923,ADC1,0,servo_1,A,0.339
1769884856.3786333,ADC1,1,servo_2,A,1.003
1769884856.4293637,ADC1,0,servo_1,A,0.539
1769884856.479791,ADC1,1,servo_2,A,1.831
1769884856.5309222,ADC1,0,servo_1,A,1.433
1769884856.5816677,ADC1,1,servo_2,A,2.224
1769884856.6323254,ADC1,1,servo_2,A,2.342
1769884856.684012,ADC2,0,bus_voltage,V,10.994
1769884856.7347705,ADC1,0,servo_1,A,0.734
1769884856.7854888,ADC2,0,bus_voltage,V,10.082
1769884856.8362646,ADC2,0,bus_voltage,V,11.486
1769884856.8867493,ADC1,0,servo_1,A,0.3
1769884856.9374108,ADC1,1,servo_2,A,1.102
1769884856.987868,ADC1,1,servo_2,A,1.324
1769884857.039084,ADC1,1,servo_2,A,0.538
1769884857.0896275,ADC1,0,servo_1,A,0.239
1769884857.1403847,ADC2,0,bus_voltage,V,12.452
1769884857.1907659,ADC1,0,servo_1,A,2.252
1769884857.241511,ADC1,1,servo_2,A,2.438
1769884857.2920563,ADC1,0,servo_1,A,0.383
1769884857.3424728,ADC1,0,servo_1,A,1.178
1769884857.393027,ADC1,0,servo_1,A,1.548
1769884857.4438426,ADC1,0,servo_1,A,1.441
1769884857.4947689,ADC2,0,bus_voltage,V,11.534
1769884857.5454388,THERM,0,motor_temp,C,56.26
1769884857.5964808,ADC1,1,servo_2,A,0.799
1769884857.647523,ADC1,0,servo_1,A,1.3
1769884857.6980393,THERM,0,motor_temp,C,61.195
1769884857.7489338,THERM,0,motor_temp,C,39.132
1769884857.800773,ADC2,0,bus_voltage,V,10.115
1769884857.8515692,ADC1,1,servo_2,A,0.637
1769884857.9026082,ADC1,0,servo_1,A,0.416
1769884857.9534485,ADC2,0,bus_voltage,V,12.108
1769884858.004283,ADC1,1,servo_2,A,1.003
1769884858.0552254,THERM,0,motor_temp,C,58.352
1769884858.1062157,THERM,0,motor_temp,C,57.425
1769884858.1570234,THERM,0,motor_temp,C,64.288
1769884858.2080283,ADC1,0,servo_1,A,1.323
1769884858.2590363,ADC2,0,bus_voltage,V,11.861
1769884858.3098676,ADC1,0,servo_1,A,0.633
1769884858.3606906,ADC1,1,servo_2,A,1.519
1769884858.411795,THERM,0,motor_temp,C,33.999
1769884858.4627783,ADC1,0,servo_1,A,0.46
1769884858.513702,ADC1,0,servo_1,A,1.377
1769884858.566015,ADC1,1,servo_2,A,1.948
1769884858.6164832,ADC1,0,servo_1,A,0.812
1769884858.6672459,ADC1,1,servo_2,A,0.485
1769884858.7177238,ADC1,1,servo_2,A,0.633
1769884858.7683694,ADC1,0,servo_1,A,1.109
1769884858.8191378,ADC1,0,servo_1,A,1.168
1769884858.8695881,THERM,0,motor_temp,C,29.609
1769884858.9201157,THERM,0,motor_temp,C,31.796
1769884858.9708004,ADC2,0,bus_voltage,V,11.754
1769884859.021421,ADC1,0,servo_1,A,2.257
1769884859.0725176,THERM,0,motor_temp,C,45.145
1769884859.1236856,ADC1,1,servo_2,A,0.321
1769884859.1744075,ADC2,0,bus_voltage,V,11.363
1769884859.224989,ADC2,0,bus_voltage,V,10.462
1769884859.2758536,ADC1,1,servo_2,A,0.879
1769884859.3265166,ADC1,0,servo_1,A,0.894
1769884859.3772342,ADC2,0,bus_voltage,V,10.764
1769884859.4279277,ADC1,1,servo_2,A,1.054
1769884859.4788816,THERM,0,motor_temp,C,35.818
1769884859.5293634,ADC1,0,servo_1,A,1.797
1769884859.579955,THERM,0,motor_temp,C,65.513
1769884859.6308234,THERM,0,motor_temp,C,55.889
1769884859.6832876,THERM,0,motor_temp,C,26.158
1769884859.7342577,ADC1,1,servo_2,A,2.379
1769884859.784899,ADC1,1,servo_2,A,0.608
1769884859.8357975,ADC1,1,servo_2,A,1.495
1769884859.8861964,ADC1,0,servo_1,A,0.443
1769884859.9379933,ADC1,1,servo_2,A,1.724
1769884859.9889631,ADC2,0,bus_voltage,V,12.549
1769884860.0399065,ADC2,0,bus_voltage,V,10.134
1769884860.090797,THERM,0,motor_temp,C,65.064
1769884860.141694,ADC1,0,servo_1,A,1.325
1769884860.19254,ADC1,1,servo_2,A,2.484
1769884860.243457,ADC2,0,bus_voltage,V,12.4
1769884860.294156,ADC2,0,bus_voltage,V,12.375
1769884860.3448508,ADC1,1,servo_2,A,0.337
1769884860.395677,THERM,0,motor_temp,C,29.188
1769884860.446611,ADC1,1,servo_2,A,0.94
1769884860.4978187,THERM,0,motor_temp,C,53.504
1769884860.5484977,ADC1,0,servo_1,A,0.465
1769884860.6000056,THERM,0,motor_temp,C,67.996
1769884860.650507,THERM,0,motor_temp,C,43.522
1769884860.7012649,ADC1,1,servo_2,A,0.205
1769884860.7520854,ADC1,0,servo_1,A,1.628
1769884860.8027916,ADC1,0,servo_1,A,1.594
1769884860.853291,ADC1,1,servo_2,A,2.093
1769884860.9038444,THERM,0,motor_temp,C,35.637
1769884860.9546642,THERM,0,motor_temp,C,38.814
1769884861.0054317,ADC2,0,bus_voltage,V,10.923
1769884861.0560005,THERM,0,motor_temp,C,35.106
1769884861.1066203,ADC1,0,servo_1,A,1.434
1769884861.157486,THERM,0,motor_temp,C,58.233
1769884861.2091467,ADC2,0,bus_voltage,V,12.379
1769884861.2598953,ADC2,0,bus_voltage,V,12.38
1769884861.3107238,ADC2,0,bus_voltage,V,10.937
1769884861.3612266,ADC1,1,servo_2,A,1.458
1769884861.4118743,ADC2,0,bus_voltage,V,12.191
1769884861.4625082,ADC1,1,servo_2,A,0.379
1769884861.5132234,ADC1,0,servo_1,A,1.44
1769884861.5636594,THERM,0,motor_temp,C,45.203
1769884861.6147008,THERM,0,motor_temp,C,25.131
1769884861.665346,ADC1,0,servo_1,A,0.509
1769884861.7165065,ADC1,1,servo_2,A,1.617
1769884861.767592,THERM,0,motor_temp,C,63.089
1769884861.8184078,ADC2,0,bus_voltage,V,12.026
1769884861.86911,THERM,0,motor_temp,C,28.602
1769884861.9199352,ADC1,1,servo_2,A,0.886
1769884861.971162,ADC1,0,servo_1,A,1.27
1769884862.0220506,ADC1,1,servo_2,A,1.613
1769884862.0728204,THERM,0,motor_temp,C,52.364
1769884862.1237404,ADC2,0,bus_voltage,V,11.378
1769884862.1746135,ADC2,0,bus_voltage,V,11.817
1769884862.2254188,THERM,0,motor_temp,C,62.085
1769884862.2763996,ADC1,1,servo_2,A,1.512
1769884862.3287003,ADC1,1,servo_2,A,1.739
1769884862.3792253,ADC1,1,servo_2,A,0.588
1769884862.4301188,THERM,0,motor_temp,C,32.852
1769884862.4806948,THERM,0,motor_temp,C,28.456
1769884862.5316534,THERM,0,motor_temp,C,54.761
1769884862.5823457,ADC1,0,servo_1,A,0.584
1769884862.633023,ADC1,0,servo_1,A,2.305
1769884862.6837337,THERM,0,motor_temp,C,27.142
1769884862.7342901,THERM,0,motor_temp,C,52.146
1769884862.7848146,ADC1,1,servo_2,A,2.425
1769884862.8355694,ADC1,0,servo_1,A,1.739
1769884862.8864424,THERM,0,motor_temp,C,57.018
1769884862.9370506,THERM,0,motor_temp,C,30.066
1769884862.987783,ADC1,1,servo_2,A,2.438
1769884863.0386295,ADC1,0,servo_1,A,1.458
1769884863.0897164,THERM,0,motor_temp,C,45.649
1769884863.1401634,THERM,0,motor_temp,C,63.421
1769884863.192207,ADC2,0,bus_voltage,V,11.043
1769884863.2427013,ADC1,1,servo_2,A,2.074
1769884863.2931426,THERM,0,motor_temp,C,53.543
1769884863.3438294,THERM,0,motor_temp,C,37.222
1769884863.3948264,ADC2,0,bus_voltage,V,11.424
1769884863.445253,ADC1,0,servo_1,A,0.264
1769884863.4960022,THERM,0,motor_temp,C,32.162
1769884863.5465431,THERM,0,motor_temp,C,48.814
1769884863.597276,THERM,0,motor_temp,C,49.875
1769884863.6481032,THERM,0,motor_temp,C,25.797
1769884863.6989496,ADC2,0,bus_voltage,V,11.366
1769884863.7495184,THERM,0,motor_temp,C,68.131
1769884863.8001802,ADC1,1,servo_2,A,0.387
1769884863.8510873,THERM,0,motor_temp,C,43.234
1769884863.9019806,ADC2,0,bus_voltage,V,10.865
1769884863.9530373,ADC2,0,bus_voltage,V,12.261
1769884864.0038528,ADC2,0,bus_voltage,V,11.664
1769884864.0547307,THERM,0,motor_temp,C,36.881
1769884864.105317,ADC1,0,servo_1,A,2.034
1769884864.1558254,ADC1,1,servo_2,A,1.965
1769884864.206363,ADC2,0,bus_voltage,V,11.527
1769884864.257176,ADC1,0,servo_1,A,0.762
1769884864.3080013,ADC2,0,bus_voltage,V,11.19
1769884864.358463,THERM,0,motor_temp,C,32.022
1769884864.4094124,ADC2,0,bus_voltage,V,11.455
1769884864.4599175,ADC2,0,bus_voltage,V,11.34
1769884864.5102654,ADC1,0,servo_1,A,2.06
1769884864.5609698,ADC1,0,servo_1,A,0.603
1769884864.611575,ADC1,0,servo_1,A,0.811
1769884864.662385,ADC1,1,servo_2,A,1.768
1769884864.7131693,THERM,0,motor_temp,C,55.697
1769884864.7635388,ADC1,0,servo_1,A,1.008
1769884864.814128,ADC2,0,bus_voltage,V,11.177
1769884864.864629,THERM,0,motor_temp,C,25.37
1769884864.9155178,THERM,0,motor_temp,C,53.764
1769884864.9658833,ADC2,0,bus_voltage,V,10.297
1769884865.0166714,ADC2,0,bus_voltage,V,11.643
1769884865.0672016,THERM,0,motor_temp,C,60.07
1769884865.1180463,THERM,0,motor_temp,C,52.281
1769884865.1693,ADC2,0,bus_voltage,V,12.166
1769884865.2199771,ADC2,0,bus_voltage,V,10.67
1769884865.2706735,THERM,0,motor_temp,C,43.501
1769884865.32153,THERM,0,motor_temp,C,34.718
1769884865.3723586,THERM,0,motor_temp,C,28.253
1769884865.4230697,THERM,0,motor_temp,C,61.206
1769884865.4738572,ADC1,1,servo_2,A,0.234
1769884865.5246377,THERM,0,motor_temp,C,41.838
1769884865.5755026,ADC1,0,servo_1,A,2.23
1769884865.626266,ADC1,1,servo_2,A,2.182
1769884865.6767206,ADC2,0,bus_voltage,V,10.811
1769884865.7282693,ADC1,1,servo_2,A,1.801
1769884865.7789965,THERM,0,motor_temp,C,50.535
1769884865.8296218,ADC1,0,servo_1,A,1.514
1769884865.8803935,ADC1,1,servo_2,A,0.957
1769884865.9313045,ADC1,0,servo_1,A,2.426
1769884865.9820716,ADC2,0,bus_voltage,V,11.383
1769884866.0328846,ADC1,0,servo_1,A,2.387
1769884866.083461,ADC2,0,bus_voltage,V,12.336
1769884866.134006,ADC1,0,servo_1,A,2.491
1769884866.1847248,ADC2,0,bus_voltage,V,11.37
1769884866.2355988,ADC2,0,bus_voltage,V,10.891
1769884866.2862267,ADC1,0,servo_1,A,0.918
1769884866.3368278,THERM,0,motor_temp,C,59.576
1769884866.3876846,ADC1,1,servo_2,A,0.332
1769884866.438578,THERM,0,motor_temp,C,68.6
1769884866.4893603,ADC1,0,servo_1,A,2.061
1769884866.5401487,ADC2,0,bus_voltage,V,11.083
1769884866.5910342,ADC1,1,servo_2,A,1.649
1769884866.6418233,THERM,0,motor_temp,C,28.918
1769884866.6926923,ADC1,1,servo_2,A,1.98
1769884866.7431939,ADC1,1,servo_2,A,1.343
1769884866.7938788,ADC2,0,bus_voltage,V,11.318
1769884866.844263,ADC1,0,servo_1,A,1.484
1769884866.894866,ADC2,0,bus_voltage,V,10.929
1769884866.945422,ADC2,0,bus_voltage,V,11.192
1769884866.995986,ADC1,1,servo_2,A,0.937
1769884867.0467334,THERM,0,motor_temp,C,34.192
1769884867.0971437,ADC1,1,servo_2,A,0.451
1769884867.1479309,THERM,0,motor_temp,C,27.871
1769884867.1983948,ADC1,0,servo_1,A,1.464
1769884867.2490785,ADC1,1,servo_2,A,0.763
1769884867.2997777,ADC1,0,servo_1,A,1.724
1769884867.3501523,ADC1,0,servo_1,A,0.492
1769884867.4006474,ADC1,0,servo_1,A,0.566
1769884867.4513745,ADC2,0,bus_voltage,V,10.171
1769884867.5019925,ADC1,0,servo_1,A,0.535
1769884867.5524588,ADC1,0,servo_1,A,0.907
1769884867.6032698,ADC2,0,bus_voltage,V,11.177
1769884867.6538355,THERM,0,motor_temp,C,32.995
1769884867.7045324,ADC2,0,bus_voltage,V,11.175
1769884867.755147,ADC1,1,servo_2,A,1.316
1769884867.8059978,ADC2,0,bus_voltage,V,10.395
1769884867.856406,THERM,0,motor_temp,C,41.817
1769884867.9072263,THERM,0,motor_temp,C,62.771
1769884867.957851,THERM,0,motor_temp,C,57.328
1769884868.0086715,ADC1,1,servo_2,A,0.427
1769884868.059392,ADC1,0,servo_1,A,2.39
1769884868.1100347,ADC1,0,servo_1,A,2.434
1769884868.160744,ADC2,0,bus_voltage,V,10.464
1769884868.211552,ADC1,1,servo_2,A,1.458
1769884868.262154,THERM,0,motor_temp,C,42.684
1769884868.3131423,ADC1,1,servo_2,A,0.645
1769884868.363852,ADC2,0,bus_voltage,V,11.475
1769884868.4149559,ADC1,0,servo_1,A,1.331
1769884868.465589,ADC1,1,servo_2,A,0.716
1769884868.5164242,ADC1,1,servo_2,A,1.452
1769884868.567064,ADC1,1,servo_2,A,1.872
1769884868.6177065,ADC1,0,servo_1,A,2.161
1769884868.668577,ADC1,0,servo_1,A,1.23
1769884868.7192008,THERM,0,motor_temp,C,68.67
1769884868.7700717,ADC1,0,servo_1,A,0.259
1769884868.820875,ADC1,1,servo_2,A,2.33
1769884868.871317,THERM,0,motor_temp,C,52.048
1769884868.922229,ADC1,0,servo_1,A,0.439
1769884868.9731612,ADC1,0,servo_1,A,1.913
1769884869.0240746,THERM,0,motor_temp,C,26.599
1769884869.075811,ADC1,0,servo_1,A,2.225
1769884869.1295536,ADC1,1,servo_2,A,2.286
1769884869.1800108,ADC2,0,bus_voltage,V,11.036
1769884869.2306354,ADC1,1,servo_2,A,0.254
1769884869.282207,ADC1,1,servo_2,A,1.746
1769884869.3343616,ADC2,0,bus_voltage,V,11.363
1769884869.3865314,ADC1,1,servo_2,A,2.438
1769884869.4380512,ADC1,0,servo_1,A,1.511
1769884869.4886653,ADC1,1,servo_2,A,0.647
1769884869.539515,ADC1,1,servo_2,A,1.314
1769884869.5900242,ADC2,0,bus_voltage,V,11.827
1769884869.640942,ADC1,1,servo_2,A,1.787
1769884869.6915128,ADC2,0,bus_voltage,V,11.412
1769884869.7421575,ADC1,1,servo_2,A,1.753
1769884869.793917,ADC2,0,bus_voltage,V,12.116
1769884869.8461308,ADC1,1,servo_2,A,0.494
1769884869.8971536,THERM,0,motor_temp,C,26.909
1769884869.9476497,ADC1,1,servo_2,A,2.062
1769884869.9982042,ADC1,1,servo_2,A,1.883
1769884870.0488422,ADC1,1,servo_2,A,2.254
1769884870.0993946,ADC1,1,servo_2,A,0.419
1769884870.1497972,ADC1,0,servo_1,A,1.847
1769884870.200394,ADC1,0,servo_1,A,1.797
1769884870.250777,THERM,0,motor_temp,C,58.245
1769884870.3015137,ADC2,0,bus_voltage,V,11.898
1769884870.3525233,THERM,0,motor_temp,C,52.931
1769884870.403029,ADC1,1,servo_2,A,2.049
1769884870.453956,ADC1,0,servo_1,A,1.167
1769884870.5044897,ADC1,0,servo_1,A,1.937
1769884870.554846,ADC2,0,bus_voltage,V,12.231
1769884870.6059623,ADC1,1,servo_2,A,1.025
1769884870.6569314,ADC1,0,servo_1,A,0.717
1769884870.7077088,ADC2,0,bus_voltage,V,11.453
1769884870.7585635,ADC1,0,servo_1,A,1.066
1769884870.808939,ADC1,1,servo_2,A,1.637
1769884870.8594372,ADC1,1,servo_2,A,1.166
1769884870.9101954,ADC1,0,servo_1,A,0.849
1769884870.960635,ADC2,0,bus_voltage,V,11.365
1769884871.0112095,ADC1,1,servo_2,A,1.542
1769884871.062075,THERM,0,motor_temp,C,33.389
1769884871.1124868,ADC1,1,servo_2,A,1.988
1769884871.1638143,THERM,0,motor_temp,C,29.708
1769884871.214391,ADC2,0,bus_voltage,V,12.412
1769884871.265736,ADC1,1,servo_2,A,1.222
1769884871.3162506,THERM,0,motor_temp,C,33.869
1769884871.3666844,ADC2,0,bus_voltage,V,11.358
1769884871.4172356,ADC1,1,servo_2,A,0.569
1769884871.471286,ADC2,0,bus_voltage,V,11.007
1769884871.5224884,ADC1,0,servo_1,A,2.172
1769884871.5732975,ADC1,1,servo_2,A,1.617
1769884871.623863,ADC1,1,servo_2,A,2.447
1769884871.6744955,ADC1,1,servo_2,A,1.272
1769884871.7254388,ADC1,0,servo_1,A,1.988
1769884871.7786486,ADC2,0,bus_voltage,V,10.204
1769884871.8321111,ADC1,1,servo_2,A,1.972
1769884871.8832886,ADC1,1,servo_2,A,1.915
1769884871.9341893,ADC2,0,bus_voltage,V,11.277
1769884871.9847116,THERM,0,motor_temp,C,54.935
1769884872.0355594,ADC1,1,servo_2,A,1.607
1769884872.0861685,THERM,0,motor_temp,C,35.641
1769884872.1384773,THERM,0,motor_temp,C,62.85
1769884872.1889875,THERM,0,motor_temp,C,63.934
1769884872.2395003,ADC1,0,servo_1,A,1.031
1769884872.2900527,ADC2,0,bus_voltage,V,10.045
1769884872.3405452,ADC1,0,servo_1,A,0.465
1769884872.39111,ADC1,1,servo_2,A,0.649
1769884872.4422367,ADC1,0,servo_1,A,1.921
1769884872.4929326,ADC2,0,bus_voltage,V,12.235
1769884872.54362,ADC1,0,servo_1,A,0.436
1769884872.5940378,ADC1,0,servo_1,A,1.798
1769884872.6444645,ADC2,0,bus_voltage,V,12.09
1769884872.697796,ADC1,0,servo_1,A,1.778
1769884872.7491045,ADC2,0,bus_voltage,V,11.105
1769884872.799996,ADC2,0,bus_voltage,V,11.27
1769884872.8507962,ADC1,0,servo_1,A,1.892
1769884872.901382,ADC2,0,bus_voltage,V,11.592
1769884872.951781,THERM,0,motor_temp,C,60.053
1769884873.0033424,THERM,0,motor_temp,C,36.758
1769884873.0545661,ADC1,1,servo_2,A,1.642
1769884873.1055908,ADC1,0,servo_1,A,1.641
1769884873.156542,ADC1,0,servo_1,A,2.19
1769884873.2070484,THERM,0,motor_temp,C,53.213
1769884873.2575774,ADC2,0,bus_voltage,V,12.457
1769884873.308112,ADC1,0,servo_1,A,0.729
1769884873.35869,ADC1,1,servo_2,A,0.907
1769884873.4099357,THERM,0,motor_temp,C,57.356
1769884873.4610066,ADC2,0,bus_voltage,V,11.444
1769884873.5123694,THERM,0,motor_temp,C,31.769
1769884873.56289,ADC1,0,servo_1,A,0.659
1769884873.6164956,ADC2,0,bus_voltage,V,12.449
1769884873.667406,ADC1,1,servo_2,A,0.272
1769884873.7178679,THERM,0,motor_temp,C,25.21
1769884873.768693,ADC1,1,servo_2,A,0.472
1769884873.8196945,ADC1,1,servo_2,A,0.874
1769884873.8701274,ADC2,0,bus_voltage,V,11.692
1769884873.920755,THERM,0,motor_temp,C,25.811
1769884873.9718225,ADC2,0,bus_voltage,V,12.096
1769884874.0241432,THERM,0,motor_temp,C,30.001
1769884874.0748816,ADC1,0,servo_1,A,1.319
1769884874.1257043,ADC1,1,servo_2,A,0.992
1769884874.176517,ADC1,0,servo_1,A,0.847
1769884874.2273772,ADC1,1,servo_2,A,1.347
1769884874.277998,ADC2,0,bus_voltage,V,12.37
1769884874.3285222,THERM,0,motor_temp,C,65.684
1769884874.3789072,ADC1,0,servo_1,A,0.34
1769884874.4298358,THERM,0,motor_temp,C,56.661
1769884874.4820356,ADC1,0,servo_1,A,1.336
1769884874.5328152,ADC2,0,bus_voltage,V,10.351
1769884874.5832055,THERM,0,motor_temp,C,56.709
1769884874.633629,ADC1,1,servo_2,A,0.221
1769884874.6840851,THERM,0,motor_temp,C,26.682
1769884874.734534,ADC1,1,servo_2,A,0.285
1769884874.7854564,ADC1,0,servo_1,A,1.029
1769884874.8376465,ADC1,0,servo_1,A,0.504
1769884874.8884437,ADC2,0,bus_voltage,V,11.229
1769884874.9390838,ADC1,1,servo_2,A,2.374
1769884874.9898782,ADC2,0,bus_voltage,V,11.728
1769884875.04311,ADC2,0,bus_voltage,V,10.593
1769884875.0943465,ADC2,0,bus_voltage,V,10.028
1769884875.145166,THERM,0,motor_temp,C,66.464
1769884875.195605,ADC2,0,bus_voltage,V,11.845
1769884875.2462976,ADC1,1,servo_2,A,1.089
1769884875.2969406,THERM,0,motor_temp,C,36.443
1769884875.347953,THERM,0,motor_temp,C,45.52
1769884875.400165,ADC2,0,bus_voltage,V,11.862
1769884875.4512472,ADC2,0,bus_voltage,V,10.852
1769884875.5022502,ADC1,0,servo_1,A,1.057
1769884875.5527992,ADC1,1,servo_2,A,1.108
1769884875.6036036,ADC1,0,servo_1,A,0.779
1769884875.6555731,ADC1,1,servo_2,A,1.036
1769884875.7063994,ADC2,0,bus_voltage,V,11.225
1769884875.7571518,THERM,0,motor_temp,C,62.223
1769884875.8081896,ADC1,1,servo_2,A,2.076
1769884875.8589377,THERM,0,motor_temp,C,27.323
1769884875.913119,ADC1,1,servo_2,A,2.151
1769884875.963874,ADC1,1,servo_2,A,2.446
1769884876.0148594,ADC1,0,servo_1,A,2.081
1769884876.0696244,ADC2,0,bus_voltage,V,10.829
1769884876.1201713,ADC2,0,bus_voltage,V,12.004
1769884876.1720524,THERM,0,motor_temp,C,44.563
1769884876.2268887,ADC1,1,servo_2,A,0.91
1769884876.2777925,ADC1,0,servo_1,A,0.662
1769884876.3283072,ADC2,0,bus_voltage,V,11.202
1769884876.3789375,ADC2,0,bus_voltage,V,12.137
1769884876.4297516,ADC1,0,servo_1,A,1.569
1769884876.480638,ADC2,0,bus_voltage,V,10.756
1769884876.531213,THERM,0,motor_temp,C,44.699
1769884876.5818665,ADC1,1,servo_2,A,2.37
1769884876.6347609,THERM,0,motor_temp,C,54.418
1769884876.685599,ADC2,0,bus_voltage,V,12.224
1769884876.7365506,ADC1,1,servo_2,A,1.39
1769884876.7875717,ADC1,0,servo_1,A,2.403
1769884876.8427052,ADC1,1,servo_2,A,0.306
1769884876.893573,ADC1,0,servo_1,A,2.046
1769884876.9444296,ADC1,0,servo_1,A,1.907
1769884876.9951322,ADC1,0,servo_1,A,0.226
1769884877.0473244,ADC1,1,servo_2,A,1.85
1769884877.098328,THERM,0,motor_temp,C,64.846
1769884877.1488755,ADC2,0,bus_voltage,V,12.211
1769884877.1995192,THERM,0,motor_temp,C,38.633
1769884877.2503657,THERM,0,motor_temp,C,63.807
1769884877.3010902,ADC2,0,bus_voltage,V,10.162
1769884877.3516483,ADC1,0,servo_1,A,0.995
1769884877.4023752,ADC1,0,servo_1,A,0.447
1769884877.4528198,ADC1,0,servo_1,A,0.515
1769884877.5036218,ADC1,0,servo_1,A,0.817
1769884877.5541835,ADC1,0,servo_1,A,1.508
1769884877.6051226,THERM,0,motor_temp,C,25.024
1769884877.6555831,THERM,0,motor_temp,C,51.239
1769884877.706307,ADC1,1,servo_2,A,0.876
1769884877.7569413,ADC1,0,servo_1,A,0.347
1769884877.8075876,ADC1,0,servo_1,A,0.221
1769884877.8594463,ADC2,0,bus_voltage,V,11.293
1769884877.9100285,ADC1,0,servo_1,A,0.363
1769884877.9609897,ADC1,0,servo_1,A,0.503
1769884878.011954,ADC1,1,servo_2,A,1.441
1769884878.0635428,ADC1,1,servo_2,A,2.238
1769884878.1149704,THERM,0,motor_temp,C,67.213
1769884878.1659017,ADC1,0,servo_1,A,1.965
1769884878.2167795,ADC1,0,servo_1,A,2.42
1769884878.2675529,ADC2,0,bus_voltage,V,10.968
1769884878.3184807,ADC1,0,servo_1,A,1.573
1769884878.3695328,ADC1,0,servo_1,A,1.927
1769884878.420428,ADC1,0,servo_1,A,1.097
1769884878.4709601,ADC1,1,servo_2,A,0.305
1769884878.5213747,ADC2,0,bus_voltage,V,12.487
1769884878.5723124,ADC1,0,servo_1,A,2.299
1769884878.623036,ADC2,0,bus_voltage,V,11.424
1769884878.6740773,ADC2,0,bus_voltage,V,11.605
1769884878.72463,ADC1,0,servo_1,A,0.477
1769884878.77557,THERM,0,motor_temp,C,48.926
1769884878.8262558,ADC2,0,bus_voltage,V,10.701
1769884878.8771386,ADC1,0,servo_1,A,2.088
1769884878.928136,ADC1,1,servo_2,A,2.307
1769884878.9790058,ADC2,0,bus_voltage,V,10.281
1769884879.0300822,THERM,0,motor_temp,C,31.698
1769884879.0806901,ADC1,1,servo_2,A,1.869
1769884879.1318488,ADC2,0,bus_voltage,V,10.681
1769884879.1848383,ADC1,0,servo_1,A,0.68
1769884879.2356641,THERM,0,motor_temp,C,63.444
1769884879.2863104,ADC2,0,bus_voltage,V,10.247
1769884879.336894,ADC1,1,servo_2,A,0.554
1769884879.38755,THERM,0,motor_temp,C,54.259
1769884879.4413195,ADC1,0,servo_1,A,0.683
1769884879.4921467,ADC2,0,bus_voltage,V,11.07
1769884879.542785,ADC1,0,servo_1,A,1.948
1769884879.5937319,ADC1,1,servo_2,A,1.251
1769884879.6448796,ADC1,0,servo_1,A,0.481
1769884879.6956189,ADC1,1,servo_2,A,2.353
1769884879.746408,ADC1,1,servo_2,A,1.854
1769884879.7969775,ADC1,0,servo_1,A,1.505
1769884879.8483412,ADC1,1,servo_2,A,1.941
1769884879.8987515,ADC1,0,servo_1,A,1.141
1769884879.9504483,ADC1,1,servo_2,A,2.124
1769884880.001354,ADC1,1,servo_2,A,0.876
1769884880.0517051,ADC1,0,servo_1,A,2.207
1769884880.1025586,ADC2,0,bus_voltage,V,12.076
1769884880.153474,ADC2,0,bus_voltage,V,11.766
1769884880.203862,ADC1,1,servo_2,A,1.822
1769884880.2549093,ADC1,0,servo_1,A,1.768
1769884880.305865,THERM,0,motor_temp,C,42.281
1769884880.356418,ADC1,0,servo_1,A,1.798
1769884880.407258,ADC1,0,servo_1,A,1.818
1769884880.4583282,THERM,0,motor_temp,C,25.232
1769884880.5093546,THERM,0,motor_temp,C,46.46
1769884880.5602,ADC2,0,bus_voltage,V,10.768
1769884880.6109772,ADC2,0,bus_voltage,V,10.548
1769884880.6620703,ADC1,0,servo_1,A,1.749
1769884880.7126083,ADC2,0,bus_voltage,V,12.51
1769884880.7632074,ADC1,0,servo_1,A,2.068
1769884880.8139968,ADC1,0,servo_1,A,0.308
1769884880.864648,ADC2,0,bus_voltage,V,10.203
1769884880.915094,ADC2,0,bus_voltage,V,10.52
1769884880.9695342,ADC1,1,servo_2,A,0.423
1769884881.0203593,ADC1,0,servo_1,A,1.459
1769884881.0712547,ADC1,0,servo_1,A,2.446
1769884881.1225057,ADC1,0,servo_1,A,0.791
1769884881.1729789,ADC2,0,bus_voltage,V,10.349
1769884881.2252636,ADC2,0,bus_voltage,V,12.406
1769884881.276203,ADC2,0,bus_voltage,V,12.293
1769884881.3267162,ADC1,0,servo_1,A,0.389
1769884881.3774045,THERM,0,motor_temp,C,37.218
1769884881.428228,ADC1,0,servo_1,A,1.126
1769884881.4788957,ADC2,0,bus_voltage,V,10.763
1769884881.529977,ADC1,1,servo_2,A,1.256
1769884881.5808604,ADC1,0,servo_1,A,1.806
1769884881.6316013,ADC2,0,bus_voltage,V,11.208
1769884881.6824481,THERM,0,motor_temp,C,38.782
1769884881.7330675,ADC1,1,servo_2,A,2.006
1769884881.7835147,THERM,0,motor_temp,C,53.383
1769884881.8349788,ADC2,0,bus_voltage,V,10.061
1769884881.8858972,ADC1,1,servo_2,A,2.165
1769884881.9366229,THERM,0,motor_temp,C,52.311
1769884881.9894514,ADC1,1,servo_2,A,1.119
1769884882.0398889,ADC1,0,servo_1,A,1.392
1769884882.0906072,ADC2,0,bus_voltage,V,10.699
1769884882.1414406,ADC2,0,bus_voltage,V,11.033
1769884882.1919646,ADC1,0,servo_1,A,0.832
1769884882.2426202,THERM,0,motor_temp,C,26.894
1769884882.293004,ADC1,0,servo_1,A,2.08
1769884882.343533,THERM,0,motor_temp,C,39.057
1769884882.3946147,ADC1,0,servo_1,A,2.468
1769884882.445361,ADC1,1,servo_2,A,1.605
1769884882.4959638,THERM,0,motor_temp,C,38.889
1769884882.5465064,ADC2,0,bus_voltage,V,10.834
1769884882.5978239,ADC2,0,bus_voltage,V,10.606
1769884882.6486435,ADC2,0,bus_voltage,V,11.411
1769884882.6993368,ADC1,1,servo_2,A,2.19
1769884882.7678077,ADC2,0,bus_voltage,V,10.245
1769884882.818378,ADC1,0,servo_1,A,0.329
1769884882.8691852,ADC2,0,bus_voltage,V,12.296
1769884882.9198008,ADC2,0,bus_voltage,V,11.109
1769884882.9732108,THERM,0,motor_temp,C,56.121
1769884883.0243425,ADC1,1,servo_2,A,1.622
1769884883.0750275,ADC2,0,bus_voltage,V,10.613
1769884883.126198,THERM,0,motor_temp,C,39.038
1769884883.177086,ADC1,1,servo_2,A,1.091
1769884883.227975,ADC2,0,bus_voltage,V,11.322
1769884883.278768,THERM,0,motor_temp,C,56.691
1769884883.329354,ADC1,1,servo_2,A,0.313
1769884883.3800201,ADC1,1,servo_2,A,0.615
1769884883.4306996,THERM,0,motor_temp,C,37.354
1769884883.4844067,ADC1,1,servo_2,A,1.164
1769884883.5357273,ADC1,1,servo_2,A,1.333
1769884883.586474,THERM,0,motor_temp,C,49.018
1769884883.6374698,ADC2,0,bus_voltage,V,11.81
1769884883.6885238,THERM,0,motor_temp,C,43.098
1769884883.7423894,THERM,0,motor_temp,C,29.686
1769884883.7934678,ADC1,0,servo_1,A,1.583
1769884883.844754,THERM,0,motor_temp,C,33.527
1769884883.896186,ADC1,0,servo_1,A,0.883
1769884883.9467626,ADC2,0,bus_voltage,V,10.511
1769884883.997462,ADC1,0,servo_1,A,0.512
1769884884.048793,ADC1,0,servo_1,A,1.605
1769884884.0997195,ADC2,0,bus_voltage,V,11.395
1769884884.151993,ADC1,1,servo_2,A,1.478
1769884884.2027426,ADC1,0,servo_1,A,1.395
1769884884.2533903,ADC2,0,bus_voltage,V,10.317
1769884884.304259,THERM,0,motor_temp,C,67.533
1769884884.3551733,THERM,0,motor_temp,C,66.389
1769884884.405886,ADC1,0,servo_1,A,1.591
1769884884.4562602,ADC1,1,servo_2,A,2.462
1769884884.506553,ADC2,0,bus_voltage,V,10.838
1769884884.5571342,ADC1,0,servo_1,A,2.134
1769884884.607917,THERM,0,motor_temp,C,66.261
1769884884.6586483,THERM,0,motor_temp,C,25.567
1769884884.7094688,ADC2,0,bus_voltage,V,10.838
1769884884.7599382,ADC1,1,servo_2,A,1.002
1769884884.8124864,ADC1,0,servo_1,A,1.018
1769884884.8632324,THERM,0,motor_temp,C,51.277
1769884884.9139085,ADC1,1,servo_2,A,1.174
1769884884.9651105,THERM,0,motor_temp,C,36.954
1769884885.0159664,ADC1,1,servo_2,A,1.048
1769884885.0670078,ADC1,0,servo_1,A,1.162
1769884885.117978,ADC1,0,servo_1,A,2.365
1769884885.1684933,ADC1,1,servo_2,A,1.07
1769884885.2194378,ADC1,0,servo_1,A,1.695
1769884885.269737,THERM,0,motor_temp,C,39.111
1769884885.320317,ADC1,0,servo_1,A,0.615
1769884885.3713694,ADC1,1,servo_2,A,1.928
1769884885.422607,ADC1,0,servo_1,A,1.933
1769884885.473588,ADC1,1,servo_2,A,1.188
1769884885.5241418,THERM,0,motor_temp,C,27.516
1769884885.5746877,ADC2,0,bus_voltage,V,11.809
1769884885.625514,ADC2,0,bus_voltage,V,11.532
1769884885.6763337,THERM,0,motor_temp,C,36.604
1769884885.7270648,ADC2,0,bus_voltage,V,12.303
1769884885.7783647,THERM,0,motor_temp,C,58.262
1769884885.829396,ADC1,0,servo_1,A,0.377
1769884885.8803735,ADC1,0,servo_1,A,1.506
1769884885.9313111,ADC2,0,bus_voltage,V,10.615
1769884885.9822576,ADC2,0,bus_voltage,V,10.931
1769884886.033239,ADC1,0,servo_1,A,2.339
1769884886.084209,THERM,0,motor_temp,C,61.105
1769884886.135479,ADC2,0,bus_voltage,V,12.518
1769884886.1866667,THERM,0,motor_temp,C,59.444
1769884886.2372077,ADC1,0,servo_1,A,2.376
1769884886.2881095,ADC1,1,servo_2,A,2.191
1769884886.3389735,THERM,0,motor_temp,C,69.157
1769884886.3894687,THERM,0,motor_temp,C,66.534
1769884886.4400527,ADC1,0,servo_1,A,1.888
1769884886.4909785,ADC2,0,bus_voltage,V,10.753
1769884886.5416183,ADC1,0,servo_1,A,2.156
1769884886.592125,THERM,0,motor_temp,C,65.194
1769884886.642964,ADC2,0,bus_voltage,V,10.888
1769884886.6935737,THERM,0,motor_temp,C,28.374
1769884886.744259,ADC1,1,servo_2,A,1.858
1769884886.7951453,ADC1,1,servo_2,A,2.017
1769884886.8455672,ADC1,1,servo_2,A,1.335
1769884886.8965476,ADC1,0,servo_1,A,1.407
1769884886.947288,ADC2,0,bus_voltage,V,11.645
1769884886.9982874,ADC2,0,bus_voltage,V,12.485
1769884887.0493312,THERM,0,motor_temp,C,35.978
1769884887.0999594,ADC1,0,servo_1,A,2.428
1769884887.153461,ADC1,0,servo_1,A,2.368
1769884887.2111754,THERM,0,motor_temp,C,50.976
1769884887.2619307,ADC2,0,bus_voltage,V,11.509
1769884887.3126888,THERM,0,motor_temp,C,68.713
1769884887.363933,THERM,0,motor_temp,C,65.373
1769884887.415057,ADC2,0,bus_voltage,V,10.315
1769884887.46573,THERM,0,motor_temp,C,38.885
1769884887.5161216,THERM,0,motor_temp,C,65.759
1769884887.5667796,THERM,0,motor_temp,C,39.106
1769884887.6176918,ADC2,0,bus_voltage,V,12.256
1769884887.6688356,ADC2,0,bus_voltage,V,11.768
1769884887.7217026,THERM,0,motor_temp,C,52.096
1769884887.7734172,THERM,0,motor_temp,C,58.848
1769884887.8243668,ADC1,0,servo_1,A,0.924
1769884887.875152,THERM,0,motor_temp,C,61.887
1769884887.9263046,THERM,0,motor_temp,C,52.33
1769884887.9769866,ADC2,0,bus_voltage,V,11.027
1769884888.0281236,ADC1,0,servo_1,A,1.58
1769884888.079254,ADC1,1,servo_2,A,1.705
1769884888.131166,THERM,0,motor_temp,C,42.216
1769884888.1821015,ADC1,1,servo_2,A,1.876
1769884888.2330048,ADC1,0,servo_1,A,2.35
1769884888.2834287,ADC1,1,servo_2,A,1.362
1769884888.334293,ADC1,1,servo_2,A,0.56
1769884888.3852198,ADC1,0,servo_1,A,0.259
1769884888.4364655,THERM,0,motor_temp,C,67.077
1769884888.487111,ADC1,0,servo_1,A,1.818
1769884888.538435,ADC1,1,servo_2,A,2.49
1769884888.5893898,ADC2,0,bus_voltage,V,12.141
1769884888.640621,ADC1,1,servo_2,A,1.594
1769884888.6914947,ADC1,1,servo_2,A,0.27
1769884888.742265,ADC1,0,servo_1,A,1.91
1769884888.7929292,ADC1,0,servo_1,A,1.799
1769884888.844391,ADC1,1,servo_2,A,1.324
1769884888.9052672,ADC2,0,bus_voltage,V,12.28
1769884888.9556947,ADC1,1,servo_2,A,0.788
1769884889.0063822,ADC1,1,servo_2,A,1.27
1769884889.0572813,ADC1,0,servo_1,A,0.516
1769884889.10847,ADC1,1,servo_2,A,1.965
1769884889.159455,ADC2,0,bus_voltage,V,10.383
1769884889.2098494,THERM,0,motor_temp,C,27.509
1769884889.260351,THERM,0,motor_temp,C,26.032
1769884889.3108523,ADC1,1,servo_2,A,1.105
1769884889.3624847,ADC2,0,bus_voltage,V,11.477
1769884889.4138968,THERM,0,motor_temp,C,59.62
1769884889.4654262,ADC1,1,servo_2,A,2.455
1769884889.5166054,THERM,0,motor_temp,C,43.598
1769884889.5677044,ADC2,0,bus_voltage,V,11.794
1769884889.6182601,ADC1,1,servo_2,A,1.589
1769884889.6690493,ADC1,1,servo_2,A,1.857
1769884889.7194808,THERM,0,motor_temp,C,48.809
1769884889.7699792,ADC1,1,servo_2,A,1.386
1769884889.8256438,ADC1,1,servo_2,A,1.031
1769884889.8765764,ADC1,0,servo_1,A,2.196
1769884889.9279263,THERM,0,motor_temp,C,44.019
1769884889.9787393,ADC2,0,bus_voltage,V,12.351
1769884890.0296366,ADC1,0,servo_1,A,0.995
1769884890.0807135,ADC1,0,servo_1,A,1.277
1769884890.1315806,ADC1,1,servo_2,A,0.784
1769884890.1828647,ADC1,0,servo_1,A,1.103
1769884890.2354321,ADC1,0,servo_1,A,1.385
1769884890.2865725,ADC2,0,bus_voltage,V,12.181
1769884890.3404381,ADC1,0,servo_1,A,1.814
1769884890.3913689,THERM,0,motor_temp,C,46.807
1769884890.4419415,THERM,0,motor_temp,C,69.964
1769884890.4928951,ADC1,1,servo_2,A,0.979
1769884890.5436714,ADC1,0,servo_1,A,2.011
1769884890.5943663,ADC2,0,bus_voltage,V,11.625
1769884890.6452339,ADC1,1,servo_2,A,1.094
1769884890.6967714,ADC1,0,servo_1,A,2.364
1769884890.7480264,ADC1,1,servo_2,A,2.252
1769884890.7987902,THERM,0,motor_temp,C,51.483
1769884890.849876,ADC1,1,servo_2,A,1.967
1769884890.9006805,ADC2,0,bus_voltage,V,12.43
1769884890.9512553,ADC1,0,servo_1,A,2.428
1769884891.0026114,THERM,0,motor_temp,C,57.794
1769884891.0537956,ADC1,1,servo_2,A,0.908
1769884891.104538,ADC1,1,servo_2,A,1.958
1769884891.1555443,ADC1,1,servo_2,A,0.724
1769884891.2065387,THERM,0,motor_temp,C,46.36
1769884891.257474,ADC1,0,servo_1,A,0.605
1769884891.3082561,THERM,0,motor_temp,C,47.038
1769884891.3591232,ADC1,0,servo_1,A,1.351
1769884891.4102437,ADC1,0,servo_1,A,0.836
1769884891.4611735,ADC1,1,servo_2,A,2.079
1769884891.5131292,ADC1,1,servo_2,A,1.937
1769884891.564423,THERM,0,motor_temp,C,66.112
1769884891.6154962,THERM,0,motor_temp,C,30.84
1769884891.6703534,ADC1,1,servo_2,A,1.877
1769884891.7211535,THERM,0,motor_temp,C,31.685
1769884891.7719913,ADC1,0,servo_1,A,1.484
1769884891.8223376,THERM,0,motor_temp,C,36.783
1769884891.8730712,THERM,0,motor_temp,C,47.229
1769884891.9239433,ADC2,0,bus_voltage,V,11.44
1769884891.974733,ADC1,1,servo_2,A,1.645
1769884892.0254514,ADC2,0,bus_voltage,V,12.573
1769884892.0802562,THERM,0,motor_temp,C,54.035
1769884892.133438,ADC1,0,servo_1,A,1.604
1769884892.1843483,ADC1,1,servo_2,A,1.789
1769884892.235058,THERM,0,motor_temp,C,40.003
1769884892.2862236,ADC1,1,servo_2,A,1.727
1769884892.3368752,ADC1,0,servo_1,A,1.906
1769884892.3876727,ADC1,1,servo_2,A,1.512
1769884892.4386067,ADC2,0,bus_voltage,V,11.176
1769884892.490953,ADC1,0,servo_1,A,1.484
1769884892.5420156,THERM,0,motor_temp,C,60.736
1769884892.592593,ADC1,0,servo_1,A,0.756
1769884892.643307,ADC1,0,servo_1,A,0.529
1769884892.6940231,ADC1,0,servo_1,A,0.375
1769884892.744456,THERM,0,motor_temp,C,45.295
1769884892.795741,ADC1,0,servo_1,A,0.411
1769884892.8486838,ADC2,0,bus_voltage,V,11.53
1769884892.8994765,ADC1,0,servo_1,A,0.435
1769884892.950171,ADC1,1,servo_2,A,0.508
1769884893.0011945,ADC1,1,servo_2,A,1.57
1769884893.0520725,THERM,0,motor_temp,C,50.967
1769884893.102507,THERM,0,motor_temp,C,53.513
1769884893.1531465,ADC2,0,bus_voltage,V,11.051
1769884893.206053,ADC2,0,bus_voltage,V,11.054
1769884893.257121,ADC1,1,servo_2,A,1.149
1769884893.308006,ADC1,1,servo_2,A,1.246
1769884893.3661463,THERM,0,motor_temp,C,47.282
1769884893.418471,THERM,0,motor_temp,C,37.908
1769884893.4693296,ADC1,1,servo_2,A,1.648
1769884893.519975,ADC2,0,bus_voltage,V,12.169
1769884893.5703897,THERM,0,motor_temp,C,35.367
1769884893.6208086,ADC1,0,servo_1,A,0.734
1769884893.6712632,ADC2,0,bus_voltage,V,12.05
1769884893.7219152,THERM,0,motor_temp,C,38.257
1769884893.7751808,ADC1,0,servo_1,A,0.478
1769884893.8273659,THERM,0,motor_temp,C,37.036
1769884893.877814,ADC1,1,servo_2,A,0.718
1769884893.9285965,ADC1,1,servo_2,A,1.736
1769884893.978892,ADC1,0,servo_1,A,1.686
1769884894.0295465,ADC2,0,bus_voltage,V,12.508
1769884894.0800776,ADC2,0,bus_voltage,V,10.997
1769884894.1308088,ADC2,0,bus_voltage,V,10.544
1769884894.181847,ADC1,0,servo_1,A,1.568
1769884894.2327166,ADC1,1,servo_2,A,0.757
1769884894.2834444,ADC1,0,servo_1,A,1.165
1769884894.3342288,ADC1,1,servo_2,A,0.294
1769884894.3847923,ADC1,0,servo_1,A,0.656
1769884894.435578,ADC1,0,servo_1,A,2.063
1769884894.4863641,ADC1,0,servo_1,A,1.496
1769884894.53748,THERM,0,motor_temp,C,29.931
1769884894.588226,ADC1,1,servo_2,A,1.382
1769884894.6387224,ADC1,1,servo_2,A,2.396
1769884894.6890793,ADC1,0,servo_1,A,1.059
1769884894.739623,ADC1,0,servo_1,A,1.864
1769884894.7904346,THERM,0,motor_temp,C,28.519
1769884894.841307,ADC2,0,bus_voltage,V,10.084
1769884894.8931093,THERM,0,motor_temp,C,64.644
1769884894.9441876,THERM,0,motor_temp,C,60.795
1769884894.995044,ADC2,0,bus_voltage,V,10.299
1769884895.045803,ADC1,0,servo_1,A,1.311
1769884895.096512,ADC1,0,servo_1,A,0.493
1769884895.147163,ADC1,1,servo_2,A,0.853
1769884895.1979246,ADC1,1,servo_2,A,0.765
1769884895.2496543,ADC1,1,servo_2,A,1.116
1769884895.3006384,ADC2,0,bus_voltage,V,10.389
1769884895.3517683,THERM,0,motor_temp,C,30.435
1769884895.4027255,ADC1,1,servo_2,A,2.292
1769884895.4535074,ADC1,1,servo_2,A,1.844
1769884895.5040197,ADC1,1,servo_2,A,1.312
1769884895.554357,THERM,0,motor_temp,C,32.525
1769884895.6053889,ADC1,0,servo_1,A,2.161
1769884895.6563575,ADC1,1,servo_2,A,2.009
1769884895.7071674,ADC1,1,servo_2,A,1.372
1769884895.7576146,ADC1,1,servo_2,A,1.863
1769884895.8080316,THERM,0,motor_temp,C,64.545
1769884895.875306,ADC1,0,servo_1,A,1.936
1769884895.926066,ADC1,1,servo_2,A,0.456
1769884895.977009,THERM,0,motor_temp,C,46.473
1769884896.0277975,ADC2,0,bus_voltage,V,10.224
1769884896.0786066,ADC1,1,servo_2,A,1.421
1769884896.1296344,ADC1,0,servo_1,A,1.129
1769884896.1807652,ADC1,0,servo_1,A,1.301
1769884896.2314315,ADC2,0,bus_voltage,V,11.747
1769884896.2821097,ADC1,0,servo_1,A,0.46
1769884896.3326075,ADC1,1,servo_2,A,1.486
1769884896.3832746,ADC2,0,bus_voltage,V,10.912
1769884896.4340382,THERM,0,motor_temp,C,44.32
1769884896.4847977,ADC1,1,servo_2,A,0.28
1769884896.5352964,ADC2,0,bus_voltage,V,12.395
1769884896.5860167,ADC1,1,servo_2,A,2.038
1769884896.6365743,THERM,0,motor_temp,C,33.836
1769884896.6871908,ADC1,0,servo_1,A,0.253
1769884896.7379274,THERM,0,motor_temp,C,27.82
1769884896.7884305,ADC2,0,bus_voltage,V,11.782
1769884896.8389654,ADC1,1,servo_2,A,0.449
1769884896.889683,ADC1,0,servo_1,A,1.424
1769884896.9404292,ADC2,0,bus_voltage,V,11.009
1769884896.9908829,ADC1,1,servo_2,A,0.301
1769884897.0413787,ADC1,1,servo_2,A,1.418
1769884897.0920932,ADC2,0,bus_voltage,V,10.505
1769884897.1426485,THERM,0,motor_temp,C,67.411
1769884897.1931875,ADC2,0,bus_voltage,V,11.462
1769884897.2439106,THERM,0,motor_temp,C,65.698
1769884897.2944307,THERM,0,motor_temp,C,62.622
1769884897.3451698,ADC1,0,servo_1,A,0.915
1769884897.3957098,ADC2,0,bus_voltage,V,12.305
1769884897.4463308,THERM,0,motor_temp,C,33.821
1769884897.4973109,ADC2,0,bus_voltage,V,12.253
1769884897.5483103,ADC1,1,servo_2,A,0.542
1769884897.599015,THERM,0,motor_temp,C,54.562
1769884897.6494796,ADC2,0,bus_voltage,V,12.291
1769884897.7000027,ADC1,1,servo_2,A,1.963
1769884897.7510405,ADC2,0,bus_voltage,V,12.007
1769884897.8018844,ADC1,1,servo_2,A,1.001
1769884897.8522565,ADC1,0,servo_1,A,1.122
1769884897.9053934,ADC2,0,bus_voltage,V,10.216
1769884897.956361,ADC1,0,servo_1,A,2.182
1769884898.007142,THERM,0,motor_temp,C,29.407
1769884898.0577493,ADC1,0,servo_1,A,2.048
1769884898.1084468,ADC1,1,servo_2,A,1.146
1769884898.1592274,ADC1,1,servo_2,A,2.098
1769884898.2100625,ADC2,0,bus_voltage,V,12.325
1769884898.2604816,ADC1,0,servo_1,A,1.724
1769884898.311215,ADC1,1,servo_2,A,0.934
1769884898.3616202,ADC2,0,bus_voltage,V,12.391
1769884898.4121654,ADC1,0,servo_1,A,1.617
1769884898.4631412,THERM,0,motor_temp,C,48.274
1769884898.514357,ADC1,0,servo_1,A,1.104
1769884898.5673826,THERM,0,motor_temp,C,63.839
1769884898.6203258,THERM,0,motor_temp,C,28.848
1769884898.671562,THERM,0,motor_temp,C,58.48
1769884898.7220426,ADC1,0,servo_1,A,1.84
1769884898.7731638,ADC1,0,servo_1,A,1.483
1769884898.8240106,ADC1,1,servo_2,A,1.808
1769884898.874783,ADC1,0,servo_1,A,0.619
1769884898.9261653,ADC1,0,servo_1,A,0.893
1769884898.9769437,THERM,0,motor_temp,C,34.937
1769884899.027367,ADC2,0,bus_voltage,V,11.935
1769884899.0779126,THERM,0,motor_temp,C,52.292
1769884899.1290855,THERM,0,motor_temp,C,34.05
1769884899.1796644,ADC1,1,servo_2,A,2.408
1769884899.2309194,ADC1,1,servo_2,A,0.623
1769884899.281543,THERM,0,motor_temp,C,31.138
1769884899.3482442,ADC1,0,servo_1,A,1.353
1769884899.399115,ADC1,1,servo_2,A,0.438
1769884899.4495614,ADC1,0,servo_1,A,0.435
1769884899.5000346,ADC1,1,servo_2,A,1.739
1769884899.5505266,THERM,0,motor_temp,C,53.363
1769884899.6015172,ADC1,0,servo_1,A,1.938
1769884899.6528642,ADC2,0,bus_voltage,V,11.648
1769884899.7035804,ADC1,1,servo_2,A,0.623
1769884899.754054,ADC1,0,servo_1,A,0.704
1769884899.804858,ADC1,1,servo_2,A,1.366
1769884899.8556147,ADC1,0,servo_1,A,1.009
1769884899.9080136,ADC2,0,bus_voltage,V,12.272
1769884899.9588683,ADC1,0,servo_1,A,0.751
1769884900.009373,ADC1,0,servo_1,A,0.597
1769884900.0600646,ADC2,0,bus_voltage,V,11.104
1769884900.110848,ADC2,0,bus_voltage,V,11.24
1769884900.1639996,ADC1,1,servo_2,A,1.847
1769884900.2147803,ADC2,0,bus_voltage,V,11.073
1769884900.2654016,ADC1,1,servo_2,A,0.595
1769884900.3162818,ADC1,1,servo_2,A,1.649
1769884900.3670535,THERM,0,motor_temp,C,57.716
1769884900.417764,ADC1,0,servo_1,A,0.539
1769884900.468762,ADC1,1,servo_2,A,1.834
1769884900.520292,ADC1,0,servo_1,A,1.365
1769884900.5711694,ADC2,0,bus_voltage,V,12.214
1769884900.621717,THERM,0,motor_temp,C,68.971
1769884900.672631,ADC1,1,servo_2,A,2.483
1769884900.7237644,THERM,0,motor_temp,C,64.142
1769884900.7746844,ADC2,0,bus_voltage,V,10.866
1769884900.8254588,ADC1,1,servo_2,A,1.971
1769884900.8778641,THERM,0,motor_temp,C,46.085
1769884900.9293706,THERM,0,motor_temp,C,44.763
1769884900.9799452,ADC1,0,servo_1,A,0.976
1769884901.0307937,ADC1,1,servo_2,A,1.879
1769884901.0812535,THERM,0,motor_temp,C,42.768
1769884901.1361,ADC1,1,servo_2,A,1.282
1769884901.1871665,ADC2,0,bus_voltage,V,10.43
1769884901.2448058,THERM,0,motor_temp,C,25.989
1769884901.2973218,ADC2,0,bus_voltage,V,11.361
1769884901.348106,ADC2,0,bus_voltage,V,10.792
1769884901.3986485,ADC2,0,bus_voltage,V,12.417
1769884901.4499497,ADC1,0,servo_1,A,2.446
1769884901.5011146,ADC2,0,bus_voltage,V,12.284
1769884901.551595,ADC2,0,bus_voltage,V,11.29
1769884901.6094406,THERM,0,motor_temp,C,25.884
1769884901.660225,ADC2,0,bus_voltage,V,11.707
1769884901.7107637,ADC1,1,servo_2,A,1.799
1769884901.7616184,ADC2,0,bus_voltage,V,11.192
1769884901.8121653,THERM,0,motor_temp,C,61.653
1769884901.8635304,THERM,0,motor_temp,C,58.312
1769884901.9146485,ADC2,0,bus_voltage,V,10.876
1769884901.9656403,THERM,0,motor_temp,C,44.509
1769884902.0159948,ADC1,1,servo_2,A,0.383
1769884902.0665345,ADC1,1,servo_2,A,1.641
1769884902.1169252,ADC2,0,bus_voltage,V,12.589
1769884902.167643,ADC1,0,servo_1,A,0.646
1769884902.2183197,THERM,0,motor_temp,C,48.104
1769884902.2723384,ADC1,0,servo_1,A,1.868
1769884902.323341,ADC1,1,servo_2,A,1.918
1769884902.3752966,ADC2,0,bus_voltage,V,10.252
1769884902.4261434,ADC1,1,servo_2,A,0.581
1769884902.476644,THERM,0,motor_temp,C,69.87
1769884902.5273142,ADC1,1,servo_2,A,1.293
1769884902.5778027,ADC1,0,servo_1,A,0.998
1769884902.6285474,ADC2,0,bus_voltage,V,12.2
1769884902.679188,ADC1,0,servo_1,A,1.928
1769884902.7296605,ADC1,0,servo_1,A,2.22
1769884902.7805197,ADC1,1,servo_2,A,2.192
1769884902.8317544,ADC1,0,servo_1,A,0.267
1769884902.8826268,THERM,0,motor_temp,C,47.645
1769884902.9331398,ADC2,0,bus_voltage,V,11.335
1769884902.988298,THERM,0,motor_temp,C,43.998
1769884903.0394502,THERM,0,motor_temp,C,30.475
1769884903.09022,ADC1,0,servo_1,A,1.114
1769884903.14052,ADC1,1,servo_2,A,2.048
1769884903.1914937,THERM,0,motor_temp,C,50.698
1769884903.2437954,ADC1,0,servo_1,A,0.236
1769884903.2949042,ADC2,0,bus_voltage,V,10.161
1769884903.3452857,THERM,0,motor_temp,C,25.802
1769884903.3988729,THERM,0,motor_temp,C,27.325
1769884903.4499009,ADC1,1,servo_2,A,0.476
1769884903.5005262,THERM,0,motor_temp,C,68.986
1769884903.5512125,THERM,0,motor_temp,C,35.249
1769884903.6025622,ADC2,0,bus_voltage,V,12.471
1769884903.654296,ADC2,0,bus_voltage,V,10.844
1769884903.704722,ADC1,0,servo_1,A,2.277
1769884903.7553337,THERM,0,motor_temp,C,63.772
1769884903.8059921,ADC1,1,servo_2,A,1.08
1769884903.8572023,THERM,0,motor_temp,C,53.815
1769884903.9082494,ADC1,0,servo_1,A,1.508
1769884903.9589841,ADC1,0,servo_1,A,0.332
1769884904.0095248,THERM,0,motor_temp,C,28.181
1769884904.060146,ADC1,1,servo_2,A,0.494
1769884904.1129599,ADC2,0,bus_voltage,V,11.644
1769884904.1633346,ADC2,0,bus_voltage,V,12.55
1769884904.2138984,THERM,0,motor_temp,C,69.163
1769884904.2644253,ADC1,0,servo_1,A,1.686
1769884904.3148925,ADC2,0,bus_voltage,V,12.265
1769884904.3654442,ADC1,1,servo_2,A,1.305
1769884904.4161234,THERM,0,motor_temp,C,58.183
1769884904.4664843,ADC1,1,servo_2,A,2.036
1769884904.517117,ADC1,0,servo_1,A,2.252
1769884904.567818,ADC2,0,bus_voltage,V,10.187
1769884904.6192381,THERM,0,motor_temp,C,66.02
1769884904.6707904,ADC1,1,servo_2,A,1.03
1769884904.7217298,ADC2,0,bus_voltage,V,11.754
1769884904.7721577,THERM,0,motor_temp,C,60.519
1769884904.823182,ADC1,0,servo_1,A,0.361
1769884904.8738842,ADC1,1,servo_2,A,1.176
1769884904.9246602,ADC2,0,bus_voltage,V,10.596
1769884904.9756548,THERM,0,motor_temp,C,60.478
1769884905.0263112,THERM,0,motor_temp,C,51.508
1769884905.0769994,THERM,0,motor_temp,C,63.019
1769884905.1275938,THERM,0,motor_temp,C,47.128
1769884905.1818817,ADC2,0,bus_voltage,V,10.956
1769884905.2324672,THERM,0,motor_temp,C,65.251
1769884905.2832186,ADC2,0,bus_voltage,V,12.231
1769884905.3339193,ADC1,1,servo_2,A,2.052
1769884905.3864582,THERM,0,motor_temp,C,67.655
1769884905.437642,ADC1,0,servo_1,A,1.234
1769884905.488315,ADC1,1,servo_2,A,0.331
1769884905.5392337,ADC1,1,servo_2,A,1.504
1769884905.5908551,THERM,0,motor_temp,C,44.245
1769884905.641902,THERM,0,motor_temp,C,61.41
1769884905.6923916,ADC1,1,servo_2,A,1.477
1769884905.743285,THERM,0,motor_temp,C,30.479
1769884905.794069,ADC1,1,servo_2,A,1.901
1769884905.848649,ADC1,0,servo_1,A,2.182
1769884905.9068646,THERM,0,motor_temp,C,58.551
1769884905.9572554,ADC1,1,servo_2,A,0.283
1769884906.0082176,ADC2,0,bus_voltage,V,11.24
1769884906.05918,ADC1,0,servo_1,A,1.715
1769884906.1097894,THERM,0,motor_temp,C,47.833
1769884906.1609826,ADC1,1,servo_2,A,1.124
1769884906.2119424,ADC1,1,servo_2,A,1.465
1769884906.2626624,ADC1,0,servo_1,A,0.692
1769884906.3133452,ADC1,1,servo_2,A,2.047
1769884906.364392,THERM,0,motor_temp,C,30.33
1769884906.4153,ADC2,0,bus_voltage,V,10.455
1769884906.4662006,ADC1,0,servo_1,A,2.203
1769884906.5182087,THERM,0,motor_temp,C,53.501
1769884906.5694044,ADC1,0,servo_1,A,2.385
1769884906.6202755,ADC2,0,bus_voltage,V,11.786
1769884906.6709983,ADC1,1,servo_2,A,0.205
1769884906.7220852,THERM,0,motor_temp,C,67.475
1769884906.7737195,THERM,0,motor_temp,C,48.295
1769884906.8249822,ADC1,1,servo_2,A,0.468
1769884906.8757687,ADC2,0,bus_voltage,V,11.389
1769884906.926418,ADC1,1,servo_2,A,1.701
1769884906.9771757,ADC2,0,bus_voltage,V,11.725
1769884907.035573,ADC1,0,servo_1,A,1.167
1769884907.085971,ADC1,0,servo_1,A,1.488
1769884907.136417,ADC2,0,bus_voltage,V,10.356
1769884907.1872087,ADC1,1,servo_2,A,1.642
1769884907.2376487,ADC1,0,servo_1,A,0.552
1769884907.2880547,ADC1,1,servo_2,A,0.962
1769884907.3481324,ADC1,0,servo_1,A,0.287
1769884907.400178,ADC1,1,servo_2,A,2.463
1769884907.4508667,THERM,0,motor_temp,C,41.648
1769884907.501525,ADC1,0,servo_1,A,1.822
1769884907.5521111,ADC1,0,servo_1,A,1.375
1769884907.6029377,ADC1,1,servo_2,A,1.203
1769884907.6542869,ADC1,1,servo_2,A,1.351
1769884907.7050476,ADC2,0,bus_voltage,V,11.965
1769884907.756444,ADC1,1,servo_2,A,1.304
1769884907.807178,ADC1,1,servo_2,A,1.243
1769884907.8581328,ADC2,0,bus_voltage,V,11.793
1769884907.9089024,ADC2,0,bus_voltage,V,12.288
1769884907.9593213,ADC1,0,servo_1,A,1.022
1769884908.0097277,ADC1,0,servo_1,A,0.443
1769884908.0600626,ADC1,0,servo_1,A,2.213
1769884908.1104965,ADC1,0,servo_1,A,1.601
1769884908.1609893,ADC1,0,servo_1,A,1.77
1769884908.2118473,ADC1,1,servo_2,A,1.432
1769884908.2629435,ADC2,0,bus_voltage,V,11.134
1769884908.3143013,ADC1,1,servo_2,A,0.838
1769884908.3648224,ADC1,0,servo_1,A,0.754
1769884908.4153798,ADC1,1,servo_2,A,2.245
1769884908.4666126,ADC2,0,bus_voltage,V,10.44
1769884908.5174518,ADC1,1,servo_2,A,2.024
1769884908.5680892,ADC1,0,servo_1,A,0.209
1769884908.6194105,ADC1,0,servo_1,A,1.372
1769884908.669851,ADC1,0,servo_1,A,0.866
1769884908.7203743,THERM,0,motor_temp,C,48.704
1769884908.771325,THERM,0,motor_temp,C,39.466
1769884908.8224547,ADC1,0,servo_1,A,1.731
1769884908.8733988,ADC1,1,servo_2,A,1.444
1769884908.9241698,ADC2,0,bus_voltage,V,11.71
1769884908.975577,THERM,0,motor_temp,C,48.433
1769884909.02646,ADC1,0,servo_1,A,2.006
1769884909.0769095,ADC1,0,servo_1,A,1.545
1769884909.1277986,ADC2,0,bus_voltage,V,10.733
1769884909.178463,THERM,0,motor_temp,C,60.45
1769884909.2291625,ADC1,1,servo_2,A,2.001
1769884909.2797794,ADC1,1,servo_2,A,0.232
1769884909.3306963,ADC2,0,bus_voltage,V,10.869
1769884909.3834448,THERM,0,motor_temp,C,39.733
1769884909.4344988,ADC1,1,servo_2,A,2.49
1769884909.4849648,ADC2,0,bus_voltage,V,12.345
1769884909.5357335,ADC2,0,bus_voltage,V,10.923
1769884909.5865746,ADC2,0,bus_voltage,V,10.364
1769884909.6373591,ADC1,1,servo_2,A,1.548
1769884909.6878169,ADC1,0,servo_1,A,0.607
1769884909.7411745,ADC1,0,servo_1,A,0.863
1769884909.7968462,ADC2,0,bus_voltage,V,10.475
1769884909.8485463,ADC2,0,bus_voltage,V,11.98
1769884909.9007895,ADC1,0,servo_1,A,2.099
1769884909.9511886,THERM,0,motor_temp,C,49.649
1769884910.0015955,ADC1,0,servo_1,A,1.303
1769884910.0525746,ADC1,1,servo_2,A,0.676
1769884910.1058283,ADC1,0,servo_1,A,0.847
1769884910.1573215,THERM,0,motor_temp,C,37.324
1769884910.2108042,ADC1,1,servo_2,A,1.754
1769884910.2618618,THERM,0,motor_temp,C,41.5
1769884910.3124683,ADC1,0,servo_1,A,0.571
1769884910.3628533,ADC1,0,servo_1,A,2.321
1769884910.414588,ADC1,0,servo_1,A,2.249
1769884910.4655507,ADC1,0,servo_1,A,0.222
1769884910.5163298,THERM,0,motor_temp,C,30.592
1769884910.5674555,ADC1,0,servo_1,A,1.676
1769884910.618311,ADC2,0,bus_voltage,V,10.433
1769884910.6690633,ADC1,1,servo_2,A,2.128
1769884910.72073,THERM,0,motor_temp,C,47.946
1769884910.7720711,ADC2,0,bus_voltage,V,12.238
1769884910.8230362,ADC1,1,servo_2,A,1.356
1769884910.874256,ADC1,0,servo_1,A,0.821
1769884910.924705,ADC1,1,servo_2,A,2.493
1769884910.9763532,ADC2,0,bus_voltage,V,10.056
1769884911.0271046,ADC1,1,servo_2,A,1.238
1769884911.0781696,THERM,0,motor_temp,C,58.527
1769884911.1290395,ADC2,0,bus_voltage,V,10.114
1769884911.1795235,ADC2,0,bus_voltage,V,11.031
1769884911.23048,ADC1,0,servo_1,A,1.245
1769884911.2815769,ADC1,0,servo_1,A,1.513
1769884911.3324258,ADC1,0,servo_1,A,2.082
1769884911.383412,ADC1,1,servo_2,A,0.652
1769884911.434019,ADC1,0,servo_1,A,0.319
1769884911.484912,ADC2,0,bus_voltage,V,11.047
1769884911.5357907,ADC2,0,bus_voltage,V,10.218
1769884911.586531,ADC2,0,bus_voltage,V,10.03
1769884911.6379857,ADC1,0,servo_1,A,1.455
1769884911.6887238,THERM,0,motor_temp,C,65.156
1769884911.7395577,ADC1,0,servo_1,A,0.412
1769884911.7902188,ADC1,1,servo_2,A,1.378
1769884911.840945,ADC1,0,servo_1,A,1.582
1769884911.8915882,ADC1,0,servo_1,A,0.431
1769884911.942299,ADC1,1,servo_2,A,2.02
1769884911.9931471,ADC1,1,servo_2,A,2.285
1769884912.0441666,ADC2,0,bus_voltage,V,12.485
1769884912.0948827,ADC2,0,bus_voltage,V,11.498
1769884912.153213,ADC1,0,servo_1,A,2.383
1769884912.2040784,ADC1,1,servo_2,A,1.42
1769884912.255109,ADC1,1,servo_2,A,1.557
1769884912.3059473,THERM,0,motor_temp,C,54.452
1769884912.3568196,THERM,0,motor_temp,C,60.232
1769884912.4082036,THERM,0,motor_temp,C,54.384
1769884912.4588304,THERM,0,motor_temp,C,37.395
1769884912.509401,ADC1,0,servo_1,A,2.316
1769884912.5603352,ADC1,0,servo_1,A,0.542
1769884912.610875,THERM,0,motor_temp,C,69.464
1769884912.6617973,THERM,0,motor_temp,C,49.496
1769884912.7128737,ADC1,1,servo_2,A,0.849
1769884912.763616,ADC1,1,servo_2,A,0.402
1769884912.8144372,THERM,0,motor_temp,C,33.628
1769884912.86549,ADC1,0,servo_1,A,1.185
1769884912.9164834,ADC1,0,servo_1,A,1.598
1769884912.9671323,THERM,0,motor_temp,C,50.924
1769884913.017597,THERM,0,motor_temp,C,31.612
1769884913.0681143,ADC1,0,servo_1,A,1.834
1769884913.1190867,THERM,0,motor_temp,C,39.108
1769884913.1697252,ADC1,0,servo_1,A,0.255
1769884913.2204554,ADC1,0,servo_1,A,1.466
1769884913.2712948,THERM,0,motor_temp,C,53.334
1769884913.322112,ADC2,0,bus_voltage,V,11.721
1769884913.3729706,ADC2,0,bus_voltage,V,11.561
1769884913.423917,ADC2,0,bus_voltage,V,11.323
1769884913.4745605,THERM,0,motor_temp,C,35.615
1769884913.525475,ADC2,0,bus_voltage,V,10.426
1769884913.5773318,ADC2,0,bus_voltage,V,11.401
1769884913.6281717,ADC1,0,servo_1,A,0.935
1769884913.6785254,ADC1,0,servo_1,A,1.15
1769884913.7291563,ADC1,1,servo_2,A,1.519
1769884913.7796144,THERM,0,motor_temp,C,33.74
1769884913.8303387,ADC2,0,bus_voltage,V,11.362
1769884913.881144,ADC1,1,servo_2,A,1.573
1769884913.932292,THERM,0,motor_temp,C,40.536
1769884913.9831772,ADC1,1,servo_2,A,0.774
1769884914.0352294,ADC2,0,bus_voltage,V,10.76
1769884914.087112,ADC1,1,servo_2,A,0.903
1769884914.1382768,ADC1,0,servo_1,A,0.232
1769884914.1889515,ADC1,0,servo_1,A,1.404
1769884914.2397392,ADC1,1,servo_2,A,1.438
1769884914.2904565,THERM,0,motor_temp,C,68.563
1769884914.3409746,ADC2,0,bus_voltage,V,11.165
1769884914.3915796,ADC1,1,servo_2,A,2.261
1769884914.4427226,THERM,0,motor_temp,C,53.697
1769884914.4935348,ADC1,0,servo_1,A,1.74
1769884914.544382,ADC2,0,bus_voltage,V,11.4
1769884914.5950212,ADC2,0,bus_voltage,V,11.11
1769884914.6458635,ADC1,0,servo_1,A,0.578
1769884914.6987824,ADC2,0,bus_voltage,V,10.31
1769884914.7495525,ADC2,0,bus_voltage,V,11.352
1769884914.801235,ADC1,1,servo_2,A,1.357
1769884914.8531325,THERM,0,motor_temp,C,61.983
1769884914.9042847,ADC2,0,bus_voltage,V,11.1
1769884914.9555883,THERM,0,motor_temp,C,49.229
1769884915.0064335,THERM,0,motor_temp,C,63.737
1769884915.0573335,THERM,0,motor_temp,C,33.982
1769884915.1209188,THERM,0,motor_temp,C,35.638
1769884915.1717136,ADC1,1,servo_2,A,1.935
1769884915.224842,THERM,0,motor_temp,C,41.958
1769884915.2761176,ADC2,0,bus_voltage,V,11.085
1769884915.3268516,ADC1,1,servo_2,A,0.302
1769884915.3779023,ADC2,0,bus_voltage,V,11.797
1769884915.4284678,ADC2,0,bus_voltage,V,11.054
1769884915.4791677,ADC1,1,servo_2,A,1.798
1769884915.529785,ADC2,0,bus_voltage,V,12.153
1769884915.5805142,ADC1,1,servo_2,A,2.382
1769884915.6315455,ADC1,0,servo_1,A,1.729
1769884915.6843476,THERM,0,motor_temp,C,26.776
1769884915.7350762,THERM,0,motor_temp,C,26.07
1769884915.7875805,ADC2,0,bus_voltage,V,11.623
1769884915.8385594,ADC2,0,bus_voltage,V,10.752
1769884915.888942,ADC1,0,servo_1,A,0.651
1769884915.9395466,ADC1,0,servo_1,A,1.281
1769884915.9903255,ADC2,0,bus_voltage,V,11.197
1769884916.0410051,ADC1,0,servo_1,A,1.437
1769884916.0918546,ADC1,1,servo_2,A,0.62
1769884916.1425939,THERM,0,motor_temp,C,64.1
1769884916.1961045,THERM,0,motor_temp,C,29.34
1769884916.2470334,THERM,0,motor_temp,C,64.038
1769884916.2982364,ADC1,0,servo_1,A,2.251
1769884916.3490582,ADC1,0,servo_1,A,1.108
1769884916.4000885,ADC1,1,servo_2,A,0.969
1769884916.4508367,ADC2,0,bus_voltage,V,10.226
1769884916.501763,ADC1,0,servo_1,A,1.804
1769884916.5525894,THERM,0,motor_temp,C,65.566
1769884916.60307,THERM,0,motor_temp,C,52.551
1769884916.6538959,ADC1,0,servo_1,A,2.101
1769884916.7047477,ADC2,0,bus_voltage,V,11.609
1769884916.7554479,ADC1,1,servo_2,A,0.893
1769884916.8069825,ADC1,1,servo_2,A,2.067
1769884916.857772,ADC1,1,servo_2,A,1.388
1769884916.9088125,THERM,0,motor_temp,C,41.16
1769884916.959927,ADC1,0,servo_1,A,0.29
1769884917.0103576,ADC1,0,servo_1,A,2.114
1769884917.0613277,ADC1,1,servo_2,A,0.409
1769884917.112011,ADC1,0,servo_1,A,1.666
1769884917.1626606,ADC1,0,servo_1,A,0.436
1769884917.2134075,ADC1,1,servo_2,A,1.012
1769884917.2640688,ADC1,1,servo_2,A,1.96
1769884917.315234,ADC1,1,servo_2,A,1.565
1769884917.3664265,ADC1,0,servo_1,A,0.736
1769884917.4173126,ADC1,0,servo_1,A,0.592
1769884917.468274,ADC2,0,bus_voltage,V,12.587
1769884917.5198617,THERM,0,motor_temp,C,47.752
1769884917.5715702,ADC1,1,servo_2,A,0.775
1769884917.6225474,ADC2,0,bus_voltage,V,10.744
1769884917.673472,THERM,0,motor_temp,C,66.766
1769884917.7258558,THERM,0,motor_temp,C,29.603
1769884917.7771144,ADC1,0,servo_1,A,1.175
1769884917.827752,THERM,0,motor_temp,C,69.708
1769884917.8781812,ADC2,0,bus_voltage,V,11.553
1769884917.93364,ADC2,0,bus_voltage,V,12.32
1769884917.9843583,ADC1,1,servo_2,A,0.789
1769884918.034893,ADC1,0,servo_1,A,2.077
1769884918.0853527,ADC1,0,servo_1,A,0.707
1769884918.1362517,ADC2,0,bus_voltage,V,12.406
1769884918.1871428,ADC1,0,servo_1,A,1.848
1769884918.2379694,THERM,0,motor_temp,C,41.555
1769884918.28897,ADC2,0,bus_voltage,V,10.129
1769884918.339709,ADC1,1,servo_2,A,1.614
1769884918.3908193,THERM,0,motor_temp,C,25.299
1769884918.441564,ADC1,1,servo_2,A,1.191
1769884918.492121,ADC1,0,servo_1,A,1.555
1769884918.542624,THERM,0,motor_temp,C,37.035
1769884918.5933611,ADC1,1,servo_2,A,2.038
1769884918.6442,ADC1,1,servo_2,A,0.465
1769884918.6950352,ADC2,0,bus_voltage,V,11.568
1769884918.745462,THERM,0,motor_temp,C,55.065
1769884918.796304,THERM,0,motor_temp,C,67.324
1769884918.8472693,ADC1,1,servo_2,A,0.673
1769884918.8994126,ADC1,1,servo_2,A,0.713
1769884918.9502287,ADC2,0,bus_voltage,V,11.43
1769884919.0015996,ADC1,0,servo_1,A,1.608
1769884919.0522263,ADC1,1,servo_2,A,1.828
1769884919.1029904,ADC1,1,servo_2,A,1.11
1769884919.1536283,ADC1,1,servo_2,A,1.45
1769884919.2044365,THERM,0,motor_temp,C,62.437
1769884919.2551053,ADC2,0,bus_voltage,V,12.027
1769884919.3060327,ADC1,1,servo_2,A,0.237
1769884919.356536,ADC1,1,servo_2,A,1.435
1769884919.4097195,THERM,0,motor_temp,C,69.672
1769884919.4607425,ADC1,1,servo_2,A,1.103
1769884919.5115538,ADC1,0,servo_1,A,1.766
1769884919.562033,ADC1,1,servo_2,A,0.367
1769884919.6130683,ADC2,0,bus_voltage,V,11.717
1769884919.663402,ADC2,0,bus_voltage,V,10.867
1769884919.714212,THERM,0,motor_temp,C,27.94
1769884919.7651646,ADC1,0,servo_1,A,2.003
1769884919.817253,ADC1,0,servo_1,A,2.208
1769884919.868021,THERM,0,motor_temp,C,45.58
1769884919.9185362,ADC2,0,bus_voltage,V,10.373
1769884919.9689298,ADC1,1,servo_2,A,1.55
1769884920.0240955,THERM,0,motor_temp,C,54.68
1769884920.0749032,ADC1,0,servo_1,A,1.405
1769884920.1262705,ADC1,1,servo_2,A,2.052
1769884920.1771514,THERM,0,motor_temp,C,43.079
1769884920.2276096,ADC2,0,bus_voltage,V,12.263
1769884920.278525,ADC2,0,bus_voltage,V,10.953
1769884920.3294806,ADC1,0,servo_1,A,1.564
1769884920.3804996,THERM,0,motor_temp,C,32.138
1769884920.4313076,ADC2,0,bus_voltage,V,11.542
1769884920.4820578,THERM,0,motor_temp,C,45.395
1769884920.5326815,ADC1,1,servo_2,A,2.093
1769884920.5839233,ADC1,1,servo_2,A,1.808
1769884920.634825,ADC1,1,servo_2,A,1.903
1769884920.685515,ADC1,0,servo_1,A,0.88
1769884920.736311,THERM,0,motor_temp,C,25.612
1769884920.7875264,ADC1,1,servo_2,A,2.439
1769884920.8379061,ADC1,0,servo_1,A,1.691
1769884920.888607,ADC1,0,servo_1,A,0.661
1769884920.9412184,ADC2,0,bus_voltage,V,10.359
1769884920.9919934,ADC2,0,bus_voltage,V,10.154
1769884921.0597696,ADC2,0,bus_voltage,V,12.198
1769884921.1103685,ADC1,1,servo_2,A,0.605
1769884921.1615856,ADC2,0,bus_voltage,V,11.029
1769884921.2128398,ADC1,1,servo_2,A,1.76
1769884921.2640233,ADC2,0,bus_voltage,V,10.491
1769884921.3172102,ADC1,1,servo_2,A,0.316
1769884921.3681784,ADC1,0,servo_1,A,0.961
1769884921.4187267,THERM,0,motor_temp,C,67.769
1769884921.4695482,ADC2,0,bus_voltage,V,10.906
1769884921.5204673,ADC1,0,servo_1,A,2.263
1769884921.5716953,ADC1,1,servo_2,A,0.817
1769884921.6224933,ADC1,1,servo_2,A,2.231
1769884921.6735973,ADC1,1,servo_2,A,0.451
1769884921.7246363,ADC1,1,servo_2,A,0.288
1769884921.7759807,THERM,0,motor_temp,C,57.945
1769884921.8270197,THERM,0,motor_temp,C,48.712
1769884921.8776503,ADC1,1,servo_2,A,1.945
1769884921.9282858,ADC1,1,servo_2,A,0.801
1769884921.9799042,THERM,0,motor_temp,C,36.284
1769884922.0310795,ADC1,0,servo_1,A,0.442
1769884922.081807,ADC1,1,servo_2,A,2.331
1769884922.1326468,ADC2,0,bus_voltage,V,11.045
1769884922.1838224,THERM,0,motor_temp,C,43.074
1769884922.2344594,ADC1,1,servo_2,A,1.284
1769884922.2853365,ADC1,1,servo_2,A,0.721
1769884922.336025,ADC1,1,servo_2,A,0.225
1769884922.386953,ADC1,0,servo_1,A,0.574
1769884922.4377942,THERM,0,motor_temp,C,29.284
1769884922.4889286,ADC2,0,bus_voltage,V,10.098
1769884922.540056,THERM,0,motor_temp,C,64.556
1769884922.5916138,THERM,0,motor_temp,C,44.635
1769884922.64247,ADC1,1,servo_2,A,0.216
1769884922.6931605,THERM,0,motor_temp,C,48.947
1769884922.7439122,THERM,0,motor_temp,C,50.115
1769884922.7947938,ADC1,1,servo_2,A,1.788
1769884922.8460038,THERM,0,motor_temp,C,31.585
1769884922.896725,THERM,0,motor_temp,C,38.205
1769884922.9476502,ADC2,0,bus_voltage,V,11.577
1769884922.9982164,ADC1,1,servo_2,A,2.024
1769884923.049269,ADC1,1,servo_2,A,2.17
1769884923.1001787,ADC1,0,servo_1,A,0.222
1769884923.1509078,THERM,0,motor_temp,C,26.854
1769884923.2019932,ADC1,1,servo_2,A,0.457
1769884923.25305,ADC2,0,bus_voltage,V,11.216
1769884923.303638,ADC1,0,servo_1,A,0.86
1769884923.3542423,ADC2,0,bus_voltage,V,12.359
1769884923.4048007,ADC1,1,servo_2,A,1.989
1769884923.455408,ADC1,0,servo_1,A,0.306
1769884923.5058286,ADC2,0,bus_voltage,V,12.474
1769884923.5565164,ADC1,1,servo_2,A,2.218
1769884923.607469,ADC1,1,servo_2,A,1.175
1769884923.659922,ADC1,1,servo_2,A,1.084
1769884923.7109723,THERM,0,motor_temp,C,69.601
1769884923.7614172,ADC1,0,servo_1,A,1.857
1769884923.8124344,ADC2,0,bus_voltage,V,10.445
1769884923.8641727,ADC1,1,servo_2,A,0.649
1769884923.9148889,THERM,0,motor_temp,C,30.049
1769884923.9654067,ADC2,0,bus_voltage,V,10.248
1769884924.0161397,ADC1,1,servo_2,A,2.058
1769884924.0667906,ADC2,0,bus_voltage,V,10.036
1769884924.1182525,ADC1,1,servo_2,A,0.721
1769884924.1694262,THERM,0,motor_temp,C,69.64
1769884924.219901,THERM,0,motor_temp,C,64.708
1769884924.2709067,ADC1,1,servo_2,A,2.224
1769884924.3222175,ADC2,0,bus_voltage,V,10.789
1769884924.3729994,ADC1,1,servo_2,A,0.942
1769884924.4240916,ADC1,0,servo_1,A,0.266
1769884924.4747934,ADC1,1,servo_2,A,0.839
1769884924.5251274,THERM,0,motor_temp,C,42.389
1769884924.5756257,ADC1,0,servo_1,A,1.261
1769884924.6264734,ADC2,0,bus_voltage,V,11.312
1769884924.6772823,ADC1,0,servo_1,A,1.816
1769884924.7279756,THERM,0,motor_temp,C,32.337
1769884924.7788954,ADC1,0,servo_1,A,2.245
1769884924.829365,ADC1,0,servo_1,A,1.167
1769884924.8811102,THERM,0,motor_temp,C,66.239
1769884924.931944,ADC2,0,bus_voltage,V,10.755
1769884924.982956,ADC2,0,bus_voltage,V,10.24
1769884925.0340438,ADC1,1,servo_2,A,1.769
1769884925.0847535,ADC1,1,servo_2,A,1.853
1769884925.1393187,ADC2,0,bus_voltage,V,10.686
1769884925.1899211,ADC2,0,bus_voltage,V,11.066
1769884925.240679,ADC1,0,servo_1,A,2.44
1769884925.291582,ADC2,0,bus_voltage,V,11.045
1769884925.3424275,THERM,0,motor_temp,C,60.02
1769884925.393348,ADC1,0,servo_1,A,0.762
1769884925.4438741,ADC2,0,bus_voltage,V,10.956
1769884925.4944003,ADC1,0,servo_1,A,1.429
1769884925.5453866,ADC1,0,servo_1,A,0.905
1769884925.5964189,THERM,0,motor_temp,C,58.656
1769884925.6470063,ADC1,1,servo_2,A,1.651
1769884925.698236,THERM,0,motor_temp,C,37.328
1769884925.7486908,ADC1,0,servo_1,A,2.204
1769884925.7994442,ADC1,0,servo_1,A,0.688
1769884925.850184,ADC1,0,servo_1,A,1.443
1769884925.900994,THERM,0,motor_temp,C,57.991
1769884925.952022,THERM,0,motor_temp,C,39.88
1769884926.0028434,ADC1,0,servo_1,A,1.6
1769884926.05342,THERM,0,motor_temp,C,36.134
1769884926.1044269,ADC1,1,servo_2,A,1.341
1769884926.1550925,ADC1,0,servo_1,A,0.662
1769884926.2059379,THERM,0,motor_temp,C,43.988
1769884926.2567225,ADC2,0,bus_voltage,V,11.519
1769884926.307888,THERM,0,motor_temp,C,32.695
1769884926.3586066,ADC1,1,servo_2,A,1.969
1769884926.4093301,ADC1,0,servo_1,A,0.775
1769884926.4597936,THERM,0,motor_temp,C,26.547
1769884926.5106113,ADC2,0,bus_voltage,V,10.031
1769884926.561112,ADC1,1,servo_2,A,0.899
1769884926.6117115,THERM,0,motor_temp,C,67.88
1769884926.662346,ADC2,0,bus_voltage,V,10.214
1769884926.7129934,ADC1,1,servo_2,A,2.325
1769884926.7636569,THERM,0,motor_temp,C,50.369
1769884926.8141794,ADC1,1,servo_2,A,0.933
1769884926.8647318,THERM,0,motor_temp,C,29.278
1769884926.9155266,ADC1,0,servo_1,A,0.58
1769884926.9660237,THERM,0,motor_temp,C,60.265
1769884927.0166454,ADC2,0,bus_voltage,V,11.389
1769884927.0670745,ADC2,0,bus_voltage,V,12.185
1769884927.11772,THERM,0,motor_temp,C,65.124
1769884927.1682663,ADC1,0,servo_1,A,0.48
1769884927.218949,ADC2,0,bus_voltage,V,10.553
1769884927.2693994,ADC2,0,bus_voltage,V,12.485
1769884927.3200464,ADC2,0,bus_voltage,V,11.819
1769884927.3707242,ADC1,0,servo_1,A,1.402
1769884927.4215355,THERM,0,motor_temp,C,63.986
1769884927.4723835,ADC1,0,servo_1,A,0.216
1769884927.5232365,ADC2,0,bus_voltage,V,11.342
1769884927.5738997,ADC1,1,servo_2,A,0.746
1769884927.6247327,THERM,0,motor_temp,C,29.334
1769884927.6756334,ADC1,0,servo_1,A,0.242
1769884927.726469,ADC1,1,servo_2,A,1.013
1769884927.777309,THERM,0,motor_temp,C,62.252
1769884927.8281565,ADC1,0,servo_1,A,0.541
1769884927.8789687,ADC1,1,servo_2,A,1.749
1769884927.9296014,ADC2,0,bus_voltage,V,10.159
1769884927.9799547,ADC1,0,servo_1,A,1.626
1769884928.0310628,ADC2,0,bus_voltage,V,10.01
1769884928.0830624,ADC1,0,servo_1,A,2.246
1769884928.1338375,THERM,0,motor_temp,C,53.366
1769884928.1848042,ADC2,0,bus_voltage,V,11.569
1769884928.2352996,ADC1,1,servo_2,A,1.874
1769884928.2864754,ADC1,1,servo_2,A,1.556
1769884928.3370414,ADC1,0,servo_1,A,1.872
1769884928.3875277,THERM,0,motor_temp,C,27.891
1769884928.4382906,ADC1,0,servo_1,A,1.478
1769884928.4890654,ADC1,0,servo_1,A,0.577
1769884928.5396857,ADC2,0,bus_voltage,V,12.371
1769884928.5904756,ADC2,0,bus_voltage,V,11.257
1769884928.6409664,THERM,0,motor_temp,C,44.631
1769884928.6913188,ADC2,0,bus_voltage,V,10.756
1769884928.7426243,THERM,0,motor_temp,C,66.178
1769884928.7935352,THERM,0,motor_temp,C,36.576
1769884928.8455927,ADC2,0,bus_voltage,V,11.415
1769884928.8964338,ADC1,1,servo_2,A,1.378
1769884928.9474752,ADC1,0,servo_1,A,2.102
1769884928.998385,ADC2,0,bus_voltage,V,12.232
1769884929.050255,ADC2,0,bus_voltage,V,11.214
1769884929.1011963,ADC1,0,servo_1,A,1.657
1769884929.151754,THERM,0,motor_temp,C,39.924
1769884929.2024624,ADC2,0,bus_voltage,V,12.022
1769884929.253481,ADC2,0,bus_voltage,V,11.882
1769884929.3041785,ADC1,0,servo_1,A,1.488
1769884929.3545406,THERM,0,motor_temp,C,68.992
1769884929.4053125,ADC2,0,bus_voltage,V,11.499
1769884929.4559364,ADC1,0,servo_1,A,2.229
1769884929.5064254,ADC2,0,bus_voltage,V,10.765
1769884929.5568604,ADC2,0,bus_voltage,V,10.175
1769884929.6079888,ADC1,1,servo_2,A,2.476
1769884929.6590397,ADC1,0,servo_1,A,0.332
1769884929.7096179,ADC1,1,servo_2,A,1.372
1769884929.7600951,ADC2,0,bus_voltage,V,10.5
1769884929.810721,THERM,0,motor_temp,C,55.273
1769884929.8612251,ADC1,0,servo_1,A,2.005
1769884929.9119942,ADC2,0,bus_voltage,V,12.223
1769884929.9626896,ADC1,0,servo_1,A,0.677
1769884930.0134404,ADC1,0,servo_1,A,1.286
1769884930.0643215,ADC1,0,servo_1,A,2.214
1769884930.1152968,ADC1,1,servo_2,A,1.925
1769884930.1660552,ADC2,0,bus_voltage,V,11.408
1769884930.2165697,ADC1,0,servo_1,A,1.363
1769884930.267383,ADC2,0,bus_voltage,V,11.887
1769884930.3185,THERM,0,motor_temp,C,55.441
1769884930.368986,ADC1,0,servo_1,A,0.591
1769884930.419486,ADC1,0,servo_1,A,0.424
1769884930.470262,ADC1,1,servo_2,A,2.23
1769884930.5211618,ADC1,1,servo_2,A,1.854
1769884930.5718796,ADC2,0,bus_voltage,V,10.852
1769884930.6249642,ADC2,0,bus_voltage,V,11.248
1769884930.675932,ADC1,1,servo_2,A,0.743
1769884930.7269218,ADC2,0,bus_voltage,V,10.391
1769884930.77801,ADC2,0,bus_voltage,V,11.396
1769884930.8291452,ADC2,0,bus_voltage,V,11.0
1769884930.8796225,ADC1,0,servo_1,A,0.542
1769884930.9331596,THERM,0,motor_temp,C,57.803
1769884930.984215,ADC1,0,servo_1,A,1.575
1769884931.0351923,ADC2,0,bus_voltage,V,11.587
1769884931.0861714,ADC1,1,servo_2,A,0.598
1769884931.1405659,ADC2,0,bus_voltage,V,10.822
1769884931.1913455,ADC2,0,bus_voltage,V,10.313
1769884931.242415,THERM,0,motor_temp,C,48.419
1769884931.2933364,ADC1,1,servo_2,A,0.87
1769884931.3441746,THERM,0,motor_temp,C,26.143
1769884931.3948226,ADC2,0,bus_voltage,V,10.587
1769884931.4457934,THERM,0,motor_temp,C,27.319
1769884931.496663,ADC1,0,servo_1,A,0.664
1769884931.5471258,THERM,0,motor_temp,C,33.043
1769884931.597899,ADC1,1,servo_2,A,1.385
1769884931.6482906,ADC2,0,bus_voltage,V,12.236
1769884931.698972,ADC1,0,servo_1,A,1.383
1769884931.7501647,ADC1,1,servo_2,A,2.04
1769884931.8007958,ADC1,1,servo_2,A,1.22
1769884931.8515985,ADC2,0,bus_voltage,V,10.296
1769884931.9121635,ADC1,1,servo_2,A,0.547
1769884931.9631932,ADC2,0,bus_voltage,V,10.225
1769884932.0139177,ADC2,0,bus_voltage,V,11.861
1769884932.0647643,THERM,0,motor_temp,C,39.8
1769884932.1154158,THERM,0,motor_temp,C,41.306
1769884932.1660688,THERM,0,motor_temp,C,66.628
1769884932.2170398,ADC1,0,servo_1,A,1.978
1769884932.2677553,ADC1,1,servo_2,A,0.25
1769884932.3182387,ADC2,0,bus_voltage,V,10.862
1769884932.3693447,ADC2,0,bus_voltage,V,11.881
1769884932.4198427,ADC1,1,servo_2,A,2.351
1769884932.4717176,THERM,0,motor_temp,C,25.515
1769884932.5231621,ADC1,0,servo_1,A,0.628
1769884932.5741124,ADC2,0,bus_voltage,V,12.081
1769884932.6251533,THERM,0,motor_temp,C,46.682
1769884932.6755784,THERM,0,motor_temp,C,29.684
1769884932.7264066,THERM,0,motor_temp,C,63.94
1769884932.7798097,ADC2,0,bus_voltage,V,11.595
1769884932.8307362,ADC2,0,bus_voltage,V,11.273
1769884932.8817117,THERM,0,motor_temp,C,58.049
1769884932.9323585,THERM,0,motor_temp,C,64.27
1769884932.9831061,ADC2,0,bus_voltage,V,11.586
1769884933.0337856,ADC1,0,servo_1,A,0.267
1769884933.0845942,THERM,0,motor_temp,C,37.925
1769884933.1364164,ADC2,0,bus_voltage,V,11.11
1769884933.1872754,THERM,0,motor_temp,C,54.408
1769884933.237769,ADC1,0,servo_1,A,0.323
1769884933.288515,THERM,0,motor_temp,C,49.402
1769884933.339324,ADC1,0,servo_1,A,1.978
1769884933.3898437,THERM,0,motor_temp,C,66.902
1769884933.4420311,ADC1,1,servo_2,A,1.457
1769884933.4927077,THERM,0,motor_temp,C,47.312
1769884933.5433707,ADC1,1,servo_2,A,1.546
1769884933.5943735,THERM,0,motor_temp,C,56.518
1769884933.645695,ADC1,1,servo_2,A,2.005
1769884933.6961715,ADC1,0,servo_1,A,0.245
1769884933.7468834,THERM,0,motor_temp,C,55.064
1769884933.7979867,THERM,0,motor_temp,C,39.133
1769884933.8489707,ADC1,1,servo_2,A,2.215
1769884933.899946,ADC1,0,servo_1,A,1.997
1769884933.950403,THERM,0,motor_temp,C,68.904
1769884934.001658,THERM,0,motor_temp,C,67.425
1769884934.0527086,ADC2,0,bus_voltage,V,10.563
1769884934.1035237,ADC1,1,servo_2,A,0.943
1769884934.1538,ADC1,1,servo_2,A,0.633
1769884934.2052333,THERM,0,motor_temp,C,61.821
1769884934.2566772,ADC1,0,servo_1,A,1.962
1769884934.3073204,ADC2,0,bus_voltage,V,10.135
1769884934.358314,ADC1,0,servo_1,A,1.335
1769884934.408754,THERM,0,motor_temp,C,44.506
1769884934.4592078,THERM,0,motor_temp,C,51.249
1769884934.512906,ADC1,1,servo_2,A,0.412
1769884934.5636585,ADC2,0,bus_voltage,V,11.435
1769884934.6144433,THERM,0,motor_temp,C,29.71
1769884934.6648226,ADC2,0,bus_voltage,V,12.503
1769884934.7155194,ADC1,0,servo_1,A,1.582
1769884934.7666922,ADC2,0,bus_voltage,V,12.012
1769884934.817974,THERM,0,motor_temp,C,31.57
1769884934.8685122,ADC1,1,servo_2,A,1.777
1769884934.9190838,ADC1,0,servo_1,A,2.271
1769884934.96993,ADC2,0,bus_voltage,V,12.014
1769884935.0203607,ADC1,0,servo_1,A,0.562
1769884935.0710447,ADC1,0,servo_1,A,1.773
1769884935.122266,THERM,0,motor_temp,C,48.694
1769884935.173301,THERM,0,motor_temp,C,50.057
1769884935.2238033,ADC1,0,servo_1,A,0.709
1769884935.2746537,THERM,0,motor_temp,C,50.967
1769884935.327152,THERM,0,motor_temp,C,45.916
1769884935.3779688,ADC1,1,servo_2,A,0.583
1769884935.428848,THERM,0,motor_temp,C,39.582
1769884935.4800844,THERM,0,motor_temp,C,63.573
1769884935.5321028,ADC2,0,bus_voltage,V,10.767
1769884935.5831342,ADC1,0,servo_1,A,0.642
1769884935.6339793,ADC2,0,bus_voltage,V,12.0
1769884935.684632,ADC2,0,bus_voltage,V,11.134
1769884935.7353537,THERM,0,motor_temp,C,50.706
1769884935.7865355,ADC2,0,bus_voltage,V,12.251
1769884935.8388748,ADC1,1,servo_2,A,2.307
1769884935.8895233,ADC1,1,servo_2,A,0.482
1769884935.941206,THERM,0,motor_temp,C,32.82
1769884935.991694,ADC1,0,servo_1,A,0.462
1769884936.0424883,THERM,0,motor_temp,C,59.678
1769884936.0932157,ADC1,1,servo_2,A,1.515
1769884936.1438615,ADC2,0,bus_voltage,V,11.613
1769884936.1947334,ADC1,0,servo_1,A,0.201
1769884936.2458458,ADC1,0,servo_1,A,1.553
1769884936.2966459,THERM,0,motor_temp,C,27.062
1769884936.3474393,ADC1,1,servo_2,A,0.318
1769884936.3980863,ADC1,1,servo_2,A,1.159
1769884936.448719,THERM,0,motor_temp,C,32.175
1769884936.499808,ADC1,1,servo_2,A,2.234
1769884936.550598,ADC2,0,bus_voltage,V,12.522
1769884936.601364,ADC2,0,bus_voltage,V,10.146
1769884936.6516953,THERM,0,motor_temp,C,65.391
1769884936.7020895,ADC1,0,servo_1,A,0.304
1769884936.7526746,ADC1,0,servo_1,A,2.059
1769884936.8033333,THERM,0,motor_temp,C,52.56
1769884936.854173,ADC2,0,bus_voltage,V,10.897
1769884936.9051318,ADC2,0,bus_voltage,V,12.163
1769884936.9558892,ADC1,0,servo_1,A,1.077
1769884937.0069163,ADC1,1,servo_2,A,2.198
1769884937.0576625,ADC1,1,servo_2,A,0.633
1769884937.10867,THERM,0,motor_temp,C,43.421
1769884937.1590424,ADC2,0,bus_voltage,V,11.124
1769884937.2120893,ADC2,0,bus_voltage,V,12.144
1769884937.2629013,ADC1,0,servo_1,A,1.117
1769884937.3135724,THERM,0,motor_temp,C,65.061
1769884937.3641658,ADC1,0,servo_1,A,1.352
1769884937.4146962,ADC1,0,servo_1,A,2.103
1769884937.4673958,ADC1,1,servo_2,A,0.994
1769884937.5177817,THERM,0,motor_temp,C,56.68
1769884937.5682366,THERM,0,motor_temp,C,58.356
1769884937.618553,ADC1,1,servo_2,A,1.55
1769884937.669496,THERM,0,motor_temp,C,35.104
1769884937.7198803,ADC1,0,servo_1,A,1.996
1769884937.7705657,ADC2,0,bus_voltage,V,10.773
1769884937.8214228,ADC1,0,servo_1,A,0.293
1769884937.874344,THERM,0,motor_temp,C,62.949
1769884937.9255996,ADC1,0,servo_1,A,2.202
1769884937.976666,ADC1,0,servo_1,A,0.542
1769884938.0273333,THERM,0,motor_temp,C,51.863
1769884938.0780952,ADC2,0,bus_voltage,V,11.721
1769884938.128762,ADC1,1,servo_2,A,1.126
1769884938.1791587,ADC2,0,bus_voltage,V,10.052
1769884938.229788,THERM,0,motor_temp,C,51.461
1769884938.2830281,ADC1,0,servo_1,A,0.383
1769884938.3344135,ADC2,0,bus_voltage,V,10.622
1769884938.3853345,THERM,0,motor_temp,C,48.519
1769884938.4366548,ADC2,0,bus_voltage,V,11.49
1769884938.487253,ADC1,0,servo_1,A,0.29
1769884938.5395536,THERM,0,motor_temp,C,38.777
1769884938.59039,ADC1,0,servo_1,A,1.004
1769884938.6413922,THERM,0,motor_temp,C,44.681
1769884938.6919682,THERM,0,motor_temp,C,43.994
1769884938.743008,ADC1,0,servo_1,A,1.412
1769884938.7938406,ADC1,1,servo_2,A,0.936
1769884938.844361,ADC1,0,servo_1,A,1.903
1769884938.897672,ADC2,0,bus_voltage,V,10.471
1769884938.9489303,ADC1,0,servo_1,A,1.495
1769884938.9997823,ADC2,0,bus_voltage,V,10.919
1769884939.05028,THERM,0,motor_temp,C,32.946
1769884939.1012092,ADC1,0,servo_1,A,2.035
1769884939.1566103,ADC2,0,bus_voltage,V,10.576
1769884939.2076588,THERM,0,motor_temp,C,25.836
1769884939.2585335,ADC1,0,servo_1,A,0.334
1769884939.311266,ADC1,1,servo_2,A,0.868
1769884939.362202,ADC1,1,servo_2,A,0.387
1769884939.4129195,ADC1,1,servo_2,A,0.207
1769884939.4634805,THERM,0,motor_temp,C,25.068
1769884939.5146663,ADC1,1,servo_2,A,1.863
1769884939.5655203,ADC1,0,servo_1,A,0.369
1769884939.6191459,ADC2,0,bus_voltage,V,11.348
1769884939.6713276,THERM,0,motor_temp,C,33.376
1769884939.722325,ADC2,0,bus_voltage,V,11.384
1769884939.772953,ADC1,0,servo_1,A,2.079
1769884939.823342,ADC1,0,servo_1,A,0.94
1769884939.8743498,ADC1,1,servo_2,A,1.829
1769884939.9249089,ADC1,0,servo_1,A,0.547
1769884939.975415,ADC1,1,servo_2,A,1.427
1769884940.0259945,ADC1,1,servo_2,A,2.321
1769884940.0764315,THERM,0,motor_temp,C,64.785
1769884940.1267886,ADC2,0,bus_voltage,V,10.161
1769884940.1776018,ADC1,0,servo_1,A,0.708
1769884940.2286022,THERM,0,motor_temp,C,38.357
1769884940.27979,ADC1,0,servo_1,A,1.728
1769884940.3305774,ADC2,0,bus_voltage,V,10.345
1769884940.3815384,ADC2,0,bus_voltage,V,10.77
1769884940.4324164,ADC2,0,bus_voltage,V,10.82
1769884940.4831836,ADC1,0,servo_1,A,0.88
1769884940.5337217,ADC1,0,servo_1,A,0.719
1769884940.5845325,ADC2,0,bus_voltage,V,11.544
1769884940.635029,ADC1,0,servo_1,A,1.059
1769884940.6854734,ADC2,0,bus_voltage,V,10.769
1769884940.7364347,ADC2,0,bus_voltage,V,12.093
1769884940.787275,ADC1,0,servo_1,A,2.282
1769884940.8408053,THERM,0,motor_temp,C,47.757
1769884940.8913229,ADC1,0,servo_1,A,2.028
1769884940.9423573,ADC2,0,bus_voltage,V,10.197
1769884940.9929178,ADC2,0,bus_voltage,V,10.633
1769884941.0437462,ADC1,0,servo_1,A,1.819
1769884941.094598,ADC2,0,bus_voltage,V,12.295
1769884941.1451733,ADC1,0,servo_1,A,0.884
1769884941.1957283,ADC2,0,bus_voltage,V,10.841
1769884941.2466273,THERM,0,motor_temp,C,25.522
1769884941.2973363,THERM,0,motor_temp,C,35.467
1769884941.3480804,ADC1,1,servo_2,A,1.703
1769884941.3987062,ADC1,0,servo_1,A,2.359
1769884941.4493878,THERM,0,motor_temp,C,69.204
1769884941.5002866,ADC1,1,servo_2,A,0.802
1769884941.5511441,ADC1,0,servo_1,A,0.331
1769884941.6016297,THERM,0,motor_temp,C,50.97
1769884941.6520412,ADC1,1,servo_2,A,0.855
1769884941.7028015,ADC1,1,servo_2,A,0.678
1769884941.7533371,ADC1,0,servo_1,A,1.982
1769884941.8040109,ADC2,0,bus_voltage,V,12.347
1769884941.8547873,ADC1,0,servo_1,A,1.375
1769884941.9055326,THERM,0,motor_temp,C,28.257
1769884941.956339,ADC1,0,servo_1,A,0.406
1769884942.011111,THERM,0,motor_temp,C,31.674
1769884942.0621243,THERM,0,motor_temp,C,28.525
1769884942.112957,ADC1,0,servo_1,A,1.13
1769884942.1637526,THERM,0,motor_temp,C,54.847
1769884942.2146926,ADC2,0,bus_voltage,V,11.764
1769884942.2695665,ADC2,0,bus_voltage,V,12.087
1769884942.3217804,ADC1,0,servo_1,A,1.793
1769884942.3727202,ADC1,1,servo_2,A,1.997
1769884942.4231603,ADC1,0,servo_1,A,2.191
1769884942.4737375,ADC1,0,servo_1,A,1.385
1769884942.5244484,ADC2,0,bus_voltage,V,10.135
1769884942.5748775,THERM,0,motor_temp,C,27.309
1769884942.6256404,ADC2,0,bus_voltage,V,10.885
1769884942.67743,ADC1,0,servo_1,A,1.107
1769884942.7286222,ADC1,0,servo_1,A,2.403
1769884942.7792974,ADC1,1,servo_2,A,2.007
1769884942.8305557,THERM,0,motor_temp,C,68.227
1769884942.8813474,ADC2,0,bus_voltage,V,10.179
1769884942.932394,ADC1,1,servo_2,A,1.241
1769884942.9832177,ADC1,1,servo_2,A,0.92
1769884943.0346453,ADC1,1,servo_2,A,2.366
1769884943.0856102,ADC1,0,servo_1,A,1.717
1769884943.1365068,ADC1,1,servo_2,A,0.466
1769884943.1868365,ADC2,0,bus_voltage,V,11.089
1769884943.238083,ADC1,1,servo_2,A,1.677
1769884943.2884595,ADC1,0,servo_1,A,0.496
1769884943.3391333,THERM,0,motor_temp,C,34.539
1769884943.3902802,ADC2,0,bus_voltage,V,12.151
1769884943.4419682,ADC2,0,bus_voltage,V,10.813
1769884943.4926686,ADC2,0,bus_voltage,V,10.016
1769884943.543915,ADC2,0,bus_voltage,V,11.419
1769884943.5943716,ADC1,1,servo_2,A,2.281
1769884943.6452868,ADC2,0,bus_voltage,V,12.219
1769884943.6959362,THERM,0,motor_temp,C,68.473
1769884943.7468693,THERM,0,motor_temp,C,37.526
1769884943.7976604,ADC2,0,bus_voltage,V,10.731
1769884943.8487797,ADC2,0,bus_voltage,V,12.061
1769884943.8993626,ADC1,1,servo_2,A,1.918
1769884943.95019,ADC1,0,servo_1,A,2.005
1769884944.001156,ADC1,0,servo_1,A,2.48
1769884944.0525105,ADC2,0,bus_voltage,V,12.214
1769884944.103358,ADC1,1,servo_2,A,1.932
1769884944.1540165,ADC1,1,servo_2,A,0.703
1769884944.2048326,THERM,0,motor_temp,C,40.22
1769884944.255805,THERM,0,motor_temp,C,30.686
1769884944.306608,THERM,0,motor_temp,C,68.977
1769884944.357036,ADC1,0,servo_1,A,1.872
1769884944.4078166,ADC1,0,servo_1,A,1.943
1769884944.45886,THERM,0,motor_temp,C,64.806
1769884944.5097835,ADC1,0,servo_1,A,2.304
1769884944.5603163,ADC2,0,bus_voltage,V,11.138
1769884944.6111174,THERM,0,motor_temp,C,48.912
1769884944.6620226,ADC1,0,servo_1,A,1.233
1769884944.7126231,ADC2,0,bus_voltage,V,10.453
1769884944.7633102,ADC1,0,servo_1,A,2.433
1769884944.8138168,ADC1,0,servo_1,A,0.552
1769884944.8651633,ADC1,0,servo_1,A,1.216
1769884944.9159095,THERM,0,motor_temp,C,33.024
1769884944.9669116,ADC1,0,servo_1,A,2.065
1769884945.0180507,ADC1,1,servo_2,A,0.973
1769884945.0705028,THERM,0,motor_temp,C,33.263
1769884945.120985,THERM,0,motor_temp,C,48.986
1769884945.17214,ADC1,0,servo_1,A,1.238
1769884945.2228737,ADC1,0,servo_1,A,0.858
1769884945.273582,ADC1,1,servo_2,A,0.631
1769884945.3245804,THERM,0,motor_temp,C,31.275
1769884945.375399,ADC1,1,servo_2,A,1.664
1769884945.426487,ADC1,1,servo_2,A,2.13
1769884945.4772992,ADC2,0,bus_voltage,V,11.718
1769884945.528142,ADC1,1,servo_2,A,1.059
1769884945.5794358,ADC2,0,bus_voltage,V,11.022
1769884945.6316905,ADC1,0,servo_1,A,1.815
1769884945.682616,ADC1,0,servo_1,A,2.021
1769884945.7330015,ADC1,0,servo_1,A,1.749
1769884945.7835922,ADC2,0,bus_voltage,V,10.819
1769884945.834103,ADC1,0,servo_1,A,1.292
1769884945.884826,ADC2,0,bus_voltage,V,11.534
1769884945.935592,ADC1,1,servo_2,A,2.497
1769884945.9865031,THERM,0,motor_temp,C,51.642
1769884946.0369577,ADC1,0,servo_1,A,1.652
1769884946.0877619,ADC2,0,bus_voltage,V,10.618
1769884946.138819,ADC2,0,bus_voltage,V,11.364
1769884946.1896255,ADC2,0,bus_voltage,V,12.258
1769884946.2427108,ADC2,0,bus_voltage,V,11.424
1769884946.2938304,ADC1,1,servo_2,A,1.626
1769884946.3446555,ADC2,0,bus_voltage,V,11.403
1769884946.3954585,ADC1,0,servo_1,A,1.033
1769884946.4466488,THERM,0,motor_temp,C,62.07
1769884946.4998934,ADC2,0,bus_voltage,V,12.316
1769884946.551126,ADC2,0,bus_voltage,V,12.268
1769884946.601983,THERM,0,motor_temp,C,52.113
1769884946.6525404,ADC1,1,servo_2,A,0.654
1769884946.7034273,ADC1,1,servo_2,A,1.388
1769884946.7541163,ADC1,1,servo_2,A,1.448
1769884946.8079016,ADC2,0,bus_voltage,V,11.783
1769884946.8583307,ADC1,0,servo_1,A,1.397
1769884946.9091885,THERM,0,motor_temp,C,34.247
1769884946.9600692,ADC1,1,servo_2,A,2.255
1769884947.0109558,ADC1,1,servo_2,A,1.329
1769884947.0619268,ADC2,0,bus_voltage,V,11.497
1769884947.1129117,ADC2,0,bus_voltage,V,10.882
1769884947.1662045,THERM,0,motor_temp,C,67.342
1769884947.2198534,ADC2,0,bus_voltage,V,10.575
1769884947.271318,ADC1,1,servo_2,A,2.346
1769884947.3259897,ADC1,0,servo_1,A,0.228
1769884947.3798633,ADC1,0,servo_1,A,0.492
1769884947.4311895,ADC2,0,bus_voltage,V,11.377
1769884947.4824524,ADC2,0,bus_voltage,V,12.225
1769884947.5328841,THERM,0,motor_temp,C,42.909
1769884947.5845432,THERM,0,motor_temp,C,62.726
1769884947.6354227,ADC1,1,servo_2,A,1.252
1769884947.6860497,THERM,0,motor_temp,C,38.927
1769884947.737267,THERM,0,motor_temp,C,58.612
1769884947.7893002,ADC2,0,bus_voltage,V,10.987
1769884947.8423073,ADC2,0,bus_voltage,V,11.483
1769884947.8930204,ADC1,0,servo_1,A,1.55
1769884947.943935,ADC2,0,bus_voltage,V,10.081
1769884947.9959517,THERM,0,motor_temp,C,50.404
1769884948.0469906,ADC2,0,bus_voltage,V,10.352
1769884948.0977297,ADC1,0,servo_1,A,1.017
1769884948.1483736,ADC1,0,servo_1,A,2.33
1769884948.1991708,THERM,0,motor_temp,C,68.728
1769884948.2500567,ADC1,1,servo_2,A,2.337
1769884948.3009129,ADC1,0,servo_1,A,2.239
1769884948.3518267,ADC1,0,servo_1,A,2.417
1769884948.4025414,ADC1,0,servo_1,A,0.354
1769884948.453227,ADC1,0,servo_1,A,0.345
1769884948.5040374,ADC2,0,bus_voltage,V,11.983
1769884948.555075,ADC2,0,bus_voltage,V,11.123
1769884948.6075678,ADC2,0,bus_voltage,V,10.358
1769884948.6588428,ADC1,0,servo_1,A,1.133
1769884948.7098837,ADC1,1,servo_2,A,1.797
1769884948.7605705,ADC1,1,servo_2,A,1.784
1769884948.8110125,ADC1,1,servo_2,A,0.742
1769884948.861405,THERM,0,motor_temp,C,55.005
1769884948.912419,ADC1,1,servo_2,A,1.565
1769884948.9630842,ADC2,0,bus_voltage,V,10.445
1769884949.013792,THERM,0,motor_temp,C,28.766
1769884949.0641637,ADC2,0,bus_voltage,V,11.141
1769884949.1149583,ADC2,0,bus_voltage,V,11.263
1769884949.1658018,ADC1,1,servo_2,A,1.134
1769884949.2167845,THERM,0,motor_temp,C,37.422
1769884949.26776,THERM,0,motor_temp,C,46.486
1769884949.318832,ADC2,0,bus_voltage,V,10.465
1769884949.370288,ADC1,0,servo_1,A,1.322
1769884949.4212048,ADC1,0,servo_1,A,2.152
1769884949.4723375,THERM,0,motor_temp,C,55.158
1769884949.5258338,ADC1,1,servo_2,A,0.854
1769884949.5762997,ADC2,0,bus_voltage,V,11.513
1769884949.6269114,THERM,0,motor_temp,C,41.43
1769884949.6773186,ADC2,0,bus_voltage,V,11.863
1769884949.7278185,ADC1,0,servo_1,A,0.476
1769884949.7787607,ADC2,0,bus_voltage,V,12.338
1769884949.8293579,ADC1,1,servo_2,A,0.685
1769884949.8800302,ADC2,0,bus_voltage,V,10.227
1769884949.931061,ADC2,0,bus_voltage,V,11.123
1769884949.9816265,ADC2,0,bus_voltage,V,10.465
1769884950.0322397,ADC1,1,servo_2,A,0.45
1769884950.082939,THERM,0,motor_temp,C,34.277
1769884950.1334424,ADC2,0,bus_voltage,V,12.131
1769884950.1846485,ADC1,0,servo_1,A,0.551
1769884950.2357051,ADC2,0,bus_voltage,V,11.872
1769884950.2867115,ADC1,0,servo_1,A,1.605
1769884950.3377054,ADC2,0,bus_voltage,V,10.9
1769884950.3886786,ADC1,1,servo_2,A,0.395
1769884950.4394832,ADC1,1,servo_2,A,1.913
1769884950.489899,THERM,0,motor_temp,C,28.041
1769884950.541255,ADC1,1,servo_2,A,0.938
1769884950.5930336,ADC1,1,servo_2,A,2.236
1769884950.6440532,ADC2,0,bus_voltage,V,12.126
1769884950.6945674,THERM,0,motor_temp,C,67.374
1769884950.745141,THERM,0,motor_temp,C,32.16
1769884950.7963574,ADC2,0,bus_voltage,V,10.007
1769884950.8472073,ADC2,0,bus_voltage,V,11.242
1769884950.8987598,ADC1,1,servo_2,A,0.847
1769884950.9496834,ADC2,0,bus_voltage,V,11.283
1769884951.000114,THERM,0,motor_temp,C,59.017
1769884951.050778,ADC2,0,bus_voltage,V,10.211
1769884951.1017354,THERM,0,motor_temp,C,55.867
1769884951.1549823,THERM,0,motor_temp,C,34.485
1769884951.20604,ADC1,1,servo_2,A,1.353
1769884951.2565055,ADC1,0,servo_1,A,2.396
1769884951.3069382,THERM,0,motor_temp,C,64.098
1769884951.3608384,THERM,0,motor_temp,C,32.318
1769884951.4118974,THERM,0,motor_temp,C,45.094
1769884951.463238,ADC2,0,bus_voltage,V,12.238
1769884951.5138543,THERM,0,motor_temp,C,54.317
1769884951.564423,ADC1,1,servo_2,A,1.756
1769884951.6151936,ADC1,1,servo_2,A,1.035
1769884951.6662848,ADC1,0,servo_1,A,1.271
1769884951.7167718,THERM,0,motor_temp,C,64.902
1769884951.7674673,ADC1,1,servo_2,A,0.596
1769884951.8181567,ADC1,1,servo_2,A,1.053
1769884951.8685815,ADC1,1,servo_2,A,1.984
1769884951.9216356,ADC1,0,servo_1,A,0.92
1769884951.9725473,ADC1,1,servo_2,A,2.491
1769884952.0234594,ADC1,0,servo_1,A,2.378
1769884952.0744681,ADC1,1,servo_2,A,2.139
1769884952.12499,THERM,0,motor_temp,C,31.95
1769884952.1758633,ADC2,0,bus_voltage,V,10.878
1769884952.2265399,THERM,0,motor_temp,C,61.197
1769884952.277242,ADC1,1,servo_2,A,0.631
1769884952.3276165,ADC1,0,servo_1,A,2.121
1769884952.3784337,ADC2,0,bus_voltage,V,11.21
1769884952.4290082,ADC2,0,bus_voltage,V,10.614
1769884952.479809,ADC2,0,bus_voltage,V,10.182
1769884952.5303879,THERM,0,motor_temp,C,62.028
1769884952.5814295,ADC1,1,servo_2,A,0.275
1769884952.632474,ADC1,1,servo_2,A,1.828
1769884952.6829977,THERM,0,motor_temp,C,49.77
1769884952.7353642,ADC2,0,bus_voltage,V,10.015
1769884952.7859426,ADC1,0,servo_1,A,2.097
1769884952.8438063,ADC1,1,servo_2,A,0.386
1769884952.8947177,ADC1,1,servo_2,A,0.735
1769884952.9457526,ADC2,0,bus_voltage,V,12.531
1769884952.9963098,ADC1,1,servo_2,A,0.74
1769884953.0469148,ADC2,0,bus_voltage,V,11.189
1769884953.097887,ADC1,0,servo_1,A,2.211
1769884953.1487832,ADC1,0,servo_1,A,0.85
1769884953.2007866,THERM,0,motor_temp,C,29.507
1769884953.2518597,ADC2,0,bus_voltage,V,10.601
1769884953.3025792,THERM,0,motor_temp,C,32.845
1769884953.3529935,THERM,0,motor_temp,C,31.307
1769884953.4038754,ADC2,0,bus_voltage,V,12.086
1769884953.454327,ADC2,0,bus_voltage,V,12.483
1769884953.5051136,ADC1,0,servo_1,A,0.542
1769884953.5559504,THERM,0,motor_temp,C,44.697
1769884953.613273,ADC1,1,servo_2,A,0.679
1769884953.6640723,THERM,0,motor_temp,C,25.345
1769884953.7150319,THERM,0,motor_temp,C,57.345
1769884953.7657583,THERM,0,motor_temp,C,55.699
1769884953.8167665,THERM,0,motor_temp,C,39.056
1769884953.8676462,ADC1,0,servo_1,A,1.41
1769884953.9181497,ADC2,0,bus_voltage,V,10.59
1769884953.968905,ADC2,0,bus_voltage,V,10.001
1769884954.019688,ADC1,1,servo_2,A,2.062
1769884954.0707068,ADC1,1,servo_2,A,2.256
1769884954.1215045,THERM,0,motor_temp,C,44.178
1769884954.1725574,ADC2,0,bus_voltage,V,10.728
1769884954.2238884,ADC1,1,servo_2,A,0.698
1769884954.2750356,THERM,0,motor_temp,C,37.626
1769884954.3257484,THERM,0,motor_temp,C,30.226
1769884954.3769464,ADC2,0,bus_voltage,V,11.245
1769884954.427387,ADC2,0,bus_voltage,V,11.857
1769884954.4785323,ADC1,1,servo_2,A,0.85
1769884954.5296617,ADC1,1,servo_2,A,0.347
1769884954.580552,THERM,0,motor_temp,C,54.089
1769884954.6336558,THERM,0,motor_temp,C,33.938
1769884954.6844487,ADC1,0,servo_1,A,1.047
1769884954.7354176,ADC1,1,servo_2,A,1.3
1769884954.7862008,ADC1,0,servo_1,A,0.985
1769884954.8444517,ADC1,1,servo_2,A,0.243
1769884954.896003,ADC1,1,servo_2,A,1.221
1769884954.9468985,ADC1,1,servo_2,A,1.446
1769884954.998051,THERM,0,motor_temp,C,60.899
1769884955.0490513,ADC1,0,servo_1,A,1.896
1769884955.0998735,ADC2,0,bus_voltage,V,12.451
1769884955.1514826,ADC1,0,servo_1,A,1.315
1769884955.2026396,THERM,0,motor_temp,C,41.83
1769884955.2532828,ADC1,0,servo_1,A,1.456
1769884955.3045776,ADC1,1,servo_2,A,1.831
1769884955.355127,THERM,0,motor_temp,C,33.049
1769884955.4059544,ADC1,1,servo_2,A,2.288
1769884955.4565656,ADC1,1,servo_2,A,1.175
1769884955.506958,ADC1,0,servo_1,A,0.879
1769884955.5579693,ADC2,0,bus_voltage,V,11.373
1769884955.609039,ADC2,0,bus_voltage,V,12.262
1769884955.659948,ADC2,0,bus_voltage,V,11.894
1769884955.710498,THERM,0,motor_temp,C,26.404
1769884955.7615721,THERM,0,motor_temp,C,30.297
1769884955.8127027,THERM,0,motor_temp,C,29.226
1769884955.8639414,ADC1,0,servo_1,A,0.466
1769884955.9159682,ADC1,1,servo_2,A,1.452
1769884955.966589,THERM,0,motor_temp,C,31.561
1769884956.0171664,THERM,0,motor_temp,C,36.639
1769884956.06773,THERM,0,motor_temp,C,47.766
1769884956.1187966,ADC2,0,bus_voltage,V,11.43
1769884956.1694994,ADC1,0,servo_1,A,2.079
1769884956.2200239,THERM,0,motor_temp,C,26.976
1769884956.2707722,THERM,0,motor_temp,C,43.866
1769884956.321566,ADC1,1,servo_2,A,0.283
1769884956.3723435,ADC1,0,servo_1,A,1.761
1769884956.4228706,ADC2,0,bus_voltage,V,11.913
1769884956.4732943,ADC1,1,servo_2,A,1.823
1769884956.5243075,THERM,0,motor_temp,C,52.709
1769884956.5750504,THERM,0,motor_temp,C,57.15
1769884956.6256382,ADC1,0,servo_1,A,1.872
1769884956.6759923,ADC2,0,bus_voltage,V,11.512
1769884956.7266207,ADC1,0,servo_1,A,1.973
1769884956.7771273,ADC1,1,servo_2,A,1.213
1769884956.827623,ADC1,0,servo_1,A,2.102
1769884956.8783343,THERM,0,motor_temp,C,39.778
1769884956.92873,ADC1,0,servo_1,A,0.929
1769884956.979237,THERM,0,motor_temp,C,36.8
1769884957.0299928,ADC1,1,servo_2,A,1.689
1769884957.0803523,ADC2,0,bus_voltage,V,10.005
1769884957.1311862,THERM,0,motor_temp,C,52.723
1769884957.1817377,ADC1,1,servo_2,A,2.436
1769884957.232614,ADC1,1,servo_2,A,0.862
1769884957.2832332,ADC1,0,servo_1,A,0.808
1769884957.3338654,ADC1,1,servo_2,A,0.323
1769884957.3846192,ADC1,1,servo_2,A,0.795
1769884957.4353848,ADC2,0,bus_voltage,V,10.761
1769884957.48611,ADC1,0,servo_1,A,0.797
1769884957.5369663,ADC1,1,servo_2,A,0.363
1769884957.5876467,ADC1,1,servo_2,A,2.151
1769884957.638445,THERM,0,motor_temp,C,45.712
1769884957.6892114,ADC2,0,bus_voltage,V,10.568
1769884957.739957,ADC1,0,servo_1,A,1.681
1769884957.7907646,ADC1,1,servo_2,A,0.27
1769884957.8414493,ADC2,0,bus_voltage,V,10.847
1769884957.8920832,THERM,0,motor_temp,C,56.875
1769884957.9424973,ADC1,0,servo_1,A,1.042
1769884957.9933045,ADC1,1,servo_2,A,2.455
1769884958.0443017,ADC1,0,servo_1,A,2.454
1769884958.0952415,THERM,0,motor_temp,C,26.588
1769884958.1460114,ADC1,0,servo_1,A,1.609
1769884958.1968775,THERM,0,motor_temp,C,26.781
1769884958.2474456,ADC2,0,bus_voltage,V,10.822
1769884958.2981641,THERM,0,motor_temp,C,67.009
1769884958.348976,ADC1,0,servo_1,A,0.452
1769884958.39957,THERM,0,motor_temp,C,42.261
1769884958.4502661,ADC1,0,servo_1,A,1.757
1769884958.5006518,ADC1,1,servo_2,A,1.796
1769884958.551474,ADC1,0,servo_1,A,1.325
1769884958.6020226,ADC1,1,servo_2,A,2.235
1769884958.6544557,ADC1,1,servo_2,A,2.234
1769884958.7057018,ADC1,0,servo_1,A,1.654
1769884958.7561846,ADC1,1,servo_2,A,1.751
1769884958.8069074,ADC1,1,servo_2,A,0.233
1769884958.8573225,ADC1,0,servo_1,A,1.026
1769884958.908398,ADC1,1,servo_2,A,1.02
1769884958.959171,THERM,0,motor_temp,C,44.399
1769884959.0103729,THERM,0,motor_temp,C,51.679
1769884959.0612795,ADC1,0,servo_1,A,1.719
1769884959.1120212,ADC1,1,servo_2,A,0.725
1769884959.1648214,ADC2,0,bus_voltage,V,12.106
1769884959.2159865,ADC2,0,bus_voltage,V,10.089
1769884959.2686071,ADC1,0,servo_1,A,1.185
1769884959.3189847,ADC1,0,servo_1,A,1.265
1769884959.371604,THERM,0,motor_temp,C,58.445
1769884959.4221652,ADC1,1,servo_2,A,1.739
1769884959.4733095,ADC1,0,servo_1,A,1.423
1769884959.524802,ADC1,1,servo_2,A,0.889
1769884959.5758557,ADC2,0,bus_voltage,V,10.135
1769884959.6266303,ADC1,0,servo_1,A,1.641
1769884959.6780694,ADC2,0,bus_voltage,V,10.024
1769884959.7289765,ADC1,1,servo_2,A,1.241
1769884959.7823243,ADC1,0,servo_1,A,1.758
1769884959.8331256,ADC2,0,bus_voltage,V,11.659
1769884959.8837929,ADC1,0,servo_1,A,1.618
1769884959.9366667,ADC1,0,servo_1,A,1.79
1769884959.989842,ADC2,0,bus_voltage,V,11.368
1769884960.0420756,ADC1,0,servo_1,A,0.753
1769884960.0927167,THERM,0,motor_temp,C,63.844
1769884960.1435008,ADC1,1,servo_2,A,2.348
1769884960.1948755,ADC2,0,bus_voltage,V,10.323
1769884960.245611,ADC2,0,bus_voltage,V,12.392
1769884960.2964523,ADC1,0,servo_1,A,1.542
1769884960.3494837,ADC1,0,servo_1,A,2.181
1769884960.4007156,THERM,0,motor_temp,C,62.241
1769884960.459455,ADC2,0,bus_voltage,V,12.242
1769884960.5182664,ADC2,0,bus_voltage,V,11.302
1769884960.5690129,ADC2,0,bus_voltage,V,10.658
1769884960.619526,ADC2,0,bus_voltage,V,12.136
1769884960.6703405,ADC1,1,servo_2,A,2.302
1769884960.7211523,ADC1,1,servo_2,A,1.782
1769884960.7721858,THERM,0,motor_temp,C,34.637
1769884960.8230357,ADC1,1,servo_2,A,1.453
1769884960.8739066,ADC1,0,servo_1,A,0.462
1769884960.924404,ADC1,0,servo_1,A,1.104
1769884960.9754593,ADC1,1,servo_2,A,1.262
1769884961.0262825,ADC2,0,bus_voltage,V,12.319
1769884961.0779724,ADC1,1,servo_2,A,1.375
1769884961.12911,ADC2,0,bus_voltage,V,10.631
1769884961.1802323,ADC1,0,servo_1,A,2.18
1769884961.2325346,THERM,0,motor_temp,C,40.864
1769884961.285295,ADC1,0,servo_1,A,1.132
1769884961.3377893,ADC1,0,servo_1,A,1.761
1769884961.391655,ADC1,0,servo_1,A,1.783
1769884961.442854,ADC2,0,bus_voltage,V,12.428
1769884961.4935923,THERM,0,motor_temp,C,35.131
1769884961.5464802,ADC2,0,bus_voltage,V,12.18
1769884961.5977397,ADC1,0,servo_1,A,2.219
1769884961.648778,ADC1,0,servo_1,A,1.615
1769884961.7026844,THERM,0,motor_temp,C,69.183
1769884961.754218,ADC1,1,servo_2,A,2.166
1769884961.8050535,ADC1,1,servo_2,A,0.334
1769884961.8554358,ADC1,0,servo_1,A,0.396
1769884961.90602,THERM,0,motor_temp,C,58.431
1769884961.9565458,ADC2,0,bus_voltage,V,12.351
1769884962.0075047,ADC1,1,servo_2,A,1.024
1769884962.0580597,ADC2,0,bus_voltage,V,11.867
1769884962.1086574,ADC1,1,servo_2,A,0.888
1769884962.1603131,THERM,0,motor_temp,C,56.089
1769884962.211706,ADC2,0,bus_voltage,V,10.672
1769884962.2625244,THERM,0,motor_temp,C,67.341
1769884962.3130326,THERM,0,motor_temp,C,57.274
1769884962.364018,ADC2,0,bus_voltage,V,11.85
1769884962.415049,ADC1,0,servo_1,A,0.317
1769884962.4659598,ADC2,0,bus_voltage,V,12.23
1769884962.5171576,ADC2,0,bus_voltage,V,10.846
1769884962.5678523,ADC1,1,servo_2,A,1.687
1769884962.618516,ADC1,0,servo_1,A,1.149
1769884962.668926,ADC2,0,bus_voltage,V,10.354
1769884962.7193413,ADC1,1,servo_2,A,1.654
1769884962.7698028,ADC1,0,servo_1,A,0.255
1769884962.8201568,THERM,0,motor_temp,C,50.525
1769884962.870653,ADC1,1,servo_2,A,1.23
1769884962.9211607,ADC2,0,bus_voltage,V,10.851
1769884962.971924,ADC2,0,bus_voltage,V,10.011
1769884963.0226848,ADC2,0,bus_voltage,V,10.139
1769884963.0732486,ADC1,0,servo_1,A,2.288
1769884963.1239004,ADC2,0,bus_voltage,V,12.179
1769884963.174629,ADC1,0,servo_1,A,1.39
1769884963.2251208,ADC1,0,servo_1,A,0.519
1769884963.2761216,THERM,0,motor_temp,C,27.129
1769884963.3267074,ADC1,0,servo_1,A,1.179
1769884963.3774219,ADC2,0,bus_voltage,V,11.532
1769884963.4279273,ADC1,1,servo_2,A,1.52
1769884963.4787705,THERM,0,motor_temp,C,44.969
1769884963.5291915,ADC1,0,servo_1,A,0.818
1769884963.5800464,THERM,0,motor_temp,C,64.419
1769884963.6312253,ADC1,1,servo_2,A,2.345
1769884963.681766,ADC2,0,bus_voltage,V,10.124
1769884963.7336133,ADC1,0,servo_1,A,0.701
1769884963.7845058,THERM,0,motor_temp,C,66.157
1769884963.8353162,ADC2,0,bus_voltage,V,11.527
1769884963.8861103,THERM,0,motor_temp,C,62.27
1769884963.9369977,ADC1,0,servo_1,A,2.432
1769884963.9874601,ADC1,0,servo_1,A,0.45
1769884964.037944,THERM,0,motor_temp,C,65.813
1769884964.088439,THERM,0,motor_temp,C,56.379
1769884964.139715,THERM,0,motor_temp,C,26.564
1769884964.1905673,ADC2,0,bus_voltage,V,11.916
1769884964.2420747,THERM,0,motor_temp,C,63.439
1769884964.292504,ADC2,0,bus_voltage,V,10.798
1769884964.3427887,ADC1,0,servo_1,A,1.49
1769884964.3931859,THERM,0,motor_temp,C,42.78
1769884964.4436383,ADC1,1,servo_2,A,0.227
1769884964.4958024,ADC1,1,servo_2,A,1.359
1769884964.546873,ADC1,0,servo_1,A,1.99
1769884964.5978217,ADC1,0,servo_1,A,1.453
1769884964.649781,ADC2,0,bus_voltage,V,11.648
1769884964.7002773,ADC1,0,servo_1,A,0.904
1769884964.7512434,ADC1,1,servo_2,A,2.079
1769884964.801989,THERM,0,motor_temp,C,42.243
1769884964.8527498,THERM,0,motor_temp,C,34.816
1769884964.903188,THERM,0,motor_temp,C,60.975
1769884964.954235,ADC2,0,bus_voltage,V,11.512
1769884965.004851,ADC1,1,servo_2,A,2.056
1769884965.0558379,ADC1,1,servo_2,A,0.274
1769884965.1065664,THERM,0,motor_temp,C,59.847
1769884965.157566,ADC2,0,bus_voltage,V,10.672
1769884965.208079,ADC1,0,servo_1,A,1.168
1769884965.2589402,ADC2,0,bus_voltage,V,11.881
1769884965.309361,ADC1,1,servo_2,A,1.123
1769884965.3605068,ADC1,1,servo_2,A,0.216
1769884965.415128,ADC1,1,servo_2,A,0.637
1769884965.4663615,THERM,0,motor_temp,C,29.419
1769884965.5175133,ADC1,1,servo_2,A,0.619
1769884965.5680623,ADC2,0,bus_voltage,V,10.666
1769884965.618899,ADC2,0,bus_voltage,V,10.38
1769884965.67237,ADC2,0,bus_voltage,V,11.895
1769884965.7316067,ADC1,0,servo_1,A,0.318
1769884965.7851782,ADC1,0,servo_1,A,0.809
1769884965.8364105,ADC2,0,bus_voltage,V,10.662
1769884965.887349,ADC2,0,bus_voltage,V,12.311
1769884965.9380765,THERM,0,motor_temp,C,61.908
1769884965.9887064,ADC1,1,servo_2,A,1.305
1769884966.0395837,THERM,0,motor_temp,C,50.896
1769884966.0910344,THERM,0,motor_temp,C,59.773
1769884966.1424766,ADC1,0,servo_1,A,1.129
1769884966.1929784,THERM,0,motor_temp,C,68.746
1769884966.243414,ADC1,1,servo_2,A,0.271
1769884966.2939444,ADC1,1,servo_2,A,2.123
1769884966.344359,ADC2,0,bus_voltage,V,11.365
1769884966.394874,ADC1,0,servo_1,A,1.95
1769884966.4458926,THERM,0,motor_temp,C,62.151
1769884966.50161,THERM,0,motor_temp,C,29.6
1769884966.552333,THERM,0,motor_temp,C,34.764
1769884966.6128888,THERM,0,motor_temp,C,68.522
1769884966.6645496,ADC1,0,servo_1,A,0.778
1769884966.7166688,THERM,0,motor_temp,C,66.899
1769884966.7722418,THERM,0,motor_temp,C,30.443
1769884966.8234577,THERM,0,motor_temp,C,26.792
1769884966.8747473,ADC1,1,servo_2,A,0.545
1769884966.9273329,THERM,0,motor_temp,C,39.897
1769884966.9788086,ADC1,1,servo_2,A,1.785
1769884967.029542,ADC1,1,servo_2,A,0.364
1769884967.0835817,THERM,0,motor_temp,C,45.386
1769884967.1342802,ADC1,1,servo_2,A,0.824
1769884967.187636,ADC1,1,servo_2,A,1.717
1769884967.2439284,ADC2,0,bus_voltage,V,10.726
1769884967.302675,ADC2,0,bus_voltage,V,12.358
1769884967.3533711,ADC1,1,servo_2,A,2.018
1769884967.4041746,THERM,0,motor_temp,C,31.914
1769884967.4549809,ADC2,0,bus_voltage,V,10.804
1769884967.5054097,ADC1,0,servo_1,A,1.336
1769884967.556108,ADC2,0,bus_voltage,V,12.332
1769884967.6081007,ADC2,0,bus_voltage,V,10.742
1769884967.6589584,ADC1,0,servo_1,A,1.355
1769884967.709374,ADC2,0,bus_voltage,V,10.337
1769884967.760596,THERM,0,motor_temp,C,40.616
1769884967.8117335,ADC2,0,bus_voltage,V,12.543
1769884967.8624558,THERM,0,motor_temp,C,46.81
1769884967.9132047,ADC2,0,bus_voltage,V,12.414
1769884967.9664552,THERM,0,motor_temp,C,62.98
1769884968.0199404,ADC1,1,servo_2,A,0.864
1769884968.071028,ADC2,0,bus_voltage,V,12.039
1769884968.1217108,THERM,0,motor_temp,C,57.665
1769884968.1722622,ADC1,0,servo_1,A,0.362
1769884968.2231483,ADC1,0,servo_1,A,2.441
1769884968.27424,THERM,0,motor_temp,C,58.231
1769884968.3250036,THERM,0,motor_temp,C,46.287
1769884968.3760676,ADC1,0,servo_1,A,1.967
1769884968.4269505,ADC1,1,servo_2,A,1.399
1769884968.4777815,THERM,0,motor_temp,C,68.955
1769884968.5406966,THERM,0,motor_temp,C,49.045
1769884968.5912113,ADC2,0,bus_voltage,V,11.825
1769884968.6440694,ADC1,0,servo_1,A,0.29
1769884968.694414,ADC1,1,servo_2,A,0.895
1769884968.7457087,THERM,0,motor_temp,C,50.776
1769884968.7964137,ADC1,1,servo_2,A,0.652
1769884968.8479836,ADC2,0,bus_voltage,V,12.057
1769884968.900383,ADC1,1,servo_2,A,0.354
1769884968.9521449,ADC2,0,bus_voltage,V,11.573
1769884969.0032334,ADC2,0,bus_voltage,V,11.848
1769884969.053762,ADC2,0,bus_voltage,V,10.435
1769884969.1045375,ADC1,1,servo_2,A,0.295
1769884969.155239,ADC1,0,servo_1,A,0.456
1769884969.2059393,ADC1,0,servo_1,A,0.327
1769884969.2565935,ADC2,0,bus_voltage,V,10.316
1769884969.3072507,ADC1,0,servo_1,A,1.072
1769884969.3588517,ADC1,0,servo_1,A,1.001
1769884969.4100702,ADC2,0,bus_voltage,V,11.703
1769884969.46157,THERM,0,motor_temp,C,32.126
1769884969.512188,ADC2,0,bus_voltage,V,12.138
1769884969.5627294,THERM,0,motor_temp,C,25.85
1769884969.6135128,ADC2,0,bus_voltage,V,10.089
1769884969.6640365,ADC2,0,bus_voltage,V,11.094
1769884969.7147927,ADC1,1,servo_2,A,0.855
1769884969.765403,ADC2,0,bus_voltage,V,10.06
1769884969.8161147,ADC2,0,bus_voltage,V,12.084
1769884969.8668594,ADC2,0,bus_voltage,V,11.016
1769884969.9173667,ADC2,0,bus_voltage,V,12.574
1769884969.967924,ADC1,0,servo_1,A,0.991
1769884970.018448,ADC2,0,bus_voltage,V,12.194
1769884970.0693314,ADC1,0,servo_1,A,1.354
1769884970.1199317,ADC2,0,bus_voltage,V,11.901
1769884970.1708176,THERM,0,motor_temp,C,56.972
1769884970.2213275,ADC1,1,servo_2,A,1.803
1769884970.2718828,ADC2,0,bus_voltage,V,10.873
1769884970.3223765,THERM,0,motor_temp,C,67.622
1769884970.3730693,ADC2,0,bus_voltage,V,12.281
1769884970.4237156,ADC1,1,servo_2,A,1.226
1769884970.4745457,ADC2,0,bus_voltage,V,11.7
1769884970.5250628,ADC1,0,servo_1,A,1.792
1769884970.5756218,ADC1,0,servo_1,A,1.268
1769884970.6260438,ADC1,0,servo_1,A,1.341
1769884970.6764545,ADC1,1,servo_2,A,1.223
1769884970.7268453,ADC1,1,servo_2,A,0.715
1769884970.7774029,THERM,0,motor_temp,C,65.242
1769884970.8283887,ADC1,1,servo_2,A,1.357
1769884970.8791118,ADC1,0,servo_1,A,0.385
1769884970.9295278,ADC1,0,servo_1,A,2.052
1769884970.980042,ADC1,0,servo_1,A,1.426
1769884971.0312016,THERM,0,motor_temp,C,56.769
1769884971.0857792,THERM,0,motor_temp,C,36.05
1769884971.1394722,THERM,0,motor_temp,C,53.229
1769884971.1904345,THERM,0,motor_temp,C,42.735
1769884971.2424073,THERM,0,motor_temp,C,59.418
1769884971.29346,ADC1,0,servo_1,A,0.629
1769884971.3443592,ADC1,0,servo_1,A,1.43
1769884971.3949955,ADC1,0,servo_1,A,0.387
1769884971.4458218,THERM,0,motor_temp,C,53.935
1769884971.4963107,THERM,0,motor_temp,C,39.605
1769884971.5467417,ADC1,1,servo_2,A,1.313
1769884971.5983918,ADC2,0,bus_voltage,V,10.391
1769884971.6494799,THERM,0,motor_temp,C,39.95
1769884971.7006953,ADC1,0,servo_1,A,1.073
1769884971.7541711,ADC1,0,servo_1,A,1.878
1769884971.8133016,THERM,0,motor_temp,C,55.707
1769884971.8649538,THERM,0,motor_temp,C,54.376
1769884971.9166849,ADC1,1,servo_2,A,0.553
1769884971.969836,ADC2,0,bus_voltage,V,10.839
1769884972.022198,ADC2,0,bus_voltage,V,12.27
1769884972.0741906,THERM,0,motor_temp,C,36.139
1769884972.126255,ADC2,0,bus_voltage,V,12.202
1769884972.177345,THERM,0,motor_temp,C,54.896
1769884972.2277987,ADC1,0,servo_1,A,1.138
1769884972.2788966,ADC2,0,bus_voltage,V,12.52
1769884972.3305557,THERM,0,motor_temp,C,39.553
1769884972.3815231,ADC1,0,servo_1,A,1.025
1769884972.432467,ADC1,0,servo_1,A,1.535
1769884972.4832015,ADC1,1,servo_2,A,2.085
1769884972.534071,ADC2,0,bus_voltage,V,12.397
1769884972.5848024,ADC1,0,servo_1,A,1.129
1769884972.635332,ADC1,1,servo_2,A,1.652
1769884972.6859956,ADC2,0,bus_voltage,V,11.366
1769884972.736942,ADC1,0,servo_1,A,0.709
1769884972.7885537,ADC2,0,bus_voltage,V,10.88
1769884972.842772,ADC2,0,bus_voltage,V,10.555
1769884972.8977747,ADC2,0,bus_voltage,V,12.506
1769884972.948761,ADC1,1,servo_2,A,1.81
1769884972.999412,ADC2,0,bus_voltage,V,11.284
1769884973.0534894,ADC1,1,servo_2,A,0.233
1769884973.1099243,ADC1,0,servo_1,A,0.716
1769884973.161144,ADC1,1,servo_2,A,1.82
1769884973.2120972,ADC2,0,bus_voltage,V,10.316
1769884973.262756,ADC1,0,servo_1,A,1.161
1769884973.3133695,THERM,0,motor_temp,C,38.323
1769884973.3642607,ADC2,0,bus_voltage,V,11.497
1769884973.414816,THERM,0,motor_temp,C,67.433
1769884973.4655273,ADC2,0,bus_voltage,V,11.697
1769884973.5190582,THERM,0,motor_temp,C,29.341
1769884973.5707676,THERM,0,motor_temp,C,46.217
1769884973.6241682,ADC2,0,bus_voltage,V,12.169
1769884973.6746962,ADC1,0,servo_1,A,0.386
1769884973.7254188,ADC1,0,servo_1,A,1.059
1769884973.7759242,THERM,0,motor_temp,C,27.955
1769884973.8267386,THERM,0,motor_temp,C,66.821
1769884973.8774672,ADC1,0,servo_1,A,2.098
1769884973.9280608,ADC1,1,servo_2,A,1.642
1769884973.9792063,ADC1,0,servo_1,A,1.443
1769884974.040137,ADC2,0,bus_voltage,V,11.687
1769884974.0931113,ADC1,1,servo_2,A,0.241
1769884974.144205,ADC2,0,bus_voltage,V,11.773
1769884974.1952386,ADC1,1,servo_2,A,2.415
1769884974.2466056,ADC2,0,bus_voltage,V,10.986
1769884974.2976537,ADC1,1,servo_2,A,1.432
1769884974.3510418,ADC1,0,servo_1,A,1.832
1769884974.406551,ADC1,1,servo_2,A,1.229
1769884974.4576638,ADC1,1,servo_2,A,0.789
1769884974.50852,THERM,0,motor_temp,C,38.891
1769884974.560677,THERM,0,motor_temp,C,69.122
1769884974.611741,ADC2,0,bus_voltage,V,12.456
1769884974.662417,ADC2,0,bus_voltage,V,10.703
1769884974.713416,ADC1,1,servo_2,A,1.58
1769884974.7665608,THERM,0,motor_temp,C,51.455
1769884974.817481,ADC2,0,bus_voltage,V,11.056
1769884974.868611,THERM,0,motor_temp,C,47.184
1769884974.9194705,THERM,0,motor_temp,C,67.916
1769884974.9698944,ADC2,0,bus_voltage,V,10.152
1769884975.0204883,THERM,0,motor_temp,C,26.061
1769884975.0708516,ADC2,0,bus_voltage,V,12.586
1769884975.121554,THERM,0,motor_temp,C,55.393
1769884975.1726727,THERM,0,motor_temp,C,43.971
1769884975.2235901,ADC2,0,bus_voltage,V,12.521
1769884975.2741497,ADC1,0,servo_1,A,0.505
1769884975.3245792,ADC2,0,bus_voltage,V,11.103
1769884975.3753874,ADC1,1,servo_2,A,0.732
1769884975.4314203,ADC2,0,bus_voltage,V,11.304
1769884975.4928868,THERM,0,motor_temp,C,66.732
1769884975.5439458,THERM,0,motor_temp,C,49.859
1769884975.5944548,ADC1,1,servo_2,A,1.655
1769884975.6454086,ADC2,0,bus_voltage,V,10.643
1769884975.6969132,ADC1,0,servo_1,A,1.804
1769884975.7482066,ADC2,0,bus_voltage,V,10.439
1769884975.7990348,ADC1,1,servo_2,A,1.874
1769884975.8495574,THERM,0,motor_temp,C,35.28
1769884975.900079,ADC1,1,servo_2,A,0.598
1769884975.95049,ADC1,1,servo_2,A,1.433
1769884976.0017042,ADC1,0,servo_1,A,1.67
1769884976.0523548,ADC2,0,bus_voltage,V,10.888
1769884976.1040735,ADC2,0,bus_voltage,V,10.16
1769884976.1551826,ADC1,1,servo_2,A,2.163
1769884976.2065704,ADC2,0,bus_voltage,V,12.141
1769884976.2582316,THERM,0,motor_temp,C,63.166
1769884976.312267,ADC1,1,servo_2,A,0.961
1769884976.365743,ADC1,0,servo_1,A,2.182
1769884976.4170687,ADC2,0,bus_voltage,V,10.067
1769884976.4677708,ADC1,0,servo_1,A,0.954
1769884976.518593,THERM,0,motor_temp,C,43.825
1769884976.569766,ADC2,0,bus_voltage,V,11.449
1769884976.6206205,ADC1,1,servo_2,A,2.221
1769884976.6716003,ADC1,1,servo_2,A,2.402
1769884976.7225266,ADC2,0,bus_voltage,V,11.8
1769884976.7731566,ADC2,0,bus_voltage,V,11.979
1769884976.8251135,ADC1,0,servo_1,A,1.144
1769884976.8770695,ADC1,1,servo_2,A,2.071
1769884976.9280853,ADC1,0,servo_1,A,0.409
1769884976.9786806,ADC2,0,bus_voltage,V,12.593
1769884977.02967,ADC1,0,servo_1,A,1.505
1769884977.0825813,ADC1,0,servo_1,A,0.918
1769884977.1345594,THERM,0,motor_temp,C,57.349
1769884977.191417,ADC1,1,servo_2,A,0.628
1769884977.2420335,ADC1,0,servo_1,A,2.14
1769884977.2929776,THERM,0,motor_temp,C,31.287
1769884977.3437283,THERM,0,motor_temp,C,63.599
1769884977.394516,THERM,0,motor_temp,C,56.833
1769884977.4452987,ADC1,0,servo_1,A,2.079
1769884977.4965124,ADC2,0,bus_voltage,V,12.206
1769884977.5503387,THERM,0,motor_temp,C,44.16
1769884977.6045916,ADC2,0,bus_voltage,V,10.87
1769884977.6599557,THERM,0,motor_temp,C,62.961
1769884977.7112405,ADC1,0,servo_1,A,0.863
1769884977.7619662,ADC1,1,servo_2,A,2.135
1769884977.8127768,ADC2,0,bus_voltage,V,10.685
1769884977.864752,ADC1,0,servo_1,A,1.732
1769884977.9162855,ADC1,1,servo_2,A,2.166
1769884977.9672565,ADC2,0,bus_voltage,V,10.999
1769884978.0180037,ADC1,0,servo_1,A,1.531
1769884978.0686257,ADC1,0,servo_1,A,2.15
1769884978.1193194,ADC2,0,bus_voltage,V,10.917
1769884978.1698964,ADC1,0,servo_1,A,0.739
1769884978.2299197,ADC1,0,servo_1,A,0.887
1769884978.2818997,ADC1,1,servo_2,A,1.981
1769884978.3326714,ADC2,0,bus_voltage,V,11.494
1769884978.3833828,THERM,0,motor_temp,C,54.003
1769884978.434197,ADC1,1,servo_2,A,0.355
1769884978.485315,ADC2,0,bus_voltage,V,10.354
1769884978.5356424,THERM,0,motor_temp,C,38.854
1769884978.586087,THERM,0,motor_temp,C,57.907
1769884978.6381936,ADC1,1,servo_2,A,0.296
1769884978.6889255,THERM,0,motor_temp,C,41.527
1769884978.7394922,THERM,0,motor_temp,C,35.236
1769884978.7902849,THERM,0,motor_temp,C,41.864
1769884978.8410585,ADC1,0,servo_1,A,1.81
1769884978.8924055,ADC1,0,servo_1,A,0.38
1769884978.9431098,ADC2,0,bus_voltage,V,12.035
1769884978.9935484,THERM,0,motor_temp,C,48.482
1769884979.0440483,THERM,0,motor_temp,C,44.758
1769884979.094746,ADC2,0,bus_voltage,V,12.399
1769884979.1459491,ADC2,0,bus_voltage,V,12.134
1769884979.1966724,ADC2,0,bus_voltage,V,12.137
1769884979.248243,ADC1,1,servo_2,A,1.47
1769884979.2991126,ADC2,0,bus_voltage,V,11.159
1769884979.3556972,ADC1,1,servo_2,A,0.789
1769884979.40642,ADC1,1,servo_2,A,1.826
1769884979.4571757,ADC1,0,servo_1,A,1.1
1769884979.5075064,ADC1,1,servo_2,A,0.425
1769884979.5581388,THERM,0,motor_temp,C,55.984
1769884979.6087344,ADC2,0,bus_voltage,V,12.365
1769884979.6597788,ADC1,0,servo_1,A,1.138
1769884979.7104099,THERM,0,motor_temp,C,44.582
1769884979.7608275,ADC1,0,servo_1,A,1.803
1769884979.8115726,ADC1,0,servo_1,A,0.766
1769884979.8626049,ADC1,0,servo_1,A,2.379
1769884979.9133782,THERM,0,motor_temp,C,48.892
1769884979.9641685,ADC1,0,servo_1,A,1.878
1769884980.0187068,ADC1,0,servo_1,A,0.217
1769884980.0694196,THERM,0,motor_temp,C,39.829
1769884980.1202095,THERM,0,motor_temp,C,40.146
1769884980.1716566,ADC1,0,servo_1,A,1.596
1769884980.2222133,ADC2,0,bus_voltage,V,10.337
1769884980.273005,ADC1,0,servo_1,A,0.623
1769884980.3233633,THERM,0,motor_temp,C,56.916
1769884980.374187,ADC1,1,servo_2,A,0.56
1769884980.4248092,ADC2,0,bus_voltage,V,10.643
1769884980.4752777,ADC1,0,servo_1,A,0.686
1769884980.5261178,ADC2,0,bus_voltage,V,10.366
1769884980.5767117,THERM,0,motor_temp,C,55.089
1769884980.627049,ADC1,0,servo_1,A,2.379
1769884980.6774564,ADC1,1,servo_2,A,2.495
1769884980.7280273,ADC1,1,servo_2,A,2.035
1769884980.7787464,ADC1,1,servo_2,A,1.978
1769884980.8293433,ADC2,0,bus_voltage,V,11.151
1769884980.8797393,THERM,0,motor_temp,C,61.168
1769884980.9306946,ADC1,1,servo_2,A,1.701
1769884980.9816062,ADC1,0,servo_1,A,2.455
1769884981.0338037,ADC2,0,bus_voltage,V,12.06
1769884981.0842686,THERM,0,motor_temp,C,62.084
1769884981.134885,ADC2,0,bus_voltage,V,11.625
1769884981.185339,ADC1,0,servo_1,A,0.515
1769884981.235723,THERM,0,motor_temp,C,35.737
1769884981.2864845,ADC1,0,servo_1,A,1.665
1769884981.3372061,ADC1,1,servo_2,A,1.857
1769884981.387858,ADC1,0,servo_1,A,0.922
1769884981.4386716,ADC2,0,bus_voltage,V,10.279
1769884981.489412,ADC1,1,servo_2,A,1.014
1769884981.5400043,THERM,0,motor_temp,C,37.747
1769884981.5907793,THERM,0,motor_temp,C,57.14
1769884981.6415212,ADC2,0,bus_voltage,V,10.601
1769884981.6921124,ADC1,0,servo_1,A,1.898
1769884981.7426252,ADC1,1,servo_2,A,0.941
1769884981.7931957,ADC1,1,servo_2,A,1.486
1769884981.8435287,ADC1,0,servo_1,A,2.07
1769884981.8939595,THERM,0,motor_temp,C,26.499
1769884981.944642,ADC1,0,servo_1,A,1.191
1769884981.9953525,THERM,0,motor_temp,C,36.057
1769884982.0462356,THERM,0,motor_temp,C,37.936
1769884982.0970657,ADC1,0,servo_1,A,1.524
1769884982.148149,THERM,0,motor_temp,C,54.207
1769884982.2012832,ADC2,0,bus_voltage,V,11.371
1769884982.2518516,ADC2,0,bus_voltage,V,10.357
1769884982.302611,ADC1,1,servo_2,A,0.252
1769884982.3533585,THERM,0,motor_temp,C,69.104
1769884982.4040196,ADC2,0,bus_voltage,V,10.264
1769884982.4545739,ADC1,0,servo_1,A,2.231
1769884982.5061207,ADC2,0,bus_voltage,V,10.214
1769884982.5575542,ADC1,1,servo_2,A,1.964
1769884982.608459,ADC1,0,servo_1,A,1.26
1769884982.659227,ADC2,0,bus_voltage,V,11.713
1769884982.7097304,THERM,0,motor_temp,C,26.264
1769884982.7606099,ADC2,0,bus_voltage,V,12.399
1769884982.8111806,THERM,0,motor_temp,C,36.932
1769884982.8630412,THERM,0,motor_temp,C,26.832
1769884982.91396,ADC2,0,bus_voltage,V,11.752
1769884982.9650378,ADC2,0,bus_voltage,V,11.399
1769884983.0159144,ADC2,0,bus_voltage,V,12.247
1769884983.0667074,ADC1,1,servo_2,A,0.234
1769884983.117582,THERM,0,motor_temp,C,58.52
1769884983.167926,ADC1,0,servo_1,A,1.8
1769884983.218517,THERM,0,motor_temp,C,27.092
1769884983.2690184,ADC2,0,bus_voltage,V,11.551
1769884983.3198621,ADC1,0,servo_1,A,0.481
1769884983.3705695,ADC1,1,servo_2,A,1.401
1769884983.4239295,ADC1,0,servo_1,A,2.436
1769884983.4765558,ADC1,0,servo_1,A,0.28
1769884983.5277214,ADC1,1,servo_2,A,2.471
1769884983.578615,ADC2,0,bus_voltage,V,12.079
1769884983.6296413,ADC2,0,bus_voltage,V,12.456
1769884983.6800294,THERM,0,motor_temp,C,33.919
1769884983.7329357,ADC2,0,bus_voltage,V,11.06
1769884983.7849667,ADC1,0,servo_1,A,1.249
1769884983.8360593,ADC1,0,servo_1,A,2.296
1769884983.886719,ADC1,0,servo_1,A,2.242
1769884983.9374816,THERM,0,motor_temp,C,66.864
1769884983.9882216,ADC1,1,servo_2,A,0.24
1769884984.0386949,ADC2,0,bus_voltage,V,11.778
1769884984.0890827,ADC1,1,servo_2,A,0.392
1769884984.1431181,THERM,0,motor_temp,C,37.779
1769884984.1936178,ADC1,1,servo_2,A,1.873
1769884984.244658,ADC2,0,bus_voltage,V,12.296
1769884984.2960198,THERM,0,motor_temp,C,49.518
1769884984.3481789,ADC1,0,servo_1,A,0.892
1769884984.4021473,ADC1,0,servo_1,A,0.537
1769884984.4536273,THERM,0,motor_temp,C,57.984
1769884984.5046678,ADC2,0,bus_voltage,V,10.418
1769884984.5555806,THERM,0,motor_temp,C,55.972
1769884984.6061196,ADC2,0,bus_voltage,V,12.361
1769884984.6568696,ADC1,0,servo_1,A,0.342
1769884984.7073736,THERM,0,motor_temp,C,42.578
1769884984.7585108,ADC1,1,servo_2,A,0.6
1769884984.8093536,THERM,0,motor_temp,C,60.039
1769884984.86021,THERM,0,motor_temp,C,49.605
1769884984.9110546,ADC2,0,bus_voltage,V,11.868
1769884984.9618688,THERM,0,motor_temp,C,30.774
1769884985.0122824,ADC2,0,bus_voltage,V,11.04
1769884985.0627663,ADC2,0,bus_voltage,V,12.54
1769884985.1134233,ADC1,0,servo_1,A,0.875
1769884985.1645558,ADC1,1,servo_2,A,2.051
1769884985.2156913,ADC2,0,bus_voltage,V,10.135
1769884985.2663667,ADC1,1,servo_2,A,1.804
1769884985.3170547,ADC1,0,servo_1,A,2.08
1769884985.3675885,ADC1,0,servo_1,A,2.13
1769884985.4182675,ADC1,1,servo_2,A,0.88
1769884985.468867,ADC1,0,servo_1,A,1.198
1769884985.5201101,ADC1,1,servo_2,A,2.176
1769884985.5707066,ADC1,0,servo_1,A,1.835
1769884985.6213133,THERM,0,motor_temp,C,65.203
1769884985.672056,ADC1,0,servo_1,A,1.26
1769884985.7226002,ADC2,0,bus_voltage,V,12.426
1769884985.7734797,ADC1,1,servo_2,A,0.847
1769884985.8239937,ADC1,1,servo_2,A,2.458
1769884985.874734,ADC2,0,bus_voltage,V,10.81
1769884985.9255767,THERM,0,motor_temp,C,63.152
1769884985.9763112,ADC1,1,servo_2,A,2.491
1769884986.0276341,ADC2,0,bus_voltage,V,11.135
1769884986.0783985,ADC1,0,servo_1,A,0.879
1769884986.1292462,ADC1,0,servo_1,A,2.42
1769884986.1816127,THERM,0,motor_temp,C,64.888
1769884986.2354243,THERM,0,motor_temp,C,57.551
1769884986.2861013,THERM,0,motor_temp,C,54.481
1769884986.3365805,ADC2,0,bus_voltage,V,10.306
1769884986.3871114,ADC1,1,servo_2,A,1.806
1769884986.4377084,THERM,0,motor_temp,C,58.642
1769884986.4883878,ADC1,1,servo_2,A,1.064
1769884986.5388782,ADC1,1,servo_2,A,1.675
1769884986.5895977,ADC2,0,bus_voltage,V,11.255
1769884986.6404016,THERM,0,motor_temp,C,67.6
1769884986.6911092,THERM,0,motor_temp,C,67.959
1769884986.7416043,ADC2,0,bus_voltage,V,10.216
1769884986.7922137,ADC1,0,servo_1,A,2.409
1769884986.84289,ADC2,0,bus_voltage,V,10.456
1769884986.8935606,THERM,0,motor_temp,C,40.998
1769884986.9442806,ADC2,0,bus_voltage,V,10.761
1769884986.994983,ADC2,0,bus_voltage,V,11.933
1769884987.0454032,ADC1,1,servo_2,A,2.241
1769884987.0959978,ADC1,1,servo_2,A,0.554
1769884987.1466892,ADC2,0,bus_voltage,V,11.797
1769884987.19782,ADC1,0,servo_1,A,0.304
1769884987.2485955,THERM,0,motor_temp,C,31.747
1769884987.2992275,ADC1,0,servo_1,A,1.129
1769884987.3496947,THERM,0,motor_temp,C,31.11
1769884987.4003117,ADC2,0,bus_voltage,V,10.996
1769884987.4510355,ADC1,1,servo_2,A,2.245
1769884987.5018756,ADC1,1,servo_2,A,0.315
1769884987.5525253,THERM,0,motor_temp,C,63.885
1769884987.6033382,THERM,0,motor_temp,C,32.787
1769884987.6539788,ADC2,0,bus_voltage,V,10.583
1769884987.7044435,ADC1,0,servo_1,A,0.446
1769884987.7549403,THERM,0,motor_temp,C,40.074
1769884987.8058376,ADC2,0,bus_voltage,V,10.328
1769884987.8565302,ADC1,1,servo_2,A,0.575
1769884987.9070508,ADC2,0,bus_voltage,V,11.213
1769884987.9575348,ADC1,0,servo_1,A,1.691
1769884988.008031,ADC2,0,bus_voltage,V,11.666
1769884988.058584,THERM,0,motor_temp,C,50.734
1769884988.1096547,ADC1,0,servo_1,A,2.385
1769884988.1602557,ADC1,1,servo_2,A,1.104
1769884988.2106695,ADC1,0,servo_1,A,1.243
1769884988.2614477,THERM,0,motor_temp,C,33.383
1769884988.312306,ADC2,0,bus_voltage,V,10.58
1769884988.3629317,ADC1,0,servo_1,A,1.208
1769884988.413421,THERM,0,motor_temp,C,49.407
1769884988.4642956,THERM,0,motor_temp,C,32.16
1769884988.5148282,THERM,0,motor_temp,C,26.547
1769884988.5656016,ADC1,0,servo_1,A,1.592
1769884988.6184592,ADC2,0,bus_voltage,V,12.006
1769884988.6700275,ADC2,0,bus_voltage,V,11.515
1769884988.7210221,ADC2,0,bus_voltage,V,12.267
1769884988.77173,THERM,0,motor_temp,C,55.608
1769884988.8221512,THERM,0,motor_temp,C,31.606
1769884988.8727381,ADC2,0,bus_voltage,V,10.621
1769884988.9236205,ADC2,0,bus_voltage,V,12.32
1769884988.9759028,THERM,0,motor_temp,C,37.366
1769884989.026754,ADC1,0,servo_1,A,2.101
1769884989.077155,ADC2,0,bus_voltage,V,10.144
1769884989.1277807,ADC1,0,servo_1,A,1.844
1769884989.1785762,ADC1,0,servo_1,A,1.251
1769884989.2339685,ADC1,1,servo_2,A,0.933
1769884989.2847822,ADC2,0,bus_voltage,V,12.23
1769884989.3356047,ADC1,1,servo_2,A,2.217
1769884989.3862655,ADC1,0,servo_1,A,1.909
1769884989.4367409,ADC2,0,bus_voltage,V,10.351
1769884989.4872186,ADC1,0,servo_1,A,0.781
1769884989.5379956,ADC1,0,servo_1,A,1.56
1769884989.5888257,ADC1,0,servo_1,A,2.074
1769884989.6392336,ADC2,0,bus_voltage,V,12.299
1769884989.6896913,THERM,0,motor_temp,C,50.86
1769884989.740352,ADC1,1,servo_2,A,1.396
1769884989.7912204,ADC1,1,servo_2,A,0.706
1769884989.8418071,ADC1,0,servo_1,A,0.697
1769884989.8927033,ADC2,0,bus_voltage,V,12.574
1769884989.9432018,ADC1,0,servo_1,A,2.387
1769884989.993601,ADC1,0,servo_1,A,0.679
1769884990.0441728,THERM,0,motor_temp,C,54.406
1769884990.094855,THERM,0,motor_temp,C,27.888
1769884990.145337,ADC1,0,servo_1,A,0.795
1769884990.195871,ADC1,1,servo_2,A,1.04
1769884990.2462585,THERM,0,motor_temp,C,59.291
1769884990.2968247,THERM,0,motor_temp,C,26.97
1769884990.348201,ADC1,1,servo_2,A,1.182
1769884990.398737,ADC1,0,servo_1,A,2.143
1769884990.449595,ADC1,0,servo_1,A,1.826
1769884990.4999876,ADC1,0,servo_1,A,1.853
1769884990.5505724,ADC2,0,bus_voltage,V,11.209
1769884990.6010025,ADC1,0,servo_1,A,1.643
1769884990.6514897,THERM,0,motor_temp,C,29.944
1769884990.7018325,ADC1,1,servo_2,A,1.21
1769884990.7524922,ADC2,0,bus_voltage,V,10.394
1769884990.8031404,THERM,0,motor_temp,C,68.376
1769884990.8536174,ADC1,0,servo_1,A,1.27
1769884990.9041283,ADC1,1,servo_2,A,1.837
1769884990.9547248,ADC1,0,servo_1,A,2.185
1769884991.0051696,ADC2,0,bus_voltage,V,10.972
1769884991.0559983,ADC1,0,servo_1,A,2.143
1769884991.106692,ADC1,0,servo_1,A,2.16
1769884991.1571712,ADC2,0,bus_voltage,V,10.658
1769884991.207904,ADC1,0,servo_1,A,0.716
1769884991.2586272,THERM,0,motor_temp,C,52.927
1769884991.3090196,ADC1,1,servo_2,A,2.337
1769884991.3656995,ADC2,0,bus_voltage,V,10.259
1769884991.4160843,ADC1,0,servo_1,A,1.894
1769884991.4666257,ADC2,0,bus_voltage,V,10.135
1769884991.517433,ADC1,1,servo_2,A,1.264
1769884991.5680666,THERM,0,motor_temp,C,63.086
1769884991.6187665,ADC2,0,bus_voltage,V,11.672
1769884991.6695302,ADC1,0,servo_1,A,0.904
1769884991.720367,ADC1,1,servo_2,A,1.638
1769884991.7707248,ADC2,0,bus_voltage,V,12.305
1769884991.8212426,ADC1,1,servo_2,A,1.848
1769884991.8719094,ADC2,0,bus_voltage,V,10.753
1769884991.9224129,ADC1,0,servo_1,A,1.578
1769884991.9730945,ADC1,0,servo_1,A,0.409
1769884992.0235007,THERM,0,motor_temp,C,44.683
1769884992.0741692,ADC1,1,servo_2,A,1.462
1769884992.1246083,ADC1,0,servo_1,A,1.148
1769884992.1750932,THERM,0,motor_temp,C,61.655
1769884992.2254565,ADC1,1,servo_2,A,1.227
1769884992.2762005,THERM,0,motor_temp,C,61.464
1769884992.3272328,ADC1,1,servo_2,A,0.208
1769884992.377627,ADC1,0,servo_1,A,0.404
1769884992.4282753,THERM,0,motor_temp,C,62.875
1769884992.4788032,ADC2,0,bus_voltage,V,11.338
1769884992.5292268,THERM,0,motor_temp,C,52.857
1769884992.579718,ADC1,1,servo_2,A,2.406
1769884992.631913,THERM,0,motor_temp,C,60.867
1769884992.682538,ADC1,0,servo_1,A,2.021
1769884992.7334592,ADC1,1,servo_2,A,0.219
1769884992.7847881,ADC1,0,servo_1,A,0.418
1769884992.8351946,ADC2,0,bus_voltage,V,10.371
1769884992.885977,THERM,0,motor_temp,C,52.835
1769884992.93641,ADC1,1,servo_2,A,1.989
1769884992.986854,ADC1,0,servo_1,A,0.352
1769884993.037307,ADC1,1,servo_2,A,2.134
1769884993.0877616,ADC1,0,servo_1,A,0.534
1769884993.138237,THERM,0,motor_temp,C,32.665
1769884993.1886404,ADC1,0,servo_1,A,1.22
1769884993.239404,ADC1,1,servo_2,A,0.84
1769884993.2899258,ADC2,0,bus_voltage,V,11.548
1769884993.3405464,ADC2,0,bus_voltage,V,12.161
1769884993.3911068,ADC2,0,bus_voltage,V,11.791
1769884993.441733,ADC1,0,servo_1,A,1.248
1769884993.492221,THERM,0,motor_temp,C,46.069
1769884993.542613,ADC1,1,servo_2,A,0.845
1769884993.5933878,ADC1,0,servo_1,A,0.834
1769884993.6437602,ADC1,1,servo_2,A,0.548
1769884993.6943119,ADC1,0,servo_1,A,1.419
1769884993.7447727,ADC1,0,servo_1,A,2.191
1769884993.795107,ADC2,0,bus_voltage,V,11.327
1769884993.8458545,ADC1,0,servo_1,A,2.165
1769884993.8965044,ADC1,0,servo_1,A,0.398
1769884993.9476798,ADC1,0,servo_1,A,2.024
1769884993.99823,ADC1,0,servo_1,A,1.206
1769884994.0490444,ADC1,0,servo_1,A,0.379
1769884994.0996916,THERM,0,motor_temp,C,57.683
1769884994.1501129,ADC2,0,bus_voltage,V,10.973
1769884994.200759,ADC1,0,servo_1,A,0.784
1769884994.2513947,THERM,0,motor_temp,C,47.783
1769884994.303139,THERM,0,motor_temp,C,38.987
1769884994.354031,ADC2,0,bus_voltage,V,11.257
1769884994.4046497,THERM,0,motor_temp,C,44.67
1769884994.4550579,ADC2,0,bus_voltage,V,11.029
1769884994.5056853,ADC1,0,servo_1,A,0.308
1769884994.5560772,ADC2,0,bus_voltage,V,10.16
1769884994.6066666,THERM,0,motor_temp,C,56.175
1769884994.6574025,THERM,0,motor_temp,C,49.221
1769884994.7079873,ADC2,0,bus_voltage,V,10.872
1769884994.7583678,THERM,0,motor_temp,C,62.336
1769884994.8087366,ADC1,0,servo_1,A,0.615
1769884994.8594072,THERM,0,motor_temp,C,40.889
1769884994.9099932,ADC2,0,bus_voltage,V,11.973
1769884994.960711,THERM,0,motor_temp,C,42.346
1769884995.01141,ADC2,0,bus_voltage,V,11.26
1769884995.0618827,THERM,0,motor_temp,C,37.676
1769884995.1125643,ADC1,0,servo_1,A,0.509
1769884995.163116,ADC1,1,servo_2,A,0.693
1769884995.2140262,ADC1,0,servo_1,A,0.487
1769884995.264501,ADC2,0,bus_voltage,V,12.028
1769884995.315445,ADC1,0,servo_1,A,1.278
1769884995.3662288,THERM,0,motor_temp,C,49.046
1769884995.4168382,ADC1,1,servo_2,A,0.908
1769884995.4675443,THERM,0,motor_temp,C,57.864
1769884995.5181835,ADC2,0,bus_voltage,V,11.371
1769884995.5687635,THERM,0,motor_temp,C,65.771
1769884995.6191986,THERM,0,motor_temp,C,43.129
1769884995.6696012,ADC1,1,servo_2,A,0.545
1769884995.720336,ADC1,1,servo_2,A,0.359
1769884995.7710893,ADC1,0,servo_1,A,1.506
1769884995.8215454,ADC2,0,bus_voltage,V,12.474
1769884995.8727493,ADC1,0,servo_1,A,2.123
1769884995.9231713,ADC1,1,servo_2,A,0.254
1769884995.973842,ADC1,1,servo_2,A,0.468
1769884996.024515,THERM,0,motor_temp,C,69.107
1769884996.0751286,ADC1,1,servo_2,A,0.292
1769884996.1255264,ADC1,1,servo_2,A,1.615
1769884996.1762497,ADC1,0,servo_1,A,1.133
1769884996.226606,THERM,0,motor_temp,C,52.464
1769884996.2771285,ADC1,1,servo_2,A,1.892
1769884996.3275218,ADC1,1,servo_2,A,0.22
1769884996.3783376,ADC1,0,servo_1,A,1.973
1769884996.4289064,ADC2,0,bus_voltage,V,12.111
1769884996.4794483,ADC2,0,bus_voltage,V,10.354
1769884996.5299828,ADC1,1,servo_2,A,1.827
1769884996.5815322,ADC1,0,servo_1,A,2.286
1769884996.6324193,ADC2,0,bus_voltage,V,11.562
1769884996.6831145,ADC1,1,servo_2,A,2.225
1769884996.7339528,ADC2,0,bus_voltage,V,11.92
1769884996.7845876,THERM,0,motor_temp,C,59.238
1769884996.8354764,ADC1,0,servo_1,A,2.286
1769884996.885958,ADC2,0,bus_voltage,V,10.515
1769884996.9367454,ADC1,0,servo_1,A,0.925
1769884996.9874496,ADC1,0,servo_1,A,1.402
1769884997.0380063,THERM,0,motor_temp,C,69.982
1769884997.0889595,ADC1,1,servo_2,A,0.29
1769884997.1394565,ADC1,1,servo_2,A,1.054
1769884997.1902707,ADC2,0,bus_voltage,V,11.297
1769884997.2407331,ADC1,1,servo_2,A,1.387
1769884997.2915344,ADC1,0,servo_1,A,1.101
1769884997.3422725,ADC1,1,servo_2,A,2.093
1769884997.392999,ADC1,1,servo_2,A,2.375
1769884997.4435184,ADC1,1,servo_2,A,0.312
1769884997.4944675,ADC1,0,servo_1,A,2.224
1769884997.5451288,THERM,0,motor_temp,C,31.52
1769884997.5958412,THERM,0,motor_temp,C,45.029
1769884997.646345,ADC2,0,bus_voltage,V,11.129
1769884997.6973035,ADC1,1,servo_2,A,2.162
1769884997.7479057,THERM,0,motor_temp,C,48.751
1769884997.7993734,ADC2,0,bus_voltage,V,10.582
1769884997.8499608,ADC1,1,servo_2,A,2.068
1769884997.900959,ADC2,0,bus_voltage,V,11.952
1769884997.9516163,ADC2,0,bus_voltage,V,11.359
1769884998.0024524,ADC1,1,servo_2,A,1.1
1769884998.052935,THERM,0,motor_temp,C,34.701
1769884998.1035428,ADC2,0,bus_voltage,V,10.97
1769884998.153888,ADC2,0,bus_voltage,V,11.064
1769884998.2045996,ADC2,0,bus_voltage,V,12.236
1769884998.2552092,THERM,0,motor_temp,C,47.054
1769884998.3055542,ADC1,0,servo_1,A,2.269
1769884998.355977,ADC1,0,servo_1,A,0.248
1769884998.4068134,ADC1,0,servo_1,A,1.94
1769884998.457544,ADC2,0,bus_voltage,V,11.179
1769884998.5081766,ADC2,0,bus_voltage,V,12.176
1769884998.5587878,ADC1,1,servo_2,A,2.092
1769884998.6092508,ADC1,0,servo_1,A,0.757
1769884998.6604238,ADC1,0,servo_1,A,2.079
1769884998.7119486,ADC1,1,servo_2,A,1.413
1769884998.7627735,ADC2,0,bus_voltage,V,11.059
1769884998.8133085,ADC1,1,servo_2,A,1.91
1769884998.865191,THERM,0,motor_temp,C,67.929
1769884998.9160433,THERM,0,motor_temp,C,42.892
1769884998.9666135,ADC1,0,servo_1,A,1.008
1769884999.0170813,ADC1,0,servo_1,A,0.607
1769884999.0677164,ADC1,0,servo_1,A,0.857
1769884999.118313,ADC1,1,servo_2,A,0.531
1769884999.1689768,ADC1,0,servo_1,A,1.853
1769884999.2196014,THERM,0,motor_temp,C,56.878
1769884999.2700322,THERM,0,motor_temp,C,40.552
1769884999.3208046,ADC2,0,bus_voltage,V,11.236
1769884999.3714662,ADC1,1,servo_2,A,0.428
1769884999.4220214,ADC2,0,bus_voltage,V,10.349
1769884999.4723225,ADC1,0,servo_1,A,0.728
1769884999.5230944,THERM,0,motor_temp,C,58.493
1769884999.573984,ADC1,0,servo_1,A,1.82
1769884999.6244664,ADC1,1,servo_2,A,2.005
1769884999.6752498,ADC1,1,servo_2,A,1.429
1769884999.7258904,ADC1,0,servo_1,A,1.167
1769884999.7767837,ADC2,0,bus_voltage,V,11.03
1769884999.8274915,THERM,0,motor_temp,C,68.302
1769884999.878359,ADC1,0,servo_1,A,1.449
1769884999.9291167,ADC1,0,servo_1,A,2.252
1769884999.9799182,ADC2,0,bus_voltage,V,11.42
1769885000.031282,ADC1,0,servo_1,A,2.334
1769885000.0824034,ADC1,0,servo_1,A,1.272
1769885000.1331081,ADC1,0,servo_1,A,1.892
1769885000.1838086,ADC1,0,servo_1,A,2.081
1769885000.2346148,ADC1,0,servo_1,A,0.992
1769885000.2851403,THERM,0,motor_temp,C,62.38
1769885000.3358579,ADC2,0,bus_voltage,V,11.445
1769885000.386429,ADC1,0,servo_1,A,1.871
1769885000.437033,ADC2,0,bus_voltage,V,10.731
1769885000.487364,ADC1,1,servo_2,A,1.414
1769885000.5377734,ADC2,0,bus_voltage,V,10.286
1769885000.5882752,ADC1,1,servo_2,A,1.695
1769885000.638857,ADC1,1,servo_2,A,0.615
1769885000.6896327,ADC1,0,servo_1,A,0.976
1769885000.7405653,THERM,0,motor_temp,C,45.006
1769885000.791313,ADC1,0,servo_1,A,0.829
1769885000.8417678,ADC1,1,servo_2,A,1.855
1769885000.8921986,THERM,0,motor_temp,C,49.418
1769885000.942837,ADC1,0,servo_1,A,1.803
1769885000.9933226,ADC2,0,bus_voltage,V,11.339
1769885001.0437589,ADC2,0,bus_voltage,V,11.385
1769885001.09425,ADC2,0,bus_voltage,V,10.117
1769885001.144894,ADC1,0,servo_1,A,0.539
1769885001.1955373,ADC1,0,servo_1,A,1.632
1769885001.2460542,THERM,0,motor_temp,C,35.256
1769885001.2967155,ADC1,1,servo_2,A,0.954
1769885001.3494267,ADC1,1,servo_2,A,0.412
1769885001.4001527,ADC1,0,servo_1,A,0.662
1769885001.4508123,ADC1,1,servo_2,A,1.849
1769885001.5013497,ADC1,1,servo_2,A,2.288
1769885001.5521035,ADC1,1,servo_2,A,1.802
1769885001.602688,ADC1,1,servo_2,A,1.443
1769885001.6534102,ADC1,1,servo_2,A,0.731
1769885001.7038786,ADC2,0,bus_voltage,V,10.687
1769885001.7545147,ADC2,0,bus_voltage,V,10.137
1769885001.8049293,ADC1,0,servo_1,A,0.829
1769885001.8557682,ADC1,0,servo_1,A,1.908
1769885001.9061198,ADC1,0,servo_1,A,1.993
1769885001.9565253,ADC1,0,servo_1,A,1.16
1769885002.0071967,ADC1,1,servo_2,A,2.208
1769885002.0577042,ADC2,0,bus_voltage,V,10.673
1769885002.1084218,ADC2,0,bus_voltage,V,12.44
1769885002.1589825,ADC1,1,servo_2,A,0.6
1769885002.2097235,ADC2,0,bus_voltage,V,11.249
1769885002.260031,ADC1,1,servo_2,A,1.626
1769885002.310416,ADC1,0,servo_1,A,1.22
1769885002.360989,ADC2,0,bus_voltage,V,11.951
1769885002.411728,ADC2,0,bus_voltage,V,11.735
1769885002.4622245,ADC1,1,servo_2,A,0.26
1769885002.5130537,ADC2,0,bus_voltage,V,10.151
1769885002.5633442,THERM,0,motor_temp,C,53.742
1769885002.6154363,ADC1,1,servo_2,A,2.218
1769885002.6659892,ADC1,0,servo_1,A,1.272
1769885002.7168229,ADC2,0,bus_voltage,V,11.32
1769885002.7673311,ADC2,0,bus_voltage,V,12.323
1769885002.8178878,ADC1,1,servo_2,A,1.952
1769885002.8684692,ADC1,1,servo_2,A,2.116
1769885002.9187815,ADC1,1,servo_2,A,1.492
1769885002.9695592,ADC2,0,bus_voltage,V,12.39
1769885003.0200608,ADC2,0,bus_voltage,V,12.598
1769885003.0707147,ADC1,0,servo_1,A,2.394
1769885003.1214325,ADC2,0,bus_voltage,V,11.624
1769885003.1722257,ADC1,0,servo_1,A,1.428
1769885003.2228203,ADC2,0,bus_voltage,V,12.0
1769885003.2734742,THERM,0,motor_temp,C,29.637
1769885003.3239973,ADC1,0,servo_1,A,2.46
1769885003.37447,ADC2,0,bus_voltage,V,10.6
1769885003.4251451,ADC1,1,servo_2,A,0.409
1769885003.475861,ADC1,1,servo_2,A,1.34
1769885003.526583,ADC1,0,servo_1,A,2.468
1769885003.5772603,ADC1,1,servo_2,A,1.571
1769885003.6278107,ADC1,0,servo_1,A,0.627
1769885003.678073,THERM,0,motor_temp,C,56.973
1769885003.7285857,THERM,0,motor_temp,C,55.308
1769885003.7791348,ADC2,0,bus_voltage,V,12.517
1769885003.8296747,ADC1,0,servo_1,A,1.566
1769885003.8800476,ADC2,0,bus_voltage,V,11.225
1769885003.9333534,THERM,0,motor_temp,C,34.895
1769885003.9841173,ADC2,0,bus_voltage,V,12.305
1769885004.0345805,THERM,0,motor_temp,C,55.448
1769885004.0849218,ADC2,0,bus_voltage,V,11.234
1769885004.135602,ADC1,0,servo_1,A,1.969
1769885004.1862614,ADC2,0,bus_voltage,V,11.79
1769885004.2368007,THERM,0,motor_temp,C,41.226
1769885004.287485,ADC1,1,servo_2,A,0.768
1769885004.3379908,ADC1,1,servo_2,A,2.371
1769885004.388493,ADC2,0,bus_voltage,V,11.763
1769885004.4388638,THERM,0,motor_temp,C,44.317
1769885004.4892428,ADC2,0,bus_voltage,V,11.834
1769885004.5398958,THERM,0,motor_temp,C,62.078
1769885004.5902543,THERM,0,motor_temp,C,50.377
1769885004.6406853,ADC2,0,bus_voltage,V,10.402
1769885004.6913376,ADC1,1,servo_2,A,0.571
1769885004.7423787,ADC1,1,servo_2,A,2.191
1769885004.7956517,ADC2,0,bus_voltage,V,11.008
1769885004.846745,ADC2,0,bus_voltage,V,11.183
1769885004.8977628,ADC1,0,servo_1,A,1.864
1769885004.9490507,ADC2,0,bus_voltage,V,11.716
1769885004.999992,ADC1,1,servo_2,A,0.32
1769885005.0511842,ADC1,1,servo_2,A,2.27
1769885005.1017156,ADC1,0,servo_1,A,2.401
1769885005.152724,ADC1,1,servo_2,A,1.852
1769885005.2035167,THERM,0,motor_temp,C,62.045
1769885005.2540383,ADC1,1,servo_2,A,1.376
1769885005.304791,ADC2,0,bus_voltage,V,10.757
1769885005.3553128,ADC2,0,bus_voltage,V,12.57
1769885005.4059765,ADC2,0,bus_voltage,V,11.476
1769885005.4565206,ADC1,1,servo_2,A,0.852
1769885005.5074315,ADC1,0,servo_1,A,0.567
1769885005.5581899,ADC1,1,servo_2,A,1.805
1769885005.6090648,ADC2,0,bus_voltage,V,11.361
1769885005.6596835,ADC1,0,servo_1,A,1.697
1769885005.7106144,ADC1,0,servo_1,A,2.471
1769885005.7609885,ADC1,0,servo_1,A,0.564
1769885005.8132496,ADC2,0,bus_voltage,V,10.631
1769885005.8640046,THERM,0,motor_temp,C,29.366
1769885005.914773,THERM,0,motor_temp,C,35.159
1769885005.966076,ADC2,0,bus_voltage,V,12.117
1769885006.0169845,ADC1,0,servo_1,A,1.407
1769885006.0675364,ADC2,0,bus_voltage,V,11.983
1769885006.1186507,ADC2,0,bus_voltage,V,10.513
1769885006.1694276,ADC2,0,bus_voltage,V,10.156
1769885006.220035,THERM,0,motor_temp,C,41.338
1769885006.272621,ADC1,0,servo_1,A,1.146
1769885006.3229964,ADC1,0,servo_1,A,2.142
1769885006.3736494,ADC1,0,servo_1,A,1.628
1769885006.4243972,ADC1,1,servo_2,A,2.041
1769885006.476043,ADC1,1,servo_2,A,0.224
1769885006.526976,ADC1,1,servo_2,A,2.22
1769885006.5779765,ADC1,1,servo_2,A,1.696
1769885006.6286862,THERM,0,motor_temp,C,68.504
1769885006.679639,ADC1,1,servo_2,A,1.018
1769885006.730331,ADC2,0,bus_voltage,V,10.299
1769885006.7814744,ADC1,1,servo_2,A,1.609
1769885006.8354259,ADC2,0,bus_voltage,V,12.091
1769885006.8914323,ADC1,0,servo_1,A,1.415
1769885006.9421542,ADC1,0,servo_1,A,0.947
1769885006.9931064,ADC2,0,bus_voltage,V,10.057
1769885007.0439394,ADC2,0,bus_voltage,V,12.026
1769885007.0944338,ADC1,1,servo_2,A,2.49
1769885007.1543682,ADC1,1,servo_2,A,1.018
1769885007.2049074,ADC1,0,servo_1,A,2.215
1769885007.2557476,ADC2,0,bus_voltage,V,12.446
1769885007.3066208,THERM,0,motor_temp,C,53.469
1769885007.357598,THERM,0,motor_temp,C,37.484
1769885007.4097633,THERM,0,motor_temp,C,65.534
1769885007.4603698,ADC1,0,servo_1,A,0.557
1769885007.5110872,ADC1,1,servo_2,A,0.369
1769885007.561697,ADC1,1,servo_2,A,1.761
1769885007.6122367,ADC1,0,servo_1,A,2.013
1769885007.66296,ADC1,0,servo_1,A,1.274
1769885007.713762,THERM,0,motor_temp,C,35.774
1769885007.764682,ADC1,1,servo_2,A,1.845
1769885007.815652,ADC2,0,bus_voltage,V,12.52
1769885007.8668518,ADC1,1,servo_2,A,0.307
1769885007.9177194,ADC1,0,servo_1,A,2.141
1769885007.9686615,ADC1,0,servo_1,A,2.432
1769885008.019282,ADC1,0,servo_1,A,2.431
1769885008.0701878,ADC1,1,servo_2,A,0.422
1769885008.120908,ADC1,1,servo_2,A,1.721
1769885008.171696,ADC2,0,bus_voltage,V,11.759
1769885008.222736,ADC1,0,servo_1,A,1.985
1769885008.2732437,ADC2,0,bus_voltage,V,10.51
1769885008.334219,THERM,0,motor_temp,C,32.211
1769885008.3853078,ADC1,0,servo_1,A,2.211
1769885008.437262,ADC1,1,servo_2,A,2.239
1769885008.4882438,ADC2,0,bus_voltage,V,12.096
1769885008.5386555,ADC1,1,servo_2,A,2.437
1769885008.589718,ADC1,1,servo_2,A,2.071
1769885008.6405187,ADC1,0,servo_1,A,1.389
1769885008.6913607,ADC1,0,servo_1,A,2.382
1769885008.7422056,ADC1,1,servo_2,A,1.693
1769885008.7929063,ADC1,1,servo_2,A,2.486
1769885008.8435764,ADC1,1,servo_2,A,2.249
1769885008.894184,ADC1,1,servo_2,A,2.409
1769885008.9449198,ADC1,1,servo_2,A,2.004
1769885008.9961164,ADC2,0,bus_voltage,V,11.167
1769885009.046753,ADC2,0,bus_voltage,V,12.394
1769885009.0999339,ADC2,0,bus_voltage,V,12.275
1769885009.1511626,ADC1,1,servo_2,A,0.71
1769885009.2024853,ADC1,1,servo_2,A,1.483
1769885009.2531486,ADC1,1,servo_2,A,1.224
1769885009.3043292,THERM,0,motor_temp,C,61.215
1769885009.3547714,ADC1,0,servo_1,A,2.406
1769885009.4055693,ADC1,0,servo_1,A,0.753
1769885009.4562156,THERM,0,motor_temp,C,61.489
1769885009.50663,ADC1,1,servo_2,A,1.37
1769885009.5572894,ADC1,1,servo_2,A,2.377
1769885009.6083596,ADC1,0,servo_1,A,1.419
1769885009.6587615,THERM,0,motor_temp,C,28.82
1769885009.7093172,ADC2,0,bus_voltage,V,10.935
1769885009.7599368,THERM,0,motor_temp,C,46.556
1769885009.8105927,ADC1,1,servo_2,A,1.092
1769885009.8611543,ADC2,0,bus_voltage,V,11.109
1769885009.9118931,ADC2,0,bus_voltage,V,12.195
1769885009.9624166,THERM,0,motor_temp,C,64.522
1769885010.0133142,THERM,0,motor_temp,C,63.274
1769885010.066292,ADC1,1,servo_2,A,2.374
1769885010.1172006,THERM,0,motor_temp,C,68.42
1769885010.1680343,THERM,0,motor_temp,C,60.659
1769885010.2186563,ADC1,1,servo_2,A,1.919
1769885010.2693934,ADC2,0,bus_voltage,V,10.403
1769885010.3203332,THERM,0,motor_temp,C,44.764
1769885010.3709478,ADC2,0,bus_voltage,V,11.716
1769885010.421651,ADC1,1,servo_2,A,1.516
1769885010.472594,THERM,0,motor_temp,C,39.046
1769885010.5230951,ADC1,0,servo_1,A,0.87
1769885010.5738158,THERM,0,motor_temp,C,33.861
1769885010.624206,ADC1,1,servo_2,A,2.49
1769885010.6749709,THERM,0,motor_temp,C,57.437
1769885010.7256057,ADC2,0,bus_voltage,V,12.176
1769885010.7761087,ADC1,0,servo_1,A,1.99
1769885010.8268714,ADC1,1,servo_2,A,1.29
1769885010.877627,ADC1,1,servo_2,A,1.775
1769885010.9284964,ADC1,1,servo_2,A,0.504
1769885010.9790504,ADC2,0,bus_voltage,V,10.618
1769885011.0299437,ADC2,0,bus_voltage,V,12.363
1769885011.0803468,THERM,0,motor_temp,C,54.462
1769885011.1315892,THERM,0,motor_temp,C,38.245
1769885011.1836143,ADC1,0,servo_1,A,1.116
1769885011.234647,ADC2,0,bus_voltage,V,12.237
1769885011.2860622,ADC2,0,bus_voltage,V,11.703
1769885011.3366842,THERM,0,motor_temp,C,44.499
1769885011.3874106,ADC1,0,servo_1,A,0.867
1769885011.4380329,ADC2,0,bus_voltage,V,10.212
1769885011.4886317,ADC1,0,servo_1,A,1.593
1769885011.5391815,ADC2,0,bus_voltage,V,11.657
1769885011.5900037,ADC1,0,servo_1,A,2.465
1769885011.640626,ADC2,0,bus_voltage,V,11.482
1769885011.6910768,THERM,0,motor_temp,C,39.073
1769885011.7416828,ADC1,0,servo_1,A,0.59
1769885011.7922792,ADC1,1,servo_2,A,0.538
1769885011.8429708,ADC2,0,bus_voltage,V,11.57
1769885011.8934882,ADC2,0,bus_voltage,V,10.293
1769885011.944161,ADC2,0,bus_voltage,V,10.6
1769885011.994837,ADC1,0,servo_1,A,1.958
1769885012.045479,ADC1,0,servo_1,A,2.027
1769885012.0961607,ADC2,0,bus_voltage,V,11.015
1769885012.1466222,THERM,0,motor_temp,C,29.658
1769885012.1982331,ADC2,0,bus_voltage,V,10.754
1769885012.2505274,ADC1,1,servo_2,A,2.445
1769885012.3013391,ADC1,0,servo_1,A,2.335
1769885012.3521373,ADC1,0,servo_1,A,0.895
1769885012.4027169,ADC2,0,bus_voltage,V,11.556
1769885012.4534798,ADC1,1,servo_2,A,0.751
1769885012.5043893,ADC2,0,bus_voltage,V,11.618
1769885012.555244,THERM,0,motor_temp,C,34.539
1769885012.6129673,THERM,0,motor_temp,C,40.965
1769885012.670703,ADC2,0,bus_voltage,V,12.259
1769885012.7214708,ADC1,1,servo_2,A,1.911
1769885012.7721913,THERM,0,motor_temp,C,37.553
1769885012.822921,ADC2,0,bus_voltage,V,11.886
1769885012.8735387,ADC2,0,bus_voltage,V,10.023
1769885012.9238555,ADC2,0,bus_voltage,V,12.067
1769885012.9745483,ADC1,0,servo_1,A,1.486
1769885013.0249379,THERM,0,motor_temp,C,37.974
1769885013.0754378,THERM,0,motor_temp,C,54.353
1769885013.1260307,THERM,0,motor_temp,C,50.593
1769885013.1770308,ADC1,0,servo_1,A,0.732
1769885013.2278178,ADC1,0,servo_1,A,2.172
1769885013.2781515,ADC1,0,servo_1,A,0.992
1769885013.3289008,ADC2,0,bus_voltage,V,10.666
1769885013.3796213,ADC1,0,servo_1,A,2.361
1769885013.4300647,ADC1,1,servo_2,A,1.551
1769885013.4810257,ADC2,0,bus_voltage,V,12.175
1769885013.5326962,THERM,0,motor_temp,C,67.347
1769885013.5835643,ADC1,0,servo_1,A,0.467
1769885013.6343527,ADC1,0,servo_1,A,0.469
1769885013.6885796,ADC1,1,servo_2,A,1.973
1769885013.7393308,ADC1,1,servo_2,A,1.925
1769885013.7899919,ADC1,1,servo_2,A,1.781
1769885013.8405757,ADC1,0,servo_1,A,0.522
1769885013.8909578,THERM,0,motor_temp,C,44.121
1769885013.941865,THERM,0,motor_temp,C,45.176
1769885013.9924726,ADC1,0,servo_1,A,0.367
1769885014.0430994,THERM,0,motor_temp,C,44.798
1769885014.0938466,ADC2,0,bus_voltage,V,11.976
1769885014.1444623,ADC2,0,bus_voltage,V,10.217
1769885014.1951096,THERM,0,motor_temp,C,49.198
1769885014.2456284,ADC1,1,servo_2,A,2.178
1769885014.2961717,ADC1,1,servo_2,A,2.108
1769885014.3465734,THERM,0,motor_temp,C,27.905
1769885014.3976798,THERM,0,motor_temp,C,49.555
1769885014.4487498,ADC2,0,bus_voltage,V,11.732
1769885014.499425,ADC1,0,servo_1,A,1.811
1769885014.550138,ADC2,0,bus_voltage,V,10.153
1769885014.6010268,ADC2,0,bus_voltage,V,10.373
1769885014.651694,ADC1,0,servo_1,A,0.571
1769885014.7025774,THERM,0,motor_temp,C,34.468
1769885014.7533672,THERM,0,motor_temp,C,32.862
1769885014.8042247,THERM,0,motor_temp,C,46.571
1769885014.8548508,ADC1,0,servo_1,A,1.767
1769885014.905578,ADC2,0,bus_voltage,V,12.561
1769885014.9562373,ADC1,0,servo_1,A,0.402
1769885015.007003,ADC2,0,bus_voltage,V,12.516
1769885015.0577466,ADC1,1,servo_2,A,1.134
1769885015.1083963,ADC1,0,servo_1,A,0.469
1769885015.1588507,THERM,0,motor_temp,C,27.623
1769885015.2096493,ADC1,1,servo_2,A,1.691
1769885015.2600164,ADC1,0,servo_1,A,2.141
1769885015.3106527,ADC2,0,bus_voltage,V,10.217
1769885015.3614428,ADC1,1,servo_2,A,0.936
1769885015.4120939,THERM,0,motor_temp,C,30.281
1769885015.4627638,ADC1,0,servo_1,A,0.332
1769885015.5131161,THERM,0,motor_temp,C,55.057
1769885015.5637298,ADC1,1,servo_2,A,0.847
1769885015.6144047,ADC1,1,servo_2,A,0.389
1769885015.6651194,THERM,0,motor_temp,C,60.425
1769885015.7159293,ADC1,0,servo_1,A,1.932
1769885015.7668009,ADC1,1,servo_2,A,1.069
1769885015.8171873,ADC1,0,servo_1,A,1.374
1769885015.8679485,THERM,0,motor_temp,C,30.432
1769885015.9185014,THERM,0,motor_temp,C,49.125
1769885015.969266,ADC2,0,bus_voltage,V,10.012
1769885016.0197265,ADC2,0,bus_voltage,V,11.818
1769885016.0703557,ADC1,0,servo_1,A,1.179
1769885016.121735,ADC2,0,bus_voltage,V,10.819
1769885016.1725414,ADC1,0,servo_1,A,2.24
1769885016.2230568,THERM,0,motor_temp,C,34.254
1769885016.2736435,ADC1,0,servo_1,A,0.853
1769885016.3241036,ADC2,0,bus_voltage,V,11.113
1769885016.374708,THERM,0,motor_temp,C,48.861
1769885016.4251347,ADC1,0,servo_1,A,0.215
1769885016.4755652,ADC1,0,servo_1,A,1.775
1769885016.5259056,THERM,0,motor_temp,C,42.931
1769885016.576178,ADC2,0,bus_voltage,V,12.585
1769885016.6264796,ADC2,0,bus_voltage,V,11.333
1769885016.6772456,ADC1,1,servo_2,A,0.475
1769885016.7280154,ADC1,0,servo_1,A,0.6
1769885016.7784977,ADC1,1,servo_2,A,0.445
1769885016.8289657,THERM,0,motor_temp,C,51.473
1769885016.8795974,ADC1,0,servo_1,A,1.991
1769885016.9300294,ADC2,0,bus_voltage,V,10.699
1769885016.9804952,ADC2,0,bus_voltage,V,10.006
1769885017.0312617,ADC1,0,servo_1,A,1.036
1769885017.0815833,ADC1,0,servo_1,A,1.05
1769885017.1322274,ADC2,0,bus_voltage,V,12.345
1769885017.1826603,ADC2,0,bus_voltage,V,10.858
1769885017.2336679,ADC1,1,servo_2,A,2.495
1769885017.2843554,ADC1,1,servo_2,A,0.439
1769885017.3349261,ADC2,0,bus_voltage,V,12.189
1769885017.3853436,THERM,0,motor_temp,C,46.44
1769885017.4357855,THERM,0,motor_temp,C,49.922
1769885017.4866548,ADC2,0,bus_voltage,V,11.958
1769885017.5371158,ADC1,1,servo_2,A,1.471
1769885017.5878046,ADC1,0,servo_1,A,2.089
1769885017.6385589,ADC1,1,servo_2,A,0.26
1769885017.6890538,ADC2,0,bus_voltage,V,10.174
1769885017.7398643,ADC1,0,servo_1,A,0.782
1769885017.7902446,THERM,0,motor_temp,C,39.369
1769885017.8410273,THERM,0,motor_temp,C,35.06
1769885017.891467,THERM,0,motor_temp,C,63.444
1769885017.941981,ADC1,1,servo_2,A,1.299
1769885017.9926264,ADC2,0,bus_voltage,V,10.805
1769885018.0430262,THERM,0,motor_temp,C,53.042
1769885018.093422,ADC2,0,bus_voltage,V,10.243
1769885018.1441011,ADC1,1,servo_2,A,1.809
1769885018.1945236,ADC1,1,servo_2,A,0.892
1769885018.2451434,ADC2,0,bus_voltage,V,10.017
1769885018.2956939,THERM,0,motor_temp,C,60.16
1769885018.3462067,ADC2,0,bus_voltage,V,10.623
1769885018.396918,ADC1,1,servo_2,A,1.659
1769885018.447621,THERM,0,motor_temp,C,61.26
1769885018.4980183,ADC2,0,bus_voltage,V,11.238
1769885018.5487819,THERM,0,motor_temp,C,37.027
1769885018.5996015,ADC1,1,servo_2,A,1.535
1769885018.6500595,ADC2,0,bus_voltage,V,10.427
1769885018.7009158,ADC1,0,servo_1,A,0.947
1769885018.7517571,ADC1,1,servo_2,A,0.608
1769885018.802266,ADC1,0,servo_1,A,0.671
1769885018.8530333,ADC1,1,servo_2,A,2.472
1769885018.9038744,ADC1,1,servo_2,A,1.137
1769885018.9547093,ADC2,0,bus_voltage,V,10.163
1769885019.0052233,ADC1,0,servo_1,A,0.483
1769885019.0557876,THERM,0,motor_temp,C,55.261
1769885019.1064415,ADC1,1,servo_2,A,1.406
1769885019.1570692,THERM,0,motor_temp,C,35.697
1769885019.207536,ADC1,1,servo_2,A,0.496
1769885019.2581093,THERM,0,motor_temp,C,59.662
1769885019.308477,THERM,0,motor_temp,C,27.301
1769885019.3592055,ADC1,1,servo_2,A,1.106
1769885019.409655,ADC2,0,bus_voltage,V,12.396
1769885019.4600608,ADC1,1,servo_2,A,1.478
1769885019.5104735,ADC1,0,servo_1,A,1.053
1769885019.5611799,ADC1,0,servo_1,A,2.364
1769885019.6115713,ADC1,0,servo_1,A,1.113
1769885019.6622572,ADC2,0,bus_voltage,V,11.556
1769885019.7127306,ADC1,1,servo_2,A,1.822
1769885019.763253,ADC1,1,servo_2,A,1.971
1769885019.8141544,ADC2,0,bus_voltage,V,10.692
1769885019.8649132,ADC2,0,bus_voltage,V,10.708
1769885019.916714,ADC1,1,servo_2,A,0.399
1769885019.9676204,ADC1,0,servo_1,A,2.112
1769885020.018025,ADC1,1,servo_2,A,2.173
1769885020.0686092,ADC1,1,servo_2,A,1.19
1769885020.119372,ADC1,0,servo_1,A,0.803
1769885020.1699188,ADC1,0,servo_1,A,0.714
1769885020.2204592,THERM,0,motor_temp,C,36.577
1769885020.2712433,ADC1,1,servo_2,A,1.114
1769885020.321798,THERM,0,motor_temp,C,54.921
1769885020.3725383,THERM,0,motor_temp,C,31.318
1769885020.4230568,ADC1,0,servo_1,A,2.152
1769885020.473491,THERM,0,motor_temp,C,38.905
1769885020.523829,ADC1,0,servo_1,A,0.389
1769885020.574567,ADC1,0,servo_1,A,1.079
1769885020.624935,ADC1,0,servo_1,A,1.063
1769885020.6752357,ADC1,1,servo_2,A,0.235
1769885020.7258697,ADC1,1,servo_2,A,0.349
1769885020.7764554,ADC1,0,servo_1,A,1.657
1769885020.8270874,ADC2,0,bus_voltage,V,10.083
1769885020.877646,ADC1,1,servo_2,A,1.972
1769885020.928469,ADC1,1,servo_2,A,0.898
1769885020.9793782,THERM,0,motor_temp,C,34.831
1769885021.0297697,ADC2,0,bus_voltage,V,10.73
1769885021.0812209,ADC1,1,servo_2,A,1.987
1769885021.1322787,ADC1,0,servo_1,A,0.613
1769885021.1832576,THERM,0,motor_temp,C,52.735
1769885021.234143,ADC1,1,servo_2,A,2.208
1769885021.284979,THERM,0,motor_temp,C,69.648
1769885021.3355725,ADC2,0,bus_voltage,V,12.532
1769885021.386204,ADC2,0,bus_voltage,V,12.587
1769885021.4368458,ADC2,0,bus_voltage,V,12.38
1769885021.4875803,ADC1,0,servo_1,A,2.402
1769885021.5379894,ADC2,0,bus_voltage,V,11.955
1769885021.5887713,ADC2,0,bus_voltage,V,12.241
1769885021.6391983,ADC1,0,servo_1,A,1.55
1769885021.6897657,THERM,0,motor_temp,C,51.831
1769885021.7403913,ADC1,0,servo_1,A,1.49
1769885021.7907958,ADC2,0,bus_voltage,V,12.184
1769885021.8415618,THERM,0,motor_temp,C,55.35
1769885021.8923705,ADC1,0,servo_1,A,1.172
1769885021.9434364,ADC1,0,servo_1,A,1.697
1769885021.994011,THERM,0,motor_temp,C,47.559
1769885022.044801,ADC2,0,bus_voltage,V,12.031
1769885022.0955884,THERM,0,motor_temp,C,63.075
1769885022.1462266,ADC1,0,servo_1,A,0.312
1769885022.1965723,ADC1,1,servo_2,A,1.106
1769885022.2488465,ADC1,0,servo_1,A,1.637
1769885022.3004222,ADC2,0,bus_voltage,V,11.398
1769885022.3512363,ADC1,0,servo_1,A,0.448
1769885022.4018934,ADC2,0,bus_voltage,V,12.422
1769885022.4524329,ADC1,1,servo_2,A,0.324
1769885022.5031068,ADC1,0,servo_1,A,1.73
1769885022.5536468,ADC1,1,servo_2,A,0.363
1769885022.6042798,ADC1,0,servo_1,A,1.905
1769885022.654752,ADC1,0,servo_1,A,2.194
1769885022.7055252,ADC1,1,servo_2,A,1.822
1769885022.756433,ADC1,1,servo_2,A,1.031
1769885022.806936,THERM,0,motor_temp,C,51.49
1769885022.8577015,ADC1,0,servo_1,A,2.493
1769885022.908247,THERM,0,motor_temp,C,41.715
1769885022.9586112,THERM,0,motor_temp,C,57.557
1769885023.0093591,THERM,0,motor_temp,C,26.016
1769885023.059766,ADC1,0,servo_1,A,2.484
1769885023.1103842,ADC2,0,bus_voltage,V,10.558
1769885023.1608324,ADC1,0,servo_1,A,2.015
1769885023.21136,ADC1,1,servo_2,A,2.288
1769885023.262017,ADC1,1,servo_2,A,1.448
1769885023.3127153,ADC1,1,servo_2,A,2.301
1769885023.3633275,ADC2,0,bus_voltage,V,11.212
1769885023.4140449,ADC1,1,servo_2,A,1.889
1769885023.4648812,ADC2,0,bus_voltage,V,11.38
1769885023.5157022,ADC1,1,servo_2,A,0.321
1769885023.5669172,THERM,0,motor_temp,C,33.592
1769885023.617791,ADC1,1,servo_2,A,2.248
1769885023.6682956,ADC1,0,servo_1,A,0.917
1769885023.7191026,ADC1,1,servo_2,A,1.789
1769885023.7698047,ADC2,0,bus_voltage,V,10.258
1769885023.820241,ADC1,0,servo_1,A,1.058
1769885023.8709862,THERM,0,motor_temp,C,59.194
1769885023.9213462,ADC1,0,servo_1,A,0.507
1769885023.971752,ADC1,1,servo_2,A,1.716
1769885024.0224857,ADC1,0,servo_1,A,1.854
1769885024.0730236,THERM,0,motor_temp,C,52.318
1769885024.1237469,ADC1,1,servo_2,A,2.455
1769885024.174313,ADC1,0,servo_1,A,1.747
1769885024.2249784,ADC1,1,servo_2,A,0.509
1769885024.2755914,ADC1,1,servo_2,A,1.792
1769885024.3259883,ADC1,0,servo_1,A,2.267
1769885024.3768106,ADC1,0,servo_1,A,0.42
1769885024.427608,ADC2,0,bus_voltage,V,10.28
1769885024.4782577,ADC1,1,servo_2,A,1.111
1769885024.5289412,ADC1,0,servo_1,A,0.598
1769885024.5795712,ADC1,1,servo_2,A,2.155
1769885024.6308868,ADC1,1,servo_2,A,1.234
1769885024.6822438,THERM,0,motor_temp,C,43.858
1769885024.7333274,ADC2,0,bus_voltage,V,11.871
1769885024.78385,ADC1,0,servo_1,A,2.468
1769885024.834533,ADC1,1,servo_2,A,0.693
1769885024.8854656,ADC2,0,bus_voltage,V,11.515
1769885024.9361162,ADC1,1,servo_2,A,1.923
1769885024.9869387,ADC1,0,servo_1,A,0.467
1769885025.0376909,ADC2,0,bus_voltage,V,12.464
1769885025.0882182,THERM,0,motor_temp,C,59.818
1769885025.1388662,ADC2,0,bus_voltage,V,12.016
1769885025.1895328,ADC1,0,servo_1,A,1.087
1769885025.240086,ADC2,0,bus_voltage,V,11.337
1769885025.2908788,THERM,0,motor_temp,C,43.713
1769885025.3416271,THERM,0,motor_temp,C,67.099
1769885025.3924744,ADC1,0,servo_1,A,2.107
1769885025.4429138,ADC2,0,bus_voltage,V,11.831
1769885025.4936728,ADC1,0,servo_1,A,1.35
1769885025.5444458,ADC1,1,servo_2,A,0.316
1769885025.5950017,ADC2,0,bus_voltage,V,10.919
1769885025.6453917,ADC1,1,servo_2,A,1.223
1769885025.6980772,ADC1,0,servo_1,A,1.905
1769885025.749245,THERM,0,motor_temp,C,49.481
1769885025.8001242,ADC1,1,servo_2,A,0.263
1769885025.850671,ADC1,0,servo_1,A,0.665
1769885025.901219,ADC2,0,bus_voltage,V,11.905
1769885025.9518583,ADC1,0,servo_1,A,0.389
1769885026.0022311,ADC2,0,bus_voltage,V,10.03
1769885026.0527084,THERM,0,motor_temp,C,42.726
1769885026.1034486,ADC1,1,servo_2,A,2.375
1769885026.1540968,ADC2,0,bus_voltage,V,11.532
1769885026.204921,ADC2,0,bus_voltage,V,12.385
1769885026.2553337,THERM,0,motor_temp,C,56.416
1769885026.30615,ADC2,0,bus_voltage,V,11.99
1769885026.356872,ADC1,1,servo_2,A,1.178
1769885026.4076645,THERM,0,motor_temp,C,37.436
1769885026.4580655,ADC2,0,bus_voltage,V,10.705
1769885026.5085943,ADC2,0,bus_voltage,V,12.277
1769885026.5592642,THERM,0,motor_temp,C,33.518
1769885026.6100857,ADC1,1,servo_2,A,0.414
1769885026.6604512,THERM,0,motor_temp,C,25.265
1769885026.7108805,ADC1,0,servo_1,A,2.399
1769885026.7615035,ADC2,0,bus_voltage,V,11.104
1769885026.8121197,ADC1,0,servo_1,A,1.933
1769885026.862707,ADC1,1,servo_2,A,1.632
1769885026.9133084,THERM,0,motor_temp,C,25.36
1769885026.9643018,ADC1,0,servo_1,A,1.558
1769885027.015296,ADC1,1,servo_2,A,1.867
1769885027.0659642,ADC2,0,bus_voltage,V,12.561
1769885027.116583,ADC2,0,bus_voltage,V,10.723
1769885027.167027,ADC1,0,servo_1,A,0.232
1769885027.217799,ADC1,1,servo_2,A,2.236
1769885027.2682376,ADC2,0,bus_voltage,V,10.732
1769885027.3186564,ADC2,0,bus_voltage,V,10.749
1769885027.3710506,ADC1,1,servo_2,A,0.332
1769885027.422665,ADC1,0,servo_1,A,1.643
1769885027.4732609,ADC1,0,servo_1,A,1.509
1769885027.523693,ADC1,1,servo_2,A,0.324
1769885027.5742533,ADC1,1,servo_2,A,1.914
1769885027.6246881,ADC2,0,bus_voltage,V,12.324
1769885027.6752791,ADC2,0,bus_voltage,V,10.897
1769885027.725775,ADC1,0,servo_1,A,2.203
1769885027.7766101,THERM,0,motor_temp,C,43.156
1769885027.8269315,ADC2,0,bus_voltage,V,12.273
1769885027.8774204,ADC1,0,servo_1,A,0.632
1769885027.9280226,THERM,0,motor_temp,C,68.005
1769885027.9787865,THERM,0,motor_temp,C,47.514
1769885028.0296183,ADC1,1,servo_2,A,1.322
1769885028.0803638,ADC2,0,bus_voltage,V,10.689
1769885028.1320567,ADC1,0,servo_1,A,2.155
1769885028.1826906,ADC1,0,servo_1,A,1.124
1769885028.2334003,ADC2,0,bus_voltage,V,10.643
1769885028.2842212,ADC1,0,servo_1,A,1.52
1769885028.3351016,ADC1,1,servo_2,A,2.254
1769885028.385698,ADC1,1,servo_2,A,1.357
1769885028.4361503,THERM,0,motor_temp,C,51.348
1769885028.4867942,ADC1,1,servo_2,A,1.181
1769885028.5372663,ADC1,0,servo_1,A,2.261
1769885028.5878518,ADC1,0,servo_1,A,1.245
1769885028.6383035,ADC2,0,bus_voltage,V,10.52
1769885028.6888926,ADC1,0,servo_1,A,0.476
1769885028.739548,ADC2,0,bus_voltage,V,10.928
1769885028.7903042,ADC1,1,servo_2,A,2.284
1769885028.8410773,THERM,0,motor_temp,C,66.731
1769885028.8919811,THERM,0,motor_temp,C,26.873
1769885028.9424832,ADC1,1,servo_2,A,0.859
1769885028.9931636,ADC2,0,bus_voltage,V,10.65
1769885029.04401,ADC1,1,servo_2,A,2.398
1769885029.0945623,ADC1,0,servo_1,A,1.501
1769885029.144923,ADC1,1,servo_2,A,2.35
1769885029.1956725,ADC1,1,servo_2,A,0.484
1769885029.2464812,ADC1,1,servo_2,A,1.077
1769885029.298868,ADC1,0,servo_1,A,1.223
1769885029.3495882,ADC1,1,servo_2,A,2.296
1769885029.400102,THERM,0,motor_temp,C,46.783
1769885029.4510918,ADC1,1,servo_2,A,1.553
1769885029.5018404,THERM,0,motor_temp,C,30.928
1769885029.5523167,THERM,0,motor_temp,C,35.837
1769885029.6028795,ADC1,0,servo_1,A,0.989
1769885029.6534705,ADC1,1,servo_2,A,0.281
1769885029.7042062,THERM,0,motor_temp,C,62.834
1769885029.75496,ADC1,0,servo_1,A,0.552
1769885029.8054461,ADC2,0,bus_voltage,V,10.585
1769885029.856085,THERM,0,motor_temp,C,51.232
1769885029.9064205,ADC1,0,servo_1,A,1.6
1769885029.9571679,ADC1,0,servo_1,A,1.658
1769885030.0079067,ADC1,1,servo_2,A,1.227
1769885030.0584354,THERM,0,motor_temp,C,48.548
1769885030.1091013,ADC1,0,servo_1,A,1.592
1769885030.1597607,ADC1,0,servo_1,A,2.288
1769885030.2156916,THERM,0,motor_temp,C,61.456
1769885030.2663841,ADC1,1,servo_2,A,0.883
1769885030.3169937,ADC1,0,servo_1,A,1.165
1769885030.3673716,ADC1,1,servo_2,A,2.361
1769885030.4180617,THERM,0,motor_temp,C,49.031
1769885030.4685974,ADC1,1,servo_2,A,2.134
1769885030.5191283,THERM,0,motor_temp,C,39.836
1769885030.5698469,ADC1,1,servo_2,A,0.695
1769885030.6204813,THERM,0,motor_temp,C,62.876
1769885030.6723187,ADC2,0,bus_voltage,V,11.434
1769885030.7235155,ADC1,0,servo_1,A,1.099
1769885030.7739613,THERM,0,motor_temp,C,30.74
1769885030.8243947,THERM,0,motor_temp,C,56.642
1769885030.8750052,ADC1,1,servo_2,A,1.255
1769885030.9262438,ADC1,0,servo_1,A,1.246
1769885030.9768057,ADC2,0,bus_voltage,V,12.029
1769885031.0272336,THERM,0,motor_temp,C,30.612
1769885031.0790224,ADC1,0,servo_1,A,0.466
1769885031.13242,ADC2,0,bus_voltage,V,11.795
1769885031.1831489,ADC1,0,servo_1,A,1.696
1769885031.2339587,ADC1,0,servo_1,A,0.995
1769885031.2846594,ADC1,1,servo_2,A,0.829
1769885031.335289,THERM,0,motor_temp,C,62.736
1769885031.386248,ADC1,1,servo_2,A,1.154
1769885031.4368715,ADC1,0,servo_1,A,0.489
1769885031.4876566,ADC1,0,servo_1,A,1.691
1769885031.5383737,ADC2,0,bus_voltage,V,12.438
1769885031.5892708,ADC1,0,servo_1,A,1.41
1769885031.6398256,ADC1,1,servo_2,A,0.367
1769885031.6905503,ADC1,0,servo_1,A,2.344
1769885031.7413287,THERM,0,motor_temp,C,32.846
1769885031.7923067,ADC1,0,servo_1,A,0.499
1769885031.8431988,ADC2,0,bus_voltage,V,10.832
1769885031.89377,THERM,0,motor_temp,C,38.168
1769885031.9442685,ADC1,0,servo_1,A,2.18
1769885031.9952192,ADC2,0,bus_voltage,V,10.332
1769885032.045849,THERM,0,motor_temp,C,59.397
1769885032.0966172,ADC1,1,servo_2,A,1.597
1769885032.14849,ADC2,0,bus_voltage,V,11.542
1769885032.201945,ADC1,0,servo_1,A,0.864
1769885032.2526896,ADC1,0,servo_1,A,1.858
1769885032.3039281,ADC1,1,servo_2,A,0.49
1769885032.3546407,THERM,0,motor_temp,C,68.69
1769885032.405756,THERM,0,motor_temp,C,25.399
1769885032.4566224,ADC1,0,servo_1,A,2.149
1769885032.5079033,THERM,0,motor_temp,C,27.823
1769885032.5594866,ADC1,0,servo_1,A,1.705
1769885032.6103048,ADC1,1,servo_2,A,1.036
1769885032.6610796,THERM,0,motor_temp,C,33.492
1769885032.7121713,ADC2,0,bus_voltage,V,12.208
1769885032.7631187,ADC1,0,servo_1,A,2.078
1769885032.8144274,ADC1,0,servo_1,A,1.869
1769885032.8662336,THERM,0,motor_temp,C,41.338
1769885032.9170287,ADC1,0,servo_1,A,1.861
1769885032.9678454,THERM,0,motor_temp,C,31.499
1769885033.018333,ADC1,0,servo_1,A,0.533
1769885033.069109,ADC1,0,servo_1,A,1.517
1769885033.1196952,ADC1,0,servo_1,A,1.784
1769885033.170107,THERM,0,motor_temp,C,42.3
1769885033.2206545,ADC2,0,bus_voltage,V,10.295
1769885033.2713778,ADC2,0,bus_voltage,V,11.466
1769885033.3221166,ADC2,0,bus_voltage,V,11.472
1769885033.3728855,THERM,0,motor_temp,C,46.037
1769885033.4233444,ADC1,1,servo_2,A,2.072
1769885033.4741714,ADC1,0,servo_1,A,0.782
1769885033.5248828,ADC2,0,bus_voltage,V,12.365
1769885033.5755725,ADC1,0,servo_1,A,1.257
1769885033.6260548,ADC2,0,bus_voltage,V,11.035
1769885033.6765532,ADC1,1,servo_2,A,1.563
1769885033.7274306,THERM,0,motor_temp,C,44.202
1769885033.7784657,ADC1,0,servo_1,A,2.382
1769885033.8296778,THERM,0,motor_temp,C,45.278
1769885033.8801267,ADC2,0,bus_voltage,V,10.032
1769885033.9329126,ADC1,1,servo_2,A,0.456
1769885033.9861104,THERM,0,motor_temp,C,61.193
1769885034.037149,ADC2,0,bus_voltage,V,11.422
1769885034.0889142,ADC1,0,servo_1,A,1.981
1769885034.139645,ADC1,0,servo_1,A,1.664
1769885034.1903036,ADC2,0,bus_voltage,V,10.958
1769885034.2411578,ADC1,1,servo_2,A,1.787
1769885034.2918901,ADC2,0,bus_voltage,V,11.176
1769885034.3429458,ADC2,0,bus_voltage,V,11.895
1769885034.3935797,ADC1,1,servo_2,A,1.81
1769885034.444057,ADC1,0,servo_1,A,1.73
1769885034.4944205,ADC1,1,servo_2,A,0.673
1769885034.5449252,ADC1,0,servo_1,A,1.023
1769885034.5957513,ADC2,0,bus_voltage,V,11.124
1769885034.6463177,ADC1,1,servo_2,A,1.53
1769885034.6972997,ADC1,1,servo_2,A,0.664
1769885034.7480319,ADC1,1,servo_2,A,1.359
1769885034.7994847,ADC2,0,bus_voltage,V,12.272
1769885034.8501134,ADC1,0,servo_1,A,1.752
1769885034.9012532,THERM,0,motor_temp,C,58.844
1769885034.9523027,ADC1,1,servo_2,A,1.203
1769885035.003173,ADC1,1,servo_2,A,1.098
1769885035.0536938,ADC1,0,servo_1,A,0.527
1769885035.104061,ADC1,0,servo_1,A,2.454
1769885035.154847,THERM,0,motor_temp,C,69.78
1769885035.2054513,ADC1,1,servo_2,A,1.589
1769885035.2566247,ADC1,0,servo_1,A,1.811
1769885035.3075962,ADC1,0,servo_1,A,1.269
1769885035.3580241,ADC1,1,servo_2,A,0.984
1769885035.4088426,ADC1,1,servo_2,A,0.567
1769885035.4599347,ADC1,1,servo_2,A,2.031
1769885035.5107138,ADC2,0,bus_voltage,V,10.944
1769885035.561781,ADC1,1,servo_2,A,1.656
1769885035.6127717,ADC1,0,servo_1,A,2.109
1769885035.6637676,THERM,0,motor_temp,C,58.16
1769885035.7157428,ADC1,0,servo_1,A,1.862
1769885035.766269,ADC1,1,servo_2,A,1.517
1769885035.8168826,THERM,0,motor_temp,C,32.006
1769885035.8675997,ADC1,0,servo_1,A,0.242
1769885035.9187515,ADC1,0,servo_1,A,1.454
1769885035.9696274,THERM,0,motor_temp,C,43.466
1769885036.0203543,THERM,0,motor_temp,C,45.098
1769885036.0717576,THERM,0,motor_temp,C,30.672
1769885036.1221058,ADC2,0,bus_voltage,V,12.481
1769885036.1740685,ADC1,1,servo_2,A,1.636
1769885036.225283,ADC1,1,servo_2,A,0.759
1769885036.2765343,THERM,0,motor_temp,C,47.138
1769885036.3274326,THERM,0,motor_temp,C,50.518
1769885036.3780286,ADC2,0,bus_voltage,V,11.762
1769885036.4288774,ADC1,0,servo_1,A,0.92
1769885036.479578,ADC1,0,servo_1,A,2.386
1769885036.5302207,ADC2,0,bus_voltage,V,11.336
1769885036.5824218,THERM,0,motor_temp,C,46.771
1769885036.6333854,THERM,0,motor_temp,C,53.66
1769885036.684118,ADC1,1,servo_2,A,2.463
1769885036.734656,THERM,0,motor_temp,C,42.583
1769885036.785544,ADC1,0,servo_1,A,0.711
1769885036.8361168,ADC2,0,bus_voltage,V,12.243
1769885036.886685,ADC1,1,servo_2,A,0.869
1769885036.9372034,ADC2,0,bus_voltage,V,11.21
1769885036.988044,THERM,0,motor_temp,C,47.295
1769885037.0388637,ADC2,0,bus_voltage,V,10.861
1769885037.0899482,ADC1,0,servo_1,A,2.018
1769885037.1406217,ADC1,1,servo_2,A,1.523
1769885037.1911223,THERM,0,motor_temp,C,61.099
1769885037.242269,THERM,0,motor_temp,C,43.756
1769885037.297735,ADC2,0,bus_voltage,V,11.209
1769885037.349445,ADC1,0,servo_1,A,1.347
1769885037.400557,THERM,0,motor_temp,C,39.442
1769885037.4515922,THERM,0,motor_temp,C,41.138
1769885037.5023253,ADC1,1,servo_2,A,2.244
1769885037.5527914,THERM,0,motor_temp,C,44.493
1769885037.603252,ADC2,0,bus_voltage,V,11.891
1769885037.6541345,ADC1,1,servo_2,A,0.791
1769885037.7045581,ADC2,0,bus_voltage,V,12.361
1769885037.7550197,ADC2,0,bus_voltage,V,10.759
1769885037.80585,THERM,0,motor_temp,C,45.923
1769885037.8564684,ADC1,1,servo_2,A,0.51
1769885037.9075062,THERM,0,motor_temp,C,53.928
1769885037.958552,ADC1,1,servo_2,A,1.661
1769885038.0096545,ADC1,1,servo_2,A,1.583
1769885038.0607066,ADC2,0,bus_voltage,V,11.359
1769885038.1112142,ADC1,1,servo_2,A,0.753
1769885038.1618137,THERM,0,motor_temp,C,36.003
1769885038.2125812,ADC1,1,servo_2,A,2.22
1769885038.263399,ADC2,0,bus_voltage,V,10.204
1769885038.3143623,ADC2,0,bus_voltage,V,12.596
1769885038.3648617,ADC2,0,bus_voltage,V,10.975
1769885038.4162493,ADC2,0,bus_voltage,V,11.481
1769885038.4672554,ADC1,1,servo_2,A,0.858
1769885038.5175962,ADC2,0,bus_voltage,V,12.369
1769885038.5681124,ADC2,0,bus_voltage,V,11.394
1769885038.6186373,ADC2,0,bus_voltage,V,10.455
1769885038.6692264,THERM,0,motor_temp,C,47.486
1769885038.719939,ADC1,0,servo_1,A,1.568
1769885038.770682,THERM,0,motor_temp,C,44.775
1769885038.821278,ADC1,1,servo_2,A,0.478
1769885038.8717186,THERM,0,motor_temp,C,43.453
1769885038.9223926,ADC1,1,servo_2,A,1.724
1769885038.9732034,ADC1,1,servo_2,A,2.081
1769885039.0239289,ADC1,0,servo_1,A,2.01
1769885039.0745883,ADC1,0,servo_1,A,0.483
1769885039.1250777,ADC2,0,bus_voltage,V,10.503
1769885039.1755583,ADC1,1,servo_2,A,1.605
1769885039.2268357,THERM,0,motor_temp,C,32.335
1769885039.2774994,ADC2,0,bus_voltage,V,10.965
1769885039.3283744,ADC1,0,servo_1,A,0.924
1769885039.379259,ADC1,1,servo_2,A,1.532
1769885039.4300334,THERM,0,motor_temp,C,43.263
1769885039.48122,ADC1,0,servo_1,A,0.342
1769885039.532484,THERM,0,motor_temp,C,46.172
1769885039.5831347,ADC1,0,servo_1,A,2.022
1769885039.6337287,ADC2,0,bus_voltage,V,11.617
1769885039.6849298,THERM,0,motor_temp,C,54.155
1769885039.7357187,ADC1,1,servo_2,A,2.172
1769885039.7861614,ADC2,0,bus_voltage,V,11.574
1769885039.8368845,ADC1,0,servo_1,A,0.775
1769885039.888205,ADC1,1,servo_2,A,0.521
1769885039.9394362,THERM,0,motor_temp,C,42.071
1769885039.9900005,ADC1,0,servo_1,A,2.246
1769885040.0406117,ADC1,1,servo_2,A,1.518
1769885040.0918605,ADC1,0,servo_1,A,0.711
1769885040.1439798,THERM,0,motor_temp,C,43.22
1769885040.1964388,ADC1,1,servo_2,A,0.823
1769885040.2492754,THERM,0,motor_temp,C,47.359
1769885040.300147,ADC2,0,bus_voltage,V,10.546
1769885040.3514752,ADC1,1,servo_2,A,1.516
1769885040.403478,ADC2,0,bus_voltage,V,11.62
1769885040.4544919,ADC2,0,bus_voltage,V,10.027
1769885040.5050054,THERM,0,motor_temp,C,55.306
1769885040.556222,ADC1,0,servo_1,A,1.905
1769885040.6078117,ADC2,0,bus_voltage,V,12.536
1769885040.65886,ADC1,1,servo_2,A,0.837
1769885040.7096028,THERM,0,motor_temp,C,56.338
1769885040.7621448,ADC2,0,bus_voltage,V,12.248
1769885040.8128781,ADC1,0,servo_1,A,2.385
1769885040.863983,ADC1,1,servo_2,A,1.232
1769885040.9149592,ADC1,0,servo_1,A,1.511
1769885040.965999,ADC2,0,bus_voltage,V,10.363
1769885041.0166283,ADC1,1,servo_2,A,0.302
1769885041.0673568,ADC2,0,bus_voltage,V,12.427
1769885041.1178765,ADC1,0,servo_1,A,1.308
1769885041.1685114,THERM,0,motor_temp,C,34.854
1769885041.2193134,ADC1,0,servo_1,A,0.796
1769885041.270092,ADC2,0,bus_voltage,V,10.672
1769885041.3205748,ADC1,0,servo_1,A,0.893
1769885041.3711684,THERM,0,motor_temp,C,63.674
1769885041.4216988,ADC1,1,servo_2,A,0.258
1769885041.4724646,THERM,0,motor_temp,C,65.769
1769885041.5231426,THERM,0,motor_temp,C,27.813
1769885041.5735028,THERM,0,motor_temp,C,25.122
1769885041.6242309,THERM,0,motor_temp,C,44.686
1769885041.6750968,ADC2,0,bus_voltage,V,10.362
1769885041.7259538,THERM,0,motor_temp,C,46.207
1769885041.7764566,ADC1,0,servo_1,A,0.966
1769885041.8271856,THERM,0,motor_temp,C,38.261
1769885041.8780904,ADC1,1,servo_2,A,1.322
1769885041.9289854,ADC2,0,bus_voltage,V,11.658
1769885041.9795268,ADC1,0,servo_1,A,0.813
1769885042.0299072,ADC1,1,servo_2,A,0.826
1769885042.0812867,ADC1,0,servo_1,A,2.258
1769885042.133909,THERM,0,motor_temp,C,54.962
1769885042.185318,ADC2,0,bus_voltage,V,12.097
1769885042.2365038,THERM,0,motor_temp,C,69.96
1769885042.287521,ADC2,0,bus_voltage,V,12.193
1769885042.338548,ADC1,1,servo_2,A,0.688
1769885042.3895657,ADC2,0,bus_voltage,V,11.865
1769885042.4406648,ADC2,0,bus_voltage,V,12.102
1769885042.4914565,THERM,0,motor_temp,C,29.428
1769885042.542616,ADC2,0,bus_voltage,V,10.494
1769885042.5940416,ADC1,0,servo_1,A,2.061
1769885042.645094,ADC1,1,servo_2,A,1.24
1769885042.6957307,ADC2,0,bus_voltage,V,12.061
1769885042.7467878,ADC1,1,servo_2,A,1.705
1769885042.797662,ADC2,0,bus_voltage,V,10.343
1769885042.8492749,ADC1,1,servo_2,A,2.138
1769885042.9002674,ADC2,0,bus_voltage,V,12.151
1769885042.9506829,ADC1,1,servo_2,A,0.386
1769885043.0012264,ADC1,1,servo_2,A,1.424
1769885043.0519686,ADC1,1,servo_2,A,2.064
1769885043.1026142,ADC2,0,bus_voltage,V,12.158
1769885043.1535103,ADC1,0,servo_1,A,0.513
1769885043.204227,THERM,0,motor_temp,C,33.888
1769885043.2548633,ADC2,0,bus_voltage,V,11.651
1769885043.3061512,ADC1,0,servo_1,A,0.344
1769885043.357329,ADC1,1,servo_2,A,0.687
1769885043.4098299,ADC1,1,servo_2,A,1.96
1769885043.4605656,ADC2,0,bus_voltage,V,11.483
1769885043.5110245,THERM,0,motor_temp,C,33.774
1769885043.561525,ADC2,0,bus_voltage,V,11.738
1769885043.612041,ADC1,0,servo_1,A,1.338
1769885043.662896,ADC2,0,bus_voltage,V,10.735
1769885043.7135081,THERM,0,motor_temp,C,32.451
1769885043.7643,ADC2,0,bus_voltage,V,10.758
1769885043.815113,THERM,0,motor_temp,C,39.763
1769885043.8658042,ADC1,0,servo_1,A,1.922
1769885043.9170668,ADC1,0,servo_1,A,0.648
1769885043.9679477,THERM,0,motor_temp,C,55.091
1769885044.0184746,ADC1,0,servo_1,A,2.228
1769885044.0688775,ADC1,0,servo_1,A,0.464
1769885044.119855,THERM,0,motor_temp,C,47.631
1769885044.1704104,ADC2,0,bus_voltage,V,11.839
1769885044.221275,THERM,0,motor_temp,C,53.347
1769885044.271785,ADC1,0,servo_1,A,0.914
1769885044.3239207,ADC1,1,servo_2,A,1.686
1769885044.374798,ADC2,0,bus_voltage,V,11.117
1769885044.4258103,ADC1,1,servo_2,A,0.578
1769885044.4770715,ADC1,1,servo_2,A,1.253
1769885044.5279388,ADC1,0,servo_1,A,1.042
1769885044.5787811,ADC1,0,servo_1,A,0.78
1769885044.6294422,THERM,0,motor_temp,C,53.368
1769885044.6799517,ADC2,0,bus_voltage,V,12.115
1769885044.7306054,ADC1,0,servo_1,A,2.455
1769885044.7814739,ADC1,1,servo_2,A,2.271
1769885044.8324335,ADC1,0,servo_1,A,0.677
1769885044.883197,THERM,0,motor_temp,C,29.211
1769885044.9338324,ADC1,1,servo_2,A,1.035
1769885044.9845023,ADC2,0,bus_voltage,V,10.953
1769885045.034959,ADC1,0,servo_1,A,1.036
1769885045.0857594,ADC1,1,servo_2,A,1.403
1769885045.1364455,ADC1,1,servo_2,A,0.24
1769885045.1871893,ADC2,0,bus_voltage,V,12.57
1769885045.2377722,ADC1,0,servo_1,A,0.748
1769885045.2882187,ADC1,0,servo_1,A,0.754
1769885045.3391726,THERM,0,motor_temp,C,42.292
1769885045.3896089,ADC1,0,servo_1,A,0.74
1769885045.4404695,ADC1,1,servo_2,A,1.616
1769885045.4916437,ADC1,0,servo_1,A,0.66
1769885045.542402,ADC1,0,servo_1,A,2.461
1769885045.5929482,ADC1,1,servo_2,A,2.491
1769885045.6437635,ADC1,1,servo_2,A,0.785
1769885045.6946595,ADC2,0,bus_voltage,V,12.269
1769885045.7451735,ADC1,1,servo_2,A,1.538
1769885045.795561,ADC1,1,servo_2,A,1.238
1769885045.8463924,ADC1,0,servo_1,A,1.314
1769885045.8969035,ADC2,0,bus_voltage,V,11.215
1769885045.9493964,THERM,0,motor_temp,C,38.509
1769885046.002851,THERM,0,motor_temp,C,69.428
1769885046.0536096,ADC2,0,bus_voltage,V,10.461
1769885046.107773,ADC1,0,servo_1,A,2.389
1769885046.1586185,THERM,0,motor_temp,C,63.037
1769885046.2095835,ADC1,1,servo_2,A,2.228
1769885046.2602537,THERM,0,motor_temp,C,47.288
1769885046.3112757,ADC2,0,bus_voltage,V,11.1
1769885046.3617716,ADC1,1,servo_2,A,2.375
1769885046.4125223,ADC1,1,servo_2,A,1.347
1769885046.4631145,ADC1,1,servo_2,A,2.306
1769885046.514194,ADC1,0,servo_1,A,1.777
1769885046.5650592,THERM,0,motor_temp,C,51.435
1769885046.6156042,ADC1,0,servo_1,A,1.607
1769885046.666421,ADC2,0,bus_voltage,V,11.549
1769885046.7168627,THERM,0,motor_temp,C,54.261
1769885046.7676194,ADC2,0,bus_voltage,V,12.099
1769885046.8184736,THERM,0,motor_temp,C,58.786
1769885046.8690453,ADC1,1,servo_2,A,0.873
1769885046.9197314,THERM,0,motor_temp,C,26.994
1769885046.9702344,THERM,0,motor_temp,C,47.668
1769885047.0210676,ADC1,0,servo_1,A,1.229
1769885047.0716527,ADC2,0,bus_voltage,V,11.767
1769885047.122134,ADC2,0,bus_voltage,V,12.191
1769885047.1729116,ADC1,1,servo_2,A,1.753
1769885047.2233737,ADC1,0,servo_1,A,2.473
1769885047.2741375,ADC1,0,servo_1,A,2.104
1769885047.3245988,ADC1,1,servo_2,A,0.778
1769885047.3752139,THERM,0,motor_temp,C,52.638
1769885047.4258623,ADC1,1,servo_2,A,1.132
1769885047.4766319,THERM,0,motor_temp,C,36.322
1769885047.527222,ADC1,0,servo_1,A,1.494
1769885047.5779712,ADC1,0,servo_1,A,1.234
1769885047.62859,ADC2,0,bus_voltage,V,12.049
1769885047.679279,ADC1,0,servo_1,A,1.55
1769885047.7298882,THERM,0,motor_temp,C,43.439
1769885047.7804766,ADC1,1,servo_2,A,0.675
1769885047.830977,THERM,0,motor_temp,C,43.396
1769885047.8818123,ADC1,0,servo_1,A,0.444
1769885047.9324906,ADC1,1,servo_2,A,2.164
1769885047.9831245,ADC2,0,bus_voltage,V,10.443
1769885048.03363,THERM,0,motor_temp,C,39.097
1769885048.0844264,THERM,0,motor_temp,C,42.263
1769885048.1350048,ADC1,0,servo_1,A,0.917
1769885048.185618,ADC1,1,servo_2,A,1.752
1769885048.2360413,THERM,0,motor_temp,C,61.19
1769885048.286786,ADC2,0,bus_voltage,V,10.048
1769885048.3373892,THERM,0,motor_temp,C,69.688
1769885048.387733,ADC1,0,servo_1,A,1.118
1769885048.4384704,ADC1,1,servo_2,A,0.903
1769885048.4893265,ADC2,0,bus_voltage,V,10.116
1769885048.5399625,ADC1,0,servo_1,A,2.055
1769885048.5907009,THERM,0,motor_temp,C,30.237
1769885048.6415408,ADC2,0,bus_voltage,V,11.998
1769885048.6925545,ADC1,0,servo_1,A,1.611
1769885048.7436414,ADC1,0,servo_1,A,0.386
1769885048.7944288,THERM,0,motor_temp,C,44.648
1769885048.8453248,THERM,0,motor_temp,C,60.3
1769885048.8985684,ADC1,1,servo_2,A,1.663
1769885048.9504395,ADC1,1,servo_2,A,0.769
1769885049.0016382,ADC1,0,servo_1,A,0.862
1769885049.0528076,ADC1,0,servo_1,A,0.733
1769885049.1034012,THERM,0,motor_temp,C,57.155
1769885049.1542792,ADC2,0,bus_voltage,V,10.127
1769885049.2048273,ADC1,1,servo_2,A,0.476
1769885049.2572236,THERM,0,motor_temp,C,51.942
1769885049.3083627,ADC1,1,servo_2,A,2.104
1769885049.359839,ADC1,0,servo_1,A,0.793
1769885049.410843,ADC1,0,servo_1,A,2.084
1769885049.4615767,THERM,0,motor_temp,C,58.336
1769885049.5123444,ADC2,0,bus_voltage,V,10.199
1769885049.5633187,ADC2,0,bus_voltage,V,10.219
1769885049.6152153,ADC1,1,servo_2,A,2.143
1769885049.6661203,THERM,0,motor_temp,C,28.928
1769885049.7170477,ADC2,0,bus_voltage,V,12.219
1769885049.7681704,ADC2,0,bus_voltage,V,11.923
1769885049.8187916,ADC1,0,servo_1,A,0.258
1769885049.8694046,ADC1,0,servo_1,A,0.687
1769885049.9198503,ADC1,1,servo_2,A,0.54
1769885049.9707341,THERM,0,motor_temp,C,45.485
1769885050.0213807,ADC2,0,bus_voltage,V,10.199
1769885050.0721714,ADC1,1,servo_2,A,0.353
1769885050.1227262,ADC1,1,servo_2,A,1.14
1769885050.1733227,THERM,0,motor_temp,C,26.656
1769885050.2238424,THERM,0,motor_temp,C,38.15
1769885050.274267,THERM,0,motor_temp,C,35.587
1769885050.324918,ADC2,0,bus_voltage,V,10.671
1769885050.3757465,THERM,0,motor_temp,C,25.48
1769885050.4262524,THERM,0,motor_temp,C,41.942
1769885050.4769187,ADC1,0,servo_1,A,2.031
1769885050.528529,THERM,0,motor_temp,C,63.352
1769885050.5794837,ADC2,0,bus_voltage,V,11.893
1769885050.6307297,ADC2,0,bus_voltage,V,11.572
1769885050.681412,ADC1,1,servo_2,A,1.052
1769885050.7329087,ADC1,0,servo_1,A,0.207
1769885050.7844234,THERM,0,motor_temp,C,25.326
1769885050.8351123,THERM,0,motor_temp,C,61.585
1769885050.8862095,ADC1,0,servo_1,A,0.247
1769885050.9369678,ADC1,0,servo_1,A,2.311
1769885050.9884305,ADC1,0,servo_1,A,1.843
1769885051.0392609,ADC1,0,servo_1,A,1.843
1769885051.089955,THERM,0,motor_temp,C,63.239
1769885051.1407852,THERM,0,motor_temp,C,33.219
1769885051.1915364,ADC1,1,servo_2,A,2.177
1769885051.2422218,THERM,0,motor_temp,C,64.672
1769885051.2928398,ADC1,0,servo_1,A,0.932
1769885051.343307,ADC1,1,servo_2,A,0.698
1769885051.3938274,ADC1,0,servo_1,A,0.616
1769885051.4444492,THERM,0,motor_temp,C,31.643
1769885051.495309,ADC2,0,bus_voltage,V,12.137
1769885051.5460684,ADC1,0,servo_1,A,2.45
1769885051.598407,ADC1,0,servo_1,A,1.962
1769885051.649067,THERM,0,motor_temp,C,65.434
1769885051.7017002,ADC2,0,bus_voltage,V,12.336
1769885051.7526817,ADC2,0,bus_voltage,V,11.849
1769885051.803393,ADC1,0,servo_1,A,1.701
1769885051.8539886,ADC1,0,servo_1,A,0.332
1769885051.9055302,ADC2,0,bus_voltage,V,10.021
1769885051.9565563,ADC1,0,servo_1,A,1.976
1769885052.0074286,THERM,0,motor_temp,C,67.738
1769885052.0585296,ADC2,0,bus_voltage,V,12.404
1769885052.1091125,ADC2,0,bus_voltage,V,10.981
1769885052.1599133,ADC2,0,bus_voltage,V,11.008
1769885052.211234,ADC1,0,servo_1,A,2.476
1769885052.2620258,ADC1,0,servo_1,A,1.59
1769885052.3137941,ADC2,0,bus_voltage,V,11.341
1769885052.36491,ADC1,1,servo_2,A,0.786
1769885052.4156072,ADC1,1,servo_2,A,0.783
1769885052.4666414,THERM,0,motor_temp,C,54.721
1769885052.5173159,ADC1,1,servo_2,A,1.709
1769885052.5679085,ADC1,1,servo_2,A,0.275
1769885052.620334,ADC1,0,servo_1,A,0.922
1769885052.6714182,THERM,0,motor_temp,C,36.19
1769885052.7230382,ADC1,1,servo_2,A,1.906
1769885052.773775,ADC1,0,servo_1,A,1.576
1769885052.8250809,THERM,0,motor_temp,C,37.462
1769885052.876341,ADC1,1,servo_2,A,0.258
1769885052.9272978,ADC1,1,servo_2,A,1.633
1769885052.9783192,ADC1,0,servo_1,A,0.479
1769885053.0306501,ADC1,0,servo_1,A,0.856
1769885053.0815883,THERM,0,motor_temp,C,38.605
1769885053.1329477,ADC1,1,servo_2,A,0.344
1769885053.1836474,ADC2,0,bus_voltage,V,10.179
1769885053.2342882,ADC1,0,servo_1,A,1.246
1769885053.2847905,ADC1,1,servo_2,A,2.206
1769885053.3354876,ADC2,0,bus_voltage,V,11.629
1769885053.3862555,THERM,0,motor_temp,C,47.44
1769885053.437187,ADC1,1,servo_2,A,1.824
1769885053.488094,ADC2,0,bus_voltage,V,11.784
1769885053.5389585,ADC1,0,servo_1,A,2.196
1769885053.5897884,ADC1,1,servo_2,A,2.012
1769885053.6403847,THERM,0,motor_temp,C,61.238
1769885053.6910498,ADC1,0,servo_1,A,1.4
1769885053.7417972,ADC1,0,servo_1,A,1.005
1769885053.7924206,ADC1,0,servo_1,A,1.118
1769885053.8434346,ADC1,0,servo_1,A,1.364
1769885053.8941152,THERM,0,motor_temp,C,68.55
1769885053.9450126,THERM,0,motor_temp,C,33.266
1769885053.995397,THERM,0,motor_temp,C,43.279
1769885054.0458047,THERM,0,motor_temp,C,41.423
1769885054.0962968,ADC1,1,servo_2,A,1.885
1769885054.1471038,ADC1,1,servo_2,A,2.206
1769885054.1985993,THERM,0,motor_temp,C,50.555
1769885054.2494915,ADC1,1,servo_2,A,0.734
1769885054.3007016,ADC2,0,bus_voltage,V,11.114
1769885054.3513136,ADC2,0,bus_voltage,V,10.576
1769885054.402258,ADC1,1,servo_2,A,0.449
1769885054.4529102,ADC1,1,servo_2,A,1.251
1769885054.5035233,ADC1,1,servo_2,A,2.181
1769885054.5540745,THERM,0,motor_temp,C,48.373
1769885054.6044636,ADC1,0,servo_1,A,0.791
1769885054.6551414,THERM,0,motor_temp,C,61.536
1769885054.7056258,THERM,0,motor_temp,C,28.292
1769885054.7561483,ADC1,1,servo_2,A,1.891
1769885054.8068788,ADC1,1,servo_2,A,1.77
1769885054.8574188,THERM,0,motor_temp,C,42.007
1769885054.9078186,THERM,0,motor_temp,C,40.667
1769885054.9582477,ADC1,0,servo_1,A,2.342
1769885055.008623,THERM,0,motor_temp,C,68.098
1769885055.059182,THERM,0,motor_temp,C,67.878
1769885055.109809,THERM,0,motor_temp,C,68.929
1769885055.1621864,ADC1,1,servo_2,A,1.513
1769885055.2131228,ADC1,0,servo_1,A,0.527
1769885055.264003,ADC1,0,servo_1,A,1.123
1769885055.3146455,THERM,0,motor_temp,C,29.975
1769885055.3652678,ADC1,1,servo_2,A,1.284
1769885055.4157426,ADC2,0,bus_voltage,V,10.487
1769885055.4663506,THERM,0,motor_temp,C,69.015
1769885055.5168169,THERM,0,motor_temp,C,43.549
1769885055.5676744,ADC1,0,servo_1,A,2.143
1769885055.6181107,ADC2,0,bus_voltage,V,11.177
1769885055.6685412,ADC1,1,servo_2,A,1.341
1769885055.7192233,ADC2,0,bus_voltage,V,10.395
1769885055.769839,THERM,0,motor_temp,C,68.116
1769885055.8202527,ADC2,0,bus_voltage,V,11.852
1769885055.8708458,THERM,0,motor_temp,C,40.853
1769885055.9215932,THERM,0,motor_temp,C,26.028
1769885055.9720166,ADC1,0,servo_1,A,1.918
1769885056.0228539,ADC1,0,servo_1,A,1.393
1769885056.073524,ADC2,0,bus_voltage,V,11.829
1769885056.1241045,ADC1,1,servo_2,A,1.595
1769885056.1749473,ADC1,0,servo_1,A,1.825
1769885056.2254002,THERM,0,motor_temp,C,47.501
1769885056.2756972,ADC1,0,servo_1,A,1.934
1769885056.3266187,ADC1,1,servo_2,A,1.997
1769885056.3770187,ADC2,0,bus_voltage,V,11.728
1769885056.4274848,ADC1,1,servo_2,A,1.702
1769885056.4778423,ADC2,0,bus_voltage,V,12.404
1769885056.528364,ADC1,0,servo_1,A,1.323
1769885056.5789163,ADC1,0,servo_1,A,0.743
1769885056.629823,ADC1,1,servo_2,A,0.605
1769885056.6802433,ADC1,1,servo_2,A,2.384
1769885056.7309837,ADC1,1,servo_2,A,0.869
1769885056.7818067,ADC2,0,bus_voltage,V,10.472
1769885056.8323498,THERM,0,motor_temp,C,37.905
1769885056.8832338,THERM,0,motor_temp,C,57.473
1769885056.9340925,ADC2,0,bus_voltage,V,12.46
1769885056.9851665,ADC2,0,bus_voltage,V,10.69
1769885057.0356526,ADC1,0,servo_1,A,0.71
1769885057.0863836,THERM,0,motor_temp,C,54.599
1769885057.1370637,THERM,0,motor_temp,C,48.167
1769885057.1876287,ADC1,1,servo_2,A,0.602
1769885057.2386346,ADC1,1,servo_2,A,2.243
1769885057.289277,ADC1,0,servo_1,A,1.008
1769885057.340138,ADC1,1,servo_2,A,0.441
1769885057.3906128,ADC2,0,bus_voltage,V,12.438
1769885057.4409947,ADC1,0,servo_1,A,1.919
1769885057.4916115,ADC1,1,servo_2,A,1.859
1769885057.542197,THERM,0,motor_temp,C,33.353
1769885057.5929224,THERM,0,motor_temp,C,55.253
1769885057.643616,ADC1,0,servo_1,A,1.208
1769885057.6943448,THERM,0,motor_temp,C,35.275
1769885057.7450066,THERM,0,motor_temp,C,42.53
1769885057.7960198,ADC1,0,servo_1,A,2.319
1769885057.846747,ADC2,0,bus_voltage,V,10.856
1769885057.8977454,ADC1,0,servo_1,A,1.846
1769885057.9488087,THERM,0,motor_temp,C,58.289
1769885057.999775,ADC2,0,bus_voltage,V,11.784
1769885058.0505779,ADC1,1,servo_2,A,0.971
1769885058.1014035,ADC1,0,servo_1,A,1.479
1769885058.1520596,ADC1,1,servo_2,A,1.686
1769885058.2026708,ADC1,0,servo_1,A,1.588
1769885058.2533069,ADC2,0,bus_voltage,V,11.337
1769885058.303773,ADC2,0,bus_voltage,V,10.802
1769885058.354333,ADC1,1,servo_2,A,1.606
1769885058.4050121,ADC1,1,servo_2,A,0.24
1769885058.4555254,THERM,0,motor_temp,C,41.796
1769885058.5061178,ADC2,0,bus_voltage,V,12.329
1769885058.5568056,ADC1,0,servo_1,A,1.668
1769885058.607113,ADC1,0,servo_1,A,0.25
1769885058.6577373,ADC2,0,bus_voltage,V,10.902
1769885058.7081747,ADC2,0,bus_voltage,V,11.168
1769885058.7588608,ADC1,1,servo_2,A,1.132
1769885058.8091507,THERM,0,motor_temp,C,40.89
1769885058.8599293,ADC1,0,servo_1,A,1.972
1769885058.9103954,ADC1,0,servo_1,A,1.07
1769885058.961331,ADC1,1,servo_2,A,0.768
1769885059.0121412,ADC1,0,servo_1,A,0.239
1769885059.0629666,ADC2,0,bus_voltage,V,10.373
1769885059.1138191,THERM,0,motor_temp,C,45.071
1769885059.1647272,ADC2,0,bus_voltage,V,10.893
1769885059.2151208,ADC1,0,servo_1,A,1.835
1769885059.265907,ADC2,0,bus_voltage,V,12.538
1769885059.3164823,THERM,0,motor_temp,C,46.878
1769885059.366976,ADC1,0,servo_1,A,1.258
1769885059.4175632,ADC1,1,servo_2,A,2.177
1769885059.4682426,ADC1,0,servo_1,A,1.853
1769885059.5187566,ADC1,0,servo_1,A,0.802
1769885059.5692441,ADC2,0,bus_voltage,V,11.196
1769885059.6198535,ADC1,1,servo_2,A,2.409
1769885059.6703575,ADC1,1,servo_2,A,0.727
1769885059.7209346,ADC1,0,servo_1,A,0.244
1769885059.772182,ADC2,0,bus_voltage,V,10.21
1769885059.8228884,ADC1,1,servo_2,A,2.088
1769885059.8735232,ADC2,0,bus_voltage,V,10.682
1769885059.9260976,ADC1,1,servo_2,A,2.372
1769885059.9765637,THERM,0,motor_temp,C,55.553
1769885060.0271826,ADC1,1,servo_2,A,2.358
1769885060.0831692,ADC1,0,servo_1,A,1.593
1769885060.133963,ADC2,0,bus_voltage,V,11.522
1769885060.184794,THERM,0,motor_temp,C,42.239
1769885060.2356975,ADC2,0,bus_voltage,V,11.781
1769885060.2862527,ADC1,1,servo_2,A,0.9
1769885060.3367066,ADC1,0,servo_1,A,0.455
1769885060.387158,ADC1,1,servo_2,A,2.165
1769885060.4386518,THERM,0,motor_temp,C,35.907
1769885060.4892352,ADC1,0,servo_1,A,0.64
1769885060.5400088,THERM,0,motor_temp,C,44.158
1769885060.5906742,ADC1,1,servo_2,A,2.183
1769885060.6414306,THERM,0,motor_temp,C,66.516
1769885060.691787,ADC1,1,servo_2,A,0.38
1769885060.7422423,ADC2,0,bus_voltage,V,10.446
1769885060.792929,THERM,0,motor_temp,C,28.027
1769885060.8435566,ADC1,1,servo_2,A,2.049
1769885060.8939846,ADC2,0,bus_voltage,V,11.103
1769885060.9447799,ADC2,0,bus_voltage,V,12.109
1769885060.9956133,ADC2,0,bus_voltage,V,10.172
1769885061.0460298,THERM,0,motor_temp,C,40.092
1769885061.0967958,ADC2,0,bus_voltage,V,12.004
1769885061.1486273,ADC2,0,bus_voltage,V,10.729
1769885061.1990168,ADC1,1,servo_2,A,1.593
1769885061.2494566,ADC1,1,servo_2,A,0.882
1769885061.3000937,ADC2,0,bus_voltage,V,11.011
1769885061.3507352,THERM,0,motor_temp,C,37.532
1769885061.401038,ADC1,1,servo_2,A,0.435
1769885061.451456,ADC2,0,bus_voltage,V,11.854
1769885061.5022078,THERM,0,motor_temp,C,30.14
1769885061.5527446,ADC2,0,bus_voltage,V,11.136
1769885061.6032665,ADC1,0,servo_1,A,0.997
1769885061.6548207,ADC1,0,servo_1,A,1.14
1769885061.7080872,ADC2,0,bus_voltage,V,10.96
1769885061.758796,ADC2,0,bus_voltage,V,10.269
1769885061.8095338,THERM,0,motor_temp,C,51.395
1769885061.8599494,ADC2,0,bus_voltage,V,11.482
1769885061.9106216,ADC1,1,servo_2,A,2.432
1769885061.9610355,ADC1,0,servo_1,A,1.096
1769885062.01163,ADC1,0,servo_1,A,2.123
1769885062.0625362,ADC1,0,servo_1,A,1.528
1769885062.1132898,THERM,0,motor_temp,C,35.85
1769885062.1651602,THERM,0,motor_temp,C,36.744
1769885062.2159634,ADC2,0,bus_voltage,V,10.813
1769885062.2665844,ADC1,1,servo_2,A,2.164
1769885062.3172796,ADC1,0,servo_1,A,1.554
1769885062.3680317,ADC1,1,servo_2,A,1.509
1769885062.418818,ADC1,0,servo_1,A,1.198
1769885062.469548,ADC2,0,bus_voltage,V,11.811
1769885062.520153,THERM,0,motor_temp,C,64.44
1769885062.570722,ADC1,1,servo_2,A,1.924
1769885062.6224227,ADC2,0,bus_voltage,V,10.38
1769885062.6733103,ADC1,1,servo_2,A,2.334
1769885062.7238772,ADC2,0,bus_voltage,V,10.004
1769885062.774327,ADC1,0,servo_1,A,0.978
1769885062.8247643,THERM,0,motor_temp,C,29.63
1769885062.8754468,THERM,0,motor_temp,C,69.846
1769885062.9262803,THERM,0,motor_temp,C,33.24
1769885062.9767277,ADC1,0,servo_1,A,2.22
1769885063.0275397,ADC2,0,bus_voltage,V,12.13
1769885063.077964,ADC2,0,bus_voltage,V,10.323
1769885063.1285655,ADC1,0,servo_1,A,1.812
1769885063.1793926,THERM,0,motor_temp,C,46.015
1769885063.2298222,ADC1,0,servo_1,A,2.029
1769885063.2826679,ADC1,0,servo_1,A,0.861
1769885063.3332598,ADC2,0,bus_voltage,V,10.204
1769885063.3840244,ADC1,1,servo_2,A,1.957
1769885063.4348555,ADC1,0,servo_1,A,0.734
1769885063.4855087,ADC2,0,bus_voltage,V,10.85
1769885063.535899,ADC1,1,servo_2,A,1.804
1769885063.5865526,ADC1,1,servo_2,A,1.902
1769885063.6373951,THERM,0,motor_temp,C,50.327
1769885063.6880105,ADC1,1,servo_2,A,2.141
1769885063.7388034,ADC1,1,servo_2,A,2.374
1769885063.7894657,ADC1,0,servo_1,A,1.343
1769885063.8402328,ADC2,0,bus_voltage,V,10.071
1769885063.8909938,ADC1,0,servo_1,A,1.324
1769885063.9415643,ADC1,0,servo_1,A,2.356
1769885063.9922943,ADC1,0,servo_1,A,1.153
1769885064.042809,THERM,0,motor_temp,C,31.297
1769885064.0937037,ADC1,1,servo_2,A,1.264
1769885064.1445825,ADC2,0,bus_voltage,V,11.53
1769885064.195258,THERM,0,motor_temp,C,65.24
1769885064.2459323,ADC1,0,servo_1,A,0.852
1769885064.2965589,ADC2,0,bus_voltage,V,11.615
1769885064.3479624,ADC2,0,bus_voltage,V,10.708
1769885064.3990285,ADC2,0,bus_voltage,V,11.814
1769885064.449772,THERM,0,motor_temp,C,28.078
1769885064.5004165,ADC1,0,servo_1,A,2.074
1769885064.550898,THERM,0,motor_temp,C,41.138
1769885064.6014745,ADC1,1,servo_2,A,0.975
1769885064.6519501,ADC2,0,bus_voltage,V,10.995
1769885064.70251,ADC2,0,bus_voltage,V,11.326
1769885064.7530267,THERM,0,motor_temp,C,67.996
1769885064.8037555,THERM,0,motor_temp,C,47.716
1769885064.8543339,ADC1,1,servo_2,A,1.298
1769885064.9051986,ADC1,0,servo_1,A,2.052
1769885064.9558806,ADC1,0,servo_1,A,1.053
1769885065.0066729,THERM,0,motor_temp,C,52.059
1769885065.057427,ADC1,0,servo_1,A,0.214
1769885065.1080039,ADC2,0,bus_voltage,V,12.501
1769885065.1587725,ADC2,0,bus_voltage,V,10.46
1769885065.209718,ADC1,1,servo_2,A,1.448
1769885065.260263,ADC2,0,bus_voltage,V,11.84
1769885065.3106585,THERM,0,motor_temp,C,47.108
1769885065.361158,THERM,0,motor_temp,C,57.295
1769885065.4118352,ADC1,1,servo_2,A,1.598
1769885065.462308,THERM,0,motor_temp,C,50.96
1769885065.5130794,ADC1,0,servo_1,A,2.381
1769885065.5665247,THERM,0,motor_temp,C,45.242
1769885065.6194463,ADC1,1,servo_2,A,0.539
1769885065.6702278,ADC2,0,bus_voltage,V,10.854
1769885065.720815,ADC2,0,bus_voltage,V,11.519
1769885065.771624,THERM,0,motor_temp,C,58.31
1769885065.8225808,ADC1,0,servo_1,A,1.039
1769885065.872906,ADC1,1,servo_2,A,1.813
1769885065.9234924,ADC1,0,servo_1,A,1.205
1769885065.9740112,ADC1,0,servo_1,A,1.077
1769885066.0247145,THERM,0,motor_temp,C,48.318
1769885066.0752065,ADC2,0,bus_voltage,V,12.051
1769885066.125601,ADC1,0,servo_1,A,1.683
1769885066.1762495,ADC1,0,servo_1,A,1.146
1769885066.2272518,ADC2,0,bus_voltage,V,10.241
1769885066.2777708,THERM,0,motor_temp,C,39.253
1769885066.328413,ADC2,0,bus_voltage,V,12.337
1769885066.378913,THERM,0,motor_temp,C,69.325
1769885066.4294019,ADC2,0,bus_voltage,V,12.476
1769885066.4796927,ADC1,0,servo_1,A,0.292
1769885066.5302558,THERM,0,motor_temp,C,60.504
1769885066.5815592,ADC1,1,servo_2,A,1.134
1769885066.6327345,ADC1,0,servo_1,A,0.831
1769885066.6834648,ADC1,0,servo_1,A,1.787
1769885066.7343948,ADC2,0,bus_voltage,V,11.448
1769885066.7851825,ADC2,0,bus_voltage,V,10.085
1769885066.8358166,ADC2,0,bus_voltage,V,12.216
1769885066.8864903,THERM,0,motor_temp,C,69.65
1769885066.9370682,THERM,0,motor_temp,C,46.542
1769885066.9877408,ADC2,0,bus_voltage,V,11.253
1769885067.0386007,THERM,0,motor_temp,C,47.012
1769885067.0894387,ADC1,0,servo_1,A,1.454
1769885067.1403062,THERM,0,motor_temp,C,26.501
1769885067.1912313,ADC1,1,servo_2,A,2.41
1769885067.241926,THERM,0,motor_temp,C,31.115
1769885067.2924173,THERM,0,motor_temp,C,63.921
1769885067.3430622,ADC2,0,bus_voltage,V,12.574
1769885067.3938894,ADC1,0,servo_1,A,1.089
1769885067.444549,ADC1,1,servo_2,A,0.204
1769885067.4951236,THERM,0,motor_temp,C,47.048
1769885067.5456545,ADC2,0,bus_voltage,V,10.247
1769885067.596136,THERM,0,motor_temp,C,64.152
1769885067.6468256,ADC2,0,bus_voltage,V,10.666
1769885067.6976693,ADC2,0,bus_voltage,V,12.594
1769885067.7487192,ADC1,1,servo_2,A,2.356
1769885067.7993717,ADC1,0,servo_1,A,2.433
1769885067.8502061,ADC1,0,servo_1,A,2.055
1769885067.9008787,ADC1,1,servo_2,A,0.851
1769885067.9514947,THERM,0,motor_temp,C,45.604
1769885068.0019398,ADC1,0,servo_1,A,2.29
1769885068.0526023,ADC2,0,bus_voltage,V,10.583
1769885068.1033838,ADC1,0,servo_1,A,0.586
1769885068.153989,ADC1,1,servo_2,A,1.329
1769885068.2047062,THERM,0,motor_temp,C,46.858
1769885068.255583,ADC2,0,bus_voltage,V,12.498
1769885068.3060546,THERM,0,motor_temp,C,37.547
1769885068.3565388,THERM,0,motor_temp,C,65.251
1769885068.4069192,ADC2,0,bus_voltage,V,10.48
1769885068.457569,ADC1,1,servo_2,A,1.653
1769885068.5083795,THERM,0,motor_temp,C,49.39
1769885068.5594335,THERM,0,motor_temp,C,69.424
1769885068.611311,ADC2,0,bus_voltage,V,11.657
1769885068.6623452,THERM,0,motor_temp,C,48.13
1769885068.7127168,ADC1,0,servo_1,A,2.447
1769885068.7632694,ADC2,0,bus_voltage,V,10.643
1769885068.8141031,ADC1,1,servo_2,A,0.693
1769885068.8659337,ADC1,0,servo_1,A,2.142
1769885068.9177258,THERM,0,motor_temp,C,31.596
1769885068.9684193,ADC2,0,bus_voltage,V,11.969
1769885069.0193105,THERM,0,motor_temp,C,37.725
1769885069.0697706,THERM,0,motor_temp,C,55.53
1769885069.120584,ADC2,0,bus_voltage,V,11.313
1769885069.1710021,ADC2,0,bus_voltage,V,11.558
1769885069.2214487,ADC1,0,servo_1,A,2.218
1769885069.271931,ADC1,1,servo_2,A,1.257
1769885069.3223739,ADC1,0,servo_1,A,1.741
1769885069.372886,ADC2,0,bus_voltage,V,11.855
1769885069.423461,ADC1,0,servo_1,A,1.656
1769885069.4743416,ADC1,1,servo_2,A,0.486
1769885069.5252013,ADC1,0,servo_1,A,0.713
1769885069.576139,ADC2,0,bus_voltage,V,10.299
1769885069.6271617,ADC1,0,servo_1,A,0.467
1769885069.6778789,THERM,0,motor_temp,C,27.367
1769885069.7287383,ADC2,0,bus_voltage,V,12.197
1769885069.779449,THERM,0,motor_temp,C,65.455
1769885069.831144,ADC1,1,servo_2,A,1.204
1769885069.8829868,THERM,0,motor_temp,C,32.666
1769885069.9340005,ADC2,0,bus_voltage,V,12.563
1769885069.9874105,ADC1,1,servo_2,A,1.978
1769885070.0381286,ADC1,1,servo_2,A,2.011
1769885070.088986,THERM,0,motor_temp,C,47.323
1769885070.1397917,THERM,0,motor_temp,C,26.06
1769885070.1906374,ADC1,1,servo_2,A,0.529
1769885070.2414193,ADC1,0,servo_1,A,1.653
1769885070.2923386,ADC2,0,bus_voltage,V,12.437
1769885070.3501906,THERM,0,motor_temp,C,36.311
1769885070.401109,THERM,0,motor_temp,C,26.986
1769885070.4520977,ADC1,1,servo_2,A,0.729
1769885070.5030453,ADC2,0,bus_voltage,V,10.268
1769885070.5539124,ADC1,0,servo_1,A,1.047
1769885070.605127,ADC1,0,servo_1,A,1.414
1769885070.6559339,ADC2,0,bus_voltage,V,12.452
1769885070.7065856,ADC1,1,servo_2,A,2.333
1769885070.7571437,ADC1,0,servo_1,A,0.531
1769885070.8094795,ADC1,1,servo_2,A,0.903
1769885070.8605607,ADC1,0,servo_1,A,2.004
1769885070.9113848,ADC1,1,servo_2,A,0.509
1769885070.9630988,THERM,0,motor_temp,C,37.991
1769885071.0167758,THERM,0,motor_temp,C,39.157
1769885071.0675836,ADC1,1,servo_2,A,1.267
1769885071.1194143,ADC2,0,bus_voltage,V,12.198
1769885071.1700041,ADC1,1,servo_2,A,0.873
1769885071.220919,ADC2,0,bus_voltage,V,11.286
1769885071.271886,ADC2,0,bus_voltage,V,12.165
1769885071.3229764,ADC1,1,servo_2,A,0.897
1769885071.3735273,ADC2,0,bus_voltage,V,10.013
1769885071.424031,ADC1,1,servo_2,A,0.223
1769885071.4782372,ADC1,1,servo_2,A,2.07
1769885071.5294435,ADC1,1,servo_2,A,0.404
1769885071.5805302,ADC1,1,servo_2,A,1.194
1769885071.6313264,ADC2,0,bus_voltage,V,12.125
1769885071.682535,THERM,0,motor_temp,C,52.49
1769885071.7332582,ADC1,0,servo_1,A,1.411
1769885071.7839966,ADC2,0,bus_voltage,V,10.695
1769885071.834592,ADC2,0,bus_voltage,V,12.206
1769885071.8852797,ADC1,0,servo_1,A,2.454
1769885071.936288,THERM,0,motor_temp,C,45.703
1769885071.9870672,ADC1,0,servo_1,A,0.83
1769885072.0374725,THERM,0,motor_temp,C,66.613
1769885072.088032,ADC2,0,bus_voltage,V,10.195
1769885072.1385052,ADC1,0,servo_1,A,1.406
1769885072.1890228,THERM,0,motor_temp,C,34.321
1769885072.2397869,ADC1,1,servo_2,A,0.719
1769885072.2902412,THERM,0,motor_temp,C,69.835
1769885072.341157,ADC1,1,servo_2,A,2.471
1769885072.391826,ADC1,1,servo_2,A,2.398
1769885072.44267,ADC1,0,servo_1,A,2.191
1769885072.4930935,ADC1,0,servo_1,A,1.646
1769885072.5439327,ADC2,0,bus_voltage,V,10.761
1769885072.5944011,ADC2,0,bus_voltage,V,12.41
1769885072.6450026,THERM,0,motor_temp,C,61.355
1769885072.6956203,THERM,0,motor_temp,C,45.128
1769885072.7460256,ADC1,1,servo_2,A,1.327
1769885072.7970853,ADC1,0,servo_1,A,1.547
1769885072.8476555,ADC2,0,bus_voltage,V,11.373
1769885072.8980782,ADC1,1,servo_2,A,1.835
1769885072.9485085,ADC1,1,servo_2,A,1.569
1769885072.9990447,ADC1,1,servo_2,A,0.204
1769885073.0494947,THERM,0,motor_temp,C,42.431
1769885073.1002176,THERM,0,motor_temp,C,41.766
1769885073.1507523,ADC1,0,servo_1,A,0.508
1769885073.2016344,THERM,0,motor_temp,C,57.483
1769885073.2524526,ADC2,0,bus_voltage,V,10.144
1769885073.3042867,ADC2,0,bus_voltage,V,10.897
1769885073.3561666,ADC2,0,bus_voltage,V,10.633
1769885073.4083483,ADC1,1,servo_2,A,0.891
1769885073.4595122,ADC2,0,bus_voltage,V,11.272
1769885073.5106328,ADC1,0,servo_1,A,1.256
1769885073.5615091,THERM,0,motor_temp,C,62.895
1769885073.6122835,ADC1,0,servo_1,A,2.015
1769885073.6625595,ADC2,0,bus_voltage,V,10.475
1769885073.7130544,ADC1,0,servo_1,A,0.788
1769885073.7634268,ADC1,0,servo_1,A,2.177
1769885073.8138878,ADC1,0,servo_1,A,0.821
1769885073.864744,ADC1,1,servo_2,A,1.876
1769885073.9151685,ADC1,0,servo_1,A,2.142
1769885073.9659336,ADC1,1,servo_2,A,1.456
1769885074.016703,ADC2,0,bus_voltage,V,11.471
1769885074.0674083,ADC2,0,bus_voltage,V,11.644
1769885074.1179187,THERM,0,motor_temp,C,34.463
1769885074.1683712,ADC2,0,bus_voltage,V,12.577
1769885074.2190673,ADC2,0,bus_voltage,V,11.379
1769885074.2697546,THERM,0,motor_temp,C,36.605
1769885074.3204942,ADC1,1,servo_2,A,0.378
1769885074.3709655,ADC1,1,servo_2,A,0.325
1769885074.4218554,THERM,0,motor_temp,C,59.646
1769885074.472643,ADC1,0,servo_1,A,2.293
1769885074.5233727,ADC2,0,bus_voltage,V,11.499
1769885074.5739517,ADC2,0,bus_voltage,V,12.15
1769885074.6246388,ADC1,0,servo_1,A,0.774
1769885074.675254,ADC1,0,servo_1,A,0.394
1769885074.7259743,ADC1,1,servo_2,A,1.748
1769885074.7766178,ADC1,0,servo_1,A,1.768
1769885074.8270767,ADC1,0,servo_1,A,2.051
1769885074.8778043,ADC1,0,servo_1,A,1.899
1769885074.928235,THERM,0,motor_temp,C,45.851
1769885074.9786913,ADC1,0,servo_1,A,0.517
1769885075.0294368,ADC2,0,bus_voltage,V,10.172
1769885075.0799685,ADC1,1,servo_2,A,0.644
1769885075.130736,ADC1,1,servo_2,A,0.798
1769885075.1813734,ADC1,0,servo_1,A,2.282
1769885075.2321653,ADC1,1,servo_2,A,0.849
1769885075.2827687,ADC1,1,servo_2,A,1.241
1769885075.3336053,ADC1,1,servo_2,A,0.482
1769885075.384612,THERM,0,motor_temp,C,65.78
1769885075.4356472,ADC2,0,bus_voltage,V,12.598
1769885075.4861734,ADC1,0,servo_1,A,1.907
1769885075.5367575,ADC1,0,servo_1,A,1.436
1769885075.5872638,ADC2,0,bus_voltage,V,10.869
1769885075.6380682,THERM,0,motor_temp,C,46.209
1769885075.6888235,ADC1,1,servo_2,A,0.623
1769885075.7395756,ADC1,1,servo_2,A,0.844
1769885075.7904038,THERM,0,motor_temp,C,27.128
1769885075.841415,ADC2,0,bus_voltage,V,10.67
1769885075.8921797,ADC2,0,bus_voltage,V,12.572
1769885075.9429238,ADC1,0,servo_1,A,0.208
1769885075.9938073,ADC1,0,servo_1,A,2.12
1769885076.0447128,ADC1,1,servo_2,A,0.891
1769885076.095255,ADC1,1,servo_2,A,0.678
1769885076.145986,ADC1,1,servo_2,A,2.421
1769885076.1977212,ADC2,0,bus_voltage,V,11.517
1769885076.2483091,THERM,0,motor_temp,C,49.01
1769885076.2988255,ADC1,0,servo_1,A,1.998
1769885076.349639,ADC1,0,servo_1,A,0.372
1769885076.4004397,ADC1,1,servo_2,A,1.902
1769885076.4511883,ADC2,0,bus_voltage,V,10.578
1769885076.5018816,THERM,0,motor_temp,C,65.948
1769885076.5523477,ADC2,0,bus_voltage,V,11.567
1769885076.6028955,ADC1,1,servo_2,A,2.015
1769885076.653378,THERM,0,motor_temp,C,54.288
1769885076.704167,ADC2,0,bus_voltage,V,10.797
1769885076.7547252,ADC2,0,bus_voltage,V,11.373
1769885076.8054612,ADC2,0,bus_voltage,V,10.912
1769885076.8560617,THERM,0,motor_temp,C,39.821
1769885076.906678,ADC1,0,servo_1,A,0.927
1769885076.9572628,ADC1,0,servo_1,A,1.191
1769885077.0077796,ADC1,1,servo_2,A,1.384
1769885077.0585802,ADC1,1,servo_2,A,1.587
1769885077.1089773,ADC1,0,servo_1,A,1.945
1769885077.1597586,ADC2,0,bus_voltage,V,11.071
1769885077.2102773,ADC2,0,bus_voltage,V,10.704
1769885077.2606714,ADC1,0,servo_1,A,1.545
1769885077.3112626,THERM,0,motor_temp,C,35.802
1769885077.3618293,ADC1,0,servo_1,A,1.845
1769885077.4125967,ADC1,1,servo_2,A,2.281
1769885077.463123,THERM,0,motor_temp,C,28.252
1769885077.513712,THERM,0,motor_temp,C,60.062
1769885077.5644197,THERM,0,motor_temp,C,64.659
1769885077.615213,THERM,0,motor_temp,C,28.952
1769885077.6661334,ADC1,1,servo_2,A,0.444
1769885077.7168174,ADC2,0,bus_voltage,V,10.83
1769885077.7673106,ADC2,0,bus_voltage,V,12.077
1769885077.8182766,THERM,0,motor_temp,C,57.237
1769885077.8691323,ADC1,1,servo_2,A,1.196
1769885077.9199433,ADC1,0,servo_1,A,0.908
1769885077.970753,THERM,0,motor_temp,C,25.331
1769885078.0213132,ADC1,1,servo_2,A,1.242
1769885078.072015,ADC1,1,servo_2,A,0.344
1769885078.12278,ADC1,1,servo_2,A,2.489
1769885078.1736424,ADC1,1,servo_2,A,1.971
1769885078.2243803,ADC2,0,bus_voltage,V,12.166
1769885078.2750907,ADC1,1,servo_2,A,1.032
1769885078.3257084,ADC1,1,servo_2,A,2.349
1769885078.3764749,ADC1,0,servo_1,A,0.677
1769885078.4269333,ADC2,0,bus_voltage,V,10.786
1769885078.4774354,THERM,0,motor_temp,C,53.515
1769885078.5282478,ADC2,0,bus_voltage,V,11.782
1769885078.5789688,ADC1,1,servo_2,A,1.332
1769885078.629756,ADC2,0,bus_voltage,V,11.52
1769885078.6804028,ADC1,1,servo_2,A,0.791
1769885078.730827,ADC1,0,servo_1,A,0.739
1769885078.781287,ADC2,0,bus_voltage,V,10.059
1769885078.8318655,ADC2,0,bus_voltage,V,10.503
1769885078.8827577,ADC2,0,bus_voltage,V,12.29
1769885078.9334197,ADC1,0,servo_1,A,0.97
1769885078.9845073,THERM,0,motor_temp,C,47.215
1769885079.0351667,THERM,0,motor_temp,C,59.33
1769885079.0858643,ADC1,0,servo_1,A,1.581
1769885079.1365395,THERM,0,motor_temp,C,50.402
1769885079.1871336,ADC2,0,bus_voltage,V,11.756
1769885079.2377043,ADC1,1,servo_2,A,2.293
1769885079.2881012,ADC1,1,servo_2,A,0.935
1769885079.3385768,ADC2,0,bus_voltage,V,10.419
1769885079.389002,ADC1,1,servo_2,A,1.27
1769885079.4395618,ADC2,0,bus_voltage,V,11.261
1769885079.4903684,ADC1,0,servo_1,A,1.735
1769885079.5411706,ADC1,0,servo_1,A,1.951
1769885079.5921023,ADC1,1,servo_2,A,0.566
1769885079.6430142,ADC2,0,bus_voltage,V,11.901
1769885079.6938825,THERM,0,motor_temp,C,66.242
1769885079.744359,THERM,0,motor_temp,C,63.173
1769885079.7950144,ADC2,0,bus_voltage,V,12.328
1769885079.8457127,ADC1,0,servo_1,A,0.51
1769885079.8963068,THERM,0,motor_temp,C,58.42
1769885079.9472036,ADC2,0,bus_voltage,V,11.549
1769885079.9987552,ADC1,0,servo_1,A,2.149
1769885080.0492642,ADC1,1,servo_2,A,2.156
1769885080.0998628,ADC1,0,servo_1,A,1.212
1769885080.1507716,ADC1,1,servo_2,A,0.711
1769885080.2016907,ADC1,0,servo_1,A,0.852
1769885080.252231,ADC1,1,servo_2,A,0.303
1769885080.303139,ADC2,0,bus_voltage,V,12.5
1769885080.3537354,ADC1,1,servo_2,A,0.984
1769885080.4046288,ADC2,0,bus_voltage,V,11.544
1769885080.4554596,ADC1,0,servo_1,A,1.759
1769885080.5061965,ADC1,0,servo_1,A,2.133
1769885080.5570781,THERM,0,motor_temp,C,34.947
1769885080.6078656,ADC1,1,servo_2,A,0.384
1769885080.6585817,ADC2,0,bus_voltage,V,11.493
1769885080.709253,ADC1,1,servo_2,A,1.496
1769885080.759843,THERM,0,motor_temp,C,51.947
1769885080.8107593,ADC2,0,bus_voltage,V,11.601
1769885080.8615692,THERM,0,motor_temp,C,55.016
1769885080.9124918,ADC2,0,bus_voltage,V,12.5
1769885080.9632263,ADC1,0,servo_1,A,1.178
1769885081.0165656,ADC1,0,servo_1,A,1.988
1769885081.06721,THERM,0,motor_temp,C,34.38
1769885081.1197045,ADC2,0,bus_voltage,V,12.51
1769885081.1704443,ADC1,1,servo_2,A,1.908
1769885081.221329,ADC1,0,servo_1,A,0.478
1769885081.27216,ADC1,1,servo_2,A,2.348
1769885081.3226564,THERM,0,motor_temp,C,56.515
1769885081.3743503,ADC1,1,servo_2,A,0.274
1769885081.4249403,ADC1,1,servo_2,A,1.705
1769885081.4755042,ADC1,1,servo_2,A,1.772
1769885081.5262039,ADC2,0,bus_voltage,V,10.61
1769885081.5768461,THERM,0,motor_temp,C,48.845
1769885081.6276457,ADC2,0,bus_voltage,V,12.218
1769885081.6782858,THERM,0,motor_temp,C,44.056
1769885081.7290432,ADC1,1,servo_2,A,1.836
1769885081.7797117,ADC2,0,bus_voltage,V,10.64
1769885081.830517,THERM,0,motor_temp,C,64.273
1769885081.88229,ADC2,0,bus_voltage,V,11.257
1769885081.9330792,ADC1,0,servo_1,A,0.803
1769885081.9837542,THERM,0,motor_temp,C,42.205
1769885082.034472,THERM,0,motor_temp,C,69.221
1769885082.0850189,ADC1,0,servo_1,A,1.979
1769885082.1356454,THERM,0,motor_temp,C,58.66
1769885082.1861076,ADC2,0,bus_voltage,V,10.983
1769885082.2368872,ADC1,1,servo_2,A,1.103
1769885082.287614,ADC1,0,servo_1,A,1.076
1769885082.3384254,ADC1,1,servo_2,A,1.224
1769885082.3893535,ADC1,0,servo_1,A,0.785
1769885082.4403524,THERM,0,motor_temp,C,41.262
1769885082.491204,ADC1,1,servo_2,A,0.265
1769885082.542542,ADC1,1,servo_2,A,1.428
1769885082.593188,THERM,0,motor_temp,C,69.019
1769885082.6439774,ADC1,1,servo_2,A,0.827
1769885082.694466,ADC2,0,bus_voltage,V,12.572
1769885082.745156,ADC1,1,servo_2,A,0.461
1769885082.795691,THERM,0,motor_temp,C,42.525
1769885082.8464103,ADC1,0,servo_1,A,1.656
1769885082.8985991,ADC1,0,servo_1,A,1.158
1769885082.9503863,ADC1,1,servo_2,A,2.322
1769885083.0012567,ADC2,0,bus_voltage,V,10.577
1769885083.052266,THERM,0,motor_temp,C,28.677
1769885083.1027565,ADC2,0,bus_voltage,V,11.106
1769885083.1533194,ADC1,1,servo_2,A,0.636
1769885083.2040658,THERM,0,motor_temp,C,42.305
1769885083.2545748,THERM,0,motor_temp,C,64.309
1769885083.305664,ADC1,0,servo_1,A,1.565
1769885083.3584254,ADC1,0,servo_1,A,1.628
1769885083.4093335,ADC2,0,bus_voltage,V,11.248
1769885083.4611397,ADC1,1,servo_2,A,1.748
1769885083.511595,ADC1,0,servo_1,A,2.172
1769885083.562912,ADC1,1,servo_2,A,1.581
1769885083.6151714,ADC2,0,bus_voltage,V,11.203
1769885083.6666403,ADC1,0,servo_1,A,1.956
1769885083.7175918,THERM,0,motor_temp,C,35.954
1769885083.76837,THERM,0,motor_temp,C,68.394
1769885083.8194957,THERM,0,motor_temp,C,45.481
1769885083.870736,ADC2,0,bus_voltage,V,12.15
1769885083.922604,THERM,0,motor_temp,C,55.569
1769885083.9754183,ADC1,1,servo_2,A,0.93
1769885084.0266764,ADC1,0,servo_1,A,2.242
1769885084.0771005,ADC1,1,servo_2,A,1.602
1769885084.1279573,ADC1,0,servo_1,A,2.303
1769885084.178672,ADC2,0,bus_voltage,V,11.499
1769885084.2294505,ADC2,0,bus_voltage,V,12.382
1769885084.280211,ADC1,1,servo_2,A,1.203
1769885084.33179,THERM,0,motor_temp,C,59.913
1769885084.3835368,ADC1,1,servo_2,A,0.436
1769885084.4351928,THERM,0,motor_temp,C,58.854
1769885084.486054,ADC2,0,bus_voltage,V,11.199
1769885084.536936,ADC1,1,servo_2,A,2.243
1769885084.5874107,ADC2,0,bus_voltage,V,11.659
1769885084.639415,ADC1,0,servo_1,A,1.804
1769885084.6901999,ADC2,0,bus_voltage,V,11.53
1769885084.740801,ADC1,0,servo_1,A,1.732
1769885084.791465,ADC2,0,bus_voltage,V,10.039
1769885084.842176,ADC1,1,servo_2,A,2.396
1769885084.8927562,ADC2,0,bus_voltage,V,10.347
1769885084.943514,THERM,0,motor_temp,C,60.243
1769885084.99398,ADC1,1,servo_2,A,0.505
1769885085.0446444,ADC2,0,bus_voltage,V,12.22
1769885085.0961938,ADC1,1,servo_2,A,1.289
1769885085.147305,THERM,0,motor_temp,C,26.574
1769885085.1991389,THERM,0,motor_temp,C,50.991
1769885085.2503154,ADC1,1,servo_2,A,1.114
1769885085.3012114,THERM,0,motor_temp,C,54.46
1769885085.3522756,ADC1,0,servo_1,A,0.956
1769885085.4039054,ADC1,0,servo_1,A,1.952
1769885085.4551454,ADC1,0,servo_1,A,1.317
1769885085.506348,THERM,0,motor_temp,C,38.132
1769885085.5570173,ADC1,0,servo_1,A,1.556
1769885085.6081202,ADC2,0,bus_voltage,V,10.224
1769885085.6592076,ADC1,0,servo_1,A,2.118
1769885085.7100136,ADC2,0,bus_voltage,V,12.357
1769885085.7605634,ADC2,0,bus_voltage,V,11.484
1769885085.811694,THERM,0,motor_temp,C,57.149
1769885085.8649395,ADC1,0,servo_1,A,1.898
1769885085.9187965,ADC1,1,servo_2,A,0.481
1769885085.972285,ADC2,0,bus_voltage,V,11.272
1769885086.0296926,THERM,0,motor_temp,C,61.016
1769885086.0832694,ADC1,0,servo_1,A,2.481
1769885086.1343966,ADC2,0,bus_voltage,V,10.386
1769885086.1848738,ADC1,0,servo_1,A,2.389
1769885086.2360542,ADC2,0,bus_voltage,V,11.212
1769885086.2866309,THERM,0,motor_temp,C,36.99
1769885086.3376143,THERM,0,motor_temp,C,68.961
1769885086.3883216,ADC1,1,servo_2,A,0.718
1769885086.43905,ADC2,0,bus_voltage,V,10.609
1769885086.4896815,ADC1,0,servo_1,A,0.987
1769885086.5404003,ADC1,0,servo_1,A,2.202
1769885086.5954263,ADC1,1,servo_2,A,1.871
1769885086.6463718,ADC2,0,bus_voltage,V,11.417
1769885086.697436,ADC1,0,servo_1,A,0.598
1769885086.7491224,ADC1,1,servo_2,A,1.656
1769885086.8000576,ADC1,1,servo_2,A,1.666
1769885086.8507497,THERM,0,motor_temp,C,63.789
1769885086.9015825,ADC1,0,servo_1,A,2.177
1769885086.9550545,ADC1,0,servo_1,A,1.092
1769885087.0061128,ADC2,0,bus_voltage,V,10.438
1769885087.0568395,THERM,0,motor_temp,C,47.872
1769885087.1081262,ADC1,0,servo_1,A,0.208
1769885087.1590633,ADC2,0,bus_voltage,V,11.18
1769885087.210088,ADC1,0,servo_1,A,1.878
1769885087.2614136,ADC1,1,servo_2,A,0.355
1769885087.312187,THERM,0,motor_temp,C,64.38
1769885087.3630602,THERM,0,motor_temp,C,50.942
1769885087.4134007,ADC1,0,servo_1,A,2.435
1769885087.4661486,THERM,0,motor_temp,C,53.788
1769885087.5167992,THERM,0,motor_temp,C,32.111
1769885087.5672004,ADC1,1,servo_2,A,1.094
1769885087.6180556,ADC1,1,servo_2,A,0.339
1769885087.6687698,THERM,0,motor_temp,C,35.667
1769885087.7196753,THERM,0,motor_temp,C,36.52
1769885087.7702606,THERM,0,motor_temp,C,45.041
1769885087.8209076,ADC2,0,bus_voltage,V,10.127
1769885087.8718529,ADC1,1,servo_2,A,1.598
1769885087.9224584,ADC2,0,bus_voltage,V,11.92
1769885087.9732943,ADC1,1,servo_2,A,0.497
1769885088.0249193,ADC2,0,bus_voltage,V,11.648
1769885088.075467,ADC2,0,bus_voltage,V,10.532
1769885088.1262734,ADC2,0,bus_voltage,V,11.651
1769885088.1771176,THERM,0,motor_temp,C,67.513
1769885088.2280014,THERM,0,motor_temp,C,62.107
1769885088.278837,ADC1,0,servo_1,A,0.434
1769885088.3293643,ADC1,1,servo_2,A,2.019
1769885088.379801,ADC2,0,bus_voltage,V,10.578
1769885088.4307032,ADC2,0,bus_voltage,V,10.347
1769885088.4830253,ADC1,1,servo_2,A,1.77
1769885088.5334966,ADC2,0,bus_voltage,V,11.676
1769885088.584062,ADC2,0,bus_voltage,V,12.458
1769885088.6349905,THERM,0,motor_temp,C,52.962
1769885088.685615,ADC1,0,servo_1,A,0.513
1769885088.736435,THERM,0,motor_temp,C,69.194
1769885088.7873073,ADC1,0,servo_1,A,0.351
1769885088.838212,ADC1,1,servo_2,A,1.018
1769885088.8889053,ADC2,0,bus_voltage,V,10.239
1769885088.9393597,ADC1,1,servo_2,A,1.364
1769885088.9900014,ADC2,0,bus_voltage,V,12.434
1769885089.0408545,ADC1,0,servo_1,A,0.508
1769885089.0914543,ADC2,0,bus_voltage,V,12.595
1769885089.141933,ADC1,1,servo_2,A,0.843
1769885089.1927307,THERM,0,motor_temp,C,48.909
1769885089.248506,THERM,0,motor_temp,C,49.996
1769885089.3007932,THERM,0,motor_temp,C,29.33
1769885089.3514354,ADC2,0,bus_voltage,V,12.025
1769885089.401899,THERM,0,motor_temp,C,47.508
1769885089.4523318,THERM,0,motor_temp,C,51.638
1769885089.5029962,THERM,0,motor_temp,C,41.296
1769885089.5540485,ADC1,0,servo_1,A,0.458
1769885089.6048946,THERM,0,motor_temp,C,51.3
1769885089.6555965,ADC2,0,bus_voltage,V,11.486
1769885089.7063105,ADC1,0,servo_1,A,2.006
1769885089.756966,THERM,0,motor_temp,C,34.546
1769885089.8075554,THERM,0,motor_temp,C,39.094
1769885089.8583698,ADC1,0,servo_1,A,1.853
1769885089.9090636,ADC2,0,bus_voltage,V,10.105
1769885089.9595983,ADC1,0,servo_1,A,1.608
1769885090.0101974,THERM,0,motor_temp,C,30.094
1769885090.0611627,ADC1,0,servo_1,A,1.755
1769885090.1115525,ADC2,0,bus_voltage,V,11.604
1769885090.162386,ADC2,0,bus_voltage,V,11.155
1769885090.21307,ADC1,1,servo_2,A,1.274
1769885090.2636633,THERM,0,motor_temp,C,31.849
1769885090.314563,ADC2,0,bus_voltage,V,10.682
1769885090.3667521,THERM,0,motor_temp,C,28.185
1769885090.417683,ADC1,1,servo_2,A,1.015
1769885090.4685674,ADC2,0,bus_voltage,V,11.044
1769885090.5192745,THERM,0,motor_temp,C,44.385
1769885090.5714014,ADC1,0,servo_1,A,1.19
1769885090.622011,ADC2,0,bus_voltage,V,12.083
1769885090.672943,ADC1,1,servo_2,A,0.446
1769885090.7234828,ADC1,0,servo_1,A,1.749
1769885090.7740605,ADC1,0,servo_1,A,1.133
1769885090.8251472,THERM,0,motor_temp,C,52.51
1769885090.8758218,ADC2,0,bus_voltage,V,10.494
1769885090.9263637,ADC2,0,bus_voltage,V,12.08
1769885090.97695,ADC1,1,servo_2,A,1.756
1769885091.028011,ADC2,0,bus_voltage,V,10.311
1769885091.083465,ADC2,0,bus_voltage,V,12.526
1769885091.1345925,ADC2,0,bus_voltage,V,10.261
1769885091.1855175,ADC1,0,servo_1,A,1.737
1769885091.235956,ADC1,0,servo_1,A,1.184
1769885091.2866154,THERM,0,motor_temp,C,36.091
1769885091.337974,THERM,0,motor_temp,C,60.164
1769885091.3885586,THERM,0,motor_temp,C,69.205
1769885091.4393759,THERM,0,motor_temp,C,60.797
1769885091.4898653,THERM,0,motor_temp,C,50.199
1769885091.540627,ADC1,0,servo_1,A,1.784
1769885091.5921767,THERM,0,motor_temp,C,61.124
1769885091.643104,THERM,0,motor_temp,C,43.828
1769885091.6936626,ADC1,1,servo_2,A,0.375
1769885091.7443647,ADC2,0,bus_voltage,V,11.35
1769885091.7949069,ADC1,1,servo_2,A,1.701
1769885091.845472,ADC1,0,servo_1,A,1.638
1769885091.8960779,ADC2,0,bus_voltage,V,11.526
1769885091.9468107,ADC1,1,servo_2,A,0.421
1769885091.998562,ADC1,0,servo_1,A,0.636
1769885092.0494971,ADC1,1,servo_2,A,1.796
1769885092.101368,ADC1,1,servo_2,A,0.496
1769885092.154548,ADC1,0,servo_1,A,2.456
1769885092.205326,ADC2,0,bus_voltage,V,12.586
1769885092.2559147,ADC2,0,bus_voltage,V,11.014
1769885092.3071113,ADC1,1,servo_2,A,2.302
1769885092.3578887,THERM,0,motor_temp,C,32.555
1769885092.4085872,ADC1,0,servo_1,A,2.119
1769885092.4591203,THERM,0,motor_temp,C,58.603
1769885092.5097957,ADC2,0,bus_voltage,V,10.868
1769885092.5606275,ADC2,0,bus_voltage,V,11.408
1769885092.6128502,ADC1,1,servo_2,A,2.468
1769885092.6639092,ADC1,1,servo_2,A,2.206
1769885092.7149565,THERM,0,motor_temp,C,41.249
1769885092.7658195,ADC2,0,bus_voltage,V,10.491
1769885092.8169754,ADC1,0,servo_1,A,1.527
1769885092.8679976,ADC2,0,bus_voltage,V,11.053
1769885092.9187055,ADC2,0,bus_voltage,V,12.067
1769885092.9694235,THERM,0,motor_temp,C,32.851
1769885093.0200338,ADC1,0,servo_1,A,0.412
1769885093.0705335,ADC1,0,servo_1,A,0.926
1769885093.1211386,ADC2,0,bus_voltage,V,10.491
1769885093.1716182,ADC1,0,servo_1,A,2.281
1769885093.2222543,ADC2,0,bus_voltage,V,12.091
1769885093.2731261,ADC2,0,bus_voltage,V,12.37
1769885093.324075,ADC2,0,bus_voltage,V,11.619
1769885093.375115,ADC1,1,servo_2,A,1.168
1769885093.4260983,ADC2,0,bus_voltage,V,12.242
1769885093.476691,THERM,0,motor_temp,C,46.023
1769885093.5272775,ADC1,0,servo_1,A,1.555
1769885093.5781841,ADC1,0,servo_1,A,1.888
1769885093.6291702,ADC1,0,servo_1,A,2.083
1769885093.6798224,ADC1,1,servo_2,A,1.805
1769885093.7306094,ADC1,0,servo_1,A,0.331
1769885093.7815464,ADC2,0,bus_voltage,V,10.779
1769885093.834162,ADC2,0,bus_voltage,V,10.066
1769885093.8850434,ADC2,0,bus_voltage,V,11.543
1769885093.936054,ADC1,1,servo_2,A,2.284
1769885093.9878912,THERM,0,motor_temp,C,41.635
1769885094.038259,ADC1,0,servo_1,A,1.021
1769885094.089062,ADC1,1,servo_2,A,1.459
1769885094.1409981,THERM,0,motor_temp,C,38.266
1769885094.1949668,ADC1,0,servo_1,A,1.001
1769885094.246054,ADC2,0,bus_voltage,V,12.429
1769885094.3005698,ADC1,0,servo_1,A,0.707
1769885094.3511965,ADC1,0,servo_1,A,0.819
1769885094.402655,ADC1,1,servo_2,A,0.445
1769885094.4533474,THERM,0,motor_temp,C,58.063
1769885094.5041718,ADC1,1,servo_2,A,2.47
1769885094.5555754,ADC1,0,servo_1,A,0.447
1769885094.6063492,ADC1,0,servo_1,A,1.507
1769885094.6573372,ADC1,1,servo_2,A,1.381
1769885094.7082055,ADC2,0,bus_voltage,V,11.925
1769885094.7589183,ADC1,0,servo_1,A,0.443
1769885094.8094501,ADC1,1,servo_2,A,1.33
1769885094.8602366,ADC1,0,servo_1,A,1.095
1769885094.911446,ADC1,0,servo_1,A,0.684
1769885094.962517,ADC1,0,servo_1,A,0.28
1769885095.0134327,ADC2,0,bus_voltage,V,10.313
1769885095.0642352,ADC1,0,servo_1,A,2.164
1769885095.1150906,THERM,0,motor_temp,C,29.772
1769885095.1664443,ADC2,0,bus_voltage,V,11.443
1769885095.2186973,ADC2,0,bus_voltage,V,11.138
1769885095.2697039,ADC2,0,bus_voltage,V,12.362
1769885095.3202498,THERM,0,motor_temp,C,63.322
1769885095.3709521,ADC1,1,servo_2,A,0.804
1769885095.4215953,ADC2,0,bus_voltage,V,10.939
1769885095.472093,THERM,0,motor_temp,C,58.957
1769885095.5228214,ADC1,1,servo_2,A,0.913
1769885095.573401,ADC1,1,servo_2,A,1.205
1769885095.624248,ADC2,0,bus_voltage,V,11.102
1769885095.6748462,ADC1,1,servo_2,A,1.799
1769885095.7253766,ADC1,0,servo_1,A,2.287
1769885095.7758403,ADC1,1,servo_2,A,0.621
1769885095.8271275,ADC1,0,servo_1,A,0.85
1769885095.8780193,ADC1,1,servo_2,A,2.451
1769885095.928677,THERM,0,motor_temp,C,40.261
1769885095.9793222,ADC1,1,servo_2,A,0.744
1769885096.0325809,ADC1,0,servo_1,A,2.362
1769885096.085647,ADC1,0,servo_1,A,0.326
1769885096.1367967,ADC2,0,bus_voltage,V,12.473
1769885096.187916,THERM,0,motor_temp,C,52.058
1769885096.2386565,ADC1,1,servo_2,A,1.749
1769885096.2911024,THERM,0,motor_temp,C,31.925
1769885096.343419,ADC1,0,servo_1,A,2.434
1769885096.3943198,ADC1,1,servo_2,A,1.28
1769885096.4455106,ADC1,0,servo_1,A,1.532
1769885096.4966207,ADC1,1,servo_2,A,1.392
1769885096.5473752,ADC1,0,servo_1,A,2.309
1769885096.6033542,ADC2,0,bus_voltage,V,11.255
1769885096.654085,THERM,0,motor_temp,C,34.011
1769885096.7045774,ADC1,1,servo_2,A,0.489
1769885096.7549958,ADC1,1,servo_2,A,1.704
1769885096.80568,THERM,0,motor_temp,C,61.416
1769885096.856015,THERM,0,motor_temp,C,63.501
1769885096.9067278,THERM,0,motor_temp,C,45.134
1769885096.9571698,ADC2,0,bus_voltage,V,10.18
1769885097.0079436,ADC2,0,bus_voltage,V,12.103
1769885097.058597,ADC1,0,servo_1,A,1.91
1769885097.108978,ADC1,0,servo_1,A,1.029
1769885097.1595197,ADC1,1,servo_2,A,1.68
1769885097.2102923,ADC1,1,servo_2,A,2.478
1769885097.2606452,ADC1,0,servo_1,A,1.399
1769885097.3113158,ADC1,0,servo_1,A,0.903
1769885097.3620462,ADC2,0,bus_voltage,V,10.491
1769885097.412625,ADC1,0,servo_1,A,0.424
1769885097.463389,ADC1,0,servo_1,A,0.775
1769885097.5142465,ADC2,0,bus_voltage,V,11.644
1769885097.5654075,ADC1,1,servo_2,A,2.481
1769885097.6159902,THERM,0,motor_temp,C,54.373
1769885097.6667418,ADC2,0,bus_voltage,V,11.301
1769885097.7206836,ADC1,0,servo_1,A,1.621
1769885097.7748046,ADC1,0,servo_1,A,1.613
1769885097.825646,ADC1,0,servo_1,A,0.203
1769885097.8762243,THERM,0,motor_temp,C,52.698
1769885097.926917,ADC1,1,servo_2,A,0.578
1769885097.9773936,THERM,0,motor_temp,C,58.302
1769885098.0278308,ADC2,0,bus_voltage,V,10.56
1769885098.0781238,ADC2,0,bus_voltage,V,10.323
1769885098.1287694,ADC1,0,servo_1,A,0.512
1769885098.1793962,ADC1,1,servo_2,A,0.248
1769885098.2299242,ADC2,0,bus_voltage,V,12.27
1769885098.2805917,THERM,0,motor_temp,C,66.277
1769885098.3311412,THERM,0,motor_temp,C,66.096
1769885098.381908,ADC1,1,servo_2,A,1.493
1769885098.4327688,THERM,0,motor_temp,C,63.643
1769885098.4834368,THERM,0,motor_temp,C,47.44
1769885098.5344095,ADC2,0,bus_voltage,V,10.173
1769885098.5851994,THERM,0,motor_temp,C,42.933
1769885098.6358843,ADC1,0,servo_1,A,1.381
1769885098.686722,ADC1,1,servo_2,A,0.987
1769885098.737108,ADC2,0,bus_voltage,V,11.812
1769885098.787909,THERM,0,motor_temp,C,59.505
1769885098.8382976,THERM,0,motor_temp,C,67.84
1769885098.8889174,ADC2,0,bus_voltage,V,10.704
1769885098.9393275,ADC1,1,servo_2,A,1.292
1769885098.990451,ADC1,0,servo_1,A,0.227
1769885099.0426984,ADC1,1,servo_2,A,1.998
1769885099.0936155,ADC1,0,servo_1,A,2.408
1769885099.144663,ADC1,1,servo_2,A,2.065
1769885099.1953995,ADC2,0,bus_voltage,V,12.579
1769885099.24595,THERM,0,motor_temp,C,30.693
1769885099.2970943,ADC1,1,servo_2,A,1.541
1769885099.3482876,ADC1,0,servo_1,A,1.018
1769885099.3987608,THERM,0,motor_temp,C,33.414
1769885099.4495685,ADC1,1,servo_2,A,1.497
1769885099.500377,ADC1,0,servo_1,A,2.21
1769885099.5511494,ADC2,0,bus_voltage,V,12.406
1769885099.6016304,ADC2,0,bus_voltage,V,10.197
1769885099.6524467,ADC2,0,bus_voltage,V,11.09
1769885099.7030945,ADC1,1,servo_2,A,1.279
1769885099.753656,ADC1,0,servo_1,A,0.547
1769885099.804243,THERM,0,motor_temp,C,46.137
1769885099.8550656,ADC1,1,servo_2,A,1.265
1769885099.9147594,ADC2,0,bus_voltage,V,11.486
1769885099.9654634,ADC1,1,servo_2,A,1.805
1769885100.0167344,ADC2,0,bus_voltage,V,11.887
1769885100.067679,ADC2,0,bus_voltage,V,11.28
1769885100.1180792,THERM,0,motor_temp,C,55.785
1769885100.1686337,ADC1,0,servo_1,A,0.942
1769885100.2190974,ADC1,0,servo_1,A,0.872
1769885100.2699885,THERM,0,motor_temp,C,56.432
1769885100.3204746,ADC1,1,servo_2,A,1.522
1769885100.3710296,ADC2,0,bus_voltage,V,12.519
1769885100.421851,THERM,0,motor_temp,C,37.077
1769885100.4726799,ADC1,0,servo_1,A,2.324
1769885100.5233746,ADC1,0,servo_1,A,2.04
1769885100.574136,ADC1,1,servo_2,A,1.758
1769885100.6246948,ADC1,1,servo_2,A,1.97
1769885100.6752908,ADC1,1,servo_2,A,0.511
1769885100.7259166,ADC2,0,bus_voltage,V,10.992
1769885100.7764764,ADC2,0,bus_voltage,V,10.854
1769885100.8271842,ADC2,0,bus_voltage,V,11.428
1769885100.877949,ADC1,0,servo_1,A,2.115
1769885100.9287148,THERM,0,motor_temp,C,55.994
1769885100.9793134,ADC1,0,servo_1,A,2.333
1769885101.0302937,THERM,0,motor_temp,C,67.293
1769885101.0814097,ADC1,0,servo_1,A,2.24
1769885101.1324728,ADC2,0,bus_voltage,V,12.262
1769885101.1849544,ADC1,1,servo_2,A,0.256
1769885101.237541,THERM,0,motor_temp,C,44.672
1769885101.2885306,ADC2,0,bus_voltage,V,10.321
1769885101.3394597,THERM,0,motor_temp,C,42.423
1769885101.3904867,ADC1,0,servo_1,A,1.948
1769885101.4417393,ADC1,0,servo_1,A,1.697
1769885101.492446,ADC1,0,servo_1,A,1.655
1769885101.5430448,ADC1,0,servo_1,A,0.872
1769885101.5934176,ADC1,0,servo_1,A,0.212
1769885101.64384,ADC1,0,servo_1,A,2.315
1769885101.6949403,THERM,0,motor_temp,C,59.575
1769885101.7456167,ADC2,0,bus_voltage,V,12.476
1769885101.796253,THERM,0,motor_temp,C,31.569
1769885101.8466315,ADC1,0,servo_1,A,0.877
1769885101.897295,ADC2,0,bus_voltage,V,11.146
1769885101.948469,ADC1,1,servo_2,A,0.359
1769885101.9992392,THERM,0,motor_temp,C,65.107
1769885102.050148,ADC1,0,servo_1,A,0.872
1769885102.100809,ADC2,0,bus_voltage,V,10.523
1769885102.1515336,ADC2,0,bus_voltage,V,11.12
1769885102.2020597,ADC2,0,bus_voltage,V,11.11
1769885102.2528896,ADC1,1,servo_2,A,1.598
1769885102.3037128,ADC1,0,servo_1,A,0.291
1769885102.354842,ADC1,0,servo_1,A,0.526
1769885102.4053872,ADC2,0,bus_voltage,V,12.139
1769885102.4565177,THERM,0,motor_temp,C,50.76
1769885102.5076375,ADC2,0,bus_voltage,V,11.698
1769885102.5591583,ADC1,0,servo_1,A,1.065
1769885102.610101,ADC1,0,servo_1,A,1.471
1769885102.6609008,ADC1,0,servo_1,A,0.342
1769885102.7117705,ADC2,0,bus_voltage,V,10.21
1769885102.7624,ADC1,1,servo_2,A,1.964
1769885102.813044,ADC2,0,bus_voltage,V,12.044
1769885102.8638372,ADC2,0,bus_voltage,V,10.672
1769885102.9147277,ADC1,1,servo_2,A,2.148
1769885102.9657395,ADC1,0,servo_1,A,1.933
1769885103.0165133,ADC1,1,servo_2,A,1.258
1769885103.0676894,THERM,0,motor_temp,C,54.07
1769885103.1183228,THERM,0,motor_temp,C,53.158
1769885103.1686988,ADC1,1,servo_2,A,1.695
1769885103.2192752,ADC2,0,bus_voltage,V,10.02
1769885103.2699463,ADC2,0,bus_voltage,V,10.996
1769885103.3206086,ADC2,0,bus_voltage,V,10.049
1769885103.3710394,ADC1,1,servo_2,A,0.688
1769885103.421739,THERM,0,motor_temp,C,58.63
1769885103.4724348,ADC1,1,servo_2,A,1.88
1769885103.5234115,ADC1,0,servo_1,A,0.521
1769885103.574858,THERM,0,motor_temp,C,44.541
1769885103.6256988,ADC1,0,servo_1,A,2.343
1769885103.6766253,ADC2,0,bus_voltage,V,11.557
1769885103.727494,THERM,0,motor_temp,C,42.169
1769885103.7781696,ADC2,0,bus_voltage,V,11.317
1769885103.8288302,ADC1,1,servo_2,A,2.153
1769885103.879735,ADC1,0,servo_1,A,1.604
1769885103.9307227,ADC2,0,bus_voltage,V,10.806
1769885103.9814382,ADC2,0,bus_voltage,V,11.915
1769885104.0322042,ADC1,0,servo_1,A,1.193
1769885104.0837615,ADC1,0,servo_1,A,2.497
1769885104.1345124,ADC1,0,servo_1,A,2.153
1769885104.1852522,ADC1,0,servo_1,A,1.39
1769885104.2361193,ADC1,0,servo_1,A,2.278
1769885104.286962,ADC2,0,bus_voltage,V,10.394
1769885104.3378007,ADC1,0,servo_1,A,0.768
1769885104.3881993,ADC1,0,servo_1,A,1.709
1769885104.4389083,THERM,0,motor_temp,C,58.142
1769885104.489547,ADC1,1,servo_2,A,1.949
1769885104.540293,ADC1,1,servo_2,A,1.898
1769885104.5908513,ADC1,1,servo_2,A,2.1
1769885104.641876,THERM,0,motor_temp,C,41.701
1769885104.6925552,ADC1,1,servo_2,A,1.544
1769885104.7440727,ADC1,0,servo_1,A,2.169
1769885104.7947943,ADC2,0,bus_voltage,V,12.032
1769885104.845582,ADC1,1,servo_2,A,1.293
1769885104.8961897,THERM,0,motor_temp,C,35.903
1769885104.946657,THERM,0,motor_temp,C,57.071
1769885104.999369,THERM,0,motor_temp,C,55.574
1769885105.0500345,ADC2,0,bus_voltage,V,10.333
1769885105.1011767,ADC1,1,servo_2,A,0.599
1769885105.1518235,ADC1,0,servo_1,A,0.924
1769885105.2026043,ADC1,0,servo_1,A,2.188
1769885105.2531073,ADC1,0,servo_1,A,2.244
1769885105.3035457,ADC1,1,servo_2,A,2.243
1769885105.354107,THERM,0,motor_temp,C,64.315
1769885105.4048665,ADC1,0,servo_1,A,1.209
1769885105.4556067,ADC1,1,servo_2,A,2.457
1769885105.5064473,ADC1,0,servo_1,A,0.673
1769885105.557905,ADC1,1,servo_2,A,1.281
1769885105.6087918,THERM,0,motor_temp,C,36.989
1769885105.659625,ADC1,0,servo_1,A,1.735
1769885105.7100163,ADC2,0,bus_voltage,V,10.209
1769885105.7605758,ADC2,0,bus_voltage,V,10.714
1769885105.811584,ADC1,0,servo_1,A,1.209
1769885105.862385,ADC1,1,servo_2,A,1.86
1769885105.9129007,ADC1,1,servo_2,A,0.282
1769885105.9635963,ADC1,0,servo_1,A,0.319
1769885106.014496,ADC1,1,servo_2,A,1.341
1769885106.0651872,THERM,0,motor_temp,C,54.218
1769885106.1157186,THERM,0,motor_temp,C,29.092
1769885106.1663103,THERM,0,motor_temp,C,56.496
1769885106.2170775,ADC2,0,bus_voltage,V,10.642
1769885106.26782,ADC1,0,servo_1,A,1.88
1769885106.3182864,ADC1,1,servo_2,A,2.396
1769885106.3687887,ADC1,0,servo_1,A,1.894
1769885106.4194813,ADC1,0,servo_1,A,2.165
1769885106.4699373,THERM,0,motor_temp,C,49.374
1769885106.520654,ADC1,0,servo_1,A,0.619
1769885106.5713308,THERM,0,motor_temp,C,30.607
1769885106.6220243,THERM,0,motor_temp,C,63.115
1769885106.6728702,THERM,0,motor_temp,C,34.966
1769885106.723411,ADC1,0,servo_1,A,2.343
1769885106.7743201,ADC1,0,servo_1,A,0.363
1769885106.8250375,ADC1,0,servo_1,A,0.387
1769885106.8754952,ADC2,0,bus_voltage,V,10.564
1769885106.92622,ADC1,0,servo_1,A,2.0
1769885106.9767056,ADC1,1,servo_2,A,0.689
1769885107.0271537,ADC1,0,servo_1,A,0.701
1769885107.0777135,ADC2,0,bus_voltage,V,11.168
1769885107.1282065,THERM,0,motor_temp,C,28.462
1769885107.1789975,ADC1,1,servo_2,A,1.89
1769885107.2294025,ADC2,0,bus_voltage,V,10.429
1769885107.2802277,ADC1,0,servo_1,A,0.437
1769885107.3309805,ADC2,0,bus_voltage,V,10.043
1769885107.3817255,ADC2,0,bus_voltage,V,11.014
1769885107.432632,THERM,0,motor_temp,C,41.732
1769885107.4830785,THERM,0,motor_temp,C,61.041
1769885107.5336206,ADC1,1,servo_2,A,2.276
1769885107.5843909,ADC1,1,servo_2,A,0.62
1769885107.63504,ADC1,0,servo_1,A,1.664
1769885107.6854227,ADC1,0,servo_1,A,0.454
1769885107.7359273,ADC1,0,servo_1,A,2.279
1769885107.7862976,ADC2,0,bus_voltage,V,12.1
1769885107.8367698,THERM,0,motor_temp,C,37.951
1769885107.8874583,ADC1,1,servo_2,A,0.848
1769885107.9379842,ADC1,1,servo_2,A,1.808
1769885107.9885957,ADC2,0,bus_voltage,V,11.654
1769885108.0393128,ADC2,0,bus_voltage,V,12.535
1769885108.0896735,THERM,0,motor_temp,C,39.966
1769885108.140331,ADC1,1,servo_2,A,1.725
1769885108.190788,ADC2,0,bus_voltage,V,12.219
1769885108.2415473,ADC1,1,servo_2,A,2.489
1769885108.292298,ADC1,0,servo_1,A,1.892
1769885108.3426547,ADC1,0,servo_1,A,1.219
1769885108.3934057,ADC2,0,bus_voltage,V,12.181
1769885108.4438891,ADC1,1,servo_2,A,0.437
1769885108.494386,ADC1,0,servo_1,A,1.383
1769885108.5451643,THERM,0,motor_temp,C,62.898
1769885108.5956728,ADC1,0,servo_1,A,1.834
1769885108.6460915,ADC2,0,bus_voltage,V,12.025
1769885108.6967883,ADC1,1,servo_2,A,0.627
1769885108.7475877,ADC2,0,bus_voltage,V,10.087
1769885108.7984114,ADC1,1,servo_2,A,0.752
1769885108.8487759,ADC1,1,servo_2,A,0.38
1769885108.89913,THERM,0,motor_temp,C,59.931
1769885108.9496078,ADC1,0,servo_1,A,0.364
1769885109.000309,ADC1,1,servo_2,A,1.742
1769885109.0509677,ADC1,1,servo_2,A,1.318
1769885109.1014888,ADC1,1,servo_2,A,2.151
1769885109.1523886,ADC2,0,bus_voltage,V,12.42
1769885109.2029104,ADC2,0,bus_voltage,V,12.551
1769885109.2536905,ADC1,1,servo_2,A,1.483
1769885109.30428,ADC2,0,bus_voltage,V,11.638
1769885109.354865,THERM,0,motor_temp,C,67.482
1769885109.4057968,ADC1,1,servo_2,A,0.27
1769885109.456434,THERM,0,motor_temp,C,60.826
1769885109.5070853,ADC2,0,bus_voltage,V,11.202
1769885109.5577435,ADC2,0,bus_voltage,V,10.344
1769885109.6084962,THERM,0,motor_temp,C,31.744
1769885109.658954,ADC1,1,servo_2,A,0.387
1769885109.7097826,ADC1,0,servo_1,A,1.009
1769885109.7601311,ADC1,0,servo_1,A,2.075
1769885109.8109124,ADC1,1,servo_2,A,1.676
1769885109.8614144,ADC2,0,bus_voltage,V,11.683
1769885109.9119263,ADC1,1,servo_2,A,0.805
1769885109.9625874,ADC2,0,bus_voltage,V,10.339
1769885110.013172,ADC1,1,servo_2,A,1.631
1769885110.0639548,THERM,0,motor_temp,C,68.429
1769885110.115187,ADC2,0,bus_voltage,V,11.299
1769885110.1687074,ADC1,1,servo_2,A,1.336
1769885110.2204895,ADC1,1,servo_2,A,1.801
1769885110.2716851,ADC1,1,servo_2,A,1.078
1769885110.3222172,ADC1,1,servo_2,A,0.217
1769885110.3727393,ADC1,0,servo_1,A,0.626
1769885110.423467,THERM,0,motor_temp,C,54.387
1769885110.4739585,ADC2,0,bus_voltage,V,11.281
1769885110.524564,ADC2,0,bus_voltage,V,12.464
1769885110.5749447,THERM,0,motor_temp,C,28.236
1769885110.6255727,ADC1,0,servo_1,A,2.404
1769885110.6760802,ADC1,0,servo_1,A,0.415
1769885110.7265902,ADC2,0,bus_voltage,V,10.501
1769885110.777197,ADC1,0,servo_1,A,1.869
1769885110.8276384,ADC2,0,bus_voltage,V,10.144
1769885110.8780446,ADC2,0,bus_voltage,V,12.055
1769885110.9284995,THERM,0,motor_temp,C,66.995
1769885110.9795969,THERM,0,motor_temp,C,43.765
1769885111.0300596,THERM,0,motor_temp,C,63.927
1769885111.0820155,ADC2,0,bus_voltage,V,11.927
1769885111.1329427,ADC2,0,bus_voltage,V,11.621
1769885111.1833985,ADC1,1,servo_2,A,0.966
1769885111.2339928,THERM,0,motor_temp,C,47.379
1769885111.2849753,ADC1,0,servo_1,A,1.359
1769885111.3354313,ADC2,0,bus_voltage,V,10.671
1769885111.3864138,ADC1,1,servo_2,A,0.443
1769885111.4371488,ADC1,0,servo_1,A,1.733
1769885111.4876714,THERM,0,motor_temp,C,33.624
1769885111.5391197,ADC2,0,bus_voltage,V,10.044
1769885111.5900908,ADC1,1,servo_2,A,1.048
1769885111.6442513,THERM,0,motor_temp,C,67.953
1769885111.6946907,THERM,0,motor_temp,C,48.493
1769885111.7454574,ADC1,0,servo_1,A,1.211
1769885111.7962904,ADC1,0,servo_1,A,1.603
1769885111.8513072,ADC2,0,bus_voltage,V,11.097
1769885111.9021826,ADC1,0,servo_1,A,0.63
1769885111.953291,ADC1,1,servo_2,A,0.729
1769885112.0055158,THERM,0,motor_temp,C,42.404
1769885112.0564854,THERM,0,motor_temp,C,67.022
1769885112.106988,THERM,0,motor_temp,C,44.133
1769885112.1576476,ADC1,1,servo_2,A,2.246
1769885112.2091823,ADC2,0,bus_voltage,V,10.618
1769885112.260094,ADC1,1,servo_2,A,2.168
1769885112.3108811,ADC2,0,bus_voltage,V,10.087
1769885112.3616712,THERM,0,motor_temp,C,66.396
1769885112.4124038,ADC1,0,servo_1,A,0.999
1769885112.4631627,ADC2,0,bus_voltage,V,12.361
1769885112.5137396,THERM,0,motor_temp,C,54.659
1769885112.565746,ADC2,0,bus_voltage,V,10.822
1769885112.6166072,THERM,0,motor_temp,C,36.389
1769885112.6674933,ADC2,0,bus_voltage,V,11.205
1769885112.7181265,THERM,0,motor_temp,C,62.914
1769885112.768894,ADC1,1,servo_2,A,2.161
1769885112.8192825,THERM,0,motor_temp,C,62.537
1769885112.8697107,ADC2,0,bus_voltage,V,10.321
1769885112.920324,ADC2,0,bus_voltage,V,10.122
1769885112.9711857,ADC2,0,bus_voltage,V,10.798
1769885113.0219986,ADC1,0,servo_1,A,1.174
1769885113.0730822,ADC2,0,bus_voltage,V,11.031
1769885113.1237638,THERM,0,motor_temp,C,39.322
1769885113.1755414,THERM,0,motor_temp,C,52.258
1769885113.2264338,ADC1,1,servo_2,A,1.574
1769885113.276925,THERM,0,motor_temp,C,63.733
1769885113.3277447,ADC1,0,servo_1,A,1.761
1769885113.378312,ADC1,1,servo_2,A,0.516
1769885113.429088,ADC1,0,servo_1,A,1.602
1769885113.4796891,THERM,0,motor_temp,C,46.048
1769885113.5304048,ADC1,1,servo_2,A,1.715
1769885113.5822093,ADC1,0,servo_1,A,0.936
1769885113.6332304,ADC1,1,servo_2,A,2.177
1769885113.6840885,ADC1,0,servo_1,A,0.462
1769885113.7348208,THERM,0,motor_temp,C,39.758
1769885113.7856083,ADC2,0,bus_voltage,V,11.709
1769885113.8359993,ADC2,0,bus_voltage,V,12.273
1769885113.8869593,ADC1,1,servo_2,A,1.309
1769885113.9375525,ADC1,0,servo_1,A,1.37
1769885113.9882517,ADC1,0,servo_1,A,1.549
1769885114.038646,THERM,0,motor_temp,C,54.42
1769885114.0895362,THERM,0,motor_temp,C,50.384
1769885114.1402216,ADC1,0,servo_1,A,1.141
1769885114.1910102,ADC2,0,bus_voltage,V,12.022
1769885114.241992,THERM,0,motor_temp,C,61.917
1769885114.2923653,THERM,0,motor_temp,C,57.741
1769885114.344335,ADC1,0,servo_1,A,0.342
1769885114.3952408,ADC1,0,servo_1,A,0.858
1769885114.4458485,THERM,0,motor_temp,C,42.711
1769885114.496496,ADC1,0,servo_1,A,2.224
1769885114.5472896,ADC1,1,servo_2,A,1.408
1769885114.5982616,ADC1,0,servo_1,A,2.452
1769885114.6511455,ADC1,1,servo_2,A,1.046
1769885114.7026389,ADC1,0,servo_1,A,0.902
1769885114.753299,ADC2,0,bus_voltage,V,10.594
1769885114.8040986,ADC1,1,servo_2,A,0.893
1769885114.8550005,ADC2,0,bus_voltage,V,11.229
1769885114.9056256,ADC2,0,bus_voltage,V,10.489
1769885114.9619179,ADC1,0,servo_1,A,2.496
1769885115.0125504,ADC1,0,servo_1,A,1.722
1769885115.0634022,ADC1,0,servo_1,A,1.173
1769885115.1141684,ADC1,0,servo_1,A,1.002
1769885115.1651886,ADC1,1,servo_2,A,2.185
1769885115.2173495,ADC2,0,bus_voltage,V,10.422
1769885115.2681952,ADC1,0,servo_1,A,1.313
1769885115.3185513,ADC2,0,bus_voltage,V,10.726
1769885115.3693845,ADC1,0,servo_1,A,1.978
1769885115.4201932,ADC1,0,servo_1,A,1.083
1769885115.470936,ADC1,0,servo_1,A,2.073
1769885115.5214245,ADC1,0,servo_1,A,1.1
1769885115.5722332,THERM,0,motor_temp,C,64.08
1769885115.6228218,ADC2,0,bus_voltage,V,10.924
1769885115.673267,THERM,0,motor_temp,C,65.633
1769885115.7239351,THERM,0,motor_temp,C,31.039
1769885115.7744222,THERM,0,motor_temp,C,37.284
1769885115.8249886,ADC1,1,servo_2,A,0.728
1769885115.8759623,ADC2,0,bus_voltage,V,11.403
1769885115.9265218,THERM,0,motor_temp,C,34.963
1769885115.9772415,ADC2,0,bus_voltage,V,12.499
1769885116.0281162,ADC1,1,servo_2,A,1.873
1769885116.0790732,THERM,0,motor_temp,C,28.5
1769885116.129589,ADC2,0,bus_voltage,V,10.04
1769885116.1809738,ADC2,0,bus_voltage,V,10.042
1769885116.232287,ADC1,0,servo_1,A,0.82
1769885116.2832987,ADC2,0,bus_voltage,V,11.89
1769885116.3340287,THERM,0,motor_temp,C,47.831
1769885116.3844223,THERM,0,motor_temp,C,45.022
1769885116.4351768,ADC1,1,servo_2,A,0.755
1769885116.4861412,ADC1,0,servo_1,A,1.53
1769885116.536737,ADC1,1,servo_2,A,0.541
1769885116.5874002,ADC1,0,servo_1,A,0.901
1769885116.6397073,ADC1,1,servo_2,A,1.515
1769885116.6908562,ADC1,1,servo_2,A,1.659
1769885116.7413945,ADC1,1,servo_2,A,1.105
1769885116.7922833,THERM,0,motor_temp,C,69.509
1769885116.8427007,ADC1,1,servo_2,A,1.008
1769885116.8931317,THERM,0,motor_temp,C,63.245
1769885116.9437363,THERM,0,motor_temp,C,38.903
1769885116.9945855,ADC2,0,bus_voltage,V,12.46
1769885117.0449903,ADC2,0,bus_voltage,V,11.216
1769885117.095946,ADC1,1,servo_2,A,1.667
1769885117.147336,ADC2,0,bus_voltage,V,12.336
1769885117.1978974,ADC1,1,servo_2,A,1.07
1769885117.2490947,ADC1,0,servo_1,A,0.562
1769885117.2998888,ADC1,1,servo_2,A,1.758
1769885117.350414,ADC2,0,bus_voltage,V,10.534
1769885117.4010904,ADC1,1,servo_2,A,1.632
1769885117.4518375,ADC1,1,servo_2,A,0.339
1769885117.5024626,THERM,0,motor_temp,C,53.22
1769885117.5530996,THERM,0,motor_temp,C,60.74
1769885117.60405,THERM,0,motor_temp,C,36.106
1769885117.6546817,ADC1,1,servo_2,A,2.491
1769885117.7054253,ADC1,0,servo_1,A,1.433
1769885117.7559733,ADC2,0,bus_voltage,V,12.262
1769885117.8065224,ADC1,1,servo_2,A,0.87
1769885117.8614576,ADC1,0,servo_1,A,0.84
1769885117.9123702,ADC1,1,servo_2,A,0.43
1769885117.9632118,ADC1,0,servo_1,A,1.186
1769885118.0152926,ADC1,0,servo_1,A,2.462
1769885118.066331,ADC1,1,servo_2,A,1.637
1769885118.117337,THERM,0,motor_temp,C,46.211
1769885118.1684635,ADC1,1,servo_2,A,1.568
1769885118.2196631,THERM,0,motor_temp,C,60.486
1769885118.2701972,ADC2,0,bus_voltage,V,12.537
1769885118.3208835,ADC2,0,bus_voltage,V,12.304
1769885118.3713999,ADC2,0,bus_voltage,V,11.483
1769885118.422429,ADC2,0,bus_voltage,V,12.469
1769885118.4731798,ADC1,0,servo_1,A,2.164
1769885118.5238352,THERM,0,motor_temp,C,51.638
1769885118.574502,ADC1,0,servo_1,A,1.422
1769885118.6252897,ADC1,1,servo_2,A,1.455
1769885118.6758068,ADC2,0,bus_voltage,V,10.416
1769885118.726753,THERM,0,motor_temp,C,63.869
1769885118.7775047,ADC1,0,servo_1,A,2.105
1769885118.8284945,THERM,0,motor_temp,C,54.458
1769885118.8792052,THERM,0,motor_temp,C,63.104
1769885118.9299746,ADC1,0,servo_1,A,2.498
1769885118.9807227,THERM,0,motor_temp,C,28.14
1769885119.0312655,ADC1,0,servo_1,A,0.934
1769885119.0818038,ADC1,0,servo_1,A,1.377
1769885119.1327655,ADC2,0,bus_voltage,V,12.112
1769885119.1836274,ADC1,0,servo_1,A,1.297
1769885119.2344444,ADC1,1,servo_2,A,1.403
1769885119.2849283,THERM,0,motor_temp,C,69.735
1769885119.3356044,ADC2,0,bus_voltage,V,11.884
1769885119.3864202,ADC2,0,bus_voltage,V,12.263
1769885119.4369802,ADC1,0,servo_1,A,0.772
1769885119.4878747,ADC1,0,servo_1,A,1.53
1769885119.5385714,ADC2,0,bus_voltage,V,11.592
1769885119.5890608,ADC2,0,bus_voltage,V,11.722
1769885119.6398654,ADC2,0,bus_voltage,V,11.913
1769885119.690827,ADC2,0,bus_voltage,V,12.28
1769885119.7416487,ADC1,1,servo_2,A,2.409
1769885119.7927945,ADC2,0,bus_voltage,V,11.435
1769885119.8433938,THERM,0,motor_temp,C,45.969
1769885119.8940303,THERM,0,motor_temp,C,60.604
1769885119.9445753,ADC2,0,bus_voltage,V,10.277
1769885119.994998,ADC2,0,bus_voltage,V,10.491
1769885120.046175,ADC1,0,servo_1,A,0.731
1769885120.097252,ADC1,0,servo_1,A,0.844
1769885120.1481397,ADC2,0,bus_voltage,V,12.365
1769885120.1991475,THERM,0,motor_temp,C,57.291
1769885120.2496784,ADC1,0,servo_1,A,1.629
1769885120.3008506,THERM,0,motor_temp,C,69.243
1769885120.3539972,ADC2,0,bus_voltage,V,11.363
1769885120.4047353,THERM,0,motor_temp,C,56.907
1769885120.4554682,ADC1,0,servo_1,A,1.093
1769885120.5063245,ADC2,0,bus_voltage,V,11.395
1769885120.5572357,ADC2,0,bus_voltage,V,11.208
1769885120.6085072,ADC2,0,bus_voltage,V,10.354
1769885120.6592968,ADC1,1,servo_2,A,0.749
1769885120.7098396,THERM,0,motor_temp,C,55.278
1769885120.7620668,THERM,0,motor_temp,C,29.557
1769885120.8133173,ADC1,0,servo_1,A,0.888
1769885120.8639803,THERM,0,motor_temp,C,46.861
1769885120.9145377,ADC1,0,servo_1,A,2.303
1769885120.9655573,ADC1,0,servo_1,A,1.839
1769885121.016729,THERM,0,motor_temp,C,35.461
1769885121.067636,ADC2,0,bus_voltage,V,11.727
1769885121.1183085,THERM,0,motor_temp,C,30.861
1769885121.169418,ADC2,0,bus_voltage,V,10.865
1769885121.2202053,ADC1,1,servo_2,A,1.455
1769885121.2710743,ADC1,1,servo_2,A,1.825
1769885121.3217075,ADC2,0,bus_voltage,V,12.081
1769885121.3721623,ADC1,1,servo_2,A,1.698
1769885121.4226832,THERM,0,motor_temp,C,25.706
1769885121.4734619,THERM,0,motor_temp,C,36.751
1769885121.5239084,ADC1,1,servo_2,A,2.009
1769885121.5745049,ADC1,0,servo_1,A,2.426
1769885121.6251092,ADC1,1,servo_2,A,2.451
1769885121.6756241,THERM,0,motor_temp,C,63.842
1769885121.726537,ADC1,0,servo_1,A,1.651
1769885121.7771544,ADC1,1,servo_2,A,1.476
1769885121.8279462,ADC1,0,servo_1,A,2.436
1769885121.8785682,ADC2,0,bus_voltage,V,11.073
1769885121.9291794,ADC1,1,servo_2,A,0.95
1769885121.980096,ADC1,0,servo_1,A,1.678
1769885122.0308347,ADC1,0,servo_1,A,1.852
1769885122.0815573,THERM,0,motor_temp,C,47.655
1769885122.13266,ADC2,0,bus_voltage,V,12.388
1769885122.1856081,ADC1,0,servo_1,A,0.407
1769885122.2367537,ADC1,1,servo_2,A,1.561
1769885122.2872212,ADC1,1,servo_2,A,0.661
1769885122.3381546,ADC2,0,bus_voltage,V,12.375
1769885122.388949,ADC2,0,bus_voltage,V,10.048
1769885122.4398212,THERM,0,motor_temp,C,26.892
1769885122.4911277,ADC1,0,servo_1,A,0.767
1769885122.5422568,THERM,0,motor_temp,C,43.148
1769885122.5929654,ADC1,0,servo_1,A,1.588
1769885122.6439908,ADC1,1,servo_2,A,1.142
1769885122.695411,ADC2,0,bus_voltage,V,11.917
1769885122.7470672,THERM,0,motor_temp,C,32.634
1769885122.7983181,THERM,0,motor_temp,C,50.58
1769885122.849579,ADC1,0,servo_1,A,2.215
1769885122.9005485,ADC1,0,servo_1,A,0.687
1769885122.9510865,THERM,0,motor_temp,C,42.39
1769885123.0020938,ADC1,1,servo_2,A,1.507
1769885123.069884,THERM,0,motor_temp,C,51.853
1769885123.1209967,ADC2,0,bus_voltage,V,12.404
1769885123.171919,ADC1,1,servo_2,A,0.204
1769885123.223097,ADC2,0,bus_voltage,V,11.596
1769885123.2742355,THERM,0,motor_temp,C,44.575
1769885123.3253305,ADC1,1,servo_2,A,2.327
1769885123.3761158,ADC2,0,bus_voltage,V,12.328
1769885123.4271357,THERM,0,motor_temp,C,47.884
1769885123.477699,ADC2,0,bus_voltage,V,11.922
1769885123.5285702,THERM,0,motor_temp,C,46.513
1769885123.583391,ADC1,1,servo_2,A,2.458
1769885123.6347926,ADC1,1,servo_2,A,2.287
1769885123.6873293,ADC1,0,servo_1,A,0.533
1769885123.7383509,THERM,0,motor_temp,C,63.308
1769885123.7890756,ADC2,0,bus_voltage,V,10.273
1769885123.8396933,ADC2,0,bus_voltage,V,10.82
1769885123.8905299,ADC1,1,servo_2,A,1.714
1769885123.9412096,ADC2,0,bus_voltage,V,11.581
1769885123.9918802,ADC1,1,servo_2,A,0.446
1769885124.044265,ADC1,1,servo_2,A,1.625
1769885124.0950818,ADC1,1,servo_2,A,1.248
1769885124.146385,THERM,0,motor_temp,C,55.267
1769885124.197362,ADC1,0,servo_1,A,0.453
1769885124.249937,ADC1,1,servo_2,A,2.034
1769885124.301461,THERM,0,motor_temp,C,31.715
1769885124.352874,THERM,0,motor_temp,C,33.508
1769885124.403636,ADC2,0,bus_voltage,V,11.027
1769885124.4543767,ADC1,1,servo_2,A,2.331
1769885124.5047653,ADC2,0,bus_voltage,V,12.041
1769885124.5553963,ADC2,0,bus_voltage,V,12.059
1769885124.606194,ADC1,0,servo_1,A,0.51
1769885124.6571453,ADC2,0,bus_voltage,V,11.317
1769885124.7075868,ADC1,1,servo_2,A,0.633
1769885124.7584522,ADC1,1,servo_2,A,1.414
1769885124.809222,THERM,0,motor_temp,C,51.372
1769885124.8599005,ADC1,1,servo_2,A,1.245
1769885124.9103098,ADC1,1,servo_2,A,1.562
1769885124.9608657,ADC1,1,servo_2,A,1.508
1769885125.0113437,ADC1,0,servo_1,A,1.836
1769885125.062237,THERM,0,motor_temp,C,27.493
1769885125.113186,ADC1,1,servo_2,A,1.186
1769885125.1957815,THERM,0,motor_temp,C,30.363
1769885125.2488983,ADC1,1,servo_2,A,1.455
1769885125.3000083,THERM,0,motor_temp,C,42.824
1769885125.3507962,ADC1,1,servo_2,A,1.566
1769885125.401964,ADC1,0,servo_1,A,1.046
1769885125.4531467,ADC1,1,servo_2,A,2.353
1769885125.504766,ADC1,1,servo_2,A,0.52
1769885125.5555487,ADC1,0,servo_1,A,1.268
1769885125.6063747,ADC1,0,servo_1,A,0.646
1769885125.6574068,ADC1,0,servo_1,A,2.394
1769885125.7081368,ADC1,1,servo_2,A,0.447
1769885125.7588744,ADC2,0,bus_voltage,V,11.426
1769885125.8094447,ADC1,0,servo_1,A,0.29
1769885125.8602464,ADC2,0,bus_voltage,V,10.155
1769885125.9108944,ADC1,0,servo_1,A,2.28
1769885125.961372,ADC1,0,servo_1,A,1.378
1769885126.012587,ADC1,1,servo_2,A,0.331
1769885126.0630236,THERM,0,motor_temp,C,40.606
1769885126.1135755,ADC1,1,servo_2,A,1.473
1769885126.1646416,ADC2,0,bus_voltage,V,11.625
1769885126.2152987,THERM,0,motor_temp,C,30.863
1769885126.2667959,THERM,0,motor_temp,C,51.445
1769885126.3218248,ADC2,0,bus_voltage,V,12.071
1769885126.3725863,ADC2,0,bus_voltage,V,11.834
1769885126.4236357,ADC1,0,servo_1,A,1.791
1769885126.4744785,ADC2,0,bus_voltage,V,11.74
1769885126.526788,THERM,0,motor_temp,C,65.243
1769885126.577516,ADC1,1,servo_2,A,0.934
1769885126.6281877,ADC1,1,servo_2,A,0.551
1769885126.6787372,ADC1,1,servo_2,A,0.922
1769885126.7295394,ADC2,0,bus_voltage,V,11.47
1769885126.7804172,ADC1,1,servo_2,A,1.684
1769885126.8315551,ADC1,1,servo_2,A,2.034
1769885126.8822174,ADC2,0,bus_voltage,V,11.322
1769885126.9329052,ADC1,0,servo_1,A,2.251
1769885126.9837613,ADC1,0,servo_1,A,2.365
1769885127.0345583,ADC1,0,servo_1,A,1.64
1769885127.0855994,ADC1,0,servo_1,A,2.452
1769885127.1368182,THERM,0,motor_temp,C,43.561
1769885127.1876311,ADC2,0,bus_voltage,V,11.595
1769885127.2380662,ADC2,0,bus_voltage,V,10.837
1769885127.2947266,ADC2,0,bus_voltage,V,10.193
1769885127.3453515,ADC2,0,bus_voltage,V,12.276
1769885127.396266,ADC1,0,servo_1,A,1.22
1769885127.448668,ADC1,0,servo_1,A,1.74
1769885127.499687,ADC1,1,servo_2,A,2.276
1769885127.550317,ADC1,1,servo_2,A,0.918
1769885127.6008337,THERM,0,motor_temp,C,68.402
1769885127.651329,THERM,0,motor_temp,C,52.716
1769885127.7017934,THERM,0,motor_temp,C,46.101
1769885127.7526715,ADC2,0,bus_voltage,V,10.345
1769885127.8037975,ADC2,0,bus_voltage,V,10.668
1769885127.854584,THERM,0,motor_temp,C,58.978
1769885127.9050896,THERM,0,motor_temp,C,49.42
1769885127.9557195,ADC2,0,bus_voltage,V,11.59
1769885128.006159,ADC1,0,servo_1,A,1.183
1769885128.0570648,ADC2,0,bus_voltage,V,11.855
1769885128.1074774,ADC1,0,servo_1,A,0.674
1769885128.1583593,ADC1,0,servo_1,A,1.823
1769885128.2092423,ADC1,1,servo_2,A,1.728
1769885128.2597187,ADC1,1,servo_2,A,0.412
1769885128.310442,ADC2,0,bus_voltage,V,10.98
1769885128.3612192,ADC1,0,servo_1,A,1.215
1769885128.4118526,ADC1,0,servo_1,A,0.959
1769885128.462337,THERM,0,motor_temp,C,38.998
1769885128.5127795,ADC2,0,bus_voltage,V,10.391
1769885128.563231,ADC2,0,bus_voltage,V,11.261
1769885128.6139064,ADC2,0,bus_voltage,V,11.971
1769885128.6644826,ADC1,1,servo_2,A,2.071
1769885128.7151995,ADC2,0,bus_voltage,V,11.406
1769885128.7660747,ADC2,0,bus_voltage,V,10.393
1769885128.816587,ADC1,1,servo_2,A,1.424
1769885128.8671963,ADC1,1,servo_2,A,1.195
1769885128.9178493,ADC1,1,servo_2,A,0.64
1769885128.9685345,ADC1,0,servo_1,A,2.026
1769885129.0195951,ADC1,1,servo_2,A,2.191
1769885129.0703032,ADC2,0,bus_voltage,V,11.249
1769885129.1207416,ADC1,0,servo_1,A,2.335
1769885129.1712558,ADC2,0,bus_voltage,V,12.206
1769885129.222105,ADC1,1,servo_2,A,0.599
1769885129.2726567,ADC2,0,bus_voltage,V,10.883
1769885129.3234859,ADC2,0,bus_voltage,V,10.83
1769885129.3742802,THERM,0,motor_temp,C,39.22
1769885129.425192,ADC1,0,servo_1,A,1.926
1769885129.4757712,THERM,0,motor_temp,C,34.433
1769885129.5264177,ADC1,0,servo_1,A,2.445
1769885129.576843,THERM,0,motor_temp,C,27.709
1769885129.6278505,THERM,0,motor_temp,C,25.153
1769885129.6786942,ADC1,1,servo_2,A,2.307
1769885129.729537,ADC1,0,servo_1,A,0.287
1769885129.7801652,ADC1,0,servo_1,A,1.87
1769885129.8306468,THERM,0,motor_temp,C,63.383
1769885129.881204,ADC1,0,servo_1,A,0.564
1769885129.9323845,ADC1,1,servo_2,A,2.482
1769885129.9830294,ADC1,0,servo_1,A,1.895
1769885130.0337899,ADC2,0,bus_voltage,V,12.204
1769885130.0843854,ADC2,0,bus_voltage,V,11.697
1769885130.135145,ADC2,0,bus_voltage,V,10.689
1769885130.185544,ADC2,0,bus_voltage,V,11.894
1769885130.2359314,ADC2,0,bus_voltage,V,11.829
1769885130.2864046,ADC2,0,bus_voltage,V,10.274
1769885130.3369832,ADC2,0,bus_voltage,V,10.586
1769885130.3877804,ADC1,1,servo_2,A,1.444
1769885130.4383955,ADC1,1,servo_2,A,0.997
1769885130.4889538,ADC1,1,servo_2,A,0.991
1769885130.539562,ADC1,0,servo_1,A,2.083
1769885130.5903208,ADC2,0,bus_voltage,V,11.231
1769885130.6410472,THERM,0,motor_temp,C,62.17
1769885130.6916375,THERM,0,motor_temp,C,38.194
1769885130.7426004,ADC2,0,bus_voltage,V,12.431
1769885130.7932038,ADC2,0,bus_voltage,V,10.934
1769885130.8437243,THERM,0,motor_temp,C,55.305
1769885130.8943264,ADC2,0,bus_voltage,V,10.047
1769885130.9452116,THERM,0,motor_temp,C,31.398
1769885130.9959338,THERM,0,motor_temp,C,41.482
1769885131.0465088,ADC2,0,bus_voltage,V,11.866
1769885131.097209,ADC1,1,servo_2,A,1.055
1769885131.1479852,ADC1,1,servo_2,A,1.015
1769885131.1984696,ADC1,0,servo_1,A,0.362
1769885131.2492282,THERM,0,motor_temp,C,53.134
1769885131.3002903,ADC1,0,servo_1,A,0.778
1769885131.352307,ADC2,0,bus_voltage,V,11.446
1769885131.402847,THERM,0,motor_temp,C,66.844
1769885131.45338,ADC1,0,servo_1,A,0.467
1769885131.5041878,ADC1,1,servo_2,A,2.29
1769885131.5549212,ADC1,0,servo_1,A,1.214
1769885131.6056907,ADC1,0,servo_1,A,2.468
1769885131.6561522,ADC1,1,servo_2,A,2.212
1769885131.7069626,THERM,0,motor_temp,C,63.49
1769885131.7577963,ADC1,0,servo_1,A,1.406
1769885131.8084383,ADC1,0,servo_1,A,0.624
1769885131.859269,ADC1,1,servo_2,A,1.17
1769885131.9101026,ADC1,1,servo_2,A,0.639
1769885131.960715,ADC2,0,bus_voltage,V,11.039
1769885132.0112216,THERM,0,motor_temp,C,43.533
1769885132.0620825,ADC1,1,servo_2,A,0.42
1769885132.1132689,ADC1,1,servo_2,A,1.042
1769885132.1641297,THERM,0,motor_temp,C,34.487
1769885132.2145877,ADC2,0,bus_voltage,V,10.434
1769885132.2656584,ADC1,1,servo_2,A,0.277
1769885132.316231,ADC1,1,servo_2,A,2.428
1769885132.366783,ADC1,1,servo_2,A,2.477
1769885132.41709,ADC1,1,servo_2,A,1.755
1769885132.4678042,ADC1,1,servo_2,A,2.099
1769885132.5183492,ADC1,1,servo_2,A,1.279
1769885132.5690577,ADC1,0,servo_1,A,1.959
1769885132.6196208,THERM,0,motor_temp,C,33.505
1769885132.67023,ADC2,0,bus_voltage,V,11.395
1769885132.7211933,ADC1,1,servo_2,A,0.332
1769885132.7716494,THERM,0,motor_temp,C,59.203
1769885132.8225112,ADC1,0,servo_1,A,0.244
1769885132.87336,ADC2,0,bus_voltage,V,10.306
1769885132.9239357,ADC2,0,bus_voltage,V,12.286
1769885132.975231,ADC1,1,servo_2,A,1.643
1769885133.0258515,ADC1,0,servo_1,A,0.257
1769885133.076521,ADC2,0,bus_voltage,V,10.339
1769885133.1269798,ADC1,1,servo_2,A,1.076
1769885133.1777976,THERM,0,motor_temp,C,46.826
1769885133.2287648,ADC2,0,bus_voltage,V,11.557
1769885133.2795055,THERM,0,motor_temp,C,55.172
1769885133.3306234,ADC1,1,servo_2,A,1.26
1769885133.3824131,ADC1,0,servo_1,A,1.756
1769885133.4332957,ADC1,1,servo_2,A,1.855
1769885133.4842067,ADC1,1,servo_2,A,2.17
1769885133.5347295,ADC1,1,servo_2,A,0.416
1769885133.5851462,ADC2,0,bus_voltage,V,12.196
1769885133.6363204,THERM,0,motor_temp,C,52.431
1769885133.6868742,ADC2,0,bus_voltage,V,11.491
1769885133.737613,ADC1,0,servo_1,A,0.245
1769885133.7881744,THERM,0,motor_temp,C,38.305
1769885133.838695,ADC1,0,servo_1,A,1.308
1769885133.890375,ADC2,0,bus_voltage,V,11.853
1769885133.941306,ADC2,0,bus_voltage,V,10.882
1769885133.9919262,ADC1,1,servo_2,A,1.643
1769885134.0424397,ADC2,0,bus_voltage,V,12.341
1769885134.0929372,ADC1,1,servo_2,A,2.427
1769885134.1437638,ADC2,0,bus_voltage,V,12.302
1769885134.194409,ADC2,0,bus_voltage,V,11.789
1769885134.2452638,THERM,0,motor_temp,C,44.39
1769885134.2964516,ADC2,0,bus_voltage,V,12.112
1769885134.347501,ADC1,1,servo_2,A,0.243
1769885134.3982368,ADC1,1,servo_2,A,1.75
1769885134.449249,THERM,0,motor_temp,C,53.697
1769885134.500015,ADC2,0,bus_voltage,V,10.53
1769885134.550952,ADC1,0,servo_1,A,0.292
1769885134.6016343,THERM,0,motor_temp,C,34.497
1769885134.6523888,ADC2,0,bus_voltage,V,11.268
1769885134.703215,ADC2,0,bus_voltage,V,11.577
1769885134.75383,ADC1,0,servo_1,A,1.144
1769885134.8044353,ADC1,1,servo_2,A,0.669
1769885134.8555439,ADC1,0,servo_1,A,1.748
1769885134.906155,ADC1,1,servo_2,A,1.476
1769885134.9581013,ADC1,0,servo_1,A,0.679
1769885135.0092552,ADC1,1,servo_2,A,1.304
1769885135.059885,THERM,0,motor_temp,C,51.282
1769885135.1104352,ADC1,1,servo_2,A,1.003
1769885135.1610768,THERM,0,motor_temp,C,66.795
1769885135.2120032,ADC1,1,servo_2,A,1.701
1769885135.2622807,ADC1,0,servo_1,A,1.38
1769885135.3128383,ADC2,0,bus_voltage,V,12.492
1769885135.3674614,THERM,0,motor_temp,C,28.378
1769885135.4188235,ADC1,0,servo_1,A,0.44
1769885135.4700358,ADC1,1,servo_2,A,1.107
1769885135.5208206,THERM,0,motor_temp,C,46.426
1769885135.5714083,THERM,0,motor_temp,C,25.245
1769885135.6223204,ADC2,0,bus_voltage,V,11.039
1769885135.6729462,ADC1,1,servo_2,A,2.266
1769885135.7234013,THERM,0,motor_temp,C,36.707
1769885135.7738106,ADC1,1,servo_2,A,1.19
1769885135.8244078,ADC1,1,servo_2,A,2.258
1769885135.8750784,ADC1,1,servo_2,A,1.86
1769885135.9258015,ADC1,1,servo_2,A,0.869
1769885135.9763913,ADC1,1,servo_2,A,1.842
1769885136.0268605,ADC1,0,servo_1,A,1.638
1769885136.078313,ADC2,0,bus_voltage,V,11.889
1769885136.129573,ADC1,1,servo_2,A,1.248
1769885136.1802332,ADC1,0,servo_1,A,1.829
1769885136.2308848,THERM,0,motor_temp,C,67.335
1769885136.2815657,THERM,0,motor_temp,C,59.284
1769885136.3319585,ADC2,0,bus_voltage,V,12.499
1769885136.3823557,ADC1,1,servo_2,A,2.16
1769885136.4331548,ADC2,0,bus_voltage,V,12.363
1769885136.4838586,ADC1,1,servo_2,A,2.107
1769885136.5345607,ADC1,0,servo_1,A,1.084
1769885136.5851762,ADC1,1,servo_2,A,1.199
1769885136.6359005,ADC1,1,servo_2,A,1.575
1769885136.6865728,THERM,0,motor_temp,C,31.101
1769885136.737011,ADC1,0,servo_1,A,0.499
1769885136.7878034,ADC1,1,servo_2,A,1.752
1769885136.8383114,ADC2,0,bus_voltage,V,11.394
1769885136.8891118,ADC1,0,servo_1,A,2.205
1769885136.9396744,ADC1,1,servo_2,A,0.922
1769885136.990495,ADC1,0,servo_1,A,1.809
1769885137.0413208,ADC2,0,bus_voltage,V,11.159
1769885137.0917268,ADC1,1,servo_2,A,2.343
1769885137.1424823,ADC2,0,bus_voltage,V,10.355
1769885137.193243,THERM,0,motor_temp,C,30.528
1769885137.2435951,ADC2,0,bus_voltage,V,10.028
1769885137.294486,ADC1,1,servo_2,A,1.624
1769885137.3448796,ADC1,1,servo_2,A,0.644
1769885137.3953965,ADC1,1,servo_2,A,0.815
1769885137.445912,ADC1,1,servo_2,A,1.116
1769885137.4966006,THERM,0,motor_temp,C,64.276
1769885137.547374,THERM,0,motor_temp,C,39.302
1769885137.5980968,ADC2,0,bus_voltage,V,11.46
1769885137.6488032,ADC1,0,servo_1,A,2.326
1769885137.6996357,THERM,0,motor_temp,C,66.183
1769885137.750466,THERM,0,motor_temp,C,69.159
1769885137.8010361,ADC1,1,servo_2,A,1.188
1769885137.8516495,THERM,0,motor_temp,C,42.376
1769885137.902399,ADC1,0,servo_1,A,1.284
1769885137.9528878,ADC1,0,servo_1,A,0.829
1769885138.0032773,ADC1,0,servo_1,A,1.11
1769885138.0536954,ADC2,0,bus_voltage,V,10.04
1769885138.1043966,ADC2,0,bus_voltage,V,11.648
1769885138.1561098,THERM,0,motor_temp,C,56.06
1769885138.2070656,ADC2,0,bus_voltage,V,12.434
1769885138.2577608,ADC1,0,servo_1,A,1.902
1769885138.3080986,ADC1,0,servo_1,A,2.168
1769885138.3589735,ADC1,1,servo_2,A,0.445
1769885138.4097776,THERM,0,motor_temp,C,64.235
1769885138.4603677,THERM,0,motor_temp,C,66.985
1769885138.51127,ADC2,0,bus_voltage,V,10.578
1769885138.5618043,ADC2,0,bus_voltage,V,10.176
1769885138.6124623,ADC2,0,bus_voltage,V,11.416
1769885138.6628938,ADC2,0,bus_voltage,V,11.332
1769885138.7136426,ADC1,0,servo_1,A,1.653
1769885138.7647004,ADC2,0,bus_voltage,V,11.926
1769885138.8157692,ADC1,1,servo_2,A,2.427
1769885138.8674037,THERM,0,motor_temp,C,64.217
1769885138.9185147,ADC1,0,servo_1,A,0.778
1769885138.969057,ADC1,0,servo_1,A,1.561
1769885139.019506,ADC1,0,servo_1,A,0.974
1769885139.069948,ADC2,0,bus_voltage,V,11.584
1769885139.1204214,ADC2,0,bus_voltage,V,11.582
1769885139.1713505,ADC1,0,servo_1,A,1.033
1769885139.2222264,ADC1,1,servo_2,A,0.729
1769885139.2729273,ADC2,0,bus_voltage,V,11.78
1769885139.3235247,THERM,0,motor_temp,C,66.169
1769885139.3740923,ADC1,0,servo_1,A,0.931
1769885139.4247906,THERM,0,motor_temp,C,56.021
1769885139.4754624,ADC2,0,bus_voltage,V,12.207
1769885139.5263073,ADC1,0,servo_1,A,1.748
1769885139.576874,ADC2,0,bus_voltage,V,11.129
1769885139.627586,ADC1,0,servo_1,A,0.982
1769885139.6783862,ADC2,0,bus_voltage,V,12.599
1769885139.7291145,ADC1,0,servo_1,A,0.747
1769885139.7799613,ADC2,0,bus_voltage,V,11.598
1769885139.8308275,ADC1,1,servo_2,A,2.097
1769885139.881351,ADC1,1,servo_2,A,2.322
1769885139.9321551,ADC2,0,bus_voltage,V,12.336
1769885139.9830163,THERM,0,motor_temp,C,58.781
1769885140.0338397,ADC1,1,servo_2,A,1.366
1769885140.084416,THERM,0,motor_temp,C,31.635
1769885140.1351616,ADC1,0,servo_1,A,1.331
1769885140.186228,ADC2,0,bus_voltage,V,11.643
1769885140.2368746,ADC1,0,servo_1,A,2.102
1769885140.2877233,THERM,0,motor_temp,C,33.353
1769885140.3381853,THERM,0,motor_temp,C,32.884
1769885140.3887231,ADC1,0,servo_1,A,2.42
1769885140.4393,ADC1,0,servo_1,A,0.316
1769885140.48978,ADC2,0,bus_voltage,V,12.325
1769885140.540415,ADC1,1,servo_2,A,0.827
1769885140.5912735,ADC2,0,bus_voltage,V,12.062
1769885140.642271,ADC1,1,servo_2,A,2.188
1769885140.6930149,ADC1,0,servo_1,A,0.6
1769885140.7439551,ADC1,0,servo_1,A,1.417
1769885140.7945917,ADC2,0,bus_voltage,V,11.792
1769885140.8453066,THERM,0,motor_temp,C,68.568
1769885140.8960876,ADC1,0,servo_1,A,1.327
1769885140.9467607,ADC1,1,servo_2,A,0.63
1769885140.9974315,ADC1,0,servo_1,A,0.955
1769885141.0480855,ADC1,1,servo_2,A,1.048
1769885141.0988057,ADC2,0,bus_voltage,V,10.855
1769885141.149332,ADC1,1,servo_2,A,2.23
1769885141.1998262,THERM,0,motor_temp,C,50.792
1769885141.2505827,ADC2,0,bus_voltage,V,12.322
1769885141.300958,ADC1,1,servo_2,A,0.51
1769885141.3516228,ADC1,1,servo_2,A,1.777
1769885141.4025676,ADC2,0,bus_voltage,V,10.689
1769885141.4534512,ADC1,1,servo_2,A,1.717
1769885141.5042799,ADC1,1,servo_2,A,2.428
1769885141.5550005,THERM,0,motor_temp,C,25.156
1769885141.6057308,ADC1,1,servo_2,A,1.512
1769885141.6562982,ADC2,0,bus_voltage,V,12.043
1769885141.7067173,THERM,0,motor_temp,C,54.188
1769885141.7573798,THERM,0,motor_temp,C,50.326
1769885141.8080258,ADC1,1,servo_2,A,1.67
1769885141.8588216,ADC2,0,bus_voltage,V,11.922
1769885141.9098294,ADC2,0,bus_voltage,V,10.663
1769885141.960326,ADC1,1,servo_2,A,0.296
1769885142.0108743,ADC2,0,bus_voltage,V,11.798
1769885142.061553,ADC1,1,servo_2,A,0.465
1769885142.1120505,ADC1,0,servo_1,A,1.696
1769885142.162702,ADC1,0,servo_1,A,1.607
1769885142.213033,THERM,0,motor_temp,C,43.759
1769885142.2639186,ADC2,0,bus_voltage,V,10.206
1769885142.3145635,THERM,0,motor_temp,C,27.344
1769885142.3652868,THERM,0,motor_temp,C,59.23
1769885142.4157844,ADC1,1,servo_2,A,2.46
1769885142.466651,THERM,0,motor_temp,C,49.274
1769885142.51696,THERM,0,motor_temp,C,66.239
1769885142.5676208,ADC2,0,bus_voltage,V,10.365
1769885142.6183107,THERM,0,motor_temp,C,33.661
1769885142.6691468,ADC2,0,bus_voltage,V,10.271
1769885142.7196114,ADC2,0,bus_voltage,V,10.404
1769885142.770169,ADC1,0,servo_1,A,1.038
1769885142.820646,ADC1,0,servo_1,A,1.61
1769885142.871355,ADC1,0,servo_1,A,1.786
1769885142.9219396,THERM,0,motor_temp,C,54.314
1769885142.9728205,ADC1,1,servo_2,A,0.882
1769885143.0231452,ADC2,0,bus_voltage,V,12.241
1769885143.0737019,THERM,0,motor_temp,C,39.404
1769885143.1244652,ADC1,0,servo_1,A,0.44
1769885143.1759768,THERM,0,motor_temp,C,67.987
1769885143.2266817,ADC2,0,bus_voltage,V,10.19
1769885143.277341,ADC1,1,servo_2,A,1.897
1769885143.3280034,ADC2,0,bus_voltage,V,11.572
1769885143.378738,ADC2,0,bus_voltage,V,10.038
1769885143.430467,ADC1,1,servo_2,A,2.092
1769885143.481591,ADC2,0,bus_voltage,V,10.899
1769885143.5321522,ADC2,0,bus_voltage,V,12.011
1769885143.5830648,ADC2,0,bus_voltage,V,10.369
1769885143.6336913,ADC2,0,bus_voltage,V,11.056
1769885143.684385,ADC1,0,servo_1,A,0.61
1769885143.7350185,ADC1,0,servo_1,A,1.933
1769885143.7859013,THERM,0,motor_temp,C,63.689
1769885143.8364122,ADC1,1,servo_2,A,0.999
1769885143.8872483,THERM,0,motor_temp,C,67.01
1769885143.9380958,ADC1,1,servo_2,A,2.031
1769885143.9889266,ADC2,0,bus_voltage,V,11.977
1769885144.039513,THERM,0,motor_temp,C,39.119
1769885144.0900683,ADC1,0,servo_1,A,0.601
1769885144.1406486,ADC1,1,servo_2,A,1.583
1769885144.1914682,THERM,0,motor_temp,C,49.885
1769885144.2421336,ADC1,0,servo_1,A,2.043
1769885144.2927334,ADC1,1,servo_2,A,1.714
1769885144.343574,ADC1,1,servo_2,A,0.972
1769885144.3940973,THERM,0,motor_temp,C,54.429
1769885144.4448323,ADC2,0,bus_voltage,V,11.456
1769885144.4952478,ADC1,1,servo_2,A,1.812
1769885144.5462134,ADC1,1,servo_2,A,0.3
1769885144.5975993,ADC2,0,bus_voltage,V,12.45
1769885144.6484542,THERM,0,motor_temp,C,31.747
1769885144.69919,ADC1,0,servo_1,A,1.471
1769885144.750499,THERM,0,motor_temp,C,40.586
1769885144.801563,ADC1,0,servo_1,A,0.368
1769885144.8523276,ADC1,0,servo_1,A,1.991
1769885144.9030807,ADC1,1,servo_2,A,1.545
1769885144.9537797,ADC2,0,bus_voltage,V,11.612
1769885145.0046053,ADC1,1,servo_2,A,1.021
1769885145.0553794,ADC2,0,bus_voltage,V,11.935
1769885145.1059434,ADC1,0,servo_1,A,1.649
1769885145.1565123,ADC1,1,servo_2,A,2.263
1769885145.207219,ADC2,0,bus_voltage,V,11.876
1769885145.2575827,THERM,0,motor_temp,C,39.395
1769885145.308205,ADC2,0,bus_voltage,V,10.031
1769885145.3588495,THERM,0,motor_temp,C,45.625
1769885145.4095685,ADC1,1,servo_2,A,1.553
1769885145.4603295,ADC2,0,bus_voltage,V,10.032
1769885145.5107515,ADC2,0,bus_voltage,V,11.976
1769885145.561678,ADC1,1,servo_2,A,2.229
1769885145.6122127,THERM,0,motor_temp,C,62.25
1769885145.6630201,THERM,0,motor_temp,C,46.153
1769885145.713798,ADC1,0,servo_1,A,2.481
1769885145.7643795,ADC1,0,servo_1,A,0.532
1769885145.8148646,THERM,0,motor_temp,C,56.37
1769885145.865349,ADC2,0,bus_voltage,V,10.184
1769885145.9160762,ADC1,1,servo_2,A,1.072
1769885145.9665,THERM,0,motor_temp,C,54.227
1769885146.0169554,ADC1,0,servo_1,A,1.761
1769885146.0675318,THERM,0,motor_temp,C,40.276
1769885146.118506,ADC1,0,servo_1,A,2.397
1769885146.1693769,ADC1,1,servo_2,A,1.916
1769885146.2200553,ADC1,1,servo_2,A,1.765
1769885146.2708507,THERM,0,motor_temp,C,58.27
1769885146.3214092,THERM,0,motor_temp,C,29.648
1769885146.37231,THERM,0,motor_temp,C,32.933
1769885146.422684,ADC1,1,servo_2,A,2.255
1769885146.4734457,THERM,0,motor_temp,C,68.49
1769885146.5245314,ADC1,1,servo_2,A,1.681
1769885146.5749736,ADC1,1,servo_2,A,1.715
1769885146.6254184,ADC2,0,bus_voltage,V,10.385
1769885146.6760366,ADC1,1,servo_2,A,0.237
1769885146.7327893,THERM,0,motor_temp,C,60.287
1769885146.7841868,ADC2,0,bus_voltage,V,11.739
1769885146.8347433,ADC1,1,servo_2,A,1.839
1769885146.8853,ADC1,1,servo_2,A,2.287
1769885146.9362643,THERM,0,motor_temp,C,66.579
1769885146.9871283,ADC1,0,servo_1,A,2.412
1769885147.038024,ADC1,1,servo_2,A,2.313
1769885147.0886784,ADC2,0,bus_voltage,V,12.188
1769885147.1393807,ADC1,0,servo_1,A,0.923
1769885147.1901891,ADC1,0,servo_1,A,1.145
1769885147.2407253,ADC1,0,servo_1,A,1.706
1769885147.2912004,ADC1,0,servo_1,A,0.721
1769885147.3437364,THERM,0,motor_temp,C,53.454
1769885147.3940892,ADC2,0,bus_voltage,V,11.179
1769885147.444881,THERM,0,motor_temp,C,68.185
1769885147.495369,ADC1,0,servo_1,A,1.87
1769885147.546331,ADC1,0,servo_1,A,2.045
1769885147.5972118,ADC2,0,bus_voltage,V,10.31
1769885147.6478655,ADC1,0,servo_1,A,2.421
1769885147.6984384,THERM,0,motor_temp,C,65.502
1769885147.7491446,ADC1,0,servo_1,A,1.993
1769885147.8000195,THERM,0,motor_temp,C,38.284
1769885147.850849,ADC1,1,servo_2,A,2.492
1769885147.9014127,ADC1,1,servo_2,A,1.108
1769885147.9519045,ADC1,1,servo_2,A,1.676
1769885148.002659,ADC1,0,servo_1,A,2.361
1769885148.0533283,ADC2,0,bus_voltage,V,10.333
1769885148.104548,ADC1,0,servo_1,A,1.56
1769885148.1551638,THERM,0,motor_temp,C,65.627
1769885148.2055483,THERM,0,motor_temp,C,67.087
1769885148.2586188,ADC1,1,servo_2,A,1.925
1769885148.3103037,ADC1,1,servo_2,A,2.376
1769885148.362303,ADC1,0,servo_1,A,0.245
1769885148.4129467,ADC1,1,servo_2,A,1.846
1769885148.4641094,ADC1,1,servo_2,A,0.787
1769885148.5147643,ADC2,0,bus_voltage,V,11.127
1769885148.5674179,ADC1,0,servo_1,A,2.478
1769885148.6176937,ADC1,0,servo_1,A,2.028
1769885148.6695333,THERM,0,motor_temp,C,49.623
1769885148.7202992,ADC1,0,servo_1,A,2.093
1769885148.7722573,ADC2,0,bus_voltage,V,10.447
1769885148.8231936,THERM,0,motor_temp,C,59.468
1769885148.8742085,ADC2,0,bus_voltage,V,11.568
1769885148.9245427,THERM,0,motor_temp,C,46.42
1769885148.9749212,ADC1,0,servo_1,A,1.963
1769885149.02585,ADC1,0,servo_1,A,1.643
1769885149.0766468,ADC1,1,servo_2,A,1.893
1769885149.1273136,ADC2,0,bus_voltage,V,11.54
1769885149.177891,ADC1,1,servo_2,A,0.518
1769885149.2283993,THERM,0,motor_temp,C,60.615
1769885149.2786963,THERM,0,motor_temp,C,61.858
1769885149.3290966,ADC1,0,servo_1,A,2.199
1769885149.3800178,ADC1,1,servo_2,A,2.138
1769885149.4319215,THERM,0,motor_temp,C,56.063
1769885149.4835753,ADC1,1,servo_2,A,0.738
1769885149.5359113,ADC1,0,servo_1,A,0.665
1769885149.5869122,ADC2,0,bus_voltage,V,11.735
1769885149.637471,ADC2,0,bus_voltage,V,10.307
1769885149.6879313,THERM,0,motor_temp,C,44.481
1769885149.7384038,ADC1,0,servo_1,A,0.564
1769885149.7889438,ADC1,0,servo_1,A,1.42
1769885149.8395724,THERM,0,motor_temp,C,37.295
1769885149.890431,ADC2,0,bus_voltage,V,11.719
1769885149.9407828,ADC1,1,servo_2,A,2.03
1769885149.9916282,ADC1,1,servo_2,A,1.719
1769885150.042786,ADC2,0,bus_voltage,V,10.195
1769885150.0936234,THERM,0,motor_temp,C,44.895
1769885150.144127,THERM,0,motor_temp,C,56.765
1769885150.1945925,ADC2,0,bus_voltage,V,10.166
1769885150.2451658,ADC1,1,servo_2,A,0.641
1769885150.2959492,ADC2,0,bus_voltage,V,12.097
1769885150.3465884,THERM,0,motor_temp,C,37.982
1769885150.397817,ADC1,1,servo_2,A,2.403
1769885150.449007,ADC2,0,bus_voltage,V,12.517
1769885150.5002277,ADC1,1,servo_2,A,1.249
1769885150.5520136,ADC2,0,bus_voltage,V,11.192
1769885150.6024866,THERM,0,motor_temp,C,55.968
1769885150.6531003,ADC1,0,servo_1,A,2.193
1769885150.7043421,ADC2,0,bus_voltage,V,11.623
1769885150.7548356,ADC2,0,bus_voltage,V,11.017
1769885150.8073328,ADC2,0,bus_voltage,V,10.237
1769885150.857894,ADC1,0,servo_1,A,1.643
1769885150.908636,THERM,0,motor_temp,C,28.535
1769885150.959165,THERM,0,motor_temp,C,27.846
1769885151.0097554,ADC2,0,bus_voltage,V,12.078
1769885151.0605829,ADC1,1,servo_2,A,0.467
1769885151.111247,ADC2,0,bus_voltage,V,10.34
1769885151.1617694,ADC2,0,bus_voltage,V,11.724
1769885151.212304,ADC2,0,bus_voltage,V,10.73
1769885151.262783,ADC1,1,servo_2,A,0.956
1769885151.3134537,THERM,0,motor_temp,C,58.441
1769885151.3641193,ADC2,0,bus_voltage,V,10.318
1769885151.4151387,ADC1,1,servo_2,A,1.654
1769885151.4660425,THERM,0,motor_temp,C,30.892
1769885151.517026,ADC1,0,servo_1,A,1.566
1769885151.567608,ADC1,0,servo_1,A,1.873
1769885151.6183467,ADC2,0,bus_voltage,V,10.32
1769885151.6706595,ADC1,0,servo_1,A,1.72
1769885151.721683,ADC1,0,servo_1,A,0.294
1769885151.772406,ADC1,0,servo_1,A,1.85
1769885151.8231342,THERM,0,motor_temp,C,43.807
1769885151.873735,ADC2,0,bus_voltage,V,11.069
1769885151.9244156,ADC2,0,bus_voltage,V,11.869
1769885151.975161,ADC1,0,servo_1,A,1.888
1769885152.0259535,ADC1,0,servo_1,A,1.056
1769885152.0768142,THERM,0,motor_temp,C,57.798
1769885152.127317,ADC2,0,bus_voltage,V,10.139
1769885152.1781878,ADC1,1,servo_2,A,1.723
1769885152.2287896,ADC1,0,servo_1,A,2.245
1769885152.2792232,ADC1,1,servo_2,A,1.676
1769885152.330995,THERM,0,motor_temp,C,45.963
1769885152.3821363,ADC1,0,servo_1,A,0.726
1769885152.4324307,ADC2,0,bus_voltage,V,10.562
1769885152.482897,THERM,0,motor_temp,C,50.578
1769885152.5345006,ADC1,1,servo_2,A,2.092
1769885152.5854921,ADC1,0,servo_1,A,1.683
1769885152.6362026,ADC2,0,bus_voltage,V,10.175
1769885152.686994,ADC1,0,servo_1,A,1.485
1769885152.7376568,ADC1,0,servo_1,A,2.257
1769885152.7883763,THERM,0,motor_temp,C,59.538
1769885152.8397944,ADC2,0,bus_voltage,V,11.669
1769885152.8902857,ADC1,1,servo_2,A,0.473
1769885152.940743,ADC1,1,servo_2,A,2.438
1769885152.9913514,ADC1,0,servo_1,A,1.157
1769885153.0417905,ADC1,0,servo_1,A,1.762
1769885153.0921683,ADC1,1,servo_2,A,1.532
1769885153.1427305,ADC2,0,bus_voltage,V,12.574
1769885153.1935394,ADC1,1,servo_2,A,0.68
1769885153.2442584,ADC1,0,servo_1,A,1.573
1769885153.2947772,ADC2,0,bus_voltage,V,10.668
1769885153.3452055,THERM,0,motor_temp,C,41.559
1769885153.3955724,ADC2,0,bus_voltage,V,11.351
1769885153.4460666,THERM,0,motor_temp,C,60.964
1769885153.497113,THERM,0,motor_temp,C,31.214
1769885153.5486615,ADC2,0,bus_voltage,V,11.466
1769885153.59977,ADC1,1,servo_2,A,1.761
1769885153.6505468,ADC1,0,servo_1,A,1.599
1769885153.7012448,ADC1,1,servo_2,A,0.236
1769885153.7520206,ADC1,0,servo_1,A,1.475
1769885153.8027031,ADC1,0,servo_1,A,0.203
1769885153.8531551,ADC1,0,servo_1,A,0.993
1769885153.9035366,ADC1,0,servo_1,A,0.602
1769885153.9544032,ADC1,0,servo_1,A,2.427
1769885154.005478,ADC1,0,servo_1,A,1.564
1769885154.056178,ADC1,1,servo_2,A,2.419
1769885154.1105292,ADC1,0,servo_1,A,0.212
1769885154.1611423,THERM,0,motor_temp,C,69.673
1769885154.2119913,THERM,0,motor_temp,C,53.689
1769885154.262642,ADC2,0,bus_voltage,V,11.974
1769885154.3135016,ADC1,0,servo_1,A,1.112
1769885154.3644135,ADC1,0,servo_1,A,1.462
1769885154.4185417,THERM,0,motor_temp,C,31.552
1769885154.4699373,ADC2,0,bus_voltage,V,12.384
1769885154.52074,THERM,0,motor_temp,C,62.333
1769885154.571323,ADC1,0,servo_1,A,2.31
1769885154.6221726,ADC1,1,servo_2,A,0.817
1769885154.6730986,ADC2,0,bus_voltage,V,12.091
1769885154.7263627,ADC1,1,servo_2,A,0.877
1769885154.7773688,THERM,0,motor_temp,C,69.039
1769885154.828319,ADC1,1,servo_2,A,0.365
1769885154.8790538,ADC1,1,servo_2,A,0.257
1769885154.929545,ADC1,0,servo_1,A,0.95
1769885154.9804366,ADC1,0,servo_1,A,1.551
1769885155.0311859,ADC2,0,bus_voltage,V,12.53
1769885155.0829036,ADC1,0,servo_1,A,1.52
1769885155.1340077,ADC1,1,servo_2,A,2.068
1769885155.184486,ADC2,0,bus_voltage,V,10.302
1769885155.2355921,ADC2,0,bus_voltage,V,10.038
1769885155.2866206,ADC1,0,servo_1,A,1.445
1769885155.3370333,ADC2,0,bus_voltage,V,12.569
1769885155.3885646,ADC1,1,servo_2,A,1.382
1769885155.4393134,ADC1,1,servo_2,A,2.474
1769885155.4920995,ADC1,1,servo_2,A,1.996
1769885155.543539,ADC1,1,servo_2,A,1.842
1769885155.5944295,ADC2,0,bus_voltage,V,10.991
1769885155.6451113,ADC1,0,servo_1,A,2.143
1769885155.6957083,ADC1,0,servo_1,A,0.61
1769885155.74669,THERM,0,motor_temp,C,47.502
1769885155.7974656,ADC1,0,servo_1,A,1.654
1769885155.84807,ADC1,0,servo_1,A,2.235
1769885155.8986762,ADC2,0,bus_voltage,V,11.429
1769885155.949639,ADC2,0,bus_voltage,V,11.061
1769885156.000395,THERM,0,motor_temp,C,36.948
1769885156.0510042,THERM,0,motor_temp,C,37.381
1769885156.1016624,ADC1,1,servo_2,A,1.486
1769885156.152739,ADC1,0,servo_1,A,0.407
1769885156.2035604,ADC1,1,servo_2,A,1.393
1769885156.2542171,ADC1,1,servo_2,A,2.341
1769885156.304875,ADC1,0,servo_1,A,0.443
1769885156.3556576,ADC1,0,servo_1,A,0.989
1769885156.4061644,ADC1,1,servo_2,A,2.479
1769885156.4567778,ADC2,0,bus_voltage,V,12.506
1769885156.5073812,ADC2,0,bus_voltage,V,11.63
1769885156.5582168,ADC1,0,servo_1,A,0.365
1769885156.6092687,THERM,0,motor_temp,C,31.325
1769885156.6598063,ADC1,1,servo_2,A,1.974
1769885156.7102568,ADC1,0,servo_1,A,1.684
1769885156.7613263,ADC2,0,bus_voltage,V,12.464
1769885156.8121424,ADC1,0,servo_1,A,2.373
1769885156.8628492,THERM,0,motor_temp,C,59.934
1769885156.9148836,THERM,0,motor_temp,C,62.191
1769885156.9655287,ADC1,1,servo_2,A,1.368
1769885157.0160072,ADC1,0,servo_1,A,1.334
1769885157.0677302,ADC2,0,bus_voltage,V,11.701
1769885157.1186032,ADC2,0,bus_voltage,V,10.396
1769885157.1697702,ADC1,0,servo_1,A,1.073
1769885157.2202957,ADC1,1,servo_2,A,2.324
1769885157.2714007,THERM,0,motor_temp,C,59.837
1769885157.3223922,ADC2,0,bus_voltage,V,10.447
1769885157.3729982,ADC1,0,servo_1,A,2.45
1769885157.4238508,ADC2,0,bus_voltage,V,12.295
1769885157.4755566,ADC1,1,servo_2,A,0.435
1769885157.5358117,ADC1,1,servo_2,A,1.897
1769885157.58649,ADC1,1,servo_2,A,1.0
1769885157.6370194,ADC2,0,bus_voltage,V,10.366
1769885157.6878364,ADC1,1,servo_2,A,2.265
1769885157.7388089,THERM,0,motor_temp,C,36.125
1769885157.7893836,ADC1,1,servo_2,A,1.468
1769885157.8398073,ADC2,0,bus_voltage,V,12.514
1769885157.8904448,THERM,0,motor_temp,C,64.256
1769885157.9409387,ADC2,0,bus_voltage,V,10.343
1769885157.991394,ADC1,0,servo_1,A,0.676
1769885158.0421784,ADC2,0,bus_voltage,V,11.359
1769885158.0928512,ADC2,0,bus_voltage,V,12.365
1769885158.1433578,ADC2,0,bus_voltage,V,12.122
1769885158.1939435,ADC2,0,bus_voltage,V,11.511
1769885158.2446983,ADC2,0,bus_voltage,V,12.306
1769885158.2963092,ADC2,0,bus_voltage,V,11.505
1769885158.3470557,ADC1,0,servo_1,A,1.465
1769885158.3978763,THERM,0,motor_temp,C,27.076
1769885158.4487429,ADC1,1,servo_2,A,2.385
1769885158.4992216,ADC1,1,servo_2,A,0.547
1769885158.5498893,ADC2,0,bus_voltage,V,11.054
1769885158.6006775,ADC1,0,servo_1,A,1.303
1769885158.6515653,THERM,0,motor_temp,C,46.157
1769885158.7020204,THERM,0,motor_temp,C,30.309
1769885158.7529101,ADC2,0,bus_voltage,V,10.969
1769885158.804079,THERM,0,motor_temp,C,60.86
1769885158.8548627,ADC1,0,servo_1,A,1.609
1769885158.9052966,THERM,0,motor_temp,C,33.858
1769885158.9576516,ADC1,1,servo_2,A,1.198
1769885159.0087447,ADC1,0,servo_1,A,1.52
1769885159.0592716,THERM,0,motor_temp,C,36.252
1769885159.1098027,ADC1,0,servo_1,A,0.309
1769885159.1611118,ADC2,0,bus_voltage,V,10.168
1769885159.2125328,ADC1,1,servo_2,A,2.309
1769885159.2736123,THERM,0,motor_temp,C,58.159
1769885159.3247066,ADC1,1,servo_2,A,1.918
1769885159.384739,THERM,0,motor_temp,C,27.494
1769885159.4360232,ADC1,0,servo_1,A,2.356
1769885159.4879215,ADC2,0,bus_voltage,V,11.47
1769885159.5390606,ADC1,1,servo_2,A,1.525
1769885159.5896692,THERM,0,motor_temp,C,50.862
1769885159.6404347,ADC1,0,servo_1,A,1.843
1769885159.6907747,THERM,0,motor_temp,C,25.459
1769885159.741713,ADC1,1,servo_2,A,0.654
1769885159.7922473,ADC2,0,bus_voltage,V,10.317
1769885159.842696,ADC1,1,servo_2,A,2.293
1769885159.8938155,ADC1,1,servo_2,A,0.807
1769885159.9446027,ADC1,0,servo_1,A,0.311
1769885159.9959993,THERM,0,motor_temp,C,42.59
1769885160.0472515,ADC1,1,servo_2,A,2.069
1769885160.10002,ADC1,1,servo_2,A,0.948
1769885160.1508353,ADC1,1,servo_2,A,0.461
1769885160.2017932,ADC1,1,servo_2,A,0.392
1769885160.2524543,ADC2,0,bus_voltage,V,10.676
1769885160.3091986,ADC1,0,servo_1,A,2.214
1769885160.359818,ADC1,1,servo_2,A,1.292
1769885160.4104433,ADC1,0,servo_1,A,2.075
1769885160.4613435,ADC2,0,bus_voltage,V,11.908
1769885160.5120213,ADC1,0,servo_1,A,1.519
1769885160.5626025,THERM,0,motor_temp,C,64.602
1769885160.6130905,THERM,0,motor_temp,C,33.658
1769885160.663869,ADC1,1,servo_2,A,1.643
1769885160.7142954,ADC1,0,servo_1,A,2.415
1769885160.76486,ADC1,1,servo_2,A,0.238
1769885160.8154547,THERM,0,motor_temp,C,34.65
1769885160.8658268,ADC1,0,servo_1,A,1.385
1769885160.916633,THERM,0,motor_temp,C,40.127
1769885160.967399,ADC1,0,servo_1,A,0.233
1769885161.017838,THERM,0,motor_temp,C,57.053
1769885161.0683322,ADC1,1,servo_2,A,2.486
1769885161.1191413,THERM,0,motor_temp,C,42.83
1769885161.1700702,THERM,0,motor_temp,C,29.482
1769885161.2203472,ADC2,0,bus_voltage,V,10.859
1769885161.271075,THERM,0,motor_temp,C,42.044
1769885161.3222902,ADC1,0,servo_1,A,0.425
1769885161.3731542,ADC1,1,servo_2,A,2.015
1769885161.4236157,ADC1,1,servo_2,A,1.793
1769885161.4745555,ADC1,0,servo_1,A,2.316
1769885161.5297852,ADC1,1,servo_2,A,0.476
1769885161.5806386,ADC1,1,servo_2,A,0.562
1769885161.634179,ADC2,0,bus_voltage,V,10.839
1769885161.6854835,THERM,0,motor_temp,C,42.319
1769885161.73623,ADC1,1,servo_2,A,1.493
1769885161.7868092,ADC2,0,bus_voltage,V,11.348
1769885161.8375852,ADC1,1,servo_2,A,0.929
1769885161.8885012,THERM,0,motor_temp,C,35.603
1769885161.938891,THERM,0,motor_temp,C,37.101
1769885161.9896395,ADC1,1,servo_2,A,2.349
1769885162.0408094,THERM,0,motor_temp,C,50.647
1769885162.0916803,ADC1,0,servo_1,A,0.445
1769885162.1424901,THERM,0,motor_temp,C,45.63
1769885162.1931353,ADC1,1,servo_2,A,2.098
1769885162.2439003,THERM,0,motor_temp,C,58.245
1769885162.294726,THERM,0,motor_temp,C,45.622
1769885162.3454459,THERM,0,motor_temp,C,62.703
1769885162.396432,ADC1,0,servo_1,A,1.347
1769885162.4472454,ADC1,0,servo_1,A,0.572
1769885162.4981647,THERM,0,motor_temp,C,69.844
1769885162.5492392,ADC1,0,servo_1,A,1.698
1769885162.599959,THERM,0,motor_temp,C,58.779
1769885162.6503818,ADC1,1,servo_2,A,0.973
1769885162.7009194,ADC1,0,servo_1,A,2.145
1769885162.7512574,ADC1,1,servo_2,A,0.717
1769885162.8019667,THERM,0,motor_temp,C,61.206
1769885162.8526866,ADC1,0,servo_1,A,1.314
1769885162.903881,ADC1,0,servo_1,A,0.39
1769885162.9550807,ADC1,1,servo_2,A,0.354
1769885163.0057,THERM,0,motor_temp,C,68.632
1769885163.0567024,ADC1,1,servo_2,A,1.975
1769885163.1075952,THERM,0,motor_temp,C,44.681
1769885163.1581933,ADC2,0,bus_voltage,V,10.573
1769885163.2092857,ADC1,1,servo_2,A,0.656
1769885163.2599063,ADC2,0,bus_voltage,V,11.701
1769885163.3108494,ADC1,1,servo_2,A,0.974
1769885163.3620198,ADC1,1,servo_2,A,1.594
1769885163.4128695,THERM,0,motor_temp,C,58.905
1769885163.4633226,ADC1,1,servo_2,A,2.14
1769885163.5140517,THERM,0,motor_temp,C,26.267
1769885163.5649192,ADC1,1,servo_2,A,1.661
1769885163.6162078,THERM,0,motor_temp,C,46.939
1769885163.667097,ADC2,0,bus_voltage,V,11.474
1769885163.718124,ADC1,0,servo_1,A,2.439
1769885163.7690768,THERM,0,motor_temp,C,33.299
1769885163.8196754,ADC1,0,servo_1,A,1.239
1769885163.8702955,THERM,0,motor_temp,C,28.376
1769885163.921096,THERM,0,motor_temp,C,66.768
1769885163.9716868,ADC2,0,bus_voltage,V,10.429
1769885164.0231578,ADC1,1,servo_2,A,1.983
1769885164.0742753,ADC1,0,servo_1,A,1.065
1769885164.1251678,ADC1,0,servo_1,A,1.507
1769885164.1758478,ADC1,0,servo_1,A,2.27
1769885164.2262633,ADC1,1,servo_2,A,0.83
1769885164.2766888,ADC2,0,bus_voltage,V,10.54
1769885164.3306222,ADC2,0,bus_voltage,V,11.297
1769885164.3837705,ADC1,0,servo_1,A,0.25
1769885164.4348307,ADC1,0,servo_1,A,0.993
1769885164.4857047,ADC2,0,bus_voltage,V,11.386
1769885164.5361435,ADC1,0,servo_1,A,0.553
1769885164.5869517,ADC1,1,servo_2,A,2.49
1769885164.6376734,ADC1,1,servo_2,A,0.417
1769885164.6886127,ADC1,1,servo_2,A,0.435
1769885164.7393188,ADC2,0,bus_voltage,V,10.21
1769885164.790106,ADC2,0,bus_voltage,V,11.225
1769885164.8411286,ADC2,0,bus_voltage,V,11.004
1769885164.8936465,ADC1,1,servo_2,A,1.644
1769885164.9443195,ADC2,0,bus_voltage,V,12.389
1769885164.9948294,THERM,0,motor_temp,C,41.253
1769885165.0454485,ADC1,0,servo_1,A,0.804
1769885165.09634,ADC2,0,bus_voltage,V,12.581
1769885165.1468208,ADC2,0,bus_voltage,V,11.876
1769885165.197518,THERM,0,motor_temp,C,42.892
1769885165.248001,ADC2,0,bus_voltage,V,10.369
1769885165.2987995,ADC2,0,bus_voltage,V,10.681
1769885165.349699,ADC1,1,servo_2,A,2.001
1769885165.4005172,ADC2,0,bus_voltage,V,10.974
1769885165.4510105,ADC1,0,servo_1,A,1.265
1769885165.5018094,THERM,0,motor_temp,C,60.662
1769885165.5522392,ADC1,0,servo_1,A,2.291
1769885165.6029077,THERM,0,motor_temp,C,64.751
1769885165.6539183,ADC2,0,bus_voltage,V,11.446
1769885165.7053356,ADC2,0,bus_voltage,V,12.023
1769885165.75757,THERM,0,motor_temp,C,63.955
1769885165.8089492,ADC1,0,servo_1,A,1.776
1769885165.8611438,ADC2,0,bus_voltage,V,11.453
1769885165.9121103,THERM,0,motor_temp,C,26.062
1769885165.9628875,ADC1,0,servo_1,A,0.81
1769885166.0188797,ADC2,0,bus_voltage,V,10.086
1769885166.069314,THERM,0,motor_temp,C,47.564
1769885166.1197178,ADC2,0,bus_voltage,V,12.052
1769885166.1700673,ADC1,0,servo_1,A,1.489
1769885166.2209783,ADC1,0,servo_1,A,0.307
1769885166.2716541,ADC2,0,bus_voltage,V,10.068
1769885166.3221009,THERM,0,motor_temp,C,60.149
1769885166.3726037,THERM,0,motor_temp,C,27.315
1769885166.4233863,THERM,0,motor_temp,C,43.29
1769885166.4742177,THERM,0,motor_temp,C,28.267
1769885166.5266395,ADC1,0,servo_1,A,1.07
1769885166.577695,THERM,0,motor_temp,C,44.055
1769885166.6281393,ADC1,0,servo_1,A,0.291
1769885166.6789591,ADC2,0,bus_voltage,V,10.713
1769885166.7295568,ADC1,0,servo_1,A,1.136
1769885166.7801874,ADC1,1,servo_2,A,1.52
1769885166.8307986,ADC1,0,servo_1,A,1.457
1769885166.8815796,ADC2,0,bus_voltage,V,12.062
1769885166.9322863,ADC1,1,servo_2,A,0.22
1769885166.9829884,THERM,0,motor_temp,C,39.709
1769885167.0337174,ADC2,0,bus_voltage,V,10.765
1769885167.0845747,ADC2,0,bus_voltage,V,10.915
1769885167.1354113,ADC1,1,servo_2,A,1.089
1769885167.1862907,THERM,0,motor_temp,C,61.286
1769885167.2371678,ADC1,0,servo_1,A,1.211
1769885167.287701,ADC1,1,servo_2,A,0.494
1769885167.3386657,THERM,0,motor_temp,C,35.484
1769885167.3893507,ADC2,0,bus_voltage,V,10.13
1769885167.4397955,ADC1,0,servo_1,A,1.198
1769885167.4904912,THERM,0,motor_temp,C,45.45
1769885167.5412939,ADC1,1,servo_2,A,0.863
1769885167.5920503,ADC1,1,servo_2,A,0.565
1769885167.6424243,ADC1,1,servo_2,A,2.271
1769885167.6928937,ADC1,0,servo_1,A,0.614
1769885167.7434702,ADC1,1,servo_2,A,0.883
1769885167.7942193,ADC1,0,servo_1,A,1.448
1769885167.8449829,ADC1,1,servo_2,A,1.397
1769885167.8958085,ADC1,0,servo_1,A,1.101
1769885167.9467185,ADC1,0,servo_1,A,1.033
1769885167.9972608,ADC2,0,bus_voltage,V,11.801
1769885168.0477614,THERM,0,motor_temp,C,57.345
1769885168.098176,ADC2,0,bus_voltage,V,12.527
1769885168.148993,ADC1,1,servo_2,A,0.343
1769885168.1995924,ADC1,1,servo_2,A,2.039
1769885168.2501094,ADC2,0,bus_voltage,V,12.312
1769885168.300649,ADC1,0,servo_1,A,2.015
1769885168.3509665,THERM,0,motor_temp,C,63.436
1769885168.4016616,ADC1,0,servo_1,A,0.256
1769885168.4526591,ADC1,1,servo_2,A,1.809
1769885168.5032895,THERM,0,motor_temp,C,61.088
1769885168.5538538,THERM,0,motor_temp,C,45.273
1769885168.6045492,ADC2,0,bus_voltage,V,10.864
1769885168.6554642,ADC1,0,servo_1,A,0.219
1769885168.7061312,ADC1,0,servo_1,A,1.912
1769885168.7571356,ADC2,0,bus_voltage,V,12.482
1769885168.8082743,THERM,0,motor_temp,C,55.893
1769885168.858687,ADC2,0,bus_voltage,V,12.219
1769885168.9092185,ADC1,0,servo_1,A,0.804
1769885168.9599643,ADC1,1,servo_2,A,0.307
1769885169.010632,ADC1,1,servo_2,A,0.523
1769885169.0610547,ADC2,0,bus_voltage,V,10.715
1769885169.111712,THERM,0,motor_temp,C,28.384
1769885169.1629136,ADC2,0,bus_voltage,V,12.456
1769885169.2181401,ADC2,0,bus_voltage,V,11.451
1769885169.268925,ADC1,0,servo_1,A,0.267
1769885169.3193653,ADC2,0,bus_voltage,V,10.067
1769885169.3701117,THERM,0,motor_temp,C,36.093
1769885169.4207869,THERM,0,motor_temp,C,30.511
1769885169.4719691,THERM,0,motor_temp,C,38.492
1769885169.5227306,ADC2,0,bus_voltage,V,10.521
1769885169.5733843,ADC1,0,servo_1,A,0.333
1769885169.6239657,ADC2,0,bus_voltage,V,11.403
1769885169.6748557,THERM,0,motor_temp,C,69.572
1769885169.7254028,ADC2,0,bus_voltage,V,10.257
1769885169.77611,ADC1,0,servo_1,A,2.412
1769885169.8265576,ADC1,1,servo_2,A,0.532
1769885169.877124,ADC1,0,servo_1,A,0.751
1769885169.9281647,ADC1,1,servo_2,A,1.117
1769885169.9790604,ADC1,0,servo_1,A,1.494
1769885170.0296006,ADC1,0,servo_1,A,2.223
1769885170.0804768,ADC1,0,servo_1,A,0.289
1769885170.131392,ADC2,0,bus_voltage,V,10.316
1769885170.1837106,ADC1,0,servo_1,A,0.221
1769885170.2343047,ADC1,0,servo_1,A,2.161
1769885170.2848558,ADC2,0,bus_voltage,V,11.274
1769885170.3356633,ADC1,1,servo_2,A,2.33
1769885170.3864977,ADC2,0,bus_voltage,V,12.249
1769885170.4373982,THERM,0,motor_temp,C,45.376
1769885170.4881861,ADC1,0,servo_1,A,2.289
1769885170.5396173,THERM,0,motor_temp,C,28.795
1769885170.5910203,ADC1,1,servo_2,A,0.783
1769885170.6422174,ADC1,0,servo_1,A,0.352
1769885170.6932044,THERM,0,motor_temp,C,25.777
1769885170.7445934,THERM,0,motor_temp,C,31.806
1769885170.7954373,THERM,0,motor_temp,C,59.388
1769885170.846213,ADC2,0,bus_voltage,V,10.89
1769885170.8972404,THERM,0,motor_temp,C,62.76
1769885170.9484658,ADC1,0,servo_1,A,1.384
1769885170.9989462,ADC2,0,bus_voltage,V,11.706
1769885171.0496843,ADC1,1,servo_2,A,2.027
1769885171.100541,ADC2,0,bus_voltage,V,11.547
1769885171.1516707,ADC2,0,bus_voltage,V,11.729
1769885171.2021787,ADC2,0,bus_voltage,V,12.068
1769885171.252889,ADC1,0,servo_1,A,2.114
1769885171.3039951,ADC2,0,bus_voltage,V,12.383
1769885171.355065,ADC1,0,servo_1,A,1.468
1769885171.405951,ADC2,0,bus_voltage,V,10.934
1769885171.4567502,THERM,0,motor_temp,C,38.506
1769885171.5076976,ADC2,0,bus_voltage,V,11.326
1769885171.558621,THERM,0,motor_temp,C,53.018
1769885171.609243,ADC1,0,servo_1,A,1.563
1769885171.66048,THERM,0,motor_temp,C,40.47
1769885171.7112422,ADC2,0,bus_voltage,V,10.373
1769885171.762144,ADC1,0,servo_1,A,0.614
1769885171.8126154,ADC1,0,servo_1,A,0.425
1769885171.863374,THERM,0,motor_temp,C,39.585
1769885171.9137504,ADC2,0,bus_voltage,V,10.594
1769885171.964509,ADC2,0,bus_voltage,V,11.616
1769885172.0148344,ADC1,1,servo_2,A,2.281
1769885172.0657036,THERM,0,motor_temp,C,63.129
1769885172.1164813,ADC1,1,servo_2,A,1.236
1769885172.1673737,ADC2,0,bus_voltage,V,11.105
1769885172.2178905,ADC1,1,servo_2,A,0.724
1769885172.2683468,ADC2,0,bus_voltage,V,12.19
1769885172.3188844,ADC1,0,servo_1,A,0.204
1769885172.3694038,ADC1,0,servo_1,A,0.948
1769885172.4214945,THERM,0,motor_temp,C,60.065
1769885172.4737518,THERM,0,motor_temp,C,51.632
1769885172.5249362,THERM,0,motor_temp,C,38.25
1769885172.575575,ADC2,0,bus_voltage,V,10.181
1769885172.626307,ADC1,0,servo_1,A,0.228
1769885172.676855,ADC1,0,servo_1,A,0.295
1769885172.727267,THERM,0,motor_temp,C,45.082
1769885172.7776308,ADC1,1,servo_2,A,1.336
1769885172.8283646,ADC1,0,servo_1,A,0.487
1769885172.8787704,THERM,0,motor_temp,C,30.759
1769885172.9296012,THERM,0,motor_temp,C,28.708
1769885172.981743,ADC1,0,servo_1,A,2.171
1769885173.0328293,THERM,0,motor_temp,C,43.475
1769885173.0863585,ADC1,1,servo_2,A,0.412
1769885173.1371667,ADC2,0,bus_voltage,V,10.046
1769885173.187968,ADC1,0,servo_1,A,0.458
1769885173.2387817,ADC1,0,servo_1,A,0.277
1769885173.2893102,ADC1,1,servo_2,A,1.19
1769885173.340153,THERM,0,motor_temp,C,64.508
1769885173.3907754,ADC1,0,servo_1,A,0.769
1769885173.4416366,ADC1,1,servo_2,A,1.957
1769885173.4921365,ADC2,0,bus_voltage,V,11.4
1769885173.5433292,THERM,0,motor_temp,C,61.124
1769885173.5962436,ADC1,0,servo_1,A,2.055
1769885173.648097,ADC1,0,servo_1,A,1.225
1769885173.700403,ADC1,0,servo_1,A,2.293
1769885173.7514694,ADC1,1,servo_2,A,2.49
1769885173.8040762,ADC1,1,servo_2,A,0.407
1769885173.8545582,THERM,0,motor_temp,C,52.979
1769885173.9050117,THERM,0,motor_temp,C,59.219
1769885173.9557204,THERM,0,motor_temp,C,34.741
1769885174.0063384,THERM,0,motor_temp,C,30.831
1769885174.0569687,THERM,0,motor_temp,C,48.383
1769885174.1076329,ADC1,1,servo_2,A,2.022
1769885174.1582549,ADC2,0,bus_voltage,V,10.96
1769885174.2105625,ADC1,1,servo_2,A,0.272
1769885174.2612839,ADC1,1,servo_2,A,2.443
1769885174.3119068,THERM,0,motor_temp,C,52.032
1769885174.3625703,ADC2,0,bus_voltage,V,11.013
1769885174.413151,ADC2,0,bus_voltage,V,11.109
1769885174.4641402,ADC2,0,bus_voltage,V,12.367
1769885174.5151143,ADC1,0,servo_1,A,0.606
1769885174.5659416,THERM,0,motor_temp,C,33.769
1769885174.6165953,ADC1,0,servo_1,A,1.719
1769885174.667388,ADC1,0,servo_1,A,2.337
1769885174.71801,ADC1,0,servo_1,A,0.868
1769885174.7685876,ADC1,0,servo_1,A,2.45
1769885174.819088,ADC1,1,servo_2,A,1.348
1769885174.8695617,ADC2,0,bus_voltage,V,12.528
1769885174.9203217,THERM,0,motor_temp,C,27.129
1769885174.9714358,ADC2,0,bus_voltage,V,11.585
1769885175.0221875,ADC1,1,servo_2,A,2.025
1769885175.0729728,ADC1,0,servo_1,A,1.309
1769885175.1237872,THERM,0,motor_temp,C,68.382
1769885175.1747549,ADC1,0,servo_1,A,1.888
1769885175.225639,THERM,0,motor_temp,C,34.266
1769885175.2760077,ADC1,0,servo_1,A,0.814
1769885175.32683,THERM,0,motor_temp,C,51.817
1769885175.379957,ADC1,1,servo_2,A,2.233
1769885175.4320052,ADC1,1,servo_2,A,0.383
1769885175.4825284,ADC1,0,servo_1,A,0.475
1769885175.5354404,ADC2,0,bus_voltage,V,12.208
1769885175.5863018,ADC1,0,servo_1,A,1.119
1769885175.6367497,ADC2,0,bus_voltage,V,10.78
1769885175.6877573,ADC1,1,servo_2,A,1.732
1769885175.738557,ADC1,1,servo_2,A,1.307
1769885175.7897935,ADC1,0,servo_1,A,2.237
1769885175.8403249,ADC1,0,servo_1,A,1.592
1769885175.891321,ADC1,0,servo_1,A,1.79
1769885175.942113,ADC2,0,bus_voltage,V,11.939
1769885175.9928727,ADC1,0,servo_1,A,2.046
1769885176.0438783,ADC1,1,servo_2,A,2.004
1769885176.0948546,ADC2,0,bus_voltage,V,12.212
1769885176.1509058,ADC1,0,servo_1,A,2.433
1769885176.2016058,ADC1,1,servo_2,A,2.175
1769885176.2525449,THERM,0,motor_temp,C,67.987
1769885176.3033135,THERM,0,motor_temp,C,57.482
1769885176.3541522,THERM,0,motor_temp,C,46.112
1769885176.4070978,THERM,0,motor_temp,C,32.434
1769885176.4580107,THERM,0,motor_temp,C,57.389
1769885176.5087872,ADC2,0,bus_voltage,V,11.987
1769885176.5604956,ADC2,0,bus_voltage,V,12.414
1769885176.6114812,ADC1,0,servo_1,A,2.069
1769885176.6628094,ADC2,0,bus_voltage,V,10.799
1769885176.7190168,ADC1,1,servo_2,A,1.862
1769885176.7696476,THERM,0,motor_temp,C,66.09
1769885176.8206017,ADC1,1,servo_2,A,1.249
1769885176.8713362,ADC2,0,bus_voltage,V,12.176
1769885176.9219751,THERM,0,motor_temp,C,49.229
1769885176.9730847,ADC1,0,servo_1,A,1.038
1769885177.0238554,ADC1,0,servo_1,A,1.853
1769885177.0743861,ADC1,0,servo_1,A,0.481
1769885177.125085,ADC1,1,servo_2,A,0.651
1769885177.1757157,ADC1,1,servo_2,A,1.897
1769885177.2265975,ADC1,1,servo_2,A,1.047
1769885177.2772214,ADC1,0,servo_1,A,0.663
1769885177.3278482,ADC2,0,bus_voltage,V,11.476
1769885177.3784215,THERM,0,motor_temp,C,25.28
1769885177.4304795,THERM,0,motor_temp,C,62.515
1769885177.4812393,ADC1,1,servo_2,A,1.839
1769885177.5339084,ADC1,1,servo_2,A,1.48
1769885177.585354,THERM,0,motor_temp,C,49.511
1769885177.6358778,ADC1,0,servo_1,A,2.087
1769885177.6867902,THERM,0,motor_temp,C,45.451
1769885177.7374613,ADC1,1,servo_2,A,1.706
1769885177.7884078,ADC1,0,servo_1,A,0.337
1769885177.8396952,ADC1,1,servo_2,A,1.164
1769885177.8904724,THERM,0,motor_temp,C,40.677
1769885177.9410617,ADC2,0,bus_voltage,V,11.935
1769885177.9935021,ADC1,0,servo_1,A,0.475
1769885178.044981,ADC1,1,servo_2,A,0.699
1769885178.098155,ADC1,1,servo_2,A,0.232
1769885178.149136,THERM,0,motor_temp,C,48.94
1769885178.2000642,ADC1,0,servo_1,A,1.664
1769885178.250838,ADC1,0,servo_1,A,0.214
1769885178.302061,THERM,0,motor_temp,C,58.488
1769885178.3528104,THERM,0,motor_temp,C,56.959
1769885178.4046788,ADC1,1,servo_2,A,0.825
1769885178.4556031,ADC1,1,servo_2,A,1.25
1769885178.506406,ADC1,0,servo_1,A,0.726
1769885178.556753,THERM,0,motor_temp,C,28.555
1769885178.607209,ADC1,1,servo_2,A,1.128
1769885178.658387,ADC1,0,servo_1,A,0.554
1769885178.7128072,ADC1,1,servo_2,A,1.812
1769885178.7804685,ADC1,1,servo_2,A,2.096
1769885178.8326237,ADC2,0,bus_voltage,V,11.225
1769885178.8836582,ADC2,0,bus_voltage,V,12.076
1769885178.9347312,ADC1,1,servo_2,A,0.543
1769885178.9860055,ADC1,1,servo_2,A,2.026
1769885179.0368886,THERM,0,motor_temp,C,59.039
1769885179.0873966,ADC1,0,servo_1,A,0.564
1769885179.1381302,ADC2,0,bus_voltage,V,12.444
1769885179.1890075,ADC1,1,servo_2,A,0.243
1769885179.240275,THERM,0,motor_temp,C,60.013
1769885179.295427,ADC1,1,servo_2,A,0.781
1769885179.3458874,ADC1,0,servo_1,A,0.44
1769885179.3965342,THERM,0,motor_temp,C,37.284
1769885179.4477394,THERM,0,motor_temp,C,66.238
1769885179.5018973,ADC2,0,bus_voltage,V,11.79
1769885179.5530736,ADC2,0,bus_voltage,V,11.009
1769885179.6034925,ADC1,0,servo_1,A,1.469
1769885179.6540806,THERM,0,motor_temp,C,35.11
1769885179.704684,ADC1,1,servo_2,A,1.672
1769885179.7558746,ADC1,1,servo_2,A,2.349
1769885179.8103256,THERM,0,motor_temp,C,64.342
1769885179.8611636,ADC2,0,bus_voltage,V,10.093
1769885179.911777,ADC2,0,bus_voltage,V,10.349
1769885179.9624782,ADC1,1,servo_2,A,1.839
1769885180.0132167,ADC1,0,servo_1,A,2.328
1769885180.0642226,THERM,0,motor_temp,C,29.644
1769885180.117009,ADC1,0,servo_1,A,2.143
1769885180.168062,ADC1,0,servo_1,A,0.625
1769885180.2185557,THERM,0,motor_temp,C,67.788
1769885180.2696772,THERM,0,motor_temp,C,49.979
1769885180.3202512,ADC1,0,servo_1,A,1.716
1769885180.3706334,ADC1,0,servo_1,A,0.383
1769885180.4210625,THERM,0,motor_temp,C,53.003
1769885180.471992,ADC1,0,servo_1,A,0.862
1769885180.5223503,THERM,0,motor_temp,C,50.09
1769885180.577251,THERM,0,motor_temp,C,42.453
1769885180.6503122,ADC1,0,servo_1,A,1.397
1769885180.7011354,ADC2,0,bus_voltage,V,11.359
1769885180.751927,ADC1,0,servo_1,A,0.259
1769885180.8032596,ADC1,0,servo_1,A,0.305
1769885180.855697,ADC1,0,servo_1,A,2.25
1769885180.9062984,ADC1,1,servo_2,A,0.96
1769885180.9569666,ADC1,1,servo_2,A,1.886
1769885181.0074706,ADC2,0,bus_voltage,V,10.058
1769885181.058344,ADC1,1,servo_2,A,1.175
1769885181.1088107,ADC2,0,bus_voltage,V,11.259
1769885181.1598325,ADC1,0,servo_1,A,2.302
1769885181.2107735,ADC2,0,bus_voltage,V,11.562
1769885181.2624466,ADC1,1,servo_2,A,2.057
1769885181.313144,ADC1,0,servo_1,A,2.487
1769885181.36422,THERM,0,motor_temp,C,58.456
1769885181.415714,THERM,0,motor_temp,C,55.968
1769885181.46621,ADC1,0,servo_1,A,0.883
1769885181.5170932,ADC1,1,servo_2,A,0.98
1769885181.5677695,ADC1,0,servo_1,A,1.894
1769885181.6184895,ADC1,1,servo_2,A,1.34
1769885181.668969,ADC1,0,servo_1,A,2.231
1769885181.7195938,ADC1,1,servo_2,A,1.684
1769885181.7701159,THERM,0,motor_temp,C,60.502
1769885181.8208506,ADC1,0,servo_1,A,2.152
1769885181.8712947,ADC2,0,bus_voltage,V,12.147
1769885181.9219031,ADC2,0,bus_voltage,V,12.437
1769885181.9723544,ADC1,1,servo_2,A,1.094
1769885182.0227644,ADC1,1,servo_2,A,1.692
1769885182.0735443,ADC1,1,servo_2,A,2.312
1769885182.1244445,ADC1,0,servo_1,A,0.673
1769885182.1835465,ADC1,1,servo_2,A,1.867
1769885182.2343786,ADC1,0,servo_1,A,0.246
1769885182.2852066,ADC1,1,servo_2,A,2.156
1769885182.3360524,ADC2,0,bus_voltage,V,10.076
1769885182.3867512,ADC2,0,bus_voltage,V,11.987
1769885182.4371789,ADC1,1,servo_2,A,0.897
1769885182.48768,ADC1,1,servo_2,A,0.297
1769885182.5383892,ADC1,1,servo_2,A,2.027
1769885182.5887418,ADC2,0,bus_voltage,V,12.091
1769885182.6399522,ADC2,0,bus_voltage,V,11.033
1769885182.6906786,THERM,0,motor_temp,C,38.248
1769885182.7415602,ADC2,0,bus_voltage,V,11.985
1769885182.7925935,ADC2,0,bus_voltage,V,11.684
1769885182.843365,ADC1,0,servo_1,A,2.068
1769885182.8953874,THERM,0,motor_temp,C,41.351
1769885182.9535966,ADC1,0,servo_1,A,1.768
1769885183.0039556,ADC2,0,bus_voltage,V,11.562
1769885183.0553687,ADC1,0,servo_1,A,0.473
1769885183.1060407,ADC1,0,servo_1,A,0.812
1769885183.1568043,ADC1,1,servo_2,A,2.003
1769885183.2077496,ADC2,0,bus_voltage,V,10.443
1769885183.258411,ADC1,0,servo_1,A,0.373
1769885183.3088877,ADC1,0,servo_1,A,0.527
1769885183.359737,ADC1,1,servo_2,A,2.256
1769885183.4101253,THERM,0,motor_temp,C,67.704
1769885183.460564,THERM,0,motor_temp,C,49.438
1769885183.5111825,ADC1,1,servo_2,A,0.529
1769885183.5619757,ADC1,0,servo_1,A,1.728
1769885183.6124544,THERM,0,motor_temp,C,67.013
1769885183.662953,THERM,0,motor_temp,C,25.674
1769885183.7136467,ADC1,0,servo_1,A,2.414
1769885183.764489,THERM,0,motor_temp,C,48.408
1769885183.8151906,ADC1,0,servo_1,A,1.59
1769885183.8657272,ADC2,0,bus_voltage,V,11.133
1769885183.9165163,ADC1,1,servo_2,A,1.419
1769885183.967344,ADC1,1,servo_2,A,0.362
1769885184.0181403,ADC2,0,bus_voltage,V,11.104
1769885184.0686564,ADC1,0,servo_1,A,1.175
1769885184.1194003,THERM,0,motor_temp,C,52.482
1769885184.1701417,ADC1,0,servo_1,A,0.833
1769885184.220567,ADC2,0,bus_voltage,V,10.332
1769885184.2712083,THERM,0,motor_temp,C,51.49
1769885184.3217683,THERM,0,motor_temp,C,65.151
1769885184.3724878,ADC1,0,servo_1,A,0.965
1769885184.4231539,ADC1,0,servo_1,A,2.287
1769885184.4736116,THERM,0,motor_temp,C,66.391
1769885184.5242953,THERM,0,motor_temp,C,46.946
1769885184.5752606,ADC1,1,servo_2,A,1.891
1769885184.6266294,ADC1,1,servo_2,A,0.865
1769885184.6772316,THERM,0,motor_temp,C,69.565
1769885184.7280357,ADC1,1,servo_2,A,1.632
1769885184.7788131,ADC2,0,bus_voltage,V,11.085
1769885184.8294196,ADC1,1,servo_2,A,0.721
1769885184.8804069,ADC1,0,servo_1,A,2.163
1769885184.9312985,ADC1,1,servo_2,A,0.923
1769885184.9819334,THERM,0,motor_temp,C,59.314
1769885185.032854,ADC1,1,servo_2,A,1.737
1769885185.083946,ADC1,0,servo_1,A,1.411
1769885185.134326,ADC1,0,servo_1,A,1.606
1769885185.1854024,ADC1,0,servo_1,A,2.304
1769885185.2373934,ADC1,1,servo_2,A,0.583
1769885185.2883265,ADC2,0,bus_voltage,V,10.971
1769885185.3387983,ADC1,1,servo_2,A,0.902
1769885185.3892703,THERM,0,motor_temp,C,36.962
1769885185.4400413,THERM,0,motor_temp,C,43.03
1769885185.4906917,THERM,0,motor_temp,C,31.739
1769885185.5414035,THERM,0,motor_temp,C,32.014
1769885185.5934474,THERM,0,motor_temp,C,53.248
1769885185.6440995,ADC1,0,servo_1,A,0.38
1769885185.6948545,THERM,0,motor_temp,C,68.54
1769885185.7454355,ADC1,1,servo_2,A,0.666
1769885185.7958367,ADC1,1,servo_2,A,1.414
1769885185.8467624,ADC2,0,bus_voltage,V,10.389
1769885185.8975146,ADC1,1,servo_2,A,2.444
1769885185.9489481,ADC2,0,bus_voltage,V,11.899
1769885186.0000207,ADC1,1,servo_2,A,1.896
1769885186.0507917,ADC1,0,servo_1,A,1.213
1769885186.1018205,ADC1,0,servo_1,A,0.817
1769885186.1525464,ADC2,0,bus_voltage,V,11.778
1769885186.203203,ADC2,0,bus_voltage,V,12.176
1769885186.2539175,ADC1,1,servo_2,A,1.648
1769885186.3050134,ADC2,0,bus_voltage,V,12.181
1769885186.3566928,ADC1,1,servo_2,A,0.98
1769885186.4077592,ADC2,0,bus_voltage,V,10.501
1769885186.4583175,ADC1,1,servo_2,A,0.734
1769885186.5091088,ADC1,0,servo_1,A,2.456
1769885186.559602,ADC2,0,bus_voltage,V,12.295
1769885186.6101155,THERM,0,motor_temp,C,60.551
1769885186.6630116,THERM,0,motor_temp,C,50.827
1769885186.7143078,ADC2,0,bus_voltage,V,12.035
1769885186.764831,ADC1,0,servo_1,A,0.726
1769885186.8158875,ADC1,0,servo_1,A,1.674
1769885186.868434,THERM,0,motor_temp,C,46.665
1769885186.9190583,ADC2,0,bus_voltage,V,11.88
1769885186.969525,ADC1,1,servo_2,A,1.124
1769885187.0200768,THERM,0,motor_temp,C,51.179
1769885187.07093,ADC1,1,servo_2,A,1.636
1769885187.1216784,ADC1,1,servo_2,A,1.96
1769885187.1724408,ADC1,1,servo_2,A,2.307
1769885187.2229893,ADC1,1,servo_2,A,1.765
1769885187.2734754,ADC2,0,bus_voltage,V,11.862
1769885187.323822,THERM,0,motor_temp,C,49.345
1769885187.3745124,THERM,0,motor_temp,C,65.489
1769885187.4249454,ADC1,1,servo_2,A,2.088
1769885187.4755797,ADC1,1,servo_2,A,0.432
1769885187.5262256,ADC1,1,servo_2,A,0.617
1769885187.5778596,THERM,0,motor_temp,C,64.332
1769885187.629271,ADC1,0,servo_1,A,0.536
1769885187.6797886,ADC2,0,bus_voltage,V,12.091
1769885187.730348,ADC1,1,servo_2,A,0.327
1769885187.7811456,ADC1,1,servo_2,A,1.133
1769885187.8320408,THERM,0,motor_temp,C,65.686
1769885187.882907,ADC2,0,bus_voltage,V,10.301
1769885187.933366,ADC1,0,servo_1,A,1.131
1769885187.9852405,ADC1,1,servo_2,A,1.367
1769885188.0360763,ADC1,0,servo_1,A,1.325
1769885188.0871375,THERM,0,motor_temp,C,65.31
1769885188.1384447,ADC1,1,servo_2,A,1.88
1769885188.1888936,ADC2,0,bus_voltage,V,10.514
1769885188.2393358,THERM,0,motor_temp,C,63.816
1769885188.290197,ADC2,0,bus_voltage,V,10.717
1769885188.3408077,THERM,0,motor_temp,C,53.219
1769885188.3912733,ADC2,0,bus_voltage,V,11.622
1769885188.442058,ADC2,0,bus_voltage,V,11.176
1769885188.4930944,ADC1,0,servo_1,A,0.879
1769885188.5482163,ADC1,1,servo_2,A,0.899
1769885188.598836,ADC2,0,bus_voltage,V,10.098
1769885188.6495128,ADC1,1,servo_2,A,1.398
1769885188.7002125,THERM,0,motor_temp,C,26.074
1769885188.7525048,THERM,0,motor_temp,C,25.703
1769885188.8032603,ADC1,1,servo_2,A,1.43
1769885188.853608,ADC1,1,servo_2,A,2.255
1769885188.9046018,ADC1,0,servo_1,A,0.58
1769885188.9567769,ADC1,0,servo_1,A,2.297
1769885189.0073984,ADC1,1,servo_2,A,0.289
1769885189.0585113,ADC1,0,servo_1,A,1.274
1769885189.1092374,ADC2,0,bus_voltage,V,10.549
1769885189.1610663,ADC1,1,servo_2,A,1.761
1769885189.212503,ADC1,0,servo_1,A,0.988
1769885189.263236,ADC1,1,servo_2,A,1.451
1769885189.3141115,ADC1,1,servo_2,A,1.405
1769885189.3666227,ADC1,0,servo_1,A,1.925
1769885189.4178038,ADC2,0,bus_voltage,V,10.623
1769885189.4683216,ADC2,0,bus_voltage,V,11.082
1769885189.5187323,ADC2,0,bus_voltage,V,11.902
1769885189.571328,ADC2,0,bus_voltage,V,10.042
1769885189.622081,ADC1,0,servo_1,A,0.388
1769885189.672592,ADC1,0,servo_1,A,2.16
1769885189.7231297,ADC1,0,servo_1,A,2.112
1769885189.7740562,ADC1,1,servo_2,A,0.973
1769885189.824905,THERM,0,motor_temp,C,26.584
1769885189.875681,ADC1,1,servo_2,A,0.67
1769885189.926217,ADC1,1,servo_2,A,2.072
1769885189.9788656,THERM,0,motor_temp,C,61.989
1769885190.0293329,ADC1,0,servo_1,A,1.565
1769885190.0801098,ADC2,0,bus_voltage,V,12.563
1769885190.1321778,ADC1,0,servo_1,A,0.201
1769885190.1831615,ADC2,0,bus_voltage,V,12.383
1769885190.234125,ADC1,1,servo_2,A,2.495
1769885190.2845087,THERM,0,motor_temp,C,28.916
1769885190.334992,THERM,0,motor_temp,C,39.669
1769885190.386864,ADC1,0,servo_1,A,1.447
1769885190.437728,ADC2,0,bus_voltage,V,10.47
1769885190.48879,ADC2,0,bus_voltage,V,11.507
1769885190.53925,THERM,0,motor_temp,C,40.839
1769885190.5901525,THERM,0,motor_temp,C,43.278
1769885190.6404405,THERM,0,motor_temp,C,49.006
1769885190.6920428,THERM,0,motor_temp,C,26.111
1769885190.7437675,ADC1,1,servo_2,A,0.704
1769885190.794529,ADC1,0,servo_1,A,1.195
1769885190.8451915,ADC1,0,servo_1,A,1.92
1769885190.8962176,ADC1,0,servo_1,A,1.835
1769885190.9467294,ADC2,0,bus_voltage,V,11.037
1769885190.9974353,THERM,0,motor_temp,C,56.229
1769885191.0480604,ADC2,0,bus_voltage,V,11.321
1769885191.098806,ADC2,0,bus_voltage,V,12.569
1769885191.1495662,ADC1,1,servo_2,A,2.249
1769885191.2003088,ADC1,1,servo_2,A,0.511
1769885191.254318,ADC2,0,bus_voltage,V,10.53
1769885191.307009,THERM,0,motor_temp,C,29.409
1769885191.3585002,ADC2,0,bus_voltage,V,11.398
1769885191.4093714,THERM,0,motor_temp,C,68.583
1769885191.4601152,THERM,0,motor_temp,C,44.893
1769885191.5105891,ADC1,1,servo_2,A,2.028
1769885191.5613997,ADC1,0,servo_1,A,2.225
1769885191.6120358,ADC2,0,bus_voltage,V,10.705
1769885191.662837,THERM,0,motor_temp,C,44.378
1769885191.7137349,ADC2,0,bus_voltage,V,12.42
1769885191.764351,THERM,0,motor_temp,C,27.069
1769885191.8151245,ADC1,1,servo_2,A,0.92
1769885191.8659637,ADC2,0,bus_voltage,V,10.377
1769885191.916451,ADC2,0,bus_voltage,V,12.53
1769885191.9672332,ADC2,0,bus_voltage,V,11.554
1769885192.0178223,THERM,0,motor_temp,C,47.01
1769885192.0686882,ADC1,0,servo_1,A,0.931
1769885192.1191854,ADC1,1,servo_2,A,0.987
1769885192.1699228,THERM,0,motor_temp,C,31.841
1769885192.2208333,ADC1,1,servo_2,A,1.741
1769885192.2712014,ADC2,0,bus_voltage,V,10.42
1769885192.3227117,ADC1,0,servo_1,A,0.999
1769885192.3733923,ADC2,0,bus_voltage,V,12.238
1769885192.4244196,ADC1,0,servo_1,A,1.91
1769885192.4776967,ADC1,0,servo_1,A,1.622
1769885192.5364842,ADC2,0,bus_voltage,V,11.292
1769885192.5882728,THERM,0,motor_temp,C,54.62
1769885192.6411564,ADC1,0,servo_1,A,1.144
1769885192.6930823,ADC1,0,servo_1,A,1.706
1769885192.7435431,ADC1,0,servo_1,A,2.183
1769885192.7995632,THERM,0,motor_temp,C,42.429
1769885192.850206,ADC1,0,servo_1,A,0.643
1769885192.9019685,ADC2,0,bus_voltage,V,10.078
1769885192.952983,ADC2,0,bus_voltage,V,10.647
1769885193.003462,ADC1,1,servo_2,A,1.502
1769885193.0539286,THERM,0,motor_temp,C,25.732
1769885193.104505,ADC1,1,servo_2,A,1.693
1769885193.1560664,ADC1,0,servo_1,A,0.804
1769885193.2067513,ADC2,0,bus_voltage,V,10.713
1769885193.2572398,ADC1,0,servo_1,A,1.303
1769885193.308081,ADC2,0,bus_voltage,V,12.121
1769885193.3588307,ADC1,0,servo_1,A,1.243
1769885193.4092214,THERM,0,motor_temp,C,55.394
1769885193.4596567,ADC1,0,servo_1,A,1.35
1769885193.5101323,ADC2,0,bus_voltage,V,11.004
1769885193.560512,ADC1,1,servo_2,A,0.874
1769885193.612124,ADC1,1,servo_2,A,1.796
1769885193.6631851,ADC2,0,bus_voltage,V,10.082
1769885193.7169683,ADC1,0,servo_1,A,2.351
1769885193.768086,THERM,0,motor_temp,C,25.293
1769885193.8186805,ADC1,0,servo_1,A,1.624
1769885193.8694,ADC1,0,servo_1,A,2.165
1769885193.9201896,ADC2,0,bus_voltage,V,11.954
1769885193.9708202,ADC1,1,servo_2,A,0.94
1769885194.0217764,THERM,0,motor_temp,C,52.977
1769885194.0729306,ADC1,1,servo_2,A,2.137
1769885194.123827,ADC1,0,servo_1,A,0.942
1769885194.174616,ADC1,1,servo_2,A,1.836
1769885194.2249255,ADC1,0,servo_1,A,2.39
1769885194.275248,THERM,0,motor_temp,C,53.258
1769885194.326073,THERM,0,motor_temp,C,32.039
1769885194.376894,THERM,0,motor_temp,C,43.237
1769885194.4277382,THERM,0,motor_temp,C,61.064
1769885194.4782822,THERM,0,motor_temp,C,34.848
1769885194.5288975,ADC1,1,servo_2,A,2.36
1769885194.5795534,ADC1,1,servo_2,A,0.95
1769885194.6300092,ADC2,0,bus_voltage,V,10.947
1769885194.6807854,ADC1,0,servo_1,A,2.194
1769885194.7317517,THERM,0,motor_temp,C,29.139
1769885194.7828655,ADC1,1,servo_2,A,0.301
1769885194.833758,ADC1,0,servo_1,A,0.673
1769885194.8846931,ADC1,0,servo_1,A,0.731
1769885194.9352102,ADC2,0,bus_voltage,V,10.877
1769885194.9857361,ADC1,1,servo_2,A,1.383
1769885195.0361612,ADC2,0,bus_voltage,V,10.915
1769885195.0870695,ADC1,0,servo_1,A,0.957
1769885195.1375406,ADC2,0,bus_voltage,V,10.059
1769885195.188292,ADC2,0,bus_voltage,V,10.343
1769885195.238712,ADC1,1,servo_2,A,2.224
1769885195.2895331,ADC1,0,servo_1,A,1.8
1769885195.3403044,THERM,0,motor_temp,C,35.441
1769885195.3910432,ADC1,0,servo_1,A,2.157
1769885195.4416614,ADC1,0,servo_1,A,2.415
1769885195.4923344,ADC1,0,servo_1,A,2.308
1769885195.5430408,ADC1,1,servo_2,A,1.758
1769885195.5937538,THERM,0,motor_temp,C,53.394
1769885195.6465812,ADC1,0,servo_1,A,0.282
1769885195.6972952,THERM,0,motor_temp,C,40.536
1769885195.7482126,ADC1,1,servo_2,A,2.213
1769885195.7993643,ADC1,0,servo_1,A,0.336
1769885195.850305,ADC1,1,servo_2,A,2.193
1769885195.9006307,THERM,0,motor_temp,C,39.368
1769885195.9517293,ADC1,1,servo_2,A,2.482
1769885196.0021808,ADC1,1,servo_2,A,0.345
1769885196.05278,ADC1,1,servo_2,A,1.274
1769885196.103866,ADC1,1,servo_2,A,1.997
1769885196.1543188,ADC1,1,servo_2,A,2.469
1769885196.2046802,THERM,0,motor_temp,C,43.309
1769885196.2550263,THERM,0,motor_temp,C,49.41
1769885196.3059328,THERM,0,motor_temp,C,50.098
1769885196.3567343,ADC1,1,servo_2,A,1.682
1769885196.4075723,ADC1,0,servo_1,A,2.308
1769885196.4584837,THERM,0,motor_temp,C,58.087
1769885196.509291,THERM,0,motor_temp,C,38.103
1769885196.5600076,ADC1,1,servo_2,A,0.523
1769885196.6105604,ADC2,0,bus_voltage,V,12.453
1769885196.6615145,ADC1,1,servo_2,A,1.598
1769885196.712116,ADC1,0,servo_1,A,2.157
1769885196.7625985,ADC2,0,bus_voltage,V,11.004
1769885196.8135097,ADC1,0,servo_1,A,0.985
1769885196.8640475,ADC1,0,servo_1,A,1.718
1769885196.9148366,ADC1,0,servo_1,A,2.069
1769885196.9652095,ADC1,1,servo_2,A,1.238
1769885197.0156066,ADC1,0,servo_1,A,2.417
1769885197.0663826,ADC1,0,servo_1,A,0.847
1769885197.1167707,ADC1,0,servo_1,A,2.291
1769885197.1676211,THERM,0,motor_temp,C,30.188
1769885197.2184942,THERM,0,motor_temp,C,68.372
1769885197.2692766,ADC1,0,servo_1,A,1.923
1769885197.3199677,ADC1,0,servo_1,A,2.04
1769885197.3707645,ADC1,1,servo_2,A,1.55
1769885197.4214306,ADC1,0,servo_1,A,0.957
1769885197.4717703,ADC2,0,bus_voltage,V,11.907
1769885197.5224535,ADC1,1,servo_2,A,0.62
1769885197.573087,THERM,0,motor_temp,C,28.807
1769885197.6240296,ADC1,1,servo_2,A,1.735
1769885197.6746933,THERM,0,motor_temp,C,66.149
1769885197.725514,ADC2,0,bus_voltage,V,11.254
1769885197.7761476,ADC1,1,servo_2,A,1.512
1769885197.8269558,THERM,0,motor_temp,C,25.674
1769885197.8774076,THERM,0,motor_temp,C,38.815
1769885197.9282148,THERM,0,motor_temp,C,32.286
1769885197.978751,THERM,0,motor_temp,C,69.127
1769885198.0297108,ADC2,0,bus_voltage,V,11.68
1769885198.0801592,ADC2,0,bus_voltage,V,11.266
1769885198.1308112,ADC2,0,bus_voltage,V,11.8
1769885198.1815534,ADC1,0,servo_1,A,2.356
1769885198.2323804,ADC2,0,bus_voltage,V,12.008
1769885198.2829924,ADC2,0,bus_voltage,V,12.406
1769885198.3339512,ADC1,0,servo_1,A,0.812
1769885198.384953,ADC2,0,bus_voltage,V,10.264
1769885198.436325,ADC2,0,bus_voltage,V,11.103
1769885198.4868207,ADC1,0,servo_1,A,0.431
1769885198.5378926,THERM,0,motor_temp,C,35.961
1769885198.5884936,ADC2,0,bus_voltage,V,10.909
1769885198.6390212,ADC1,0,servo_1,A,1.329
1769885198.689682,ADC2,0,bus_voltage,V,11.558
1769885198.740096,ADC2,0,bus_voltage,V,10.076
1769885198.790465,ADC1,0,servo_1,A,1.552
1769885198.841533,ADC1,0,servo_1,A,2.298
1769885198.8919396,ADC1,0,servo_1,A,2.319
1769885198.9424279,ADC1,0,servo_1,A,1.976
1769885198.9934504,THERM,0,motor_temp,C,56.805
1769885199.04389,ADC2,0,bus_voltage,V,11.458
1769885199.0946412,ADC2,0,bus_voltage,V,11.468
1769885199.1452017,THERM,0,motor_temp,C,35.516
1769885199.1961477,ADC1,0,servo_1,A,0.487
1769885199.2466345,THERM,0,motor_temp,C,48.386
1769885199.2973113,ADC1,0,servo_1,A,0.708
1769885199.3483734,ADC1,0,servo_1,A,0.278
1769885199.3994105,ADC2,0,bus_voltage,V,10.849
1769885199.4503112,ADC2,0,bus_voltage,V,12.087
1769885199.5008118,THERM,0,motor_temp,C,60.005
1769885199.553875,ADC1,1,servo_2,A,0.645
1769885199.6047482,ADC1,1,servo_2,A,1.86
1769885199.6559265,THERM,0,motor_temp,C,63.287
1769885199.7064981,THERM,0,motor_temp,C,39.499
1769885199.7571626,ADC2,0,bus_voltage,V,10.39
1769885199.8080232,ADC1,1,servo_2,A,1.618
1769885199.858855,ADC1,0,servo_1,A,1.969
1769885199.909731,ADC1,1,servo_2,A,0.445
1769885199.960623,ADC2,0,bus_voltage,V,10.027
1769885200.0112388,THERM,0,motor_temp,C,29.137
1769885200.0670886,ADC1,1,servo_2,A,0.801
1769885200.118401,ADC1,1,servo_2,A,2.305
1769885200.1696289,THERM,0,motor_temp,C,51.679
1769885200.2202911,ADC1,1,servo_2,A,0.695
1769885200.2712955,ADC1,1,servo_2,A,0.519
1769885200.3225548,ADC1,1,servo_2,A,2.389
1769885200.3755429,THERM,0,motor_temp,C,25.878
1769885200.4264119,THERM,0,motor_temp,C,45.193
1769885200.4777346,THERM,0,motor_temp,C,25.661
1769885200.528476,ADC1,0,servo_1,A,0.902
1769885200.5791192,ADC2,0,bus_voltage,V,12.314
1769885200.6300902,ADC2,0,bus_voltage,V,11.586
1769885200.6806495,ADC2,0,bus_voltage,V,10.388
1769885200.731436,ADC1,0,servo_1,A,1.812
1769885200.7821703,THERM,0,motor_temp,C,57.81
1769885200.83294,ADC2,0,bus_voltage,V,11.349
1769885200.883691,ADC1,1,servo_2,A,0.664
1769885200.9343166,THERM,0,motor_temp,C,34.743
1769885200.9870138,THERM,0,motor_temp,C,28.39
1769885201.0375135,ADC2,0,bus_voltage,V,12.032
1769885201.0887067,ADC2,0,bus_voltage,V,10.424
1769885201.139463,ADC2,0,bus_voltage,V,11.138
1769885201.1899498,THERM,0,motor_temp,C,59.129
1769885201.245172,THERM,0,motor_temp,C,30.734
1769885201.2962759,THERM,0,motor_temp,C,67.011
1769885201.347793,ADC2,0,bus_voltage,V,12.539
1769885201.3989298,ADC1,1,servo_2,A,0.899
1769885201.449808,ADC1,0,servo_1,A,1.087
1769885201.5008895,ADC2,0,bus_voltage,V,10.65
1769885201.5515916,ADC2,0,bus_voltage,V,10.688
1769885201.602452,ADC1,1,servo_2,A,1.106
1769885201.6535604,THERM,0,motor_temp,C,47.905
1769885201.7040532,THERM,0,motor_temp,C,46.209
1769885201.7548108,ADC2,0,bus_voltage,V,12.198
1769885201.8068717,ADC2,0,bus_voltage,V,11.106
1769885201.8577325,ADC1,1,servo_2,A,1.92
1769885201.9083152,THERM,0,motor_temp,C,63.317
1769885201.9588048,ADC1,0,servo_1,A,2.022
1769885202.0096107,THERM,0,motor_temp,C,65.347
1769885202.0600824,ADC1,1,servo_2,A,1.729
1769885202.1107893,ADC1,1,servo_2,A,0.23
1769885202.161309,THERM,0,motor_temp,C,65.431
1769885202.2125223,ADC1,0,servo_1,A,2.033
1769885202.263727,ADC2,0,bus_voltage,V,12.201
1769885202.3141181,ADC1,0,servo_1,A,0.624
1769885202.3652298,ADC1,0,servo_1,A,1.552
1769885202.4162824,ADC1,0,servo_1,A,1.415
1769885202.4671474,ADC1,1,servo_2,A,0.292
1769885202.51983,THERM,0,motor_temp,C,60.69
1769885202.570312,THERM,0,motor_temp,C,50.03
1769885202.6212432,THERM,0,motor_temp,C,53.93
1769885202.6718209,ADC2,0,bus_voltage,V,10.113
1769885202.7224715,ADC1,1,servo_2,A,0.263
1769885202.773747,THERM,0,motor_temp,C,36.514
1769885202.8245883,ADC2,0,bus_voltage,V,11.729
1769885202.8752694,ADC2,0,bus_voltage,V,11.81
1769885202.9257963,THERM,0,motor_temp,C,66.073
1769885202.9761343,THERM,0,motor_temp,C,50.4
1769885203.0270216,THERM,0,motor_temp,C,57.311
1769885203.077931,THERM,0,motor_temp,C,50.608
1769885203.128619,ADC1,0,servo_1,A,2.259
1769885203.1791914,ADC1,1,servo_2,A,1.531
1769885203.2302494,ADC1,1,servo_2,A,0.343
1769885203.2815197,ADC2,0,bus_voltage,V,10.061
1769885203.331945,ADC2,0,bus_voltage,V,10.304
1769885203.3824344,ADC1,0,servo_1,A,1.236
1769885203.433252,ADC1,1,servo_2,A,0.486
1769885203.4843948,ADC1,0,servo_1,A,0.612
1769885203.5351849,ADC2,0,bus_voltage,V,12.362
1769885203.585578,ADC1,1,servo_2,A,2.042
1769885203.635975,THERM,0,motor_temp,C,67.128
1769885203.68672,ADC2,0,bus_voltage,V,12.5
1769885203.7378893,THERM,0,motor_temp,C,47.876
1769885203.788277,ADC1,0,servo_1,A,1.823
1769885203.8416393,ADC1,0,servo_1,A,0.762
1769885203.8936505,THERM,0,motor_temp,C,69.051
1769885203.9440258,THERM,0,motor_temp,C,25.578
1769885203.9945035,ADC1,0,servo_1,A,0.769
1769885204.04528,ADC2,0,bus_voltage,V,11.721
1769885204.0956695,ADC2,0,bus_voltage,V,12.421
1769885204.1463444,ADC1,0,servo_1,A,1.018
1769885204.1969063,THERM,0,motor_temp,C,44.457
1769885204.2474716,ADC1,1,servo_2,A,2.296
1769885204.2977889,ADC1,1,servo_2,A,2.273
1769885204.348511,ADC2,0,bus_voltage,V,10.435
1769885204.3996494,ADC1,1,servo_2,A,1.942
1769885204.451036,ADC1,1,servo_2,A,0.881
1769885204.5019085,ADC1,0,servo_1,A,0.241
1769885204.552685,ADC1,0,servo_1,A,0.303
1769885204.603166,THERM,0,motor_temp,C,31.968
1769885204.6537392,ADC1,1,servo_2,A,0.295
1769885204.705439,ADC1,0,servo_1,A,1.634
1769885204.7565708,ADC1,1,servo_2,A,2.181
1769885204.8071237,ADC1,0,servo_1,A,0.353
1769885204.8579042,ADC2,0,bus_voltage,V,12.14
1769885204.908414,ADC1,1,servo_2,A,0.62
1769885204.958959,THERM,0,motor_temp,C,66.585
1769885205.0167778,ADC1,0,servo_1,A,0.846
1769885205.0675426,ADC1,0,servo_1,A,0.251
1769885205.1179316,ADC1,1,servo_2,A,1.475
1769885205.1684444,ADC1,1,servo_2,A,1.981
1769885205.2189069,ADC1,1,servo_2,A,1.827
1769885205.2695584,ADC1,0,servo_1,A,0.208
1769885205.3202212,ADC2,0,bus_voltage,V,10.994
1769885205.3714705,ADC1,1,servo_2,A,1.305
1769885205.4220698,THERM,0,motor_temp,C,69.146
1769885205.4726872,ADC1,0,servo_1,A,0.259
1769885205.5232155,ADC1,1,servo_2,A,1.113
1769885205.5739148,ADC1,0,servo_1,A,0.75
1769885205.6251845,ADC2,0,bus_voltage,V,11.95
1769885205.6759772,ADC1,1,servo_2,A,2.343
1769885205.726741,ADC1,0,servo_1,A,1.891
1769885205.777589,ADC2,0,bus_voltage,V,10.884
1769885205.8283715,ADC2,0,bus_voltage,V,10.85
1769885205.8793035,ADC1,1,servo_2,A,0.424
1769885205.929729,ADC2,0,bus_voltage,V,12.198
1769885205.9801092,ADC1,0,servo_1,A,0.958
1769885206.0306504,THERM,0,motor_temp,C,57.612
1769885206.0812695,ADC1,0,servo_1,A,0.299
1769885206.1322446,ADC1,0,servo_1,A,1.783
1769885206.1830127,ADC2,0,bus_voltage,V,10.516
1769885206.2338057,THERM,0,motor_temp,C,41.899
1769885206.2843237,ADC1,1,servo_2,A,1.158
1769885206.3349807,ADC2,0,bus_voltage,V,10.167
1769885206.3858674,ADC1,1,servo_2,A,0.434
1769885206.4370108,ADC1,1,servo_2,A,0.524
1769885206.4873338,ADC2,0,bus_voltage,V,10.856
1769885206.539205,ADC2,0,bus_voltage,V,12.208
1769885206.5896142,ADC1,0,servo_1,A,2.049
1769885206.64045,ADC1,0,servo_1,A,0.589
1769885206.6910703,ADC1,1,servo_2,A,2.359
1769885206.7419062,ADC1,1,servo_2,A,2.388
1769885206.7922952,THERM,0,motor_temp,C,39.857
1769885206.8427908,ADC2,0,bus_voltage,V,10.159
1769885206.8940964,THERM,0,motor_temp,C,28.688
1769885206.9446042,ADC1,0,servo_1,A,0.621
1769885206.995218,THERM,0,motor_temp,C,30.969
1769885207.045643,ADC1,1,servo_2,A,2.436
1769885207.0962727,ADC1,0,servo_1,A,2.14
1769885207.1468563,ADC2,0,bus_voltage,V,12.076
1769885207.198133,THERM,0,motor_temp,C,62.141
1769885207.2518277,ADC1,1,servo_2,A,2.079
1769885207.3126302,THERM,0,motor_temp,C,54.849
1769885207.3678153,THERM,0,motor_temp,C,55.444
1769885207.4183865,ADC1,1,servo_2,A,0.835
1769885207.468796,ADC2,0,bus_voltage,V,10.533
1769885207.5192819,ADC1,0,servo_1,A,1.789
1769885207.57006,ADC1,0,servo_1,A,0.715
1769885207.6210787,THERM,0,motor_temp,C,69.818
1769885207.6718464,ADC1,1,servo_2,A,0.209
1769885207.7225392,THERM,0,motor_temp,C,45.247
1769885207.7731087,THERM,0,motor_temp,C,34.801
1769885207.823443,ADC1,1,servo_2,A,2.084
1769885207.8786469,ADC1,0,servo_1,A,0.44
1769885207.9354212,ADC2,0,bus_voltage,V,10.192
1769885207.9868014,ADC2,0,bus_voltage,V,10.908
1769885208.037258,ADC2,0,bus_voltage,V,10.515
1769885208.0909696,ADC2,0,bus_voltage,V,11.442
1769885208.143372,ADC2,0,bus_voltage,V,10.159
1769885208.1943727,ADC1,0,servo_1,A,0.258
1769885208.2455359,ADC2,0,bus_voltage,V,10.593
1769885208.2964017,ADC1,0,servo_1,A,1.09
1769885208.3471086,ADC1,1,servo_2,A,1.106
1769885208.3990965,ADC1,1,servo_2,A,1.219
1769885208.4523482,ADC1,0,servo_1,A,1.024
1769885208.516543,THERM,0,motor_temp,C,66.133
1769885208.567148,ADC1,0,servo_1,A,1.7
1769885208.618057,THERM,0,motor_temp,C,63.844
1769885208.6686985,THERM,0,motor_temp,C,63.975
1769885208.7193382,ADC1,1,servo_2,A,2.5
1769885208.7701156,ADC1,0,servo_1,A,0.307
1769885208.8213208,ADC2,0,bus_voltage,V,10.997
1769885208.871895,THERM,0,motor_temp,C,41.413
1769885208.9233174,THERM,0,motor_temp,C,52.826
1769885208.974265,THERM,0,motor_temp,C,28.603
1769885209.0252287,ADC1,0,servo_1,A,0.77
1769885209.0758004,THERM,0,motor_temp,C,49.092
1769885209.1261327,ADC2,0,bus_voltage,V,10.909
1769885209.1767566,ADC1,1,servo_2,A,2.148
1769885209.2274199,ADC1,0,servo_1,A,0.204
1769885209.2777646,ADC1,0,servo_1,A,1.287
1769885209.3281956,THERM,0,motor_temp,C,39.655
1769885209.3789637,ADC2,0,bus_voltage,V,10.157
1769885209.4295158,ADC2,0,bus_voltage,V,11.015
1769885209.480224,ADC2,0,bus_voltage,V,10.082
1769885209.5310073,ADC1,0,servo_1,A,1.264
1769885209.5816839,ADC2,0,bus_voltage,V,12.411
1769885209.6322823,THERM,0,motor_temp,C,64.803
1769885209.6829975,ADC2,0,bus_voltage,V,10.502
1769885209.734086,ADC1,1,servo_2,A,0.437
1769885209.7849677,ADC1,0,servo_1,A,0.587
1769885209.8354554,ADC1,1,servo_2,A,2.298
1769885209.886561,THERM,0,motor_temp,C,32.183
1769885209.9371462,ADC1,0,servo_1,A,2.457
1769885209.9878814,ADC1,1,servo_2,A,1.182
1769885210.0387247,THERM,0,motor_temp,C,58.178
1769885210.0895333,ADC1,0,servo_1,A,2.11
1769885210.140459,THERM,0,motor_temp,C,32.464
1769885210.1912699,ADC1,0,servo_1,A,0.305
1769885210.2419002,ADC1,1,servo_2,A,1.749
1769885210.2925415,ADC1,1,servo_2,A,1.836
1769885210.343329,THERM,0,motor_temp,C,53.449
1769885210.3938735,ADC1,1,servo_2,A,0.308
1769885210.44482,ADC1,0,servo_1,A,0.522
1769885210.4957173,ADC1,0,servo_1,A,1.079
1769885210.546159,ADC1,1,servo_2,A,0.759
1769885210.5966144,ADC1,0,servo_1,A,1.111
1769885210.6470196,ADC1,0,servo_1,A,0.464
1769885210.697657,THERM,0,motor_temp,C,58.207
1769885210.7489293,ADC1,0,servo_1,A,1.843
1769885210.7998908,ADC2,0,bus_voltage,V,12.238
1769885210.850932,ADC2,0,bus_voltage,V,12.522
1769885210.9012742,THERM,0,motor_temp,C,58.202
1769885210.9521165,THERM,0,motor_temp,C,43.395
1769885211.0026476,ADC1,1,servo_2,A,1.621
1769885211.053709,ADC1,1,servo_2,A,1.414
1769885211.1044986,ADC1,0,servo_1,A,2.397
1769885211.155078,ADC2,0,bus_voltage,V,11.129
1769885211.2057493,ADC2,0,bus_voltage,V,10.43
1769885211.2561092,ADC1,0,servo_1,A,2.451
1769885211.3064587,ADC1,0,servo_1,A,1.101
1769885211.3568084,ADC2,0,bus_voltage,V,12.145
1769885211.407701,ADC2,0,bus_voltage,V,11.39
1769885211.4581869,THERM,0,motor_temp,C,51.631
1769885211.5090594,ADC1,0,servo_1,A,2.223
1769885211.5595398,ADC1,1,servo_2,A,2.189
1769885211.6104348,ADC1,0,servo_1,A,0.491
1769885211.660874,THERM,0,motor_temp,C,47.426
1769885211.7116995,ADC1,0,servo_1,A,0.996
1769885211.7622032,ADC1,1,servo_2,A,0.638
1769885211.8130717,ADC1,1,servo_2,A,2.404
1769885211.863963,THERM,0,motor_temp,C,32.516
1769885211.9147038,THERM,0,motor_temp,C,38.503
1769885211.9656675,THERM,0,motor_temp,C,55.658
1769885212.0162675,ADC1,0,servo_1,A,1.589
1769885212.0684106,ADC1,1,servo_2,A,1.79
1769885212.119938,THERM,0,motor_temp,C,60.679
1769885212.1711009,ADC2,0,bus_voltage,V,12.518
1769885212.2219882,ADC2,0,bus_voltage,V,12.033
1769885212.273075,ADC1,1,servo_2,A,1.322
1769885212.325491,ADC2,0,bus_voltage,V,10.001
1769885212.3760655,ADC1,1,servo_2,A,1.269
1769885212.4265718,THERM,0,motor_temp,C,55.139
1769885212.476854,ADC1,1,servo_2,A,2.019
1769885212.5277746,ADC2,0,bus_voltage,V,10.838
1769885212.5784473,ADC1,0,servo_1,A,1.466
1769885212.6292052,THERM,0,motor_temp,C,43.89
1769885212.6799774,ADC1,1,servo_2,A,1.575
1769885212.7309697,ADC2,0,bus_voltage,V,11.477
1769885212.7813883,THERM,0,motor_temp,C,52.404
1769885212.8317838,ADC2,0,bus_voltage,V,11.731
1769885212.8824968,ADC1,0,servo_1,A,0.978
1769885212.9328983,ADC1,0,servo_1,A,1.231
1769885212.983461,THERM,0,motor_temp,C,46.574
1769885213.0338144,ADC2,0,bus_voltage,V,11.299
1769885213.0843997,ADC2,0,bus_voltage,V,10.152
1769885213.135099,ADC2,0,bus_voltage,V,10.126
1769885213.185772,ADC1,0,servo_1,A,2.315
1769885213.236243,ADC1,1,servo_2,A,2.285
1769885213.2870858,ADC2,0,bus_voltage,V,10.241
1769885213.337824,ADC1,1,servo_2,A,0.471
1769885213.38848,THERM,0,motor_temp,C,53.948
1769885213.439136,ADC1,0,servo_1,A,2.08
1769885213.4898233,ADC1,0,servo_1,A,2.054
1769885213.540472,ADC1,0,servo_1,A,1.2
1769885213.5910156,THERM,0,motor_temp,C,66.257
1769885213.641713,ADC2,0,bus_voltage,V,11.281
1769885213.692322,ADC2,0,bus_voltage,V,11.049
1769885213.7433295,ADC1,1,servo_2,A,0.207
1769885213.7944527,ADC1,0,servo_1,A,1.568
1769885213.8450363,ADC1,0,servo_1,A,1.046
1769885213.8957405,ADC2,0,bus_voltage,V,11.392
1769885213.9464283,THERM,0,motor_temp,C,30.693
1769885213.9969304,ADC1,1,servo_2,A,0.277
1769885214.047417,ADC1,0,servo_1,A,2.193
1769885214.0987022,THERM,0,motor_temp,C,38.299
1769885214.1506844,THERM,0,motor_temp,C,52.028
1769885214.2031426,THERM,0,motor_temp,C,33.202
1769885214.2557707,THERM,0,motor_temp,C,53.229
1769885214.3068717,ADC2,0,bus_voltage,V,12.336
1769885214.3591661,ADC1,0,servo_1,A,0.798
1769885214.4108875,ADC2,0,bus_voltage,V,11.296
1769885214.4616773,ADC1,0,servo_1,A,1.448
1769885214.5124555,THERM,0,motor_temp,C,27.373
1769885214.5633829,ADC2,0,bus_voltage,V,10.896
1769885214.615125,ADC2,0,bus_voltage,V,11.422
1769885214.6668022,THERM,0,motor_temp,C,58.939
1769885214.7175367,ADC2,0,bus_voltage,V,11.08
1769885214.768557,ADC2,0,bus_voltage,V,11.703
1769885214.8202147,THERM,0,motor_temp,C,55.665
1769885214.8709028,THERM,0,motor_temp,C,44.824
1769885214.9217086,THERM,0,motor_temp,C,36.247
1769885214.972538,ADC1,0,servo_1,A,2.244
1769885215.0236068,ADC1,1,servo_2,A,0.855
1769885215.074309,ADC1,1,servo_2,A,0.253
1769885215.125018,ADC1,0,servo_1,A,1.039
1769885215.175775,ADC2,0,bus_voltage,V,11.585
1769885215.226581,ADC1,1,servo_2,A,2.409
1769885215.2771313,ADC1,0,servo_1,A,2.255
1769885215.327713,ADC2,0,bus_voltage,V,10.946
1769885215.378597,ADC1,0,servo_1,A,1.992
1769885215.4397929,ADC1,1,servo_2,A,1.453
1769885215.4914067,THERM,0,motor_temp,C,66.031
1769885215.5582914,THERM,0,motor_temp,C,34.476
1769885215.6120853,ADC1,1,servo_2,A,1.527
1769885215.6625576,ADC1,1,servo_2,A,0.649
1769885215.712975,ADC2,0,bus_voltage,V,11.884
1769885215.7636125,ADC1,0,servo_1,A,2.155
1769885215.8142824,ADC2,0,bus_voltage,V,10.115
1769885215.8648672,ADC1,0,servo_1,A,1.822
1769885215.9159768,ADC2,0,bus_voltage,V,11.16
1769885215.9665384,ADC2,0,bus_voltage,V,10.895
1769885216.016991,THERM,0,motor_temp,C,42.282
1769885216.0680559,ADC1,0,servo_1,A,1.61
1769885216.1189716,ADC2,0,bus_voltage,V,12.227
1769885216.1729605,ADC1,1,servo_2,A,1.236
1769885216.2238686,ADC1,1,servo_2,A,1.502
1769885216.2749147,THERM,0,motor_temp,C,38.105
1769885216.3254642,ADC1,0,servo_1,A,0.993
1769885216.3790684,ADC2,0,bus_voltage,V,10.621
1769885216.431019,ADC1,0,servo_1,A,1.945
1769885216.4819636,ADC2,0,bus_voltage,V,11.07
1769885216.5330868,ADC1,0,servo_1,A,1.32
1769885216.5840948,ADC1,0,servo_1,A,0.204
1769885216.634788,ADC1,0,servo_1,A,2.181
1769885216.6855636,ADC2,0,bus_voltage,V,12.569
1769885216.7361162,ADC1,0,servo_1,A,0.965
1769885216.7871714,THERM,0,motor_temp,C,38.107
1769885216.8440661,ADC1,0,servo_1,A,2.144
1769885216.8950486,ADC1,0,servo_1,A,0.626
1769885216.945776,ADC2,0,bus_voltage,V,10.02
1769885216.9989476,ADC1,0,servo_1,A,2.179
1769885217.0501041,THERM,0,motor_temp,C,66.614
1769885217.1008654,ADC1,1,servo_2,A,1.135
1769885217.1514237,ADC1,0,servo_1,A,0.615
1769885217.2020988,ADC2,0,bus_voltage,V,10.0
1769885217.2528625,ADC2,0,bus_voltage,V,12.206
1769885217.3036876,ADC1,0,servo_1,A,1.753
1769885217.3547807,ADC1,1,servo_2,A,0.607
1769885217.4052079,ADC2,0,bus_voltage,V,11.243
1769885217.4559467,ADC1,0,servo_1,A,1.796
1769885217.5070138,ADC1,0,servo_1,A,0.483
1769885217.5579066,ADC2,0,bus_voltage,V,12.241
1769885217.6086524,ADC2,0,bus_voltage,V,10.133
1769885217.6593502,ADC1,0,servo_1,A,1.127
1769885217.7098646,ADC1,0,servo_1,A,2.388
1769885217.760996,ADC2,0,bus_voltage,V,12.321
1769885217.811708,THERM,0,motor_temp,C,65.298
1769885217.8622155,ADC2,0,bus_voltage,V,11.037
1769885217.9125485,THERM,0,motor_temp,C,66.175
1769885217.9630988,ADC2,0,bus_voltage,V,10.908
1769885218.014914,THERM,0,motor_temp,C,48.403
1769885218.0653548,ADC2,0,bus_voltage,V,11.702
1769885218.1158907,ADC1,0,servo_1,A,0.715
1769885218.1735017,ADC1,1,servo_2,A,1.323
1769885218.2247,ADC1,0,servo_1,A,1.165
1769885218.2752624,ADC2,0,bus_voltage,V,11.886
1769885218.3260021,ADC1,1,servo_2,A,1.735
1769885218.3817737,ADC1,1,servo_2,A,0.459
1769885218.432466,ADC1,0,servo_1,A,0.589
1769885218.4832313,THERM,0,motor_temp,C,64.022
1769885218.5338604,ADC1,1,servo_2,A,1.98
1769885218.5855436,ADC1,1,servo_2,A,1.86
1769885218.6363406,ADC1,1,servo_2,A,2.399
1769885218.6868212,ADC1,1,servo_2,A,2.262
1769885218.7375388,ADC1,1,servo_2,A,0.587
1769885218.788108,THERM,0,motor_temp,C,32.443
1769885218.8451133,ADC1,0,servo_1,A,0.361
1769885218.8975563,ADC1,0,servo_1,A,2.328
1769885218.9493055,THERM,0,motor_temp,C,43.104
1769885218.9999483,THERM,0,motor_temp,C,29.077
1769885219.0505903,ADC2,0,bus_voltage,V,10.969
1769885219.1009207,ADC2,0,bus_voltage,V,12.324
1769885219.1518543,ADC1,1,servo_2,A,0.99
1769885219.2026691,ADC1,0,servo_1,A,1.74
1769885219.253044,ADC1,1,servo_2,A,0.491
1769885219.303913,ADC1,0,servo_1,A,0.393
1769885219.354389,ADC1,0,servo_1,A,0.292
1769885219.405181,ADC2,0,bus_voltage,V,12.211
1769885219.4560263,THERM,0,motor_temp,C,30.222
1769885219.5066624,THERM,0,motor_temp,C,57.461
1769885219.5575342,ADC2,0,bus_voltage,V,12.066
1769885219.607868,THERM,0,motor_temp,C,68.371
1769885219.6589334,ADC1,0,servo_1,A,1.892
1769885219.7096817,ADC1,1,servo_2,A,1.897
1769885219.760252,ADC1,0,servo_1,A,1.569
1769885219.8109918,ADC1,0,servo_1,A,1.202
1769885219.8618665,THERM,0,motor_temp,C,63.514
1769885219.912704,THERM,0,motor_temp,C,43.377
1769885219.9633255,ADC1,0,servo_1,A,2.154
1769885220.0179813,ADC1,0,servo_1,A,2.394
1769885220.0693786,ADC2,0,bus_voltage,V,12.388
1769885220.1201444,THERM,0,motor_temp,C,30.375
1769885220.1710134,ADC1,0,servo_1,A,1.236
1769885220.2217193,THERM,0,motor_temp,C,25.054
1769885220.2725272,ADC1,1,servo_2,A,1.866
1769885220.3250825,ADC2,0,bus_voltage,V,12.193
1769885220.376135,ADC1,0,servo_1,A,1.842
1769885220.42701,THERM,0,motor_temp,C,54.582
1769885220.4787936,THERM,0,motor_temp,C,65.104
1769885220.529306,ADC1,0,servo_1,A,2.104
1769885220.580946,ADC1,1,servo_2,A,2.475
1769885220.632423,ADC1,0,servo_1,A,2.394
1769885220.6836336,ADC1,0,servo_1,A,2.312
1769885220.734436,ADC1,1,servo_2,A,2.457
1769885220.7849586,THERM,0,motor_temp,C,43.395
1769885220.836039,THERM,0,motor_temp,C,60.879
1769885220.8864198,ADC1,1,servo_2,A,2.097
1769885220.9369087,ADC1,1,servo_2,A,0.617
1769885220.9872494,ADC2,0,bus_voltage,V,10.722
1769885221.0382593,ADC1,1,servo_2,A,1.016
1769885221.0889933,ADC1,1,servo_2,A,1.679
1769885221.1404715,ADC1,1,servo_2,A,1.893
1769885221.1913133,ADC1,0,servo_1,A,0.266
1769885221.2426915,ADC1,0,servo_1,A,1.078
1769885221.293261,ADC1,1,servo_2,A,0.782
1769885221.343917,ADC2,0,bus_voltage,V,12.25
1769885221.3946602,THERM,0,motor_temp,C,59.042
1769885221.4458213,ADC2,0,bus_voltage,V,11.769
1769885221.4982476,ADC1,1,servo_2,A,1.093
1769885221.549511,ADC1,1,servo_2,A,1.164
1769885221.60012,THERM,0,motor_temp,C,51.201
1769885221.650557,ADC2,0,bus_voltage,V,10.11
1769885221.7024467,ADC1,1,servo_2,A,0.744
1769885221.7532775,ADC1,0,servo_1,A,1.311
1769885221.8040462,ADC2,0,bus_voltage,V,12.547
1769885221.855467,THERM,0,motor_temp,C,55.046
1769885221.9063592,ADC1,1,servo_2,A,1.211
1769885221.957131,ADC1,1,servo_2,A,1.111
1769885222.0077074,ADC1,0,servo_1,A,1.608
1769885222.0584714,ADC1,0,servo_1,A,1.461
1769885222.109215,THERM,0,motor_temp,C,52.762
1769885222.1636772,ADC1,1,servo_2,A,0.774
1769885222.2147882,ADC1,0,servo_1,A,2.483
1769885222.2658937,ADC2,0,bus_voltage,V,12.097
1769885222.3166788,ADC2,0,bus_voltage,V,11.931
1769885222.3677115,ADC1,0,servo_1,A,0.839
1769885222.4188669,ADC1,1,servo_2,A,2.396
1769885222.4703052,ADC1,0,servo_1,A,0.959
1769885222.521049,THERM,0,motor_temp,C,40.142
1769885222.5722876,ADC1,0,servo_1,A,0.516
1769885222.622764,ADC1,1,servo_2,A,1.951
1769885222.6733348,ADC2,0,bus_voltage,V,10.261
1769885222.7239776,ADC1,1,servo_2,A,0.689
1769885222.7747667,ADC1,0,servo_1,A,2.166
1769885222.825444,ADC1,1,servo_2,A,1.65
1769885222.8763676,ADC2,0,bus_voltage,V,11.613
1769885222.9332616,THERM,0,motor_temp,C,37.828
1769885222.9842694,ADC2,0,bus_voltage,V,10.086
1769885223.034837,ADC1,0,servo_1,A,2.158
1769885223.0857208,ADC2,0,bus_voltage,V,11.023
1769885223.136458,ADC2,0,bus_voltage,V,12.419
1769885223.1871011,ADC2,0,bus_voltage,V,11.368
1769885223.2393286,ADC1,0,servo_1,A,1.505
1769885223.290645,ADC1,1,servo_2,A,1.362
1769885223.3415813,ADC1,1,servo_2,A,0.969
1769885223.3959174,ADC2,0,bus_voltage,V,10.303
1769885223.4476564,ADC1,1,servo_2,A,1.525
1769885223.498847,ADC1,0,servo_1,A,1.525
1769885223.5500064,ADC1,0,servo_1,A,1.459
1769885223.6008582,ADC2,0,bus_voltage,V,11.093
1769885223.651917,THERM,0,motor_temp,C,65.91
1769885223.7026849,THERM,0,motor_temp,C,28.073
1769885223.7538266,ADC2,0,bus_voltage,V,10.781
1769885223.8044631,ADC1,0,servo_1,A,2.386
1769885223.8553357,THERM,0,motor_temp,C,34.828
1769885223.9063215,ADC2,0,bus_voltage,V,11.208
1769885223.9569545,ADC1,0,servo_1,A,1.275
1769885224.0076153,ADC2,0,bus_voltage,V,11.803
1769885224.0582383,ADC2,0,bus_voltage,V,11.343
1769885224.1102827,ADC1,1,servo_2,A,1.988
1769885224.161195,ADC1,0,servo_1,A,0.264
1769885224.2115893,ADC1,1,servo_2,A,0.761
1769885224.2626035,ADC2,0,bus_voltage,V,12.302
1769885224.3130035,ADC1,1,servo_2,A,2.427
1769885224.3647053,ADC1,1,servo_2,A,2.01
1769885224.4186058,THERM,0,motor_temp,C,54.592
1769885224.4701931,THERM,0,motor_temp,C,68.211
1769885224.521026,ADC1,1,servo_2,A,0.599
1769885224.5754588,ADC2,0,bus_voltage,V,10.938
1769885224.6262376,THERM,0,motor_temp,C,54.195
1769885224.6769042,THERM,0,motor_temp,C,64.352
1769885224.7295382,THERM,0,motor_temp,C,49.424
1769885224.780506,ADC1,0,servo_1,A,1.984
1769885224.8309884,ADC2,0,bus_voltage,V,12.328
1769885224.8816652,THERM,0,motor_temp,C,27.372
1769885224.9324238,ADC1,1,servo_2,A,2.067
1769885224.9828317,ADC1,0,servo_1,A,0.971
1769885225.0334632,ADC1,1,servo_2,A,2.463
1769885225.0854244,ADC1,1,servo_2,A,1.284
1769885225.13643,ADC1,1,servo_2,A,0.864
1769885225.1873975,ADC2,0,bus_voltage,V,11.596
1769885225.2381313,ADC1,1,servo_2,A,1.058
1769885225.2887678,ADC1,0,servo_1,A,0.882
1769885225.3397715,THERM,0,motor_temp,C,36.909
1769885225.3906794,ADC1,1,servo_2,A,2.261
1769885225.4413989,ADC2,0,bus_voltage,V,11.423
1769885225.4921103,THERM,0,motor_temp,C,46.934
1769885225.5429027,ADC1,1,servo_2,A,1.235
1769885225.5936255,THERM,0,motor_temp,C,33.304
1769885225.6441123,ADC2,0,bus_voltage,V,11.65
1769885225.6946719,THERM,0,motor_temp,C,34.474
1769885225.7451997,ADC1,0,servo_1,A,0.38
1769885225.7960813,ADC1,1,servo_2,A,1.935
1769885225.846953,THERM,0,motor_temp,C,64.58
1769885225.8978918,ADC2,0,bus_voltage,V,12.593
1769885225.9484503,ADC2,0,bus_voltage,V,11.555
1769885225.9992516,ADC2,0,bus_voltage,V,12.549
1769885226.0503871,ADC1,0,servo_1,A,2.057
1769885226.101353,ADC2,0,bus_voltage,V,11.24
1769885226.151851,ADC1,0,servo_1,A,0.362
1769885226.202678,ADC1,0,servo_1,A,0.923
1769885226.253179,ADC1,0,servo_1,A,1.46
1769885226.3039184,ADC2,0,bus_voltage,V,10.101
1769885226.3544137,ADC1,1,servo_2,A,0.304
1769885226.4049277,ADC1,1,servo_2,A,1.976
1769885226.4558227,THERM,0,motor_temp,C,66.351
1769885226.506538,ADC1,1,servo_2,A,1.275
1769885226.557388,ADC1,1,servo_2,A,1.424
1769885226.6078866,ADC1,1,servo_2,A,0.864
1769885226.6585443,ADC1,0,servo_1,A,1.816
1769885226.7093575,ADC2,0,bus_voltage,V,12.548
1769885226.759817,ADC2,0,bus_voltage,V,12.397
1769885226.8105838,ADC2,0,bus_voltage,V,11.008
1769885226.8613293,ADC2,0,bus_voltage,V,12.409
1769885226.9118838,ADC1,0,servo_1,A,2.127
1769885226.9626486,ADC1,1,servo_2,A,2.39
1769885227.0132387,THERM,0,motor_temp,C,32.728
1769885227.064047,ADC1,1,servo_2,A,2.256
1769885227.1148653,ADC1,0,servo_1,A,0.572
1769885227.1655848,ADC1,1,servo_2,A,0.475
1769885227.2160494,THERM,0,motor_temp,C,49.938
1769885227.2668645,THERM,0,motor_temp,C,63.662
1769885227.3174963,THERM,0,motor_temp,C,43.824
1769885227.3681884,ADC1,1,servo_2,A,2.083
1769885227.4186804,ADC1,0,servo_1,A,1.364
1769885227.4693654,THERM,0,motor_temp,C,26.715
1769885227.5197213,ADC2,0,bus_voltage,V,12.042
1769885227.5703363,THERM,0,motor_temp,C,68.125
1769885227.621248,THERM,0,motor_temp,C,34.208
1769885227.6715527,ADC1,0,servo_1,A,1.238
1769885227.7221205,THERM,0,motor_temp,C,45.881
1769885227.7724886,ADC1,1,servo_2,A,1.883
1769885227.8228805,ADC2,0,bus_voltage,V,11.056
1769885227.8731833,ADC2,0,bus_voltage,V,11.061
1769885227.9239283,THERM,0,motor_temp,C,65.33
1769885227.9747293,ADC2,0,bus_voltage,V,11.8
1769885228.0256522,ADC2,0,bus_voltage,V,10.254
1769885228.076394,THERM,0,motor_temp,C,62.417
1769885228.1269157,ADC2,0,bus_voltage,V,12.011
1769885228.1774762,ADC1,0,servo_1,A,0.755
1769885228.2280915,THERM,0,motor_temp,C,39.035
1769885228.2787638,THERM,0,motor_temp,C,30.615
1769885228.3294005,ADC1,1,servo_2,A,1.657
1769885228.3799694,ADC2,0,bus_voltage,V,10.898
1769885228.4306695,ADC2,0,bus_voltage,V,11.207
1769885228.481367,THERM,0,motor_temp,C,65.392
1769885228.5323129,ADC1,1,servo_2,A,2.153
1769885228.5828516,ADC2,0,bus_voltage,V,12.564
1769885228.6340206,ADC2,0,bus_voltage,V,11.791
1769885228.684337,ADC2,0,bus_voltage,V,11.228
1769885228.7363977,ADC1,0,servo_1,A,0.904
1769885228.7869403,ADC2,0,bus_voltage,V,11.835
1769885228.8435328,THERM,0,motor_temp,C,39.471
1769885228.89449,THERM,0,motor_temp,C,37.633
1769885228.944841,ADC1,0,servo_1,A,0.589
1769885228.9952207,ADC1,0,servo_1,A,1.584
1769885229.0461073,ADC1,0,servo_1,A,1.705
1769885229.096466,THERM,0,motor_temp,C,36.944
1769885229.1467862,ADC1,0,servo_1,A,1.219
1769885229.1976447,ADC1,0,servo_1,A,2.467
1769885229.253671,ADC2,0,bus_voltage,V,12.068
1769885229.3046048,THERM,0,motor_temp,C,61.015
1769885229.3552175,ADC2,0,bus_voltage,V,11.415
1769885229.4056835,ADC2,0,bus_voltage,V,12.111
1769885229.4566374,ADC1,0,servo_1,A,1.954
1769885229.5074215,ADC1,0,servo_1,A,1.686
1769885229.5579088,THERM,0,motor_temp,C,52.645
1769885229.6084914,THERM,0,motor_temp,C,58.484
1769885229.6591372,ADC2,0,bus_voltage,V,11.285
1769885229.7098532,ADC1,1,servo_2,A,1.738
1769885229.7606616,THERM,0,motor_temp,C,59.404
1769885229.8111515,ADC1,1,servo_2,A,0.785
1769885229.8617883,ADC1,0,servo_1,A,2.388
1769885229.912455,ADC2,0,bus_voltage,V,10.596
1769885229.9630268,THERM,0,motor_temp,C,41.488
1769885230.0141716,ADC2,0,bus_voltage,V,12.16
1769885230.0651336,THERM,0,motor_temp,C,53.621
1769885230.1162875,ADC1,1,servo_2,A,1.943
1769885230.1672723,THERM,0,motor_temp,C,39.914
1769885230.2179198,ADC1,0,servo_1,A,0.387
1769885230.2687647,THERM,0,motor_temp,C,57.982
1769885230.3195865,ADC2,0,bus_voltage,V,12.078
1769885230.370346,ADC1,0,servo_1,A,2.383
1769885230.4214325,THERM,0,motor_temp,C,59.06
1769885230.4723794,ADC2,0,bus_voltage,V,10.91
1769885230.5235457,ADC1,0,servo_1,A,0.756
1769885230.5740025,ADC2,0,bus_voltage,V,10.948
1769885230.6244016,ADC1,1,servo_2,A,2.364
1769885230.675309,ADC2,0,bus_voltage,V,12.285
1769885230.7261841,ADC1,0,servo_1,A,2.075
1769885230.7766619,THERM,0,motor_temp,C,25.878
1769885230.827776,ADC2,0,bus_voltage,V,12.171
1769885230.8784328,ADC1,0,servo_1,A,0.323
1769885230.9287438,THERM,0,motor_temp,C,41.149
1769885230.9794648,THERM,0,motor_temp,C,30.612
1769885231.029841,ADC2,0,bus_voltage,V,11.358
1769885231.0811908,THERM,0,motor_temp,C,25.277
1769885231.1342876,THERM,0,motor_temp,C,68.569
1769885231.1852612,ADC2,0,bus_voltage,V,11.167
1769885231.2358696,ADC1,1,servo_2,A,0.567
1769885231.2868066,ADC1,0,servo_1,A,0.201
1769885231.3375242,THERM,0,motor_temp,C,58.714
1769885231.3880184,THERM,0,motor_temp,C,65.83
1769885231.4390295,ADC1,1,servo_2,A,0.877
1769885231.489516,ADC2,0,bus_voltage,V,11.393
1769885231.5402625,ADC2,0,bus_voltage,V,11.772
1769885231.590678,THERM,0,motor_temp,C,63.234
1769885231.6411076,ADC1,1,servo_2,A,1.911
1769885231.691844,ADC1,0,servo_1,A,0.542
1769885231.7427633,ADC1,1,servo_2,A,2.425
1769885231.794235,ADC1,0,servo_1,A,2.463
1769885231.8451636,ADC2,0,bus_voltage,V,11.969
1769885231.8957348,ADC2,0,bus_voltage,V,10.784
1769885231.9469407,ADC1,0,servo_1,A,0.659
1769885231.998351,ADC1,0,servo_1,A,2.139
1769885232.0487633,THERM,0,motor_temp,C,30.005
1769885232.099461,THERM,0,motor_temp,C,28.781
1769885232.1538527,THERM,0,motor_temp,C,48.205
1769885232.2044854,ADC1,0,servo_1,A,1.411
1769885232.255468,ADC1,0,servo_1,A,0.355
1769885232.3063312,ADC1,0,servo_1,A,0.231
1769885232.357148,ADC1,1,servo_2,A,1.809
1769885232.407971,ADC1,0,servo_1,A,2.263
1769885232.458715,ADC1,1,servo_2,A,0.289
1769885232.509039,THERM,0,motor_temp,C,30.961
1769885232.559648,ADC1,1,servo_2,A,0.206
1769885232.6099315,ADC1,0,servo_1,A,1.358
1769885232.6615887,ADC2,0,bus_voltage,V,10.158
1769885232.712643,ADC2,0,bus_voltage,V,10.957
1769885232.7634225,ADC2,0,bus_voltage,V,11.327
1769885232.8143613,ADC1,0,servo_1,A,1.26
1769885232.8663454,ADC1,0,servo_1,A,0.218
1769885232.9172056,THERM,0,motor_temp,C,46.221
1769885232.968826,ADC1,1,servo_2,A,2.429
1769885233.019408,ADC1,0,servo_1,A,0.578
1769885233.0700731,ADC2,0,bus_voltage,V,11.967
1769885233.1207168,ADC1,1,servo_2,A,2.057
1769885233.1714356,ADC2,0,bus_voltage,V,10.799
1769885233.2221394,ADC2,0,bus_voltage,V,11.512
1769885233.2727342,THERM,0,motor_temp,C,57.859
1769885233.323497,ADC2,0,bus_voltage,V,10.801
1769885233.3744278,ADC2,0,bus_voltage,V,10.015
1769885233.4249501,ADC1,1,servo_2,A,0.343
1769885233.475499,ADC2,0,bus_voltage,V,11.962
1769885233.5261257,ADC1,0,servo_1,A,0.416
1769885233.576927,ADC1,1,servo_2,A,1.672
1769885233.627313,ADC1,1,servo_2,A,2.334
1769885233.677849,ADC1,1,servo_2,A,0.779
1769885233.7285101,ADC1,1,servo_2,A,1.795
1769885233.7792773,ADC1,0,servo_1,A,2.262
1769885233.8299727,ADC1,1,servo_2,A,2.485
1769885233.8823962,ADC1,0,servo_1,A,1.713
1769885233.9334683,ADC1,0,servo_1,A,0.354
1769885233.9939053,ADC1,0,servo_1,A,1.394
1769885234.0444174,ADC1,0,servo_1,A,1.343
1769885234.0948539,THERM,0,motor_temp,C,30.16
1769885234.1464705,ADC1,0,servo_1,A,0.788
1769885234.1987038,ADC1,0,servo_1,A,1.928
1769885234.2496717,THERM,0,motor_temp,C,45.535
1769885234.300513,ADC2,0,bus_voltage,V,11.88
1769885234.3510382,THERM,0,motor_temp,C,51.242
1769885234.4021633,ADC2,0,bus_voltage,V,11.374
1769885234.4532726,ADC1,1,servo_2,A,1.772
1769885234.5263498,ADC2,0,bus_voltage,V,11.213
1769885234.579043,ADC1,0,servo_1,A,1.11
1769885234.6308265,ADC2,0,bus_voltage,V,10.412
1769885234.681422,ADC1,1,servo_2,A,1.616
1769885234.7326806,ADC1,0,servo_1,A,1.598
1769885234.7832408,ADC2,0,bus_voltage,V,11.694
1769885234.8340137,ADC1,1,servo_2,A,2.187
1769885234.8860295,THERM,0,motor_temp,C,42.191
1769885234.9370196,ADC2,0,bus_voltage,V,11.305
1769885234.9880667,ADC2,0,bus_voltage,V,10.012
1769885235.038551,ADC1,1,servo_2,A,0.22
1769885235.0916643,THERM,0,motor_temp,C,36.415
1769885235.1427033,ADC1,1,servo_2,A,1.229
1769885235.1930442,ADC1,0,servo_1,A,2.165
1769885235.2437901,ADC2,0,bus_voltage,V,11.834
1769885235.2947192,ADC1,1,servo_2,A,0.364
1769885235.3454561,ADC2,0,bus_voltage,V,11.547
1769885235.3961134,THERM,0,motor_temp,C,39.663
1769885235.4474049,THERM,0,motor_temp,C,33.193
1769885235.4990945,ADC1,0,servo_1,A,1.375
1769885235.5514543,THERM,0,motor_temp,C,45.068
1769885235.6023319,ADC2,0,bus_voltage,V,10.71
1769885235.6531265,ADC1,0,servo_1,A,1.108
1769885235.7043889,ADC2,0,bus_voltage,V,11.893
1769885235.7556126,ADC2,0,bus_voltage,V,10.357
1769885235.8064954,ADC2,0,bus_voltage,V,10.988
1769885235.857212,ADC1,1,servo_2,A,0.714
1769885235.9080663,ADC1,0,servo_1,A,2.201
1769885235.9586313,ADC1,0,servo_1,A,2.482
1769885236.0094743,ADC1,0,servo_1,A,0.709
1769885236.0602784,ADC2,0,bus_voltage,V,12.177
1769885236.1110332,ADC1,1,servo_2,A,0.884
1769885236.1668878,ADC1,1,servo_2,A,1.935
1769885236.2210672,ADC1,1,servo_2,A,1.082
1769885236.2715886,THERM,0,motor_temp,C,54.718
1769885236.3235102,ADC1,0,servo_1,A,0.534
1769885236.3768663,ADC2,0,bus_voltage,V,10.928
1769885236.4276724,ADC1,0,servo_1,A,1.359
1769885236.4782262,ADC1,1,servo_2,A,1.462
1769885236.5286372,ADC2,0,bus_voltage,V,11.111
1769885236.581963,ADC1,0,servo_1,A,0.804
1769885236.6392694,ADC2,0,bus_voltage,V,10.227
1769885236.691418,ADC1,1,servo_2,A,0.979
1769885236.742365,THERM,0,motor_temp,C,69.43
1769885236.792857,ADC1,0,servo_1,A,0.949
1769885236.8434396,ADC1,1,servo_2,A,2.268
1769885236.8942068,ADC1,1,servo_2,A,0.826
1769885236.944712,THERM,0,motor_temp,C,40.937
1769885236.995554,ADC2,0,bus_voltage,V,11.903
1769885237.0499759,ADC1,0,servo_1,A,1.171
1769885237.1033099,ADC1,0,servo_1,A,2.338
1769885237.1539345,ADC1,0,servo_1,A,0.328
1769885237.2049682,THERM,0,motor_temp,C,68.425
1769885237.259136,ADC1,0,servo_1,A,0.88
1769885237.320127,ADC1,1,servo_2,A,0.794
1769885237.3707178,THERM,0,motor_temp,C,46.282
1769885237.4214535,ADC1,1,servo_2,A,0.77
1769885237.4722319,ADC1,1,servo_2,A,1.475
1769885237.5246346,ADC1,1,servo_2,A,2.06
1769885237.5758698,THERM,0,motor_temp,C,58.851
1769885237.626872,ADC1,0,servo_1,A,2.27
1769885237.6775959,THERM,0,motor_temp,C,64.96
1769885237.7284923,ADC1,1,servo_2,A,1.571
1769885237.7792106,ADC2,0,bus_voltage,V,11.34
1769885237.8302171,ADC1,1,servo_2,A,0.65
1769885237.8830523,THERM,0,motor_temp,C,58.207
1769885237.9339743,THERM,0,motor_temp,C,25.108
1769885237.9853609,ADC1,0,servo_1,A,0.605
1769885238.0358064,ADC2,0,bus_voltage,V,11.834
1769885238.0866766,ADC2,0,bus_voltage,V,11.098
1769885238.137563,THERM,0,motor_temp,C,60.185
1769885238.1886778,ADC1,1,servo_2,A,2.27
1769885238.2398894,ADC2,0,bus_voltage,V,12.426
1769885238.2905035,THERM,0,motor_temp,C,32.884
1769885238.341316,ADC2,0,bus_voltage,V,11.068
1769885238.393766,ADC1,0,servo_1,A,1.006
1769885238.4462044,ADC1,1,servo_2,A,1.699
1769885238.4971223,ADC1,0,servo_1,A,1.173
1769885238.550707,ADC1,0,servo_1,A,0.324
1769885238.601418,ADC2,0,bus_voltage,V,12.13
1769885238.6521873,THERM,0,motor_temp,C,41.841
1769885238.7028534,THERM,0,motor_temp,C,39.433
1769885238.7533538,ADC1,1,servo_2,A,1.278
1769885238.8041172,ADC1,0,servo_1,A,1.212
1769885238.855246,THERM,0,motor_temp,C,61.449
1769885238.9057512,ADC1,1,servo_2,A,0.35
1769885238.956349,ADC1,1,servo_2,A,1.614
1769885239.0071123,ADC1,1,servo_2,A,1.378
1769885239.0579782,THERM,0,motor_temp,C,49.743
1769885239.108716,THERM,0,motor_temp,C,47.573
1769885239.159255,ADC2,0,bus_voltage,V,12.12
1769885239.2097843,ADC1,1,servo_2,A,1.188
1769885239.260589,ADC1,0,servo_1,A,0.844
1769885239.3118074,ADC2,0,bus_voltage,V,12.079
1769885239.3623884,ADC1,1,servo_2,A,2.044
1769885239.412929,ADC1,0,servo_1,A,0.786
1769885239.4632838,THERM,0,motor_temp,C,51.656
1769885239.5142233,THERM,0,motor_temp,C,43.643
1769885239.5648305,ADC1,1,servo_2,A,2.016
1769885239.6157136,ADC1,1,servo_2,A,1.176
1769885239.668789,ADC1,0,servo_1,A,1.454
1769885239.719601,ADC1,0,servo_1,A,1.451
1769885239.7832177,ADC1,0,servo_1,A,2.315
1769885239.8337383,ADC1,1,servo_2,A,0.245
1769885239.8845959,THERM,0,motor_temp,C,33.546
1769885239.9352722,ADC1,0,servo_1,A,2.359
1769885239.985868,ADC1,0,servo_1,A,2.289
1769885240.0367923,ADC2,0,bus_voltage,V,11.98
1769885240.0881386,ADC2,0,bus_voltage,V,12.207
1769885240.1389241,THERM,0,motor_temp,C,32.386
1769885240.1896403,ADC1,0,servo_1,A,1.325
1769885240.2401552,ADC1,1,servo_2,A,1.61
1769885240.2907555,ADC1,1,servo_2,A,1.813
1769885240.344542,ADC1,1,servo_2,A,2.329
1769885240.3953424,ADC1,0,servo_1,A,1.859
1769885240.446042,THERM,0,motor_temp,C,51.183
1769885240.4964466,ADC1,1,servo_2,A,2.099
1769885240.5472524,ADC1,0,servo_1,A,2.049
1769885240.597968,ADC1,0,servo_1,A,2.43
1769885240.6494257,ADC1,1,servo_2,A,2.043
1769885240.699862,ADC1,0,servo_1,A,0.547
1769885240.75049,ADC2,0,bus_voltage,V,11.32
1769885240.801453,ADC1,0,servo_1,A,1.967
1769885240.8543477,ADC1,0,servo_1,A,1.064
1769885240.9069502,THERM,0,motor_temp,C,38.762
1769885240.962118,ADC2,0,bus_voltage,V,12.527
1769885241.012775,THERM,0,motor_temp,C,48.066
1769885241.0644674,ADC1,1,servo_2,A,1.962
1769885241.1149154,THERM,0,motor_temp,C,35.307
1769885241.1679347,THERM,0,motor_temp,C,62.902
1769885241.2187114,THERM,0,motor_temp,C,26.733
1769885241.2693746,ADC1,0,servo_1,A,0.283
1769885241.3203385,ADC1,0,servo_1,A,0.853
1769885241.370767,THERM,0,motor_temp,C,39.68
1769885241.4215932,ADC1,0,servo_1,A,1.061
1769885241.4723659,ADC1,0,servo_1,A,0.534
1769885241.5228293,THERM,0,motor_temp,C,25.183
1769885241.5735967,ADC1,0,servo_1,A,2.014
1769885241.6242187,ADC2,0,bus_voltage,V,12.015
1769885241.6747315,THERM,0,motor_temp,C,63.644
1769885241.7255344,THERM,0,motor_temp,C,36.516
1769885241.776231,ADC2,0,bus_voltage,V,11.131
1769885241.8268142,ADC2,0,bus_voltage,V,10.653
1769885241.8773053,ADC2,0,bus_voltage,V,11.577
1769885241.928107,ADC1,0,servo_1,A,0.523
1769885241.9787674,ADC1,0,servo_1,A,0.665
1769885242.0295987,ADC2,0,bus_voltage,V,12.339
1769885242.081224,THERM,0,motor_temp,C,26.482
1769885242.1318998,ADC1,0,servo_1,A,1.874
1769885242.182703,THERM,0,motor_temp,C,45.639
1769885242.2330875,ADC1,0,servo_1,A,0.387
1769885242.2835581,THERM,0,motor_temp,C,50.478
1769885242.3425024,ADC2,0,bus_voltage,V,11.71
1769885242.3938634,THERM,0,motor_temp,C,32.578
1769885242.4445813,ADC1,0,servo_1,A,1.649
1769885242.4966357,THERM,0,motor_temp,C,49.485
1769885242.5475454,ADC1,1,servo_2,A,0.629
1769885242.5984519,THERM,0,motor_temp,C,26.318
1769885242.649143,ADC1,0,servo_1,A,1.963
1769885242.6996002,THERM,0,motor_temp,C,27.359
1769885242.7499025,ADC1,0,servo_1,A,1.876
1769885242.8156164,ADC1,1,servo_2,A,0.497
1769885242.8663208,ADC2,0,bus_voltage,V,10.228
1769885242.917168,ADC2,0,bus_voltage,V,11.658
1769885242.9687004,THERM,0,motor_temp,C,53.736
1769885243.0199575,THERM,0,motor_temp,C,53.546
1769885243.0709655,ADC1,1,servo_2,A,1.424
1769885243.121808,ADC2,0,bus_voltage,V,10.659
1769885243.1722188,ADC1,0,servo_1,A,1.193
1769885243.2231755,ADC2,0,bus_voltage,V,10.628
1769885243.2736719,ADC2,0,bus_voltage,V,10.357
1769885243.324303,ADC2,0,bus_voltage,V,10.504
1769885243.3749187,ADC1,0,servo_1,A,1.922
1769885243.4255064,ADC1,0,servo_1,A,2.24
1769885243.4767053,ADC2,0,bus_voltage,V,10.589
1769885243.527726,ADC1,0,servo_1,A,1.972
1769885243.581656,ADC1,0,servo_1,A,1.114
1769885243.6325693,ADC1,0,servo_1,A,1.591
1769885243.683864,ADC1,0,servo_1,A,2.314
1769885243.7346067,ADC1,1,servo_2,A,1.283
1769885243.7852786,ADC1,0,servo_1,A,0.457
1769885243.8359785,THERM,0,motor_temp,C,51.988
1769885243.8886204,THERM,0,motor_temp,C,29.891
1769885243.9395185,ADC1,0,servo_1,A,1.166
1769885243.9969435,ADC1,1,servo_2,A,0.482
1769885244.0477738,THERM,0,motor_temp,C,41.276
1769885244.0990565,ADC2,0,bus_voltage,V,12.388
1769885244.1530192,ADC2,0,bus_voltage,V,12.214
1769885244.2038198,ADC1,1,servo_2,A,1.469
1769885244.2548041,ADC1,0,servo_1,A,0.503
1769885244.3054476,ADC2,0,bus_voltage,V,11.341
1769885244.3561873,THERM,0,motor_temp,C,47.905
1769885244.408435,ADC1,0,servo_1,A,0.318
1769885244.4609525,ADC2,0,bus_voltage,V,10.251
1769885244.5118856,THERM,0,motor_temp,C,34.517
1769885244.5628083,ADC1,1,servo_2,A,1.705
1769885244.6137583,THERM,0,motor_temp,C,49.673
1769885244.6644845,THERM,0,motor_temp,C,52.078
1769885244.7153234,THERM,0,motor_temp,C,38.785
1769885244.7656293,ADC1,0,servo_1,A,1.145
1769885244.8161755,ADC1,0,servo_1,A,1.482
1769885244.8669777,ADC1,1,servo_2,A,1.61
1769885244.9184084,ADC2,0,bus_voltage,V,11.903
1769885244.9691145,ADC1,0,servo_1,A,2.336
1769885245.019824,ADC1,0,servo_1,A,0.384
1769885245.0705714,ADC1,0,servo_1,A,1.414
1769885245.1215773,ADC1,1,servo_2,A,2.357
1769885245.1722572,ADC1,0,servo_1,A,0.233
1769885245.2228057,ADC2,0,bus_voltage,V,10.489
1769885245.2736826,ADC2,0,bus_voltage,V,12.54
1769885245.3240354,ADC1,0,servo_1,A,1.999
1769885245.3746388,ADC2,0,bus_voltage,V,10.742
1769885245.4254515,THERM,0,motor_temp,C,62.249
1769885245.476367,ADC1,0,servo_1,A,0.693
1769885245.5267982,THERM,0,motor_temp,C,38.087
1769885245.577546,ADC2,0,bus_voltage,V,11.168
1769885245.628321,ADC2,0,bus_voltage,V,10.932
1769885245.6792374,THERM,0,motor_temp,C,37.648
1769885245.730097,THERM,0,motor_temp,C,29.626
1769885245.7814338,THERM,0,motor_temp,C,65.189
1769885245.832405,ADC1,0,servo_1,A,1.794
1769885245.8836126,THERM,0,motor_temp,C,57.527
1769885245.9340398,THERM,0,motor_temp,C,32.677
1769885245.9849749,ADC1,0,servo_1,A,0.222
1769885246.0356717,ADC1,0,servo_1,A,1.97
1769885246.086245,ADC2,0,bus_voltage,V,11.016
1769885246.1502488,THERM,0,motor_temp,C,68.106
1769885246.2018926,ADC1,1,servo_2,A,1.547
1769885246.252846,THERM,0,motor_temp,C,41.215
1769885246.3036218,ADC1,1,servo_2,A,2.402
1769885246.3544245,ADC1,1,servo_2,A,1.048
1769885246.4052994,ADC1,0,servo_1,A,2.271
1769885246.4569526,ADC1,1,servo_2,A,2.247
1769885246.5279086,ADC2,0,bus_voltage,V,12.29
1769885246.5791483,ADC2,0,bus_voltage,V,10.408
1769885246.6296124,ADC1,1,servo_2,A,2.069
1769885246.681198,THERM,0,motor_temp,C,67.772
1769885246.7318163,THERM,0,motor_temp,C,26.03
1769885246.7825768,ADC1,0,servo_1,A,1.136
1769885246.8340747,THERM,0,motor_temp,C,62.775
1769885246.8846416,THERM,0,motor_temp,C,69.812
1769885246.935062,ADC2,0,bus_voltage,V,12.313
1769885246.9859006,ADC2,0,bus_voltage,V,12.596
1769885247.0365386,THERM,0,motor_temp,C,45.61
1769885247.0873694,ADC1,1,servo_2,A,1.214
1769885247.1379216,ADC2,0,bus_voltage,V,10.623
1769885247.1883152,THERM,0,motor_temp,C,63.825
1769885247.2391524,ADC2,0,bus_voltage,V,10.434
1769885247.2895517,ADC1,1,servo_2,A,0.425
1769885247.340302,ADC1,1,servo_2,A,2.471
1769885247.3907056,ADC1,1,servo_2,A,1.495
1769885247.4414666,THERM,0,motor_temp,C,36.837
1769885247.492119,THERM,0,motor_temp,C,34.331
1769885247.5428798,ADC1,1,servo_2,A,0.902
1769885247.5935295,ADC1,0,servo_1,A,0.916
1769885247.6439283,THERM,0,motor_temp,C,59.289
1769885247.694514,ADC2,0,bus_voltage,V,12.141
1769885247.744879,ADC1,0,servo_1,A,2.447
1769885247.7954297,ADC1,1,servo_2,A,0.734
1769885247.8464453,ADC1,0,servo_1,A,2.293
1769885247.8969986,ADC2,0,bus_voltage,V,11.163
1769885247.9475968,ADC1,1,servo_2,A,0.22
1769885247.9983451,ADC1,1,servo_2,A,2.186
1769885248.0490494,ADC2,0,bus_voltage,V,12.333
1769885248.099725,ADC2,0,bus_voltage,V,11.874
1769885248.1503859,THERM,0,motor_temp,C,49.684
1769885248.2009888,ADC1,1,servo_2,A,2.174
1769885248.2520895,THERM,0,motor_temp,C,63.115
1769885248.3026414,ADC2,0,bus_voltage,V,11.927
1769885248.353429,ADC1,1,servo_2,A,2.309
1769885248.40405,ADC1,0,servo_1,A,0.878
1769885248.4548044,ADC1,1,servo_2,A,0.295
1769885248.5056636,ADC1,0,servo_1,A,1.563
1769885248.5565066,ADC1,0,servo_1,A,0.717
1769885248.6072,ADC2,0,bus_voltage,V,11.328
1769885248.6578305,ADC1,1,servo_2,A,2.135
1769885248.7082446,ADC1,1,servo_2,A,1.209
1769885248.7586243,ADC1,1,servo_2,A,0.408
1769885248.809432,ADC1,0,servo_1,A,2.284
1769885248.8601954,THERM,0,motor_temp,C,30.958
1769885248.9109974,THERM,0,motor_temp,C,54.603
1769885248.9616733,THERM,0,motor_temp,C,54.767
1769885249.0125601,ADC1,1,servo_2,A,2.039
1769885249.062994,ADC2,0,bus_voltage,V,11.618
1769885249.1134706,ADC2,0,bus_voltage,V,10.032
1769885249.1650534,ADC1,0,servo_1,A,2.041
1769885249.2162545,ADC2,0,bus_voltage,V,10.307
1769885249.2667701,ADC1,1,servo_2,A,1.144
1769885249.317326,ADC1,1,servo_2,A,0.905
1769885249.368231,THERM,0,motor_temp,C,63.315
1769885249.4186883,ADC2,0,bus_voltage,V,11.748
1769885249.4701009,ADC1,1,servo_2,A,0.942
1769885249.5207705,ADC1,1,servo_2,A,1.599
1769885249.5713403,THERM,0,motor_temp,C,30.181
1769885249.6218476,ADC1,1,servo_2,A,0.83
1769885249.6728346,ADC1,1,servo_2,A,1.389
1769885249.7232141,ADC2,0,bus_voltage,V,12.036
1769885249.7740512,ADC2,0,bus_voltage,V,12.199
1769885249.8248603,THERM,0,motor_temp,C,27.858
1769885249.8756728,ADC1,1,servo_2,A,1.051
1769885249.9264936,ADC1,0,servo_1,A,2.189
1769885249.9770362,THERM,0,motor_temp,C,48.108
1769885250.0275874,ADC1,1,servo_2,A,1.602
1769885250.0779932,ADC1,0,servo_1,A,2.169
1769885250.1283464,THERM,0,motor_temp,C,63.831
1769885250.179238,THERM,0,motor_temp,C,58.666
1769885250.2296,ADC2,0,bus_voltage,V,11.157
1769885250.2805986,ADC1,1,servo_2,A,2.488
1769885250.3313084,ADC1,1,servo_2,A,0.708
1769885250.3863897,ADC2,0,bus_voltage,V,11.579
1769885250.4374394,THERM,0,motor_temp,C,59.922
1769885250.4881146,ADC1,0,servo_1,A,0.481
1769885250.538524,ADC2,0,bus_voltage,V,10.049
1769885250.59789,ADC2,0,bus_voltage,V,10.252
1769885250.6487236,ADC1,1,servo_2,A,1.963
1769885250.699708,ADC1,1,servo_2,A,2.105
1769885250.750196,ADC1,1,servo_2,A,0.737
1769885250.8011723,THERM,0,motor_temp,C,63.999
1769885250.8516088,ADC2,0,bus_voltage,V,11.356
1769885250.90362,ADC2,0,bus_voltage,V,12.2
1769885250.9543254,ADC2,0,bus_voltage,V,10.299
1769885251.004939,ADC1,1,servo_2,A,1.144
1769885251.0552862,ADC2,0,bus_voltage,V,10.957
1769885251.1058385,THERM,0,motor_temp,C,56.926
1769885251.1569684,ADC1,0,servo_1,A,2.14
1769885251.20785,THERM,0,motor_temp,C,62.319
1769885251.2585177,THERM,0,motor_temp,C,42.092
1769885251.3092742,ADC1,0,servo_1,A,1.021
1769885251.360145,THERM,0,motor_temp,C,40.954
1769885251.4105327,ADC2,0,bus_voltage,V,11.323
1769885251.46139,ADC1,0,servo_1,A,0.374
1769885251.5120149,ADC2,0,bus_voltage,V,11.196
1769885251.5625646,ADC1,0,servo_1,A,1.143
1769885251.6128511,THERM,0,motor_temp,C,40.478
1769885251.663848,THERM,0,motor_temp,C,63.593
1769885251.7152479,ADC1,1,servo_2,A,0.42
1769885251.7660036,ADC1,1,servo_2,A,1.439
1769885251.8167312,THERM,0,motor_temp,C,50.148
1769885251.8674777,ADC1,0,servo_1,A,1.276
1769885251.9183621,THERM,0,motor_temp,C,63.803
1769885251.9693837,THERM,0,motor_temp,C,56.748
1769885252.0200977,THERM,0,motor_temp,C,55.913
1769885252.070747,ADC1,1,servo_2,A,0.334
1769885252.1213665,ADC1,0,servo_1,A,0.585
1769885252.1719344,THERM,0,motor_temp,C,51.745
1769885252.2225628,ADC1,1,servo_2,A,2.069
1769885252.273658,ADC2,0,bus_voltage,V,11.877
1769885252.3242846,ADC2,0,bus_voltage,V,11.453
1769885252.3750439,ADC2,0,bus_voltage,V,11.501
1769885252.4258807,THERM,0,motor_temp,C,38.2
1769885252.4777007,ADC1,0,servo_1,A,1.368
1769885252.5282617,ADC1,1,servo_2,A,2.088
1769885252.5787833,ADC2,0,bus_voltage,V,10.72
1769885252.6294205,ADC1,0,servo_1,A,2.0
1769885252.6800754,ADC2,0,bus_voltage,V,12.012
1769885252.7320962,ADC1,0,servo_1,A,1.489
1769885252.7825503,THERM,0,motor_temp,C,27.466
1769885252.833,THERM,0,motor_temp,C,46.942
1769885252.8836725,ADC2,0,bus_voltage,V,10.569
1769885252.934125,THERM,0,motor_temp,C,60.969
1769885252.9879656,ADC1,0,servo_1,A,1.212
1769885253.0387874,THERM,0,motor_temp,C,29.012
1769885253.089458,ADC1,0,servo_1,A,1.957
1769885253.1404257,ADC2,0,bus_voltage,V,11.887
1769885253.191041,ADC1,1,servo_2,A,2.032
1769885253.2421691,ADC1,1,servo_2,A,1.113
1769885253.2927132,ADC1,0,servo_1,A,2.283
1769885253.3436642,THERM,0,motor_temp,C,55.716
1769885253.3986,ADC2,0,bus_voltage,V,10.576
1769885253.449429,THERM,0,motor_temp,C,40.598
1769885253.4999912,ADC1,0,servo_1,A,1.897
1769885253.5510168,ADC2,0,bus_voltage,V,11.579
1769885253.6043162,ADC1,1,servo_2,A,0.866
1769885253.6560092,ADC1,0,servo_1,A,1.756
1769885253.7069216,ADC1,0,servo_1,A,1.412
1769885253.7576613,ADC1,0,servo_1,A,0.346
1769885253.8083892,ADC1,1,servo_2,A,1.995
1769885253.8590238,ADC2,0,bus_voltage,V,10.064
1769885253.9101021,ADC2,0,bus_voltage,V,11.241
1769885253.9608088,ADC1,0,servo_1,A,0.378
1769885254.0114827,THERM,0,motor_temp,C,69.98
1769885254.0621202,ADC1,0,servo_1,A,1.54
1769885254.1132343,ADC2,0,bus_voltage,V,11.309
1769885254.166145,ADC2,0,bus_voltage,V,11.212
1769885254.2170684,THERM,0,motor_temp,C,48.782
1769885254.2698271,ADC1,1,servo_2,A,2.375
1769885254.3282332,ADC2,0,bus_voltage,V,11.456
1769885254.379072,THERM,0,motor_temp,C,36.369
1769885254.4293485,THERM,0,motor_temp,C,54.117
1769885254.4795887,ADC1,0,servo_1,A,0.505
1769885254.5360627,ADC2,0,bus_voltage,V,11.504
1769885254.5876212,ADC1,0,servo_1,A,2.306
1769885254.6383846,ADC1,1,servo_2,A,1.298
1769885254.6901956,ADC1,1,servo_2,A,2.135
1769885254.7411778,ADC2,0,bus_voltage,V,10.288
1769885254.7922585,ADC2,0,bus_voltage,V,10.02
1769885254.8428543,ADC1,0,servo_1,A,1.594
1769885254.893304,ADC1,1,servo_2,A,0.395
1769885254.9440806,THERM,0,motor_temp,C,62.408
1769885254.9946532,ADC1,1,servo_2,A,2.212
1769885255.0451903,ADC1,1,servo_2,A,1.615
1769885255.0990589,ADC1,0,servo_1,A,2.309
1769885255.1559408,ADC1,1,servo_2,A,1.873
1769885255.2100608,ADC1,1,servo_2,A,2.151
1769885255.2633197,ADC1,1,servo_2,A,0.594
1769885255.3161552,ADC1,1,servo_2,A,2.116
1769885255.3670423,ADC1,0,servo_1,A,2.118
1769885255.4178464,ADC1,0,servo_1,A,1.795
1769885255.4688606,THERM,0,motor_temp,C,43.461
1769885255.5200677,ADC1,0,servo_1,A,2.45
1769885255.5709054,ADC2,0,bus_voltage,V,10.357
1769885255.6215467,ADC1,0,servo_1,A,2.407
1769885255.6719346,ADC2,0,bus_voltage,V,10.543
1769885255.7227533,ADC2,0,bus_voltage,V,11.32
1769885255.7732105,ADC2,0,bus_voltage,V,11.491
1769885255.8237615,ADC2,0,bus_voltage,V,12.134
1769885255.8762357,ADC2,0,bus_voltage,V,10.065
1769885255.9273117,ADC1,1,servo_2,A,0.6
1769885255.977985,ADC2,0,bus_voltage,V,11.469
1769885256.0285764,THERM,0,motor_temp,C,29.952
1769885256.079371,ADC2,0,bus_voltage,V,11.622
1769885256.1298187,THERM,0,motor_temp,C,32.758
1769885256.1804426,ADC1,1,servo_2,A,1.219
1769885256.2312405,ADC1,1,servo_2,A,0.212
1769885256.2819486,ADC1,0,servo_1,A,1.816
1769885256.3325937,ADC1,0,servo_1,A,0.512
1769885256.3832502,ADC1,0,servo_1,A,1.836
1769885256.433706,ADC1,0,servo_1,A,0.719
1769885256.4845178,ADC1,1,servo_2,A,0.95
1769885256.5353882,THERM,0,motor_temp,C,52.849
1769885256.58617,ADC2,0,bus_voltage,V,11.255
1769885256.636593,ADC1,1,servo_2,A,0.795
1769885256.6873147,ADC1,1,servo_2,A,0.239
1769885256.737941,THERM,0,motor_temp,C,56.807
1769885256.7888207,THERM,0,motor_temp,C,51.798
1769885256.8396268,ADC1,0,servo_1,A,0.429
1769885256.8904643,THERM,0,motor_temp,C,36.055
1769885256.941234,ADC1,1,servo_2,A,0.391
1769885256.991651,ADC1,0,servo_1,A,0.28
1769885257.042472,ADC2,0,bus_voltage,V,12.19
1769885257.093161,ADC1,0,servo_1,A,0.889
1769885257.1437998,ADC1,0,servo_1,A,2.361
1769885257.1943614,ADC1,0,servo_1,A,1.933
1769885257.2451758,THERM,0,motor_temp,C,65.92
1769885257.2956092,ADC1,0,servo_1,A,1.986
1769885257.346304,ADC1,0,servo_1,A,0.997
1769885257.3969429,ADC2,0,bus_voltage,V,10.14
1769885257.44731,ADC1,1,servo_2,A,1.92
1769885257.4977694,ADC1,1,servo_2,A,0.554
1769885257.5485053,THERM,0,motor_temp,C,35.448
1769885257.601576,THERM,0,motor_temp,C,58.461
1769885257.6526866,ADC2,0,bus_voltage,V,11.611
1769885257.7031898,ADC2,0,bus_voltage,V,12.321
1769885257.7537355,ADC1,1,servo_2,A,2.053
1769885257.804441,ADC1,0,servo_1,A,1.557
1769885257.8548782,THERM,0,motor_temp,C,51.448
1769885257.9052641,ADC1,1,servo_2,A,2.252
1769885257.9558115,ADC1,1,servo_2,A,0.727
1769885258.0086086,THERM,0,motor_temp,C,48.386
1769885258.0595171,THERM,0,motor_temp,C,36.533
1769885258.1099882,ADC1,0,servo_1,A,1.881
1769885258.160958,ADC1,0,servo_1,A,1.581
1769885258.2115219,ADC1,1,servo_2,A,1.295
1769885258.2620559,THERM,0,motor_temp,C,33.069
1769885258.312845,ADC1,0,servo_1,A,2.22
1769885258.3634338,ADC1,1,servo_2,A,2.112
1769885258.4141297,THERM,0,motor_temp,C,41.371
1769885258.4663072,ADC1,1,servo_2,A,1.81
1769885258.5201623,ADC2,0,bus_voltage,V,10.605
1769885258.5713189,ADC2,0,bus_voltage,V,10.321
1769885258.633417,ADC1,0,servo_1,A,0.58
1769885258.6863577,THERM,0,motor_temp,C,63.467
1769885258.7373295,ADC2,0,bus_voltage,V,11.802
1769885258.7882235,ADC2,0,bus_voltage,V,12.326
1769885258.8390355,ADC1,1,servo_2,A,1.148
1769885258.8897367,ADC2,0,bus_voltage,V,10.003
1769885258.9404302,ADC1,0,servo_1,A,0.337
1769885258.9908242,ADC1,1,servo_2,A,1.681
1769885259.0416985,ADC1,1,servo_2,A,1.118
1769885259.1055243,THERM,0,motor_temp,C,28.646
1769885259.169599,ADC2,0,bus_voltage,V,12.009
1769885259.220311,ADC2,0,bus_voltage,V,10.752
1769885259.2707047,ADC1,1,servo_2,A,2.48
1769885259.3211904,ADC1,1,servo_2,A,1.437
1769885259.37546,ADC2,0,bus_voltage,V,10.061
1769885259.4260514,ADC1,1,servo_2,A,1.824
1769885259.4765835,THERM,0,motor_temp,C,47.168
1769885259.5270305,ADC1,0,servo_1,A,1.485
1769885259.577836,ADC2,0,bus_voltage,V,12.213
1769885259.628906,ADC1,0,servo_1,A,0.842
1769885259.679512,ADC1,1,servo_2,A,1.132
1769885259.7309656,ADC1,1,servo_2,A,2.174
1769885259.7816563,ADC1,1,servo_2,A,1.35
1769885259.8321187,ADC1,0,servo_1,A,1.531
1769885259.8834522,THERM,0,motor_temp,C,26.969
1769885259.9351165,THERM,0,motor_temp,C,32.887
1769885259.9856937,THERM,0,motor_temp,C,55.668
1769885260.0361488,ADC1,1,servo_2,A,2.277
1769885260.0867822,ADC2,0,bus_voltage,V,12.207
1769885260.1385508,ADC2,0,bus_voltage,V,11.893
1769885260.1897917,ADC2,0,bus_voltage,V,11.065
1769885260.240472,ADC1,1,servo_2,A,1.079
1769885260.291581,THERM,0,motor_temp,C,61.679
1769885260.342429,THERM,0,motor_temp,C,61.983
1769885260.395345,ADC2,0,bus_voltage,V,10.641
1769885260.4459584,ADC2,0,bus_voltage,V,12.278
1769885260.5032017,THERM,0,motor_temp,C,51.615
1769885260.5536518,THERM,0,motor_temp,C,44.922
1769885260.6041894,ADC1,1,servo_2,A,1.733
1769885260.6550953,ADC1,0,servo_1,A,2.154
1769885260.7064166,ADC1,0,servo_1,A,0.894
1769885260.756896,ADC2,0,bus_voltage,V,11.502
1769885260.8073668,THERM,0,motor_temp,C,47.104
1769885260.8591526,THERM,0,motor_temp,C,56.081
1769885260.910071,THERM,0,motor_temp,C,39.85
1769885260.9605317,ADC1,1,servo_2,A,1.563
1769885261.0109334,ADC1,0,servo_1,A,1.097
1769885261.0703611,ADC2,0,bus_voltage,V,11.492
1769885261.123841,ADC1,1,servo_2,A,1.744
1769885261.175687,ADC1,0,servo_1,A,0.993
1769885261.2284436,ADC2,0,bus_voltage,V,10.487
1769885261.2798831,ADC1,1,servo_2,A,0.429
1769885261.3314767,ADC1,1,servo_2,A,1.67
1769885261.382677,ADC2,0,bus_voltage,V,11.135
1769885261.4337838,ADC1,0,servo_1,A,0.892
1769885261.4845335,ADC1,0,servo_1,A,0.337
1769885261.535114,THERM,0,motor_temp,C,53.201
1769885261.587338,ADC2,0,bus_voltage,V,10.392
1769885261.638426,THERM,0,motor_temp,C,61.143
1769885261.6887991,THERM,0,motor_temp,C,45.999
1769885261.7397027,ADC1,1,servo_2,A,0.44
1769885261.79051,THERM,0,motor_temp,C,31.419
1769885261.8417177,ADC1,1,servo_2,A,0.925
1769885261.9002678,ADC1,0,servo_1,A,1.199
1769885261.9513588,ADC1,0,servo_1,A,2.039
1769885262.0023968,ADC1,0,servo_1,A,0.213
1769885262.053252,THERM,0,motor_temp,C,67.436
1769885262.1061199,ADC1,0,servo_1,A,1.971
1769885262.1571786,ADC1,0,servo_1,A,0.509
1769885262.2080712,THERM,0,motor_temp,C,32.801
1769885262.2590637,THERM,0,motor_temp,C,66.789
1769885262.3095996,THERM,0,motor_temp,C,51.247
1769885262.3605373,ADC1,1,servo_2,A,2.37
1769885262.4111373,THERM,0,motor_temp,C,61.491
1769885262.4618893,ADC2,0,bus_voltage,V,12.397
1769885262.5126956,ADC1,1,servo_2,A,2.415
1769885262.564313,ADC2,0,bus_voltage,V,11.436
1769885262.6151912,ADC1,1,servo_2,A,0.417
1769885262.6660268,ADC2,0,bus_voltage,V,10.763
1769885262.7168503,ADC1,1,servo_2,A,0.493
1769885262.7677445,ADC2,0,bus_voltage,V,10.486
1769885262.819205,ADC1,0,servo_1,A,2.046
1769885262.8717384,THERM,0,motor_temp,C,26.946
1769885262.9225588,ADC2,0,bus_voltage,V,11.42
1769885262.9734454,ADC1,0,servo_1,A,1.138
1769885263.0238814,ADC2,0,bus_voltage,V,10.69
1769885263.074634,ADC1,1,servo_2,A,1.075
1769885263.1251066,THERM,0,motor_temp,C,30.918
1769885263.1758187,ADC1,0,servo_1,A,0.914
1769885263.2266695,ADC2,0,bus_voltage,V,10.097
1769885263.2775009,THERM,0,motor_temp,C,27.75
1769885263.3282065,ADC1,0,servo_1,A,1.701
1769885263.3788302,ADC1,1,servo_2,A,0.446
1769885263.4294648,ADC1,1,servo_2,A,1.203
1769885263.4798899,ADC1,1,servo_2,A,0.926
1769885263.5304549,ADC1,1,servo_2,A,1.14
1769885263.5810397,ADC1,1,servo_2,A,2.066
1769885263.63184,ADC2,0,bus_voltage,V,10.655
1769885263.6831326,ADC1,0,servo_1,A,0.376
1769885263.7338955,ADC1,0,servo_1,A,1.255
1769885263.7848203,THERM,0,motor_temp,C,53.236
1769885263.8356116,THERM,0,motor_temp,C,48.89
1769885263.8864174,ADC1,1,servo_2,A,1.887
1769885263.9375882,ADC1,0,servo_1,A,0.791
1769885263.988529,ADC1,1,servo_2,A,1.143
1769885264.0396273,ADC1,1,servo_2,A,2.407
1769885264.090487,ADC2,0,bus_voltage,V,10.094
1769885264.141536,ADC2,0,bus_voltage,V,12.143
1769885264.1918314,ADC2,0,bus_voltage,V,11.895
1769885264.2425706,ADC2,0,bus_voltage,V,10.509
1769885264.2935684,ADC1,0,servo_1,A,0.436
1769885264.3445811,THERM,0,motor_temp,C,36.945
1769885264.3949437,ADC1,1,servo_2,A,1.699
1769885264.4454675,THERM,0,motor_temp,C,53.443
1769885264.496411,ADC1,0,servo_1,A,2.003
1769885264.5474184,THERM,0,motor_temp,C,32.567
1769885264.5983877,ADC1,0,servo_1,A,0.341
1769885264.648719,THERM,0,motor_temp,C,59.502
1769885264.6994624,ADC1,1,servo_2,A,1.041
1769885264.75008,THERM,0,motor_temp,C,56.363
1769885264.8009164,ADC2,0,bus_voltage,V,11.406
1769885264.8518724,THERM,0,motor_temp,C,35.202
1769885264.9023345,ADC1,0,servo_1,A,0.641
1769885264.9544125,ADC2,0,bus_voltage,V,11.419
1769885265.0052328,ADC1,1,servo_2,A,2.249
1769885265.0557878,THERM,0,motor_temp,C,52.173
1769885265.1067116,ADC1,0,servo_1,A,2.252
1769885265.1576402,ADC2,0,bus_voltage,V,12.441
1769885265.2083209,THERM,0,motor_temp,C,43.896
1769885265.2591512,ADC1,0,servo_1,A,1.785
1769885265.309603,ADC1,1,servo_2,A,1.113
1769885265.3600302,ADC1,0,servo_1,A,1.27
1769885265.410407,ADC1,0,servo_1,A,1.071
1769885265.4609745,THERM,0,motor_temp,C,57.109
1769885265.5115266,ADC2,0,bus_voltage,V,11.661
1769885265.5624766,ADC1,1,servo_2,A,0.592
1769885265.61352,ADC2,0,bus_voltage,V,12.078
1769885265.664098,ADC1,0,servo_1,A,0.914
1769885265.7145226,ADC2,0,bus_voltage,V,11.168
1769885265.765258,ADC1,0,servo_1,A,2.238
1769885265.8163748,ADC1,1,servo_2,A,1.525
1769885265.868423,ADC1,1,servo_2,A,0.244
1769885265.9206178,THERM,0,motor_temp,C,29.032
1769885265.9739275,ADC1,0,servo_1,A,0.205
1769885266.024555,ADC1,1,servo_2,A,1.197
1769885266.0762322,ADC2,0,bus_voltage,V,10.066
1769885266.126888,ADC1,1,servo_2,A,1.5
1769885266.1772766,THERM,0,motor_temp,C,27.178
1769885266.2279742,ADC2,0,bus_voltage,V,11.399
1769885266.27876,ADC2,0,bus_voltage,V,11.321
1769885266.3299787,THERM,0,motor_temp,C,31.459
1769885266.3819447,THERM,0,motor_temp,C,68.638
1769885266.432572,THERM,0,motor_temp,C,25.351
1769885266.483208,ADC1,0,servo_1,A,2.437
1769885266.5339034,ADC1,1,servo_2,A,2.042
1769885266.5846562,ADC1,1,servo_2,A,1.956
1769885266.635484,ADC2,0,bus_voltage,V,11.636
1769885266.687503,ADC1,1,servo_2,A,1.904
1769885266.7410882,ADC1,1,servo_2,A,0.602
1769885266.7917962,ADC1,1,servo_2,A,0.953
1769885266.8422806,ADC1,1,servo_2,A,1.244
1769885266.897864,ADC1,1,servo_2,A,1.552
1769885266.9509513,ADC1,0,servo_1,A,2.217
1769885267.0023773,ADC1,0,servo_1,A,2.421
1769885267.0530648,ADC1,1,servo_2,A,0.934
1769885267.1039171,THERM,0,motor_temp,C,63.081
1769885267.1556776,THERM,0,motor_temp,C,51.332
1769885267.2071567,THERM,0,motor_temp,C,59.832
1769885267.2583253,ADC2,0,bus_voltage,V,11.784
1769885267.3120008,ADC2,0,bus_voltage,V,12.088
1769885267.3640256,THERM,0,motor_temp,C,46.817
1769885267.4148521,ADC1,0,servo_1,A,0.944
1769885267.4653015,ADC2,0,bus_voltage,V,10.235
1769885267.515676,ADC1,0,servo_1,A,0.871
1769885267.5662298,ADC1,1,servo_2,A,1.326
1769885267.6169305,ADC2,0,bus_voltage,V,10.888
1769885267.6680827,THERM,0,motor_temp,C,55.307
1769885267.7188492,ADC1,1,servo_2,A,0.467
1769885267.7702458,ADC1,0,servo_1,A,2.129
1769885267.8209107,ADC1,1,servo_2,A,1.15
1769885267.8719556,THERM,0,motor_temp,C,48.315
1769885267.9224992,ADC2,0,bus_voltage,V,10.855
1769885267.9731045,ADC1,0,servo_1,A,1.971
1769885268.0237267,ADC1,0,servo_1,A,1.506
1769885268.0748408,ADC2,0,bus_voltage,V,10.874
1769885268.1253166,THERM,0,motor_temp,C,43.372
1769885268.176013,ADC1,0,servo_1,A,2.269
1769885268.2269003,ADC1,1,servo_2,A,0.62
1769885268.2777436,ADC1,1,servo_2,A,0.6
1769885268.328407,ADC2,0,bus_voltage,V,10.094
1769885268.3791397,ADC1,1,servo_2,A,0.339
1769885268.4300046,ADC1,1,servo_2,A,0.258
1769885268.4807138,ADC1,0,servo_1,A,0.212
1769885268.5319467,THERM,0,motor_temp,C,65.194
1769885268.5826497,THERM,0,motor_temp,C,38.567
1769885268.6332223,THERM,0,motor_temp,C,30.546
1769885268.6852193,THERM,0,motor_temp,C,43.258
1769885268.736325,ADC1,1,servo_2,A,1.926
1769885268.7874298,ADC1,1,servo_2,A,1.595
1769885268.838209,ADC2,0,bus_voltage,V,12.159
1769885268.8886647,ADC2,0,bus_voltage,V,11.417
1769885268.942442,ADC2,0,bus_voltage,V,10.143
1769885268.9937153,ADC2,0,bus_voltage,V,11.915
1769885269.0448234,THERM,0,motor_temp,C,55.122
1769885269.0962315,ADC1,1,servo_2,A,0.695
1769885269.1476562,THERM,0,motor_temp,C,67.874
1769885269.1990118,ADC1,0,servo_1,A,0.6
1769885269.2499058,THERM,0,motor_temp,C,43.106
1769885269.3006477,ADC1,1,servo_2,A,1.594
1769885269.351622,THERM,0,motor_temp,C,38.901
1769885269.4023848,ADC2,0,bus_voltage,V,10.76
1769885269.4529674,ADC1,1,servo_2,A,0.643
1769885269.5043173,ADC1,0,servo_1,A,0.866
1769885269.5547433,ADC2,0,bus_voltage,V,11.8
1769885269.605221,ADC2,0,bus_voltage,V,10.337
1769885269.6555774,ADC1,0,servo_1,A,2.345
1769885269.708415,ADC1,1,servo_2,A,0.444
1769885269.7596262,ADC1,0,servo_1,A,1.631
1769885269.8115005,ADC2,0,bus_voltage,V,12.589
1769885269.8627017,ADC2,0,bus_voltage,V,10.232
1769885269.9130783,ADC2,0,bus_voltage,V,10.805
1769885269.98568,ADC1,1,servo_2,A,0.525
1769885270.0503392,ADC1,1,servo_2,A,2.4
1769885270.1010404,ADC1,0,servo_1,A,0.456
1769885270.1525557,ADC2,0,bus_voltage,V,10.897
1769885270.203458,ADC2,0,bus_voltage,V,12.44
1769885270.2539012,THERM,0,motor_temp,C,55.236
1769885270.3043342,ADC1,1,servo_2,A,1.723
1769885270.3550975,ADC2,0,bus_voltage,V,10.937
1769885270.4061115,ADC2,0,bus_voltage,V,12.305
1769885270.456575,ADC1,1,servo_2,A,1.069
1769885270.5078082,ADC2,0,bus_voltage,V,11.726
1769885270.5589507,ADC1,1,servo_2,A,1.671
1769885270.609507,ADC2,0,bus_voltage,V,11.437
1769885270.6603878,ADC1,1,servo_2,A,0.887
1769885270.7111213,THERM,0,motor_temp,C,38.2
1769885270.762211,THERM,0,motor_temp,C,65.458
1769885270.8131216,ADC1,1,servo_2,A,0.967
1769885270.8637173,ADC2,0,bus_voltage,V,12.419
1769885270.9144666,ADC1,0,servo_1,A,0.787
1769885270.965247,ADC1,0,servo_1,A,1.624
1769885271.0211146,ADC1,0,servo_1,A,1.175
1769885271.0718822,ADC2,0,bus_voltage,V,11.708
1769885271.1226532,THERM,0,motor_temp,C,67.572
1769885271.1740816,ADC1,1,servo_2,A,1.126
1769885271.2248096,ADC1,0,servo_1,A,1.631
1769885271.2753937,ADC1,0,servo_1,A,1.086
1769885271.3262737,ADC1,1,servo_2,A,2.186
1769885271.3769305,THERM,0,motor_temp,C,66.921
1769885271.4277115,ADC1,1,servo_2,A,1.518
1769885271.478118,ADC2,0,bus_voltage,V,11.992
1769885271.528633,ADC1,1,servo_2,A,0.345
1769885271.5789683,THERM,0,motor_temp,C,54.442
1769885271.6294363,ADC1,1,servo_2,A,1.968
1769885271.6797879,ADC1,0,servo_1,A,1.739
1769885271.7307818,ADC1,0,servo_1,A,2.003
1769885271.781251,ADC1,1,servo_2,A,0.31
1769885271.8318722,ADC2,0,bus_voltage,V,12.366
1769885271.8849356,ADC1,0,servo_1,A,2.226
1769885271.9361107,THERM,0,motor_temp,C,34.15
1769885271.987034,ADC2,0,bus_voltage,V,10.16
1769885272.0405276,ADC2,0,bus_voltage,V,10.011
1769885272.0916178,ADC1,0,servo_1,A,2.121
1769885272.14256,THERM,0,motor_temp,C,51.797
1769885272.1933014,THERM,0,motor_temp,C,62.342
1769885272.2439866,ADC1,0,servo_1,A,0.337
1769885272.2946992,ADC1,1,servo_2,A,1.282
1769885272.3453279,THERM,0,motor_temp,C,31.281
1769885272.3961637,ADC1,1,servo_2,A,1.389
1769885272.4469624,THERM,0,motor_temp,C,46.496
1769885272.5006313,ADC2,0,bus_voltage,V,10.84
1769885272.5521245,ADC1,1,servo_2,A,1.199
1769885272.6027274,THERM,0,motor_temp,C,49.198
1769885272.6537495,ADC1,1,servo_2,A,0.552
1769885272.704022,THERM,0,motor_temp,C,31.336
1769885272.7545385,ADC1,1,servo_2,A,2.217
1769885272.8072853,ADC1,1,servo_2,A,0.347
1769885272.8609684,ADC1,0,servo_1,A,0.569
1769885272.9122484,THERM,0,motor_temp,C,46.466
1769885272.9635272,THERM,0,motor_temp,C,44.614
1769885273.0144513,ADC1,0,servo_1,A,1.306
1769885273.0651705,ADC2,0,bus_voltage,V,12.404
1769885273.115576,THERM,0,motor_temp,C,28.4
1769885273.1662185,ADC1,1,servo_2,A,2.446
1769885273.2170787,ADC2,0,bus_voltage,V,12.383
1769885273.2679968,THERM,0,motor_temp,C,49.681
1769885273.3187141,ADC2,0,bus_voltage,V,11.9
1769885273.3692718,THERM,0,motor_temp,C,49.212
1769885273.420156,THERM,0,motor_temp,C,44.572
1769885273.4728155,ADC2,0,bus_voltage,V,10.549
1769885273.5235853,ADC2,0,bus_voltage,V,12.531
1769885273.5743337,ADC1,0,servo_1,A,1.442
1769885273.625377,THERM,0,motor_temp,C,57.842
1769885273.6759958,THERM,0,motor_temp,C,42.612
1769885273.7270586,ADC1,0,servo_1,A,1.002
1769885273.777792,THERM,0,motor_temp,C,38.004
1769885273.8281758,ADC2,0,bus_voltage,V,10.97
1769885273.8786776,ADC2,0,bus_voltage,V,10.104
1769885273.929446,ADC1,1,servo_2,A,0.233
1769885273.9798741,ADC2,0,bus_voltage,V,10.992
1769885274.031355,ADC1,1,servo_2,A,1.455
1769885274.0832558,THERM,0,motor_temp,C,50.546
1769885274.1454592,THERM,0,motor_temp,C,43.474
1769885274.1963837,ADC1,1,servo_2,A,0.515
1769885274.247229,ADC1,1,servo_2,A,1.713
1769885274.30334,ADC1,0,servo_1,A,1.413
1769885274.3542988,ADC2,0,bus_voltage,V,12.035
1769885274.4146273,ADC1,0,servo_1,A,0.232
1769885274.4657505,ADC1,0,servo_1,A,1.303
1769885274.516787,ADC2,0,bus_voltage,V,12.142
1769885274.5676532,THERM,0,motor_temp,C,43.438
1769885274.6190915,ADC2,0,bus_voltage,V,10.216
1769885274.6694903,ADC1,1,servo_2,A,1.694
1769885274.720454,ADC2,0,bus_voltage,V,10.887
1769885274.7719746,THERM,0,motor_temp,C,52.538
1769885274.8225217,ADC1,1,servo_2,A,2.045
1769885274.8729715,ADC2,0,bus_voltage,V,11.356
1769885274.9236608,ADC1,0,servo_1,A,1.277
1769885274.9744883,ADC2,0,bus_voltage,V,11.05
1769885275.0251942,THERM,0,motor_temp,C,38.663
1769885275.0759294,THERM,0,motor_temp,C,65.271
1769885275.1265037,ADC1,0,servo_1,A,1.851
1769885275.1774101,ADC2,0,bus_voltage,V,11.743
1769885275.2285113,ADC1,0,servo_1,A,1.227
1769885275.2793024,ADC1,1,servo_2,A,0.562
1769885275.3300183,ADC1,0,servo_1,A,1.725
1769885275.3805945,ADC1,1,servo_2,A,0.75
1769885275.4315848,ADC1,0,servo_1,A,0.526
1769885275.4822347,ADC1,1,servo_2,A,1.624
1769885275.5330517,THERM,0,motor_temp,C,48.72
1769885275.5836658,ADC1,1,servo_2,A,1.236
1769885275.634725,ADC1,1,servo_2,A,1.074
1769885275.6856148,ADC2,0,bus_voltage,V,11.091
1769885275.7407215,ADC1,1,servo_2,A,1.887
1769885275.7914205,THERM,0,motor_temp,C,40.237
1769885275.8521698,ADC1,1,servo_2,A,1.59
1769885275.902998,ADC2,0,bus_voltage,V,12.501
1769885275.9534712,ADC2,0,bus_voltage,V,11.724
1769885276.0040073,ADC1,0,servo_1,A,2.134
1769885276.0546193,ADC1,0,servo_1,A,1.384
1769885276.1053512,THERM,0,motor_temp,C,31.528
1769885276.1560018,ADC1,0,servo_1,A,2.297
1769885276.206809,ADC1,0,servo_1,A,0.635
1769885276.257386,ADC1,0,servo_1,A,2.447
1769885276.3078244,ADC1,0,servo_1,A,0.992
1769885276.358158,ADC1,0,servo_1,A,2.385
1769885276.4087837,ADC1,1,servo_2,A,0.345
1769885276.459434,ADC1,0,servo_1,A,1.123
1769885276.5100038,THERM,0,motor_temp,C,33.638
1769885276.5607066,ADC2,0,bus_voltage,V,11.739
1769885276.6113434,ADC1,0,servo_1,A,2.394
1769885276.661913,ADC1,1,servo_2,A,1.966
1769885276.712695,ADC2,0,bus_voltage,V,12.045
1769885276.7637749,ADC2,0,bus_voltage,V,11.387
1769885276.8144197,THERM,0,motor_temp,C,30.651
1769885276.8652828,THERM,0,motor_temp,C,29.331
1769885276.9165697,ADC2,0,bus_voltage,V,11.884
1769885276.967504,ADC2,0,bus_voltage,V,11.205
1769885277.0180557,ADC1,0,servo_1,A,2.061
1769885277.0684726,ADC2,0,bus_voltage,V,12.258
1769885277.1187706,ADC1,1,servo_2,A,1.531
1769885277.1692927,ADC2,0,bus_voltage,V,10.998
1769885277.2198508,ADC1,0,servo_1,A,1.363
1769885277.2705696,ADC1,0,servo_1,A,0.62
1769885277.3215883,THERM,0,motor_temp,C,41.381
1769885277.3724356,THERM,0,motor_temp,C,52.468
1769885277.4231145,THERM,0,motor_temp,C,61.991
1769885277.473719,ADC2,0,bus_voltage,V,10.409
1769885277.524958,ADC1,0,servo_1,A,2.201
1769885277.576588,ADC2,0,bus_voltage,V,10.371
1769885277.6273093,ADC1,0,servo_1,A,2.219
1769885277.6783354,ADC2,0,bus_voltage,V,10.787
1769885277.7288494,ADC1,1,servo_2,A,1.653
1769885277.779253,ADC1,1,servo_2,A,1.494
1769885277.829745,ADC1,1,servo_2,A,1.597
1769885277.88286,THERM,0,motor_temp,C,27.654
1769885277.9338133,ADC1,1,servo_2,A,0.366
1769885277.9843163,ADC1,1,servo_2,A,1.401
1769885278.0354238,THERM,0,motor_temp,C,41.838
1769885278.0861478,ADC1,0,servo_1,A,0.374
1769885278.1371362,ADC1,0,servo_1,A,2.295
1769885278.190104,ADC1,0,servo_1,A,0.775
1769885278.240854,ADC1,1,servo_2,A,1.413
1769885278.2915242,ADC1,1,servo_2,A,1.17
1769885278.3421926,ADC1,1,servo_2,A,2.152
1769885278.3926349,ADC1,0,servo_1,A,1.736
1769885278.443201,ADC1,1,servo_2,A,1.751
1769885278.494069,ADC2,0,bus_voltage,V,12.028
1769885278.5448704,ADC1,0,servo_1,A,1.785
1769885278.5957227,ADC1,1,servo_2,A,0.215
1769885278.650544,ADC1,1,servo_2,A,0.723
1769885278.701549,ADC1,1,servo_2,A,0.683
1769885278.752093,THERM,0,motor_temp,C,32.365
1769885278.8038604,THERM,0,motor_temp,C,53.387
1769885278.8545442,ADC1,1,servo_2,A,1.411
1769885278.9053028,ADC1,0,servo_1,A,2.383
1769885278.9558165,ADC1,0,servo_1,A,1.926
1769885279.0064466,ADC1,0,servo_1,A,1.696
1769885279.057136,THERM,0,motor_temp,C,25.341
1769885279.1078572,ADC1,0,servo_1,A,2.12
1769885279.158461,ADC1,1,servo_2,A,2.32
1769885279.2093422,ADC1,0,servo_1,A,2.241
1769885279.259983,THERM,0,motor_temp,C,43.512
1769885279.3105798,ADC1,0,servo_1,A,1.816
1769885279.3623455,ADC2,0,bus_voltage,V,10.053
1769885279.4138834,ADC2,0,bus_voltage,V,11.771
1769885279.4645243,ADC1,1,servo_2,A,1.953
1769885279.5149574,THERM,0,motor_temp,C,55.962
1769885279.5657592,ADC1,0,servo_1,A,2.327
1769885279.6165094,ADC2,0,bus_voltage,V,11.971
1769885279.6671872,ADC2,0,bus_voltage,V,10.779
1769885279.7179475,THERM,0,motor_temp,C,25.983
1769885279.768223,ADC1,1,servo_2,A,1.194
1769885279.8190231,ADC1,1,servo_2,A,2.004
1769885279.8698792,THERM,0,motor_temp,C,30.126
1769885279.9205058,ADC2,0,bus_voltage,V,10.855
1769885279.9715817,ADC1,1,servo_2,A,1.04
1769885280.022488,ADC1,1,servo_2,A,2.118
1769885280.073454,ADC1,0,servo_1,A,1.128
1769885280.124323,ADC1,0,servo_1,A,2.47
1769885280.175745,ADC1,0,servo_1,A,0.92
1769885280.2264404,ADC1,1,servo_2,A,1.29
1769885280.277386,THERM,0,motor_temp,C,32.897
1769885280.3282254,ADC1,1,servo_2,A,0.937
1769885280.3788137,ADC1,0,servo_1,A,1.316
1769885280.4292715,ADC1,1,servo_2,A,1.926
1769885280.4799154,THERM,0,motor_temp,C,35.187
1769885280.5307295,ADC2,0,bus_voltage,V,11.122
1769885280.58154,ADC1,0,servo_1,A,2.342
1769885280.6324682,ADC1,1,servo_2,A,1.808
1769885280.6828804,ADC2,0,bus_voltage,V,10.285
1769885280.7337627,ADC1,1,servo_2,A,0.253
1769885280.7842047,ADC1,0,servo_1,A,1.451
1769885280.8350616,ADC1,1,servo_2,A,1.234
1769885280.886101,ADC2,0,bus_voltage,V,10.894
1769885280.937648,ADC2,0,bus_voltage,V,11.579
1769885280.9881403,ADC2,0,bus_voltage,V,11.085
1769885281.038996,ADC1,1,servo_2,A,1.998
1769885281.0899231,ADC1,0,servo_1,A,0.924
1769885281.1411703,ADC1,0,servo_1,A,2.161
1769885281.1916835,ADC1,0,servo_1,A,0.635
1769885281.2422025,THERM,0,motor_temp,C,35.419
1769885281.2930229,THERM,0,motor_temp,C,34.467
1769885281.3435862,THERM,0,motor_temp,C,29.5
1769885281.3943877,ADC1,1,servo_2,A,0.629
1769885281.4447875,ADC2,0,bus_voltage,V,11.436
1769885281.4951653,ADC2,0,bus_voltage,V,12.03
1769885281.5458496,ADC1,1,servo_2,A,0.993
1769885281.5970292,THERM,0,motor_temp,C,63.063
1769885281.647378,ADC2,0,bus_voltage,V,10.151
1769885281.6981125,ADC2,0,bus_voltage,V,11.682
1769885281.7488027,ADC1,1,servo_2,A,0.683
1769885281.7993176,ADC1,1,servo_2,A,1.747
1769885281.8502815,ADC1,0,servo_1,A,0.302
1769885281.9009457,ADC1,0,servo_1,A,1.715
1769885281.951403,THERM,0,motor_temp,C,59.428
1769885282.0022323,THERM,0,motor_temp,C,69.444
1769885282.052725,THERM,0,motor_temp,C,31.65
1769885282.1038373,ADC1,1,servo_2,A,0.934
1769885282.1546354,ADC2,0,bus_voltage,V,10.228
1769885282.2058487,ADC2,0,bus_voltage,V,12.154
1769885282.256396,ADC1,1,servo_2,A,2.212
1769885282.3073244,THERM,0,motor_temp,C,53.455
1769885282.3582103,ADC1,1,servo_2,A,1.113
1769885282.4091694,ADC1,0,servo_1,A,1.096
1769885282.4598453,ADC1,1,servo_2,A,1.312
1769885282.5109737,THERM,0,motor_temp,C,63.04
1769885282.5618277,ADC2,0,bus_voltage,V,11.648
1769885282.612861,ADC2,0,bus_voltage,V,12.547
1769885282.664225,ADC2,0,bus_voltage,V,11.355
1769885282.7151186,THERM,0,motor_temp,C,28.958
1769885282.7656205,ADC1,0,servo_1,A,1.709
1769885282.8202286,ADC2,0,bus_voltage,V,10.517
1769885282.8708985,ADC1,1,servo_2,A,2.454
1769885282.9219303,ADC1,1,servo_2,A,0.683
1769885282.9738066,ADC2,0,bus_voltage,V,10.166
1769885283.024576,ADC2,0,bus_voltage,V,11.931
1769885283.0753202,ADC2,0,bus_voltage,V,11.798
1769885283.126088,ADC1,0,servo_1,A,1.5
1769885283.1765985,ADC1,0,servo_1,A,0.645
1769885283.227457,THERM,0,motor_temp,C,69.404
1769885283.2809684,THERM,0,motor_temp,C,48.49
1769885283.337426,THERM,0,motor_temp,C,47.132
1769885283.388287,ADC1,0,servo_1,A,1.221
1769885283.439455,ADC1,0,servo_1,A,2.391
1769885283.4901993,THERM,0,motor_temp,C,56.528
1769885283.5408242,THERM,0,motor_temp,C,58.025
1769885283.5917912,ADC1,0,servo_1,A,1.791
1769885283.6424952,ADC2,0,bus_voltage,V,11.182
1769885283.6931694,ADC1,0,servo_1,A,0.379
1769885283.7439194,THERM,0,motor_temp,C,32.645
1769885283.7946084,ADC1,0,servo_1,A,1.117
1769885283.845409,ADC2,0,bus_voltage,V,12.116
1769885283.895889,THERM,0,motor_temp,C,59.984
1769885283.9467432,THERM,0,motor_temp,C,46.596
1769885283.9973996,THERM,0,motor_temp,C,25.308
1769885284.0478456,ADC1,0,servo_1,A,0.295
1769885284.0986412,ADC1,0,servo_1,A,0.673
1769885284.1496603,ADC1,1,servo_2,A,1.124
1769885284.2007108,THERM,0,motor_temp,C,61.444
1769885284.2512577,THERM,0,motor_temp,C,34.171
1769885284.3018713,THERM,0,motor_temp,C,48.917
1769885284.3526344,ADC2,0,bus_voltage,V,11.859
1769885284.403459,ADC1,0,servo_1,A,2.241
1769885284.4542487,ADC1,1,servo_2,A,0.335
1769885284.5046453,ADC1,0,servo_1,A,2.35
1769885284.5554616,THERM,0,motor_temp,C,33.848
1769885284.6062634,ADC1,0,servo_1,A,0.296
1769885284.6567428,ADC2,0,bus_voltage,V,12.088
1769885284.7078218,ADC1,0,servo_1,A,1.972
1769885284.7595563,ADC1,1,servo_2,A,1.561
1769885284.8107185,ADC2,0,bus_voltage,V,10.934
1769885284.8614824,ADC1,0,servo_1,A,2.441
1769885284.9121914,ADC1,1,servo_2,A,0.836
1769885284.9627638,ADC1,0,servo_1,A,0.934
1769885285.013594,THERM,0,motor_temp,C,50.909
1769885285.0638871,ADC2,0,bus_voltage,V,10.958
1769885285.1144567,ADC1,1,servo_2,A,1.591
1769885285.1649628,ADC1,0,servo_1,A,1.036
1769885285.2153013,THERM,0,motor_temp,C,26.1
1769885285.2662764,ADC1,0,servo_1,A,0.419
1769885285.3167193,ADC1,1,servo_2,A,2.432
1769885285.3672714,ADC1,1,servo_2,A,1.671
1769885285.4178607,ADC1,0,servo_1,A,0.437
1769885285.468799,ADC1,0,servo_1,A,0.242
1769885285.5193634,ADC1,0,servo_1,A,0.229
1769885285.5702105,THERM,0,motor_temp,C,42.61
1769885285.6206465,THERM,0,motor_temp,C,57.336
1769885285.6720324,ADC2,0,bus_voltage,V,10.082
1769885285.7233176,ADC1,1,servo_2,A,0.919
1769885285.7741702,ADC2,0,bus_voltage,V,10.328
1769885285.8247087,THERM,0,motor_temp,C,42.219
1769885285.8752608,ADC1,1,servo_2,A,2.142
1769885285.926377,ADC2,0,bus_voltage,V,10.177
1769885285.9768238,ADC1,0,servo_1,A,1.384
1769885286.027734,ADC1,0,servo_1,A,1.165
1769885286.0782635,ADC1,1,servo_2,A,1.298
1769885286.128914,ADC1,1,servo_2,A,0.264
1769885286.1794598,THERM,0,motor_temp,C,40.325
1769885286.2319214,ADC2,0,bus_voltage,V,11.008
1769885286.2826543,ADC1,1,servo_2,A,2.309
1769885286.333553,ADC2,0,bus_voltage,V,12.481
1769885286.3844447,ADC1,0,servo_1,A,2.444
1769885286.4349015,THERM,0,motor_temp,C,58.961
1769885286.4856563,ADC1,0,servo_1,A,1.241
1769885286.5360777,ADC1,1,servo_2,A,1.126
1769885286.5900128,THERM,0,motor_temp,C,52.821
1769885286.640717,ADC1,1,servo_2,A,0.556
1769885286.6913626,THERM,0,motor_temp,C,34.864
1769885286.7417686,ADC2,0,bus_voltage,V,11.446
1769885286.7920988,ADC2,0,bus_voltage,V,11.784
1769885286.8427505,ADC2,0,bus_voltage,V,11.969
1769885286.893335,THERM,0,motor_temp,C,35.062
1769885286.9438517,ADC2,0,bus_voltage,V,11.123
1769885286.994497,ADC2,0,bus_voltage,V,10.146
1769885287.045354,ADC2,0,bus_voltage,V,10.458
1769885287.0960424,THERM,0,motor_temp,C,65.404
1769885287.1467018,ADC1,1,servo_2,A,0.268
1769885287.1974366,THERM,0,motor_temp,C,40.281
1769885287.2480397,THERM,0,motor_temp,C,62.004
1769885287.298916,ADC1,1,servo_2,A,0.726
1769885287.349424,ADC2,0,bus_voltage,V,12.417
1769885287.3999403,ADC1,1,servo_2,A,1.371
1769885287.4506857,ADC1,1,servo_2,A,0.789
1769885287.5011544,THERM,0,motor_temp,C,61.065
1769885287.5518937,ADC2,0,bus_voltage,V,12.37
1769885287.6024325,ADC2,0,bus_voltage,V,10.5
1769885287.6532621,ADC2,0,bus_voltage,V,12.179
1769885287.7039227,ADC1,1,servo_2,A,0.808
1769885287.7543306,ADC1,0,servo_1,A,1.612
1769885287.8050773,ADC1,1,servo_2,A,1.629
1769885287.8554997,ADC1,0,servo_1,A,1.632
1769885287.9061866,ADC1,0,servo_1,A,1.133
1769885287.9569974,ADC1,0,servo_1,A,1.832
1769885288.0079954,THERM,0,motor_temp,C,69.585
1769885288.0585701,THERM,0,motor_temp,C,52.376
1769885288.1097016,ADC2,0,bus_voltage,V,11.066
1769885288.1601105,ADC1,1,servo_2,A,1.697
1769885288.2107706,ADC1,1,servo_2,A,2.245
1769885288.2616568,ADC2,0,bus_voltage,V,10.087
1769885288.312363,ADC1,0,servo_1,A,1.066
1769885288.363137,ADC1,0,servo_1,A,0.254
1769885288.4152858,ADC1,0,servo_1,A,1.401
1769885288.4657605,ADC1,1,servo_2,A,0.535
1769885288.5168142,ADC1,0,servo_1,A,2.425
1769885288.5716941,ADC2,0,bus_voltage,V,12.049
1769885288.6223488,ADC1,0,servo_1,A,0.76
1769885288.6729565,ADC1,0,servo_1,A,0.72
1769885288.723758,ADC1,0,servo_1,A,1.672
1769885288.7748208,ADC2,0,bus_voltage,V,11.44
1769885288.8257139,ADC1,1,servo_2,A,1.213
1769885288.8762343,ADC1,1,servo_2,A,1.025
1769885288.9267583,ADC1,1,servo_2,A,0.441
1769885288.9773188,THERM,0,motor_temp,C,51.255
1769885289.0278957,ADC1,1,servo_2,A,0.607
1769885289.0785298,THERM,0,motor_temp,C,58.2
1769885289.1289728,ADC1,0,servo_1,A,1.295
1769885289.1802418,THERM,0,motor_temp,C,41.612
1769885289.2318482,ADC2,0,bus_voltage,V,10.039
1769885289.283375,ADC1,1,servo_2,A,2.062
1769885289.3348253,ADC2,0,bus_voltage,V,11.912
1769885289.385463,ADC1,1,servo_2,A,2.122
1769885289.445014,ADC2,0,bus_voltage,V,12.545
1769885289.4955382,THERM,0,motor_temp,C,67.838
1769885289.5461287,ADC1,0,servo_1,A,0.243
1769885289.596906,ADC2,0,bus_voltage,V,11.456
1769885289.6479318,ADC2,0,bus_voltage,V,10.416
1769885289.6988218,ADC1,1,servo_2,A,2.172
1769885289.7505264,ADC1,1,servo_2,A,1.698
1769885289.8013322,ADC1,0,servo_1,A,0.315
1769885289.852054,ADC2,0,bus_voltage,V,11.914
1769885289.902812,ADC1,0,servo_1,A,2.069
1769885289.9533584,ADC1,1,servo_2,A,2.094
1769885290.003988,ADC1,0,servo_1,A,1.221
1769885290.0559337,THERM,0,motor_temp,C,62.276
1769885290.1068342,THERM,0,motor_temp,C,58.894
1769885290.1574495,ADC1,0,servo_1,A,1.064
1769885290.2084677,ADC1,1,servo_2,A,1.018
1769885290.2596698,ADC1,0,servo_1,A,0.264
1769885290.310723,ADC1,0,servo_1,A,0.353
1769885290.3616195,ADC2,0,bus_voltage,V,12.233
1769885290.4125907,ADC2,0,bus_voltage,V,10.359
1769885290.463625,ADC2,0,bus_voltage,V,10.991
1769885290.516221,ADC1,0,servo_1,A,1.739
1769885290.5669749,THERM,0,motor_temp,C,47.255
1769885290.6175675,THERM,0,motor_temp,C,60.154
1769885290.668397,ADC2,0,bus_voltage,V,12.247
1769885290.719296,THERM,0,motor_temp,C,43.531
1769885290.769864,ADC1,1,servo_2,A,1.047
1769885290.8204732,ADC1,0,servo_1,A,2.421
1769885290.870902,ADC1,0,servo_1,A,1.153
1769885290.9213874,ADC2,0,bus_voltage,V,11.34
1769885290.9721646,ADC1,0,servo_1,A,1.436
1769885291.0228558,ADC2,0,bus_voltage,V,12.424
1769885291.0736535,ADC1,1,servo_2,A,0.288
1769885291.124721,ADC1,1,servo_2,A,1.142
1769885291.1752584,THERM,0,motor_temp,C,52.867
1769885291.2260296,ADC1,0,servo_1,A,0.979
1769885291.276987,ADC1,0,servo_1,A,2.39
1769885291.3277972,ADC1,1,servo_2,A,1.326
1769885291.3782864,THERM,0,motor_temp,C,58.774
1769885291.4299912,ADC2,0,bus_voltage,V,10.556
1769885291.4807234,THERM,0,motor_temp,C,63.921
1769885291.5314436,ADC2,0,bus_voltage,V,10.468
1769885291.5821707,ADC2,0,bus_voltage,V,11.329
1769885291.6331153,ADC1,1,servo_2,A,1.951
1769885291.6835835,ADC1,1,servo_2,A,0.257
1769885291.7347324,ADC1,1,servo_2,A,1.321
1769885291.7858043,ADC2,0,bus_voltage,V,10.559
1769885291.836734,ADC1,0,servo_1,A,1.751
1769885291.8876393,THERM,0,motor_temp,C,66.537
1769885291.9382102,ADC1,1,servo_2,A,1.296
1769885291.989355,ADC1,0,servo_1,A,0.506
1769885292.0400517,THERM,0,motor_temp,C,65.248
1769885292.0907722,ADC1,0,servo_1,A,1.742
1769885292.1416435,ADC2,0,bus_voltage,V,11.235
1769885292.1923938,ADC2,0,bus_voltage,V,10.561
1769885292.243377,ADC1,0,servo_1,A,0.567
1769885292.304007,ADC1,0,servo_1,A,1.62
1769885292.3565974,THERM,0,motor_temp,C,26.519
1769885292.4072382,THERM,0,motor_temp,C,35.221
1769885292.4578214,ADC1,0,servo_1,A,0.595
1769885292.5081441,THERM,0,motor_temp,C,42.108
1769885292.5591257,ADC1,1,servo_2,A,0.761
1769885292.609614,ADC1,1,servo_2,A,1.933
1769885292.660268,ADC2,0,bus_voltage,V,10.783
1769885292.7107596,ADC2,0,bus_voltage,V,10.405
1769885292.7616916,ADC1,0,servo_1,A,0.379
1769885292.8122442,ADC1,0,servo_1,A,2.227
1769885292.8630674,THERM,0,motor_temp,C,47.266
1769885292.9136765,THERM,0,motor_temp,C,48.383
1769885292.9643223,THERM,0,motor_temp,C,56.594
1769885293.0149229,ADC1,0,servo_1,A,0.21
1769885293.0654626,ADC1,0,servo_1,A,0.496
1769885293.1165621,ADC1,0,servo_1,A,0.749
1769885293.168338,ADC1,1,servo_2,A,1.245
1769885293.2192068,ADC1,1,servo_2,A,1.726
1769885293.270571,ADC2,0,bus_voltage,V,10.657
1769885293.3210037,THERM,0,motor_temp,C,64.902
1769885293.3715823,ADC1,0,servo_1,A,0.778
1769885293.4220312,THERM,0,motor_temp,C,52.121
1769885293.4745495,ADC2,0,bus_voltage,V,10.793
1769885293.5250518,ADC1,0,servo_1,A,2.294
1769885293.5776346,ADC1,1,servo_2,A,0.521
1769885293.628585,ADC1,1,servo_2,A,0.885
1769885293.6793613,THERM,0,motor_temp,C,31.204
1769885293.7318103,THERM,0,motor_temp,C,44.999
1769885293.7822163,ADC1,0,servo_1,A,1.95
1769885293.8332531,THERM,0,motor_temp,C,56.82
1769885293.884163,ADC1,1,servo_2,A,1.137
1769885293.9349294,THERM,0,motor_temp,C,25.615
1769885293.985469,ADC2,0,bus_voltage,V,12.35
1769885294.0362513,ADC1,1,servo_2,A,2.413
1769885294.0866544,ADC1,0,servo_1,A,1.741
1769885294.1371336,ADC1,1,servo_2,A,1.836
1769885294.1981316,ADC2,0,bus_voltage,V,11.209
1769885294.2485516,THERM,0,motor_temp,C,32.235
1769885294.2998383,THERM,0,motor_temp,C,62.229
1769885294.3512845,ADC1,0,servo_1,A,0.931
1769885294.4038174,THERM,0,motor_temp,C,29.339
1769885294.4552014,ADC1,1,servo_2,A,1.184
1769885294.5061176,THERM,0,motor_temp,C,56.367
1769885294.5565264,ADC1,0,servo_1,A,2.321
1769885294.6070552,ADC1,0,servo_1,A,1.921
1769885294.6578953,ADC1,0,servo_1,A,2.102
1769885294.708718,ADC2,0,bus_voltage,V,10.022
1769885294.7592006,ADC1,0,servo_1,A,0.266
1769885294.8096566,ADC1,0,servo_1,A,1.876
1769885294.86068,ADC1,0,servo_1,A,0.618
1769885294.9111922,THERM,0,motor_temp,C,63.253
1769885294.9622915,THERM,0,motor_temp,C,33.495
1769885295.0132442,ADC2,0,bus_voltage,V,10.489
1769885295.0640543,ADC1,0,servo_1,A,1.001
1769885295.1150348,ADC1,0,servo_1,A,0.835
1769885295.1656332,ADC1,1,servo_2,A,0.788
1769885295.216037,ADC1,0,servo_1,A,1.58
1769885295.2669225,ADC2,0,bus_voltage,V,10.062
1769885295.317391,ADC2,0,bus_voltage,V,10.72
1769885295.3695598,ADC1,0,servo_1,A,0.722
1769885295.4204485,ADC2,0,bus_voltage,V,10.587
1769885295.4714513,THERM,0,motor_temp,C,39.308
1769885295.523287,THERM,0,motor_temp,C,68.195
1769885295.5740197,THERM,0,motor_temp,C,47.552
1769885295.6249642,ADC1,1,servo_2,A,2.026
1769885295.6755571,ADC1,1,servo_2,A,1.542
1769885295.725882,ADC1,1,servo_2,A,1.4
1769885295.7764862,ADC2,0,bus_voltage,V,10.532
1769885295.827251,ADC2,0,bus_voltage,V,10.396
1769885295.877782,ADC1,0,servo_1,A,1.841
1769885295.9285238,ADC1,0,servo_1,A,2.128
1769885295.9792657,ADC1,0,servo_1,A,0.849
1769885296.030122,ADC1,1,servo_2,A,0.816
1769885296.080922,ADC2,0,bus_voltage,V,10.442
1769885296.1314452,ADC1,0,servo_1,A,0.311
1769885296.1818345,ADC2,0,bus_voltage,V,11.908
1769885296.2333927,ADC1,1,servo_2,A,1.337
1769885296.2842233,ADC1,0,servo_1,A,0.472
1769885296.3351796,THERM,0,motor_temp,C,25.729
1769885296.3858402,THERM,0,motor_temp,C,49.533
1769885296.4365675,ADC2,0,bus_voltage,V,10.818
1769885296.4873903,ADC2,0,bus_voltage,V,11.923
1769885296.5381308,ADC1,1,servo_2,A,2.139
1769885296.5891697,ADC1,1,servo_2,A,1.717
1769885296.6400695,THERM,0,motor_temp,C,33.944
1769885296.6908033,ADC1,0,servo_1,A,1.594
1769885296.7412746,THERM,0,motor_temp,C,60.144
1769885296.7921891,THERM,0,motor_temp,C,33.838
1769885296.8431885,ADC1,0,servo_1,A,1.728
1769885296.8942678,ADC1,1,servo_2,A,2.468
1769885296.945133,ADC2,0,bus_voltage,V,10.298
1769885296.9955885,ADC2,0,bus_voltage,V,10.207
1769885297.046432,THERM,0,motor_temp,C,43.303
1769885297.0982025,THERM,0,motor_temp,C,40.86
1769885297.1516302,ADC2,0,bus_voltage,V,10.577
1769885297.2028153,ADC2,0,bus_voltage,V,10.268
1769885297.2536786,THERM,0,motor_temp,C,46.804
1769885297.304522,ADC2,0,bus_voltage,V,10.911
1769885297.3550956,ADC1,1,servo_2,A,1.312
1769885297.4055953,ADC2,0,bus_voltage,V,12.562
1769885297.4562933,ADC1,0,servo_1,A,2.354
1769885297.506735,ADC2,0,bus_voltage,V,10.631
1769885297.557632,ADC1,1,servo_2,A,2.312
1769885297.6080933,ADC2,0,bus_voltage,V,11.516
1769885297.6589034,ADC2,0,bus_voltage,V,10.338
1769885297.7094097,ADC2,0,bus_voltage,V,10.915
1769885297.759723,THERM,0,motor_temp,C,37.672
1769885297.810286,ADC2,0,bus_voltage,V,10.71
1769885297.8611004,THERM,0,motor_temp,C,32.621
1769885297.9121373,THERM,0,motor_temp,C,54.045
1769885297.9630544,ADC1,0,servo_1,A,1.251
1769885298.0135624,ADC2,0,bus_voltage,V,11.974
1769885298.0643687,ADC2,0,bus_voltage,V,12.448
1769885298.1148856,ADC1,1,servo_2,A,0.493
1769885298.1653392,THERM,0,motor_temp,C,57.129
1769885298.2160978,ADC1,0,servo_1,A,1.285
1769885298.2670238,ADC1,0,servo_1,A,0.472
1769885298.3176196,THERM,0,motor_temp,C,62.15
1769885298.3682182,ADC2,0,bus_voltage,V,11.628
1769885298.41871,ADC1,1,servo_2,A,2.382
1769885298.4694254,ADC2,0,bus_voltage,V,11.224
1769885298.5199745,ADC1,1,servo_2,A,1.735
1769885298.5712843,THERM,0,motor_temp,C,28.063
1769885298.6223302,THERM,0,motor_temp,C,32.431
1769885298.673356,ADC1,0,servo_1,A,2.145
1769885298.724124,ADC1,0,servo_1,A,2.164
1769885298.7751415,ADC2,0,bus_voltage,V,11.821
1769885298.8257048,ADC1,1,servo_2,A,0.733
1769885298.8771572,ADC1,1,servo_2,A,2.213
1769885298.9286568,THERM,0,motor_temp,C,40.059
1769885298.9794521,ADC1,1,servo_2,A,0.397
1769885299.0304482,THERM,0,motor_temp,C,61.073
1769885299.0810795,ADC1,0,servo_1,A,0.535
1769885299.1319394,ADC1,1,servo_2,A,1.45
1769885299.1825624,THERM,0,motor_temp,C,52.6
1769885299.2344587,ADC1,1,servo_2,A,1.622
1769885299.2853901,THERM,0,motor_temp,C,66.949
1769885299.3363218,ADC2,0,bus_voltage,V,11.686
1769885299.3873518,THERM,0,motor_temp,C,44.064
1769885299.4378633,ADC2,0,bus_voltage,V,10.118
1769885299.4886117,ADC1,0,servo_1,A,0.59
1769885299.5395164,ADC1,0,servo_1,A,0.763
1769885299.5928228,THERM,0,motor_temp,C,30.288
1769885299.643805,ADC1,1,servo_2,A,1.607
1769885299.6942658,ADC1,0,servo_1,A,1.228
1769885299.7445745,ADC2,0,bus_voltage,V,10.954
1769885299.7950423,THERM,0,motor_temp,C,40.971
1769885299.845858,ADC2,0,bus_voltage,V,11.514
1769885299.8984134,ADC1,0,servo_1,A,0.765
1769885299.9491875,ADC1,1,servo_2,A,2.236
1769885299.999754,ADC2,0,bus_voltage,V,10.057
1769885300.0506737,ADC2,0,bus_voltage,V,11.163
1769885300.1078606,ADC2,0,bus_voltage,V,11.05
1769885300.161429,ADC2,0,bus_voltage,V,11.992
1769885300.2233512,ADC2,0,bus_voltage,V,11.076
1769885300.2739744,ADC1,0,servo_1,A,0.853
1769885300.3244088,THERM,0,motor_temp,C,68.348
1769885300.3748512,THERM,0,motor_temp,C,42.271
1769885300.42527,ADC1,1,servo_2,A,2.243
1769885300.476003,THERM,0,motor_temp,C,34.952
1769885300.5267904,ADC1,1,servo_2,A,1.256
1769885300.5773463,ADC1,0,servo_1,A,0.613
1769885300.6282513,ADC1,1,servo_2,A,2.435
1769885300.6791887,THERM,0,motor_temp,C,54.885
1769885300.7298636,ADC1,1,servo_2,A,1.528
1769885300.7819085,ADC1,1,servo_2,A,1.162
1769885300.83274,ADC2,0,bus_voltage,V,12.084
1769885300.8836858,THERM,0,motor_temp,C,47.917
1769885300.9347308,ADC2,0,bus_voltage,V,10.374
1769885300.9853742,THERM,0,motor_temp,C,34.492
1769885301.0372396,ADC1,0,servo_1,A,0.956
1769885301.0878994,ADC1,0,servo_1,A,0.792
1769885301.1386862,THERM,0,motor_temp,C,69.748
1769885301.1893244,THERM,0,motor_temp,C,38.672
1769885301.23988,ADC1,1,servo_2,A,1.896
1769885301.2915237,ADC1,1,servo_2,A,1.686
1769885301.341984,ADC1,1,servo_2,A,1.285
1769885301.3925252,ADC1,1,servo_2,A,1.68
1769885301.4430914,ADC1,1,servo_2,A,0.748
1769885301.493602,ADC2,0,bus_voltage,V,11.207
1769885301.5442896,ADC1,1,servo_2,A,0.717
1769885301.5948827,THERM,0,motor_temp,C,35.953
1769885301.645321,ADC2,0,bus_voltage,V,11.458
1769885301.6963658,ADC1,1,servo_2,A,0.296
1769885301.7490964,ADC2,0,bus_voltage,V,10.446
1769885301.8012226,THERM,0,motor_temp,C,50.515
1769885301.8524268,ADC1,1,servo_2,A,0.748
1769885301.9030638,ADC2,0,bus_voltage,V,10.905
1769885301.9566073,ADC2,0,bus_voltage,V,10.838
1769885302.012106,ADC2,0,bus_voltage,V,12.14
1769885302.0627801,ADC1,1,servo_2,A,0.883
1769885302.113804,ADC2,0,bus_voltage,V,10.18
1769885302.1652052,ADC2,0,bus_voltage,V,12.107
1769885302.2161536,THERM,0,motor_temp,C,38.394
1769885302.266869,ADC2,0,bus_voltage,V,10.239
1769885302.3195693,THERM,0,motor_temp,C,58.709
1769885302.3703916,ADC1,0,servo_1,A,0.915
1769885302.4217618,ADC2,0,bus_voltage,V,12.274
1769885302.4743419,ADC1,0,servo_1,A,0.643
1769885302.5248005,THERM,0,motor_temp,C,67.48
1769885302.5759172,ADC1,0,servo_1,A,0.34
1769885302.6268463,ADC1,0,servo_1,A,0.537
1769885302.677311,ADC2,0,bus_voltage,V,12.085
1769885302.7278454,ADC1,1,servo_2,A,0.214
1769885302.778134,ADC2,0,bus_voltage,V,10.76
1769885302.8287468,ADC1,0,servo_1,A,0.41
1769885302.879438,ADC1,1,servo_2,A,1.048
1769885302.9305475,ADC1,1,servo_2,A,2.093
1769885302.9830954,ADC1,1,servo_2,A,0.638
1769885303.0340548,THERM,0,motor_temp,C,30.813
1769885303.0847943,ADC1,1,servo_2,A,1.126
1769885303.135437,THERM,0,motor_temp,C,40.3
1769885303.186457,ADC1,0,servo_1,A,2.453
1769885303.2375658,THERM,0,motor_temp,C,67.351
1769885303.2882726,ADC1,0,servo_1,A,0.373
1769885303.338919,ADC1,1,servo_2,A,1.218
1769885303.3893256,ADC1,0,servo_1,A,2.321
1769885303.4399214,ADC1,1,servo_2,A,1.217
1769885303.4903047,ADC1,1,servo_2,A,1.196
1769885303.5409615,ADC1,0,servo_1,A,2.011
1769885303.592107,ADC2,0,bus_voltage,V,12.555
1769885303.643055,ADC1,0,servo_1,A,0.733
1769885303.694145,ADC1,0,servo_1,A,0.459
1769885303.7447553,ADC2,0,bus_voltage,V,11.833
1769885303.7954636,ADC1,1,servo_2,A,0.305
1769885303.8463845,ADC2,0,bus_voltage,V,11.54
1769885303.8970923,ADC2,0,bus_voltage,V,12.471
1769885303.9485452,ADC1,0,servo_1,A,1.745
1769885304.0001817,ADC1,0,servo_1,A,0.492
1769885304.0510652,ADC1,1,servo_2,A,1.975
1769885304.1020677,THERM,0,motor_temp,C,54.968
1769885304.1525166,THERM,0,motor_temp,C,58.576
1769885304.2036188,THERM,0,motor_temp,C,46.639
1769885304.2540972,ADC1,0,servo_1,A,0.596
1769885304.304857,ADC2,0,bus_voltage,V,12.014
1769885304.3589466,THERM,0,motor_temp,C,54.435
1769885304.4103334,ADC1,0,servo_1,A,1.364
1769885304.4611113,ADC1,1,servo_2,A,1.262
1769885304.5118382,ADC1,1,servo_2,A,1.974
1769885304.5622501,THERM,0,motor_temp,C,29.593
1769885304.6127517,ADC1,0,servo_1,A,0.648
1769885304.6633139,ADC2,0,bus_voltage,V,12.454
1769885304.7140462,THERM,0,motor_temp,C,47.665
1769885304.764824,ADC1,1,servo_2,A,1.848
1769885304.8155653,ADC2,0,bus_voltage,V,11.346
1769885304.8672135,ADC1,1,servo_2,A,0.406
1769885304.9327893,ADC2,0,bus_voltage,V,12.051
1769885304.98365,ADC1,0,servo_1,A,0.254
1769885305.0341039,ADC1,0,servo_1,A,1.468
1769885305.084437,THERM,0,motor_temp,C,54.25
1769885305.1348886,ADC2,0,bus_voltage,V,11.988
1769885305.1856074,ADC2,0,bus_voltage,V,11.915
1769885305.2359037,ADC1,0,servo_1,A,1.638
1769885305.286555,ADC1,0,servo_1,A,2.0
1769885305.3373835,ADC1,0,servo_1,A,1.581
1769885305.388244,ADC1,1,servo_2,A,2.497
1769885305.4386077,ADC1,1,servo_2,A,1.244
1769885305.489417,THERM,0,motor_temp,C,46.803
1769885305.5403214,THERM,0,motor_temp,C,46.703
1769885305.5910664,ADC2,0,bus_voltage,V,12.142
1769885305.6416185,ADC1,0,servo_1,A,1.009
1769885305.6920419,ADC1,1,servo_2,A,1.895
1769885305.7429433,ADC2,0,bus_voltage,V,11.726
1769885305.7936845,THERM,0,motor_temp,C,54.816
1769885305.844434,ADC2,0,bus_voltage,V,11.074
1769885305.8951318,THERM,0,motor_temp,C,50.28
1769885305.9454548,THERM,0,motor_temp,C,51.688
1769885305.996067,ADC2,0,bus_voltage,V,11.942
1769885306.0467284,ADC1,0,servo_1,A,1.158
1769885306.097141,THERM,0,motor_temp,C,46.384
1769885306.14843,ADC1,0,servo_1,A,1.663
1769885306.1994526,ADC1,0,servo_1,A,2.04
1769885306.2503595,ADC2,0,bus_voltage,V,11.028
1769885306.3008819,ADC2,0,bus_voltage,V,11.865
1769885306.3515701,THERM,0,motor_temp,C,47.257
1769885306.402526,THERM,0,motor_temp,C,52.464
1769885306.4533188,ADC2,0,bus_voltage,V,12.238
1769885306.5038702,ADC2,0,bus_voltage,V,11.127
1769885306.5546038,THERM,0,motor_temp,C,63.648
1769885306.6050878,THERM,0,motor_temp,C,49.691
1769885306.6559181,ADC1,1,servo_2,A,1.798
1769885306.7064495,ADC1,0,servo_1,A,0.618
1769885306.7573364,ADC1,0,servo_1,A,0.912
1769885306.8077543,ADC1,1,servo_2,A,2.078
1769885306.8584433,ADC2,0,bus_voltage,V,11.174
1769885306.9091053,ADC1,0,servo_1,A,1.088
1769885306.9601867,ADC1,0,servo_1,A,2.35
1769885307.0129595,ADC2,0,bus_voltage,V,12.033
1769885307.065032,ADC2,0,bus_voltage,V,11.739
1769885307.1160467,ADC2,0,bus_voltage,V,11.163
1769885307.1666622,THERM,0,motor_temp,C,62.864
1769885307.2174742,ADC1,1,servo_2,A,1.603
1769885307.2685392,THERM,0,motor_temp,C,37.522
1769885307.319318,ADC2,0,bus_voltage,V,11.356
1769885307.371437,THERM,0,motor_temp,C,46.145
1769885307.4228225,THERM,0,motor_temp,C,31.353
1769885307.473516,ADC1,0,servo_1,A,0.243
1769885307.5241969,ADC1,1,servo_2,A,1.723
1769885307.5747292,ADC1,0,servo_1,A,0.666
1769885307.6253104,ADC1,1,servo_2,A,2.041
1769885307.6757827,ADC2,0,bus_voltage,V,10.324
1769885307.7285986,ADC1,0,servo_1,A,0.426
1769885307.7799098,ADC1,0,servo_1,A,1.591
1769885307.8314629,ADC1,0,servo_1,A,1.475
1769885307.882349,ADC2,0,bus_voltage,V,10.519
1769885307.9328475,ADC2,0,bus_voltage,V,10.175
1769885307.9837523,ADC2,0,bus_voltage,V,12.278
1769885308.0344474,ADC1,1,servo_2,A,2.492
1769885308.085304,ADC2,0,bus_voltage,V,12.31
1769885308.1357586,THERM,0,motor_temp,C,49.481
1769885308.186647,ADC1,0,servo_1,A,2.077
1769885308.2375388,ADC1,1,servo_2,A,1.707
1769885308.2880123,ADC1,1,servo_2,A,0.69
1769885308.3386075,THERM,0,motor_temp,C,40.756
1769885308.389168,ADC1,0,servo_1,A,0.783
1769885308.439581,THERM,0,motor_temp,C,62.957
1769885308.4904945,ADC2,0,bus_voltage,V,12.36
1769885308.5410798,ADC1,1,servo_2,A,1.35
1769885308.5915468,THERM,0,motor_temp,C,36.562
1769885308.6423213,ADC2,0,bus_voltage,V,10.319
1769885308.6928477,THERM,0,motor_temp,C,32.015
1769885308.7434802,ADC1,0,servo_1,A,2.044
1769885308.793997,ADC1,0,servo_1,A,1.196
1769885308.8445728,THERM,0,motor_temp,C,60.076
1769885308.8952293,ADC1,0,servo_1,A,0.513
1769885308.9463315,ADC1,0,servo_1,A,2.242
1769885308.9970088,ADC1,1,servo_2,A,0.419
1769885309.0474188,ADC2,0,bus_voltage,V,11.066
1769885309.0981076,ADC1,0,servo_1,A,1.615
1769885309.1488633,ADC2,0,bus_voltage,V,10.698
1769885309.199233,ADC1,0,servo_1,A,1.853
1769885309.2495346,ADC1,1,servo_2,A,2.274
1769885309.3000562,ADC1,1,servo_2,A,1.989
1769885309.350546,ADC1,1,servo_2,A,1.711
1769885309.4013894,ADC2,0,bus_voltage,V,12.238
1769885309.4536414,ADC2,0,bus_voltage,V,11.857
1769885309.505327,ADC1,0,servo_1,A,2.48
1769885309.5579398,THERM,0,motor_temp,C,38.007
1769885309.6086476,THERM,0,motor_temp,C,30.882
1769885309.6594484,ADC1,0,servo_1,A,1.841
1769885309.7167323,THERM,0,motor_temp,C,61.41
1769885309.7675924,ADC2,0,bus_voltage,V,10.102
1769885309.8188283,THERM,0,motor_temp,C,53.079
1769885309.869665,ADC2,0,bus_voltage,V,12.141
1769885309.9203804,ADC1,1,servo_2,A,1.999
1769885309.970998,THERM,0,motor_temp,C,39.241
1769885310.0215921,ADC1,0,servo_1,A,0.281
1769885310.0720098,ADC1,0,servo_1,A,0.838
1769885310.1223736,ADC1,1,servo_2,A,1.644
1769885310.1728804,ADC1,1,servo_2,A,1.745
1769885310.223478,ADC1,0,servo_1,A,2.316
1769885310.274265,ADC2,0,bus_voltage,V,12.506
1769885310.3246787,ADC1,0,servo_1,A,1.519
1769885310.3750594,ADC1,1,servo_2,A,0.457
1769885310.4260693,ADC1,1,servo_2,A,2.429
1769885310.476975,ADC2,0,bus_voltage,V,10.69
1769885310.5320773,ADC1,0,servo_1,A,1.808
1769885310.58354,THERM,0,motor_temp,C,66.818
1769885310.6355789,ADC2,0,bus_voltage,V,12.024
1769885310.68609,THERM,0,motor_temp,C,26.443
1769885310.7369022,ADC1,1,servo_2,A,0.526
1769885310.7936344,ADC2,0,bus_voltage,V,12.28
1769885310.850546,THERM,0,motor_temp,C,68.159
1769885310.904067,ADC1,1,servo_2,A,1.018
1769885310.9620113,ADC1,0,servo_1,A,0.371
1769885311.0127213,ADC1,1,servo_2,A,1.835
1769885311.0635588,THERM,0,motor_temp,C,57.519
1769885311.1147957,THERM,0,motor_temp,C,38.112
1769885311.1653461,THERM,0,motor_temp,C,33.883
1769885311.2158446,ADC2,0,bus_voltage,V,12.438
1769885311.2664585,ADC1,1,servo_2,A,0.549
1769885311.3173285,ADC1,1,servo_2,A,1.833
1769885311.3685062,ADC2,0,bus_voltage,V,11.245
1769885311.4189913,ADC2,0,bus_voltage,V,10.993
1769885311.4695673,ADC1,0,servo_1,A,0.565
1769885311.5205622,ADC2,0,bus_voltage,V,12.043
1769885311.5710108,ADC2,0,bus_voltage,V,11.902
1769885311.6218965,ADC2,0,bus_voltage,V,12.408
1769885311.6729174,ADC1,0,servo_1,A,1.301
1769885311.7237878,ADC2,0,bus_voltage,V,12.355
1769885311.7745826,THERM,0,motor_temp,C,38.626
1769885311.8254185,ADC1,1,servo_2,A,1.892
1769885311.8763945,ADC2,0,bus_voltage,V,11.828
1769885311.9273703,THERM,0,motor_temp,C,47.746
1769885311.9782097,THERM,0,motor_temp,C,63.539
1769885312.028464,ADC1,0,servo_1,A,0.716
1769885312.078984,ADC1,0,servo_1,A,1.711
1769885312.131434,ADC1,0,servo_1,A,0.901
1769885312.182566,ADC1,0,servo_1,A,1.852
1769885312.2329478,ADC1,0,servo_1,A,2.086
1769885312.2838302,ADC1,0,servo_1,A,0.375
1769885312.3345191,ADC1,1,servo_2,A,0.757
1769885312.385542,ADC1,1,servo_2,A,1.291
1769885312.4359605,ADC2,0,bus_voltage,V,12.378
1769885312.4868724,ADC1,1,servo_2,A,1.386
1769885312.5386138,ADC1,0,servo_1,A,1.245
1769885312.5900412,ADC1,0,servo_1,A,2.083
1769885312.6417077,ADC2,0,bus_voltage,V,11.52
1769885312.7137105,ADC2,0,bus_voltage,V,11.212
1769885312.7643464,ADC1,1,servo_2,A,0.882
1769885312.8153133,ADC2,0,bus_voltage,V,10.178
1769885312.8660867,ADC1,1,servo_2,A,0.98
1769885312.9167314,THERM,0,motor_temp,C,65.203
1769885312.9680483,ADC1,0,servo_1,A,0.395
1769885313.019788,ADC2,0,bus_voltage,V,11.818
1769885313.07289,THERM,0,motor_temp,C,38.718
1769885313.1240919,ADC1,0,servo_1,A,0.866
1769885313.1750288,THERM,0,motor_temp,C,32.666
1769885313.2269535,ADC2,0,bus_voltage,V,11.824
1769885313.2780929,ADC1,0,servo_1,A,2.36
1769885313.3289466,THERM,0,motor_temp,C,27.392
1769885313.3796868,THERM,0,motor_temp,C,42.418
1769885313.4306564,ADC2,0,bus_voltage,V,11.087
1769885313.481476,THERM,0,motor_temp,C,64.28
1769885313.5323992,ADC1,0,servo_1,A,1.959
1769885313.5834587,ADC2,0,bus_voltage,V,10.6
1769885313.6341658,ADC2,0,bus_voltage,V,12.568
1769885313.6849005,ADC1,1,servo_2,A,1.775
1769885313.7357347,THERM,0,motor_temp,C,56.077
1769885313.7867453,ADC1,0,servo_1,A,1.278
1769885313.8380985,THERM,0,motor_temp,C,32.812
1769885313.889017,THERM,0,motor_temp,C,31.288
1769885313.9402223,ADC1,0,servo_1,A,1.108
1769885313.9910371,THERM,0,motor_temp,C,31.221
1769885314.0419943,ADC1,1,servo_2,A,2.308
1769885314.092369,ADC1,0,servo_1,A,1.873
1769885314.1435263,ADC1,1,servo_2,A,0.329
1769885314.1947455,ADC1,0,servo_1,A,0.462
1769885314.2458766,THERM,0,motor_temp,C,25.711
1769885314.2962487,ADC2,0,bus_voltage,V,12.298
1769885314.3468919,ADC2,0,bus_voltage,V,11.952
1769885314.3980267,THERM,0,motor_temp,C,56.814
1769885314.4489717,ADC2,0,bus_voltage,V,10.114
1769885314.5001154,ADC1,1,servo_2,A,1.493
1769885314.5510156,ADC1,1,servo_2,A,2.072
1769885314.6018927,ADC2,0,bus_voltage,V,10.561
1769885314.6523106,ADC2,0,bus_voltage,V,10.301
1769885314.703214,THERM,0,motor_temp,C,62.826
1769885314.7537622,ADC1,1,servo_2,A,1.391
1769885314.8046944,THERM,0,motor_temp,C,25.698
1769885314.8555455,ADC2,0,bus_voltage,V,11.717
1769885314.906162,ADC1,1,servo_2,A,2.17
1769885314.957316,THERM,0,motor_temp,C,61.172
1769885315.0077581,ADC2,0,bus_voltage,V,12.181
1769885315.0584292,ADC2,0,bus_voltage,V,12.25
1769885315.1090963,ADC2,0,bus_voltage,V,12.308
1769885315.1600807,THERM,0,motor_temp,C,58.798
1769885315.2116163,ADC2,0,bus_voltage,V,11.762
1769885315.2622778,THERM,0,motor_temp,C,65.638
1769885315.3135161,ADC1,0,servo_1,A,2.441
1769885315.3650925,ADC2,0,bus_voltage,V,11.064
1769885315.415909,THERM,0,motor_temp,C,56.038
1769885315.4664552,ADC1,1,servo_2,A,1.433
1769885315.5171492,THERM,0,motor_temp,C,65.451
1769885315.5674558,THERM,0,motor_temp,C,33.156
1769885315.6177857,ADC2,0,bus_voltage,V,10.837
1769885315.668573,ADC1,1,servo_2,A,0.829
1769885315.718955,ADC1,0,servo_1,A,0.33
1769885315.7698703,ADC1,0,servo_1,A,1.395
1769885315.8217566,THERM,0,motor_temp,C,28.538
1769885315.872745,THERM,0,motor_temp,C,35.049
1769885315.9236615,ADC1,0,servo_1,A,0.396
1769885315.9749713,ADC1,1,servo_2,A,0.295
1769885316.0258322,ADC1,0,servo_1,A,2.383
1769885316.0768025,ADC1,0,servo_1,A,2.338
1769885316.1274717,THERM,0,motor_temp,C,67.229
1769885316.178188,THERM,0,motor_temp,C,48.815
1769885316.2289884,ADC1,0,servo_1,A,2.208
1769885316.2796807,ADC1,0,servo_1,A,1.269
1769885316.3304663,ADC2,0,bus_voltage,V,12.366
1769885316.3810325,ADC1,0,servo_1,A,1.221
1769885316.4318807,ADC2,0,bus_voltage,V,10.748
1769885316.482518,ADC2,0,bus_voltage,V,11.83
1769885316.5333476,ADC1,1,servo_2,A,0.427
1769885316.5841656,ADC1,1,servo_2,A,2.214
1769885316.6347084,ADC1,0,servo_1,A,1.772
1769885316.6850207,THERM,0,motor_temp,C,58.654
1769885316.7355764,THERM,0,motor_temp,C,29.568
1769885316.786358,ADC2,0,bus_voltage,V,11.538
1769885316.8371756,ADC2,0,bus_voltage,V,10.821
1769885316.8877141,ADC1,0,servo_1,A,2.15
1769885316.9384763,ADC2,0,bus_voltage,V,11.744
1769885316.989032,THERM,0,motor_temp,C,56.237
1769885317.039922,ADC1,1,servo_2,A,0.238
1769885317.0906177,ADC1,0,servo_1,A,1.876
1769885317.141263,ADC1,0,servo_1,A,1.25
1769885317.1920102,ADC2,0,bus_voltage,V,11.731
1769885317.2426453,THERM,0,motor_temp,C,43.158
1769885317.2932348,ADC2,0,bus_voltage,V,10.447
1769885317.3436148,ADC1,0,servo_1,A,1.571
1769885317.3941824,THERM,0,motor_temp,C,32.052
1769885317.4449227,ADC1,0,servo_1,A,2.357
1769885317.4955134,THERM,0,motor_temp,C,25.962
1769885317.5459476,ADC1,1,servo_2,A,1.735
1769885317.5964792,ADC2,0,bus_voltage,V,11.676
1769885317.6471555,ADC2,0,bus_voltage,V,10.862
1769885317.6975338,ADC1,0,servo_1,A,1.867
1769885317.7478797,ADC1,1,servo_2,A,1.589
1769885317.7982838,ADC1,0,servo_1,A,0.222
1769885317.8488023,ADC1,1,servo_2,A,1.999
1769885317.8992875,ADC2,0,bus_voltage,V,11.255
1769885317.949953,ADC2,0,bus_voltage,V,11.754
1769885318.000524,THERM,0,motor_temp,C,63.659
1769885318.0508862,ADC1,0,servo_1,A,1.873
1769885318.101385,ADC1,0,servo_1,A,0.596
1769885318.153114,ADC1,0,servo_1,A,1.132
1769885318.2038908,THERM,0,motor_temp,C,32.597
1769885318.2545972,ADC1,0,servo_1,A,0.521
1769885318.3049588,THERM,0,motor_temp,C,27.496
1769885318.3556275,ADC1,0,servo_1,A,1.695
1769885318.4066324,THERM,0,motor_temp,C,61.083
1769885318.4571848,THERM,0,motor_temp,C,27.85
1769885318.5079257,ADC2,0,bus_voltage,V,11.185
1769885318.558686,ADC1,1,servo_2,A,0.775
1769885318.6092298,ADC1,1,servo_2,A,0.912
1769885318.6599278,THERM,0,motor_temp,C,30.604
1769885318.7106733,ADC1,1,servo_2,A,1.098
1769885318.761468,ADC2,0,bus_voltage,V,10.904
1769885318.812238,ADC1,1,servo_2,A,2.377
1769885318.8629277,THERM,0,motor_temp,C,50.205
1769885318.9136481,ADC1,1,servo_2,A,0.41
1769885318.9646971,ADC1,0,servo_1,A,1.89
1769885319.0157564,THERM,0,motor_temp,C,61.139
1769885319.0663853,ADC1,0,servo_1,A,1.503
1769885319.1166646,ADC1,0,servo_1,A,0.787
1769885319.1672652,ADC1,0,servo_1,A,1.915
1769885319.2187326,ADC1,0,servo_1,A,1.502
1769885319.2695591,ADC1,0,servo_1,A,2.323
1769885319.3201509,ADC1,0,servo_1,A,2.431
1769885319.3710835,THERM,0,motor_temp,C,52.653
1769885319.4219859,ADC2,0,bus_voltage,V,11.002
1769885319.4725857,ADC1,1,servo_2,A,1.127
1769885319.5231767,ADC1,0,servo_1,A,0.92
1769885319.573802,THERM,0,motor_temp,C,42.348
1769885319.6245956,ADC2,0,bus_voltage,V,10.439
1769885319.6749578,ADC1,1,servo_2,A,1.404
1769885319.725468,ADC1,1,servo_2,A,0.404
1769885319.775981,ADC1,1,servo_2,A,2.302
1769885319.8265755,ADC1,1,servo_2,A,0.23
1769885319.8815556,ADC1,0,servo_1,A,1.594
1769885319.9326437,ADC1,0,servo_1,A,0.875
1769885319.9835622,ADC1,1,servo_2,A,0.962
1769885320.034279,ADC1,0,servo_1,A,2.424
1769885320.0852375,ADC1,0,servo_1,A,0.776
1769885320.1359992,ADC2,0,bus_voltage,V,10.762
1769885320.1864467,ADC2,0,bus_voltage,V,10.396
1769885320.2371018,ADC2,0,bus_voltage,V,12.363
1769885320.2876465,ADC1,1,servo_2,A,0.529
1769885320.3384483,ADC1,1,servo_2,A,0.75
1769885320.3889124,ADC2,0,bus_voltage,V,12.032
1769885320.4424436,ADC1,1,servo_2,A,1.289
1769885320.4936776,ADC1,1,servo_2,A,1.233
1769885320.5445337,ADC1,0,servo_1,A,2.327
1769885320.5951164,ADC1,0,servo_1,A,1.572
1769885320.6457741,ADC1,1,servo_2,A,1.916
1769885320.6964903,ADC1,0,servo_1,A,0.937
1769885320.7476795,THERM,0,motor_temp,C,48.424
1769885320.79976,ADC2,0,bus_voltage,V,11.849
1769885320.8502858,ADC1,0,servo_1,A,1.009
1769885320.900968,ADC1,1,servo_2,A,0.758
1769885320.9518526,THERM,0,motor_temp,C,61.138
1769885321.0024393,THERM,0,motor_temp,C,59.242
1769885321.053386,THERM,0,motor_temp,C,35.822
1769885321.104032,ADC1,0,servo_1,A,0.8
1769885321.1546998,ADC2,0,bus_voltage,V,10.849
1769885321.2056165,ADC1,1,servo_2,A,0.795
1769885321.2562401,THERM,0,motor_temp,C,34.616
1769885321.3067245,THERM,0,motor_temp,C,52.378
1769885321.3572347,ADC2,0,bus_voltage,V,11.238
1769885321.4079876,ADC1,0,servo_1,A,1.315
1769885321.458614,ADC2,0,bus_voltage,V,12.519
1769885321.5151403,THERM,0,motor_temp,C,47.22
1769885321.5657983,ADC1,0,servo_1,A,1.633
1769885321.6165226,ADC1,0,servo_1,A,2.257
1769885321.667367,ADC2,0,bus_voltage,V,12.163
1769885321.7180214,ADC1,1,servo_2,A,2.075
1769885321.768431,ADC1,0,servo_1,A,1.03
1769885321.820325,ADC1,1,servo_2,A,0.908
1769885321.871415,ADC1,1,servo_2,A,2.207
1769885321.9219108,ADC2,0,bus_voltage,V,11.072
1769885321.9727435,ADC1,1,servo_2,A,1.373
1769885322.023395,ADC2,0,bus_voltage,V,10.424
1769885322.0754473,ADC1,0,servo_1,A,2.261
1769885322.1260796,THERM,0,motor_temp,C,32.128
1769885322.1764781,THERM,0,motor_temp,C,64.879
1769885322.2270572,ADC1,1,servo_2,A,2.055
1769885322.2776966,ADC2,0,bus_voltage,V,10.077
1769885322.3284876,THERM,0,motor_temp,C,68.819
1769885322.379222,THERM,0,motor_temp,C,54.526
1769885322.4297721,ADC2,0,bus_voltage,V,12.568
1769885322.4825993,ADC1,1,servo_2,A,0.38
1769885322.5333536,THERM,0,motor_temp,C,26.575
1769885322.5842519,THERM,0,motor_temp,C,54.406
1769885322.6348224,ADC2,0,bus_voltage,V,11.828
1769885322.6852841,ADC1,0,servo_1,A,1.44
1769885322.737374,ADC1,1,servo_2,A,2.422
1769885322.788426,ADC2,0,bus_voltage,V,10.359
1769885322.8392344,ADC1,1,servo_2,A,1.876
1769885322.8902347,ADC1,1,servo_2,A,2.141
1769885322.940966,ADC1,0,servo_1,A,2.451
1769885322.991578,ADC2,0,bus_voltage,V,10.649
1769885323.0424118,ADC1,0,servo_1,A,0.659
1769885323.0928898,THERM,0,motor_temp,C,48.093
1769885323.143715,THERM,0,motor_temp,C,59.756
1769885323.1943557,ADC1,0,servo_1,A,0.474
1769885323.2451758,ADC1,0,servo_1,A,2.369
1769885323.2956548,ADC1,0,servo_1,A,0.261
1769885323.3464284,THERM,0,motor_temp,C,48.118
1769885323.3978634,ADC2,0,bus_voltage,V,11.881
1769885323.448326,ADC1,1,servo_2,A,0.897
1769885323.4989705,THERM,0,motor_temp,C,40.654
1769885323.5495224,ADC1,0,servo_1,A,0.574
1769885323.6006062,ADC2,0,bus_voltage,V,12.251
1769885323.651696,ADC1,0,servo_1,A,0.752
1769885323.702226,ADC2,0,bus_voltage,V,10.767
1769885323.7528956,ADC2,0,bus_voltage,V,11.808
1769885323.8034375,ADC2,0,bus_voltage,V,12.258
1769885323.8539696,THERM,0,motor_temp,C,68.876
1769885323.9046013,ADC1,0,servo_1,A,1.078
1769885323.9570746,ADC2,0,bus_voltage,V,12.05
1769885324.0078673,ADC2,0,bus_voltage,V,10.734
1769885324.0638475,THERM,0,motor_temp,C,58.456
1769885324.1142764,ADC2,0,bus_voltage,V,12.139
1769885324.1688113,THERM,0,motor_temp,C,58.385
1769885324.2221172,ADC1,0,servo_1,A,1.789
1769885324.273038,ADC2,0,bus_voltage,V,11.176
1769885324.3236184,ADC1,0,servo_1,A,0.836
1769885324.3745296,ADC1,0,servo_1,A,2.373
1769885324.4250247,ADC1,0,servo_1,A,2.478
1769885324.4758155,ADC2,0,bus_voltage,V,10.353
1769885324.5263731,THERM,0,motor_temp,C,29.475
1769885324.5771282,ADC1,0,servo_1,A,0.374
1769885324.6279771,THERM,0,motor_temp,C,46.773
1769885324.678639,ADC1,1,servo_2,A,1.835
1769885324.7290523,ADC1,1,servo_2,A,0.945
1769885324.7796028,ADC2,0,bus_voltage,V,11.422
1769885324.8314643,THERM,0,motor_temp,C,42.505
1769885324.8823357,ADC2,0,bus_voltage,V,10.424
1769885324.9327786,ADC1,0,servo_1,A,2.197
1769885324.9833643,ADC1,1,servo_2,A,0.744
1769885325.0336435,THERM,0,motor_temp,C,58.46
1769885325.0840197,ADC2,0,bus_voltage,V,11.596
1769885325.1348903,ADC2,0,bus_voltage,V,11.233
1769885325.1856606,ADC1,0,servo_1,A,0.21
1769885325.2361956,ADC2,0,bus_voltage,V,10.505
1769885325.2868397,ADC1,0,servo_1,A,1.688
1769885325.337571,ADC1,0,servo_1,A,0.795
1769885325.3880975,ADC2,0,bus_voltage,V,11.462
1769885325.438589,ADC1,1,servo_2,A,1.556
1769885325.4890876,THERM,0,motor_temp,C,44.746
1769885325.5397341,ADC1,0,servo_1,A,2.289
1769885325.5905094,THERM,0,motor_temp,C,42.759
1769885325.641921,ADC1,1,servo_2,A,2.383
1769885325.6925328,ADC1,1,servo_2,A,1.033
1769885325.7435308,ADC1,1,servo_2,A,1.034
1769885325.7943926,ADC2,0,bus_voltage,V,10.255
1769885325.845282,ADC1,1,servo_2,A,2.195
1769885325.8958669,ADC1,0,servo_1,A,2.295
1769885325.947786,THERM,0,motor_temp,C,51.597
1769885325.998467,ADC1,1,servo_2,A,0.687
1769885326.0492272,ADC1,1,servo_2,A,0.216
1769885326.0999503,ADC1,0,servo_1,A,1.735
1769885326.1510453,ADC1,0,servo_1,A,0.896
1769885326.2019181,ADC2,0,bus_voltage,V,11.522
1769885326.2602396,ADC1,1,servo_2,A,1.925
1769885326.3106039,ADC1,1,servo_2,A,2.437
1769885326.3609462,ADC1,1,servo_2,A,0.499
1769885326.4113946,THERM,0,motor_temp,C,66.665
1769885326.4616966,ADC1,1,servo_2,A,2.451
1769885326.5124147,ADC1,1,servo_2,A,1.544
1769885326.5633216,ADC1,1,servo_2,A,1.811
1769885326.6189198,ADC2,0,bus_voltage,V,11.128
1769885326.6705246,ADC2,0,bus_voltage,V,11.577
1769885326.7329092,ADC2,0,bus_voltage,V,12.002
1769885326.7837546,THERM,0,motor_temp,C,34.4
1769885326.8359892,ADC2,0,bus_voltage,V,10.659
1769885326.886525,ADC2,0,bus_voltage,V,10.472
1769885326.937121,ADC1,1,servo_2,A,0.542
1769885326.987771,THERM,0,motor_temp,C,38.62
1769885327.0385664,ADC1,1,servo_2,A,0.398
1769885327.0893254,THERM,0,motor_temp,C,46.117
1769885327.140407,THERM,0,motor_temp,C,25.496
1769885327.1908662,ADC1,1,servo_2,A,0.623
1769885327.2414904,ADC1,1,servo_2,A,0.868
1769885327.2922761,ADC2,0,bus_voltage,V,12.593
1769885327.3427598,THERM,0,motor_temp,C,42.445
1769885327.3932357,ADC1,1,servo_2,A,1.98
1769885327.4440153,ADC2,0,bus_voltage,V,10.731
1769885327.4947329,ADC2,0,bus_voltage,V,11.643
1769885327.545343,ADC1,0,servo_1,A,1.305
1769885327.596285,ADC1,0,servo_1,A,1.097
1769885327.6470745,ADC1,0,servo_1,A,1.213
1769885327.6976843,ADC1,0,servo_1,A,0.802
1769885327.7488747,ADC1,1,servo_2,A,2.419
1769885327.7994325,ADC2,0,bus_voltage,V,11.486
1769885327.8511918,ADC1,0,servo_1,A,0.476
1769885327.9027603,ADC2,0,bus_voltage,V,11.621
1769885327.9534829,ADC2,0,bus_voltage,V,10.983
1769885328.003847,THERM,0,motor_temp,C,52.919
1769885328.0550342,ADC1,1,servo_2,A,1.094
1769885328.1059477,ADC1,1,servo_2,A,2.18
1769885328.1653638,ADC1,1,servo_2,A,1.644
1769885328.2160003,THERM,0,motor_temp,C,56.361
1769885328.2666087,ADC1,0,servo_1,A,1.844
1769885328.3175597,ADC1,1,servo_2,A,1.961
1769885328.368695,ADC2,0,bus_voltage,V,11.796
1769885328.4195094,ADC2,0,bus_voltage,V,11.848
1769885328.4705508,ADC1,1,servo_2,A,1.61
1769885328.5215626,ADC2,0,bus_voltage,V,11.931
1769885328.5724888,ADC1,1,servo_2,A,1.183
1769885328.623264,ADC1,1,servo_2,A,0.555
1769885328.6740797,ADC1,1,servo_2,A,1.623
1769885328.7251024,ADC2,0,bus_voltage,V,11.818
1769885328.7756422,ADC2,0,bus_voltage,V,11.939
1769885328.826176,THERM,0,motor_temp,C,31.335
1769885328.876912,ADC1,0,servo_1,A,0.981
1769885328.927614,ADC1,1,servo_2,A,1.21
1769885328.9783368,ADC1,0,servo_1,A,1.281
1769885329.0290995,ADC1,1,servo_2,A,1.108
1769885329.0796738,ADC2,0,bus_voltage,V,11.803
1769885329.1310027,ADC1,1,servo_2,A,1.551
1769885329.1821034,THERM,0,motor_temp,C,41.14
1769885329.232758,ADC2,0,bus_voltage,V,12.429
1769885329.2865574,ADC1,0,servo_1,A,1.728
1769885329.3375418,ADC1,0,servo_1,A,1.403
1769885329.3893654,THERM,0,motor_temp,C,50.533
1769885329.4405208,ADC2,0,bus_voltage,V,10.544
1769885329.4923444,THERM,0,motor_temp,C,55.06
1769885329.5459697,ADC2,0,bus_voltage,V,12.316
1769885329.598331,ADC1,1,servo_2,A,0.582
1769885329.6496527,ADC1,0,servo_1,A,2.089
1769885329.7004616,ADC1,0,servo_1,A,2.13
1769885329.7514203,ADC1,1,servo_2,A,0.772
1769885329.8017628,THERM,0,motor_temp,C,67.8
1769885329.8525615,ADC1,0,servo_1,A,1.522
1769885329.9036427,ADC1,1,servo_2,A,0.903
1769885329.954634,ADC1,0,servo_1,A,1.67
1769885330.005614,ADC2,0,bus_voltage,V,10.426
1769885330.0566976,ADC2,0,bus_voltage,V,11.492
1769885330.1073563,THERM,0,motor_temp,C,28.102
1769885330.162014,ADC1,1,servo_2,A,2.283
1769885330.2124708,ADC2,0,bus_voltage,V,10.014
1769885330.2631273,ADC1,0,servo_1,A,0.646
1769885330.3155584,ADC1,1,servo_2,A,1.899
1769885330.3662596,ADC2,0,bus_voltage,V,12.352
1769885330.417128,ADC1,0,servo_1,A,0.773
1769885330.4675834,ADC1,1,servo_2,A,0.431
1769885330.5183377,ADC1,0,servo_1,A,1.07
1769885330.5691724,ADC1,1,servo_2,A,0.244
1769885330.6195648,ADC2,0,bus_voltage,V,12.039
1769885330.6702466,THERM,0,motor_temp,C,27.677
1769885330.7218678,ADC2,0,bus_voltage,V,10.212
1769885330.773024,THERM,0,motor_temp,C,30.061
1769885330.8235562,ADC2,0,bus_voltage,V,10.816
1769885330.874056,ADC1,0,servo_1,A,1.636
1769885330.9249368,ADC1,1,servo_2,A,2.28
1769885330.9758353,ADC2,0,bus_voltage,V,12.289
1769885331.0271726,ADC1,0,servo_1,A,2.069
1769885331.0777397,ADC1,1,servo_2,A,0.894
1769885331.1284015,ADC1,1,servo_2,A,1.507
1769885331.1788955,ADC2,0,bus_voltage,V,10.688
1769885331.2292223,THERM,0,motor_temp,C,62.09
1769885331.2796094,THERM,0,motor_temp,C,48.153
1769885331.3300154,ADC1,0,servo_1,A,0.831
1769885331.3823383,ADC1,1,servo_2,A,1.266
1769885331.4333215,THERM,0,motor_temp,C,68.604
1769885331.483702,ADC2,0,bus_voltage,V,10.661
1769885331.5342758,ADC1,0,servo_1,A,1.713
1769885331.5850694,ADC1,0,servo_1,A,2.225
1769885331.635481,THERM,0,motor_temp,C,41.079
1769885331.68619,ADC1,1,servo_2,A,0.695
1769885331.7371318,ADC1,0,servo_1,A,1.847
1769885331.7878578,ADC1,0,servo_1,A,2.192
1769885331.8402476,ADC2,0,bus_voltage,V,11.242
1769885331.8906817,THERM,0,motor_temp,C,28.205
1769885331.94126,ADC1,0,servo_1,A,1.539
1769885331.9918988,ADC1,1,servo_2,A,0.361
1769885332.042546,ADC1,1,servo_2,A,2.082
1769885332.0930529,THERM,0,motor_temp,C,47.17
1769885332.1437771,THERM,0,motor_temp,C,29.382
1769885332.1942563,ADC2,0,bus_voltage,V,10.306
1769885332.2450752,ADC1,0,servo_1,A,0.618
1769885332.2955487,ADC1,1,servo_2,A,1.177
1769885332.3460884,ADC1,0,servo_1,A,2.056
1769885332.3977106,ADC1,1,servo_2,A,0.772
1769885332.4482522,ADC1,1,servo_2,A,2.486
1769885332.5025005,ADC2,0,bus_voltage,V,11.886
1769885332.5531456,THERM,0,motor_temp,C,69.796
1769885332.6039736,ADC1,1,servo_2,A,1.704
1769885332.6551683,ADC2,0,bus_voltage,V,11.904
1769885332.7059226,ADC1,0,servo_1,A,0.809
1769885332.7592752,THERM,0,motor_temp,C,43.556
1769885332.8096879,ADC2,0,bus_voltage,V,11.001
1769885332.86054,ADC2,0,bus_voltage,V,10.873
1769885332.9116702,ADC1,1,servo_2,A,2.237
1769885332.9623623,ADC1,0,servo_1,A,2.159
1769885333.0131211,ADC1,0,servo_1,A,1.747
1769885333.0645325,THERM,0,motor_temp,C,35.428
1769885333.1150088,ADC1,0,servo_1,A,1.413
1769885333.1657002,THERM,0,motor_temp,C,63.748
1769885333.2166467,ADC1,1,servo_2,A,0.901
1769885333.2674935,ADC2,0,bus_voltage,V,10.137
1769885333.3181934,ADC2,0,bus_voltage,V,11.398
1769885333.3685696,THERM,0,motor_temp,C,31.201
1769885333.4190953,ADC1,0,servo_1,A,2.284
1769885333.4697812,ADC2,0,bus_voltage,V,10.541
1769885333.5204294,THERM,0,motor_temp,C,28.302
1769885333.571211,ADC1,0,servo_1,A,1.618
1769885333.6245325,ADC1,0,servo_1,A,1.464
1769885333.6751523,ADC2,0,bus_voltage,V,11.173
1769885333.7259364,THERM,0,motor_temp,C,59.452
1769885333.7768073,ADC1,0,servo_1,A,2.299
1769885333.8275015,ADC2,0,bus_voltage,V,11.564
1769885333.8779786,ADC1,1,servo_2,A,2.084
1769885333.9283385,THERM,0,motor_temp,C,59.643
1769885333.9791472,ADC1,0,servo_1,A,1.466
1769885334.0300374,THERM,0,motor_temp,C,43.999
1769885334.081118,THERM,0,motor_temp,C,52.061
1769885334.1325514,ADC1,0,servo_1,A,1.119
1769885334.1837046,THERM,0,motor_temp,C,59.613
1769885334.2345293,ADC1,1,servo_2,A,1.625
1769885334.28512,ADC2,0,bus_voltage,V,12.216
1769885334.3358347,ADC1,1,servo_2,A,2.294
1769885334.3864403,ADC1,0,servo_1,A,0.601
1769885334.437224,ADC1,0,servo_1,A,1.919
1769885334.4879327,ADC2,0,bus_voltage,V,10.556
1769885334.5384872,THERM,0,motor_temp,C,46.617
1769885334.5895972,ADC1,1,servo_2,A,2.232
1769885334.640777,ADC2,0,bus_voltage,V,12.539
1769885334.6916409,ADC2,0,bus_voltage,V,10.428
1769885334.7423263,THERM,0,motor_temp,C,65.122
1769885334.8152034,ADC2,0,bus_voltage,V,10.995
1769885334.8661258,THERM,0,motor_temp,C,46.323
1769885334.9174626,ADC1,0,servo_1,A,0.544
1769885334.967922,ADC1,0,servo_1,A,0.775
1769885335.0191433,ADC2,0,bus_voltage,V,11.69
1769885335.070534,ADC1,0,servo_1,A,2.117
1769885335.1212873,THERM,0,motor_temp,C,36.185
1769885335.1719332,ADC2,0,bus_voltage,V,12.176
1769885335.2227812,ADC1,0,servo_1,A,2.419
1769885335.2739623,ADC2,0,bus_voltage,V,10.744
1769885335.3247647,ADC1,0,servo_1,A,1.536
1769885335.3752742,ADC1,1,servo_2,A,0.941
1769885335.4274912,THERM,0,motor_temp,C,44.862
1769885335.4789484,THERM,0,motor_temp,C,65.091
1769885335.531061,ADC2,0,bus_voltage,V,10.633
1769885335.5819838,ADC1,0,servo_1,A,0.263
1769885335.632863,ADC1,0,servo_1,A,0.583
1769885335.6839633,ADC1,0,servo_1,A,0.524
1769885335.7360613,THERM,0,motor_temp,C,58.391
1769885335.786756,ADC2,0,bus_voltage,V,11.183
1769885335.845782,THERM,0,motor_temp,C,68.876
1769885335.8963277,ADC1,1,servo_2,A,2.114
1769885335.9485943,THERM,0,motor_temp,C,56.223
1769885335.9994087,ADC2,0,bus_voltage,V,11.737
1769885336.0501862,THERM,0,motor_temp,C,68.273
1769885336.101015,ADC1,1,servo_2,A,1.355
1769885336.1643605,ADC2,0,bus_voltage,V,12.288
1769885336.215156,THERM,0,motor_temp,C,59.583
1769885336.2660246,THERM,0,motor_temp,C,55.351
1769885336.3167493,ADC1,0,servo_1,A,1.693
1769885336.3678246,ADC2,0,bus_voltage,V,11.649
1769885336.418578,ADC1,1,servo_2,A,0.539
1769885336.4696279,ADC1,1,servo_2,A,0.962
1769885336.5202456,ADC1,1,servo_2,A,2.172
1769885336.5707679,ADC1,1,servo_2,A,1.619
1769885336.6214933,ADC1,1,servo_2,A,0.484
1769885336.6726806,ADC1,0,servo_1,A,1.457
1769885336.7231412,ADC1,0,servo_1,A,2.162
1769885336.773994,THERM,0,motor_temp,C,28.676
1769885336.8250642,ADC2,0,bus_voltage,V,10.396
1769885336.8761413,ADC2,0,bus_voltage,V,10.498
1769885336.9267194,ADC1,1,servo_2,A,1.901
1769885336.9777758,ADC1,0,servo_1,A,0.328
1769885337.0287044,ADC1,0,servo_1,A,0.653
1769885337.0797045,ADC1,0,servo_1,A,1.471
1769885337.1309373,ADC1,1,servo_2,A,0.299
1769885337.1819959,THERM,0,motor_temp,C,53.816
1769885337.2334428,ADC1,0,servo_1,A,0.655
1769885337.2844064,THERM,0,motor_temp,C,35.086
1769885337.3367221,ADC1,0,servo_1,A,2.197
1769885337.387285,THERM,0,motor_temp,C,34.051
1769885337.4382281,ADC1,0,servo_1,A,1.492
1769885337.4894176,ADC1,0,servo_1,A,0.249
1769885337.554854,ADC1,1,servo_2,A,1.464
1769885337.6056142,ADC1,1,servo_2,A,1.105
1769885337.6561573,ADC2,0,bus_voltage,V,10.839
1769885337.7068083,ADC2,0,bus_voltage,V,11.558
1769885337.7599022,ADC1,1,servo_2,A,0.424
1769885337.8104,ADC1,1,servo_2,A,1.918
1769885337.861117,ADC1,0,servo_1,A,0.732
1769885337.914305,ADC2,0,bus_voltage,V,12.41
1769885337.9652498,ADC2,0,bus_voltage,V,10.567
1769885338.0162628,THERM,0,motor_temp,C,68.468
1769885338.066858,THERM,0,motor_temp,C,40.357
1769885338.1174295,ADC1,0,servo_1,A,0.565
1769885338.1682048,ADC1,0,servo_1,A,1.469
1769885338.2191927,ADC2,0,bus_voltage,V,12.26
1769885338.2699027,ADC1,0,servo_1,A,0.322
1769885338.320742,THERM,0,motor_temp,C,41.146
1769885338.371727,ADC1,1,servo_2,A,2.397
1769885338.4221258,ADC1,0,servo_1,A,2.137
1769885338.4728868,ADC1,0,servo_1,A,0.825
1769885338.5235412,THERM,0,motor_temp,C,61.889
1769885338.5738866,ADC1,0,servo_1,A,0.715
1769885338.6246047,ADC1,1,servo_2,A,1.762
1769885338.6754436,THERM,0,motor_temp,C,59.976
1769885338.7260563,ADC1,1,servo_2,A,2.091
1769885338.7768655,THERM,0,motor_temp,C,55.313
1769885338.8274589,ADC2,0,bus_voltage,V,10.837
1769885338.878058,ADC1,0,servo_1,A,1.955
1769885338.9288309,ADC2,0,bus_voltage,V,10.936
1769885338.9797873,ADC1,0,servo_1,A,1.116
1769885339.0311906,ADC1,0,servo_1,A,0.273
1769885339.0833519,THERM,0,motor_temp,C,55.046
1769885339.1344867,ADC1,0,servo_1,A,2.198
1769885339.1855767,ADC1,1,servo_2,A,2.109
1769885339.2367082,ADC1,0,servo_1,A,2.283
1769885339.2872841,ADC1,0,servo_1,A,1.331
1769885339.3381486,THERM,0,motor_temp,C,61.445
1769885339.3890185,THERM,0,motor_temp,C,66.96
1769885339.439393,ADC2,0,bus_voltage,V,11.603
1769885339.49029,ADC2,0,bus_voltage,V,10.579
1769885339.5408206,THERM,0,motor_temp,C,28.396
1769885339.5913622,ADC2,0,bus_voltage,V,12.493
1769885339.6424677,ADC1,0,servo_1,A,2.086
1769885339.692981,THERM,0,motor_temp,C,47.356
1769885339.7436883,ADC2,0,bus_voltage,V,11.669
1769885339.7944643,ADC1,1,servo_2,A,1.371
1769885339.8454678,ADC2,0,bus_voltage,V,11.82
1769885339.8961926,THERM,0,motor_temp,C,30.791
1769885339.9470668,ADC1,0,servo_1,A,2.49
1769885339.9977407,ADC1,0,servo_1,A,1.439
1769885340.0517166,ADC1,0,servo_1,A,2.274
1769885340.1025836,THERM,0,motor_temp,C,60.763
1769885340.1542933,ADC1,0,servo_1,A,1.359
1769885340.2048385,ADC1,0,servo_1,A,1.367
1769885340.2558744,THERM,0,motor_temp,C,57.315
1769885340.3076632,ADC1,0,servo_1,A,2.495
1769885340.358544,ADC2,0,bus_voltage,V,10.031
1769885340.4090276,ADC2,0,bus_voltage,V,12.521
1769885340.4595003,ADC2,0,bus_voltage,V,12.363
1769885340.5101235,ADC1,0,servo_1,A,0.891
1769885340.560839,ADC1,1,servo_2,A,1.074
1769885340.611699,THERM,0,motor_temp,C,37.581
1769885340.6627545,THERM,0,motor_temp,C,34.203
1769885340.713359,ADC2,0,bus_voltage,V,10.23
1769885340.763911,THERM,0,motor_temp,C,51.735
1769885340.8146486,ADC1,0,servo_1,A,1.787
1769885340.8650281,ADC1,1,servo_2,A,2.393
1769885340.9157956,ADC2,0,bus_voltage,V,11.679
1769885340.9661865,ADC1,1,servo_2,A,1.876
1769885341.017183,ADC1,1,servo_2,A,0.626
1769885341.0678763,ADC1,1,servo_2,A,1.566
1769885341.1188111,ADC1,1,servo_2,A,1.619
1769885341.1700072,THERM,0,motor_temp,C,44.752
1769885341.2208107,ADC2,0,bus_voltage,V,10.805
1769885341.2715333,ADC2,0,bus_voltage,V,10.191
1769885341.322927,THERM,0,motor_temp,C,43.869
1769885341.374359,ADC1,1,servo_2,A,1.583
1769885341.4252071,ADC1,0,servo_1,A,2.348
1769885341.476011,ADC1,1,servo_2,A,0.255
1769885341.5266447,THERM,0,motor_temp,C,41.94
1769885341.5773585,ADC2,0,bus_voltage,V,10.027
1769885341.62842,THERM,0,motor_temp,C,45.252
1769885341.6790507,ADC2,0,bus_voltage,V,11.357
1769885341.729626,ADC1,1,servo_2,A,0.858
1769885341.7800434,ADC2,0,bus_voltage,V,12.193
1769885341.8326805,ADC1,0,servo_1,A,0.646
1769885341.8834488,ADC1,0,servo_1,A,1.577
1769885341.9343455,ADC1,1,servo_2,A,1.928
1769885341.9854183,ADC2,0,bus_voltage,V,12.348
1769885342.036174,ADC2,0,bus_voltage,V,10.132
1769885342.0869641,ADC2,0,bus_voltage,V,11.698
1769885342.1380446,ADC2,0,bus_voltage,V,11.912
1769885342.1886911,ADC1,1,servo_2,A,2.417
1769885342.2393758,THERM,0,motor_temp,C,48.259
1769885342.2900505,ADC2,0,bus_voltage,V,10.857
1769885342.340376,ADC2,0,bus_voltage,V,11.35
1769885342.3910074,ADC1,1,servo_2,A,0.399
1769885342.4419348,ADC1,0,servo_1,A,1.242
1769885342.4926775,ADC2,0,bus_voltage,V,12.018
1769885342.5430157,ADC2,0,bus_voltage,V,11.923
1769885342.5935593,ADC2,0,bus_voltage,V,11.307
1769885342.644327,ADC1,1,servo_2,A,0.696
1769885342.6950133,ADC1,1,servo_2,A,0.259
1769885342.7455924,ADC2,0,bus_voltage,V,12.066
1769885342.796355,ADC1,1,servo_2,A,2.014
1769885342.847287,ADC2,0,bus_voltage,V,11.477
1769885342.899587,THERM,0,motor_temp,C,25.621
1769885342.9559224,ADC1,0,servo_1,A,1.763
1769885343.00891,ADC1,0,servo_1,A,2.172
1769885343.0595572,ADC2,0,bus_voltage,V,11.674
1769885343.1104274,THERM,0,motor_temp,C,37.097
1769885343.1612155,THERM,0,motor_temp,C,55.059
1769885343.211796,ADC2,0,bus_voltage,V,10.291
1769885343.2627187,ADC2,0,bus_voltage,V,10.128
1769885343.3160055,ADC1,1,servo_2,A,0.652
1769885343.3672786,ADC1,1,servo_2,A,2.212
1769885343.4177425,ADC2,0,bus_voltage,V,10.098
1769885343.4683738,THERM,0,motor_temp,C,34.595
1769885343.5194728,ADC1,0,servo_1,A,1.462
1769885343.5699387,ADC1,0,servo_1,A,1.857
1769885343.6205983,THERM,0,motor_temp,C,29.724
1769885343.671455,ADC1,0,servo_1,A,1.314
1769885343.7220547,ADC1,1,servo_2,A,0.709
1769885343.7725253,ADC1,1,servo_2,A,1.236
1769885343.8233917,ADC1,0,servo_1,A,1.165
1769885343.8739932,ADC1,0,servo_1,A,0.683
1769885343.9245763,ADC2,0,bus_voltage,V,10.532
1769885343.9750106,ADC1,1,servo_2,A,2.16
1769885344.025722,ADC1,1,servo_2,A,0.991
1769885344.076129,ADC1,1,servo_2,A,0.977
1769885344.1268234,ADC2,0,bus_voltage,V,11.933
1769885344.1774359,THERM,0,motor_temp,C,51.87
1769885344.227842,THERM,0,motor_temp,C,65.843
1769885344.2785807,THERM,0,motor_temp,C,44.713
1769885344.329371,ADC1,1,servo_2,A,1.799
1769885344.3801262,ADC1,0,servo_1,A,2.235
1769885344.43099,ADC1,1,servo_2,A,0.857
1769885344.4817863,THERM,0,motor_temp,C,42.39
1769885344.532843,ADC1,1,servo_2,A,0.785
1769885344.5838087,ADC1,1,servo_2,A,1.454
1769885344.635246,ADC1,0,servo_1,A,2.378
1769885344.6857767,ADC2,0,bus_voltage,V,11.248
1769885344.7365518,ADC1,1,servo_2,A,0.951
1769885344.7874076,THERM,0,motor_temp,C,37.649
1769885344.838222,ADC1,0,servo_1,A,2.184
1769885344.8886669,ADC1,1,servo_2,A,0.374
1769885344.9420998,THERM,0,motor_temp,C,34.439
1769885344.9930727,THERM,0,motor_temp,C,66.524
1769885345.043837,THERM,0,motor_temp,C,68.975
1769885345.0942123,ADC1,1,servo_2,A,0.684
1769885345.144793,THERM,0,motor_temp,C,44.193
1769885345.19537,ADC2,0,bus_voltage,V,11.62
1769885345.2459018,ADC2,0,bus_voltage,V,12.458
1769885345.2970383,THERM,0,motor_temp,C,69.16
1769885345.3484416,ADC1,1,servo_2,A,1.96
1769885345.3995593,ADC2,0,bus_voltage,V,10.83
1769885345.450164,ADC1,0,servo_1,A,1.083
1769885345.500554,THERM,0,motor_temp,C,52.662
1769885345.5511854,ADC2,0,bus_voltage,V,12.006
1769885345.6020703,ADC2,0,bus_voltage,V,11.729
1769885345.6528952,ADC1,1,servo_2,A,1.688
1769885345.703684,ADC2,0,bus_voltage,V,10.66
1769885345.75481,THERM,0,motor_temp,C,53.313
1769885345.8055534,ADC2,0,bus_voltage,V,10.956
1769885345.8561077,ADC1,1,servo_2,A,2.066
1769885345.9067984,THERM,0,motor_temp,C,57.163
1769885345.957202,ADC1,0,servo_1,A,2.477
1769885346.0088105,ADC2,0,bus_voltage,V,11.643
1769885346.0636444,THERM,0,motor_temp,C,63.711
1769885346.114407,ADC2,0,bus_voltage,V,11.84
1769885346.1652188,ADC1,1,servo_2,A,2.019
1769885346.2186296,ADC1,0,servo_1,A,2.348
1769885346.2692266,THERM,0,motor_temp,C,52.493
1769885346.319743,ADC1,1,servo_2,A,1.485
1769885346.3701408,ADC2,0,bus_voltage,V,11.309
1769885346.4207952,ADC1,1,servo_2,A,1.091
1769885346.4712346,ADC2,0,bus_voltage,V,12.421
1769885346.5272124,ADC2,0,bus_voltage,V,10.545
1769885346.5779195,ADC2,0,bus_voltage,V,10.051
1769885346.630217,ADC1,1,servo_2,A,2.272
1769885346.6811545,ADC2,0,bus_voltage,V,10.452
1769885346.731836,ADC1,1,servo_2,A,2.304
1769885346.7824013,ADC1,0,servo_1,A,1.005
1769885346.833169,ADC1,0,servo_1,A,2.383
1769885346.8836615,ADC1,0,servo_1,A,0.72
1769885346.9343803,THERM,0,motor_temp,C,33.94
1769885346.9852092,ADC1,1,servo_2,A,0.686
1769885347.0359519,ADC2,0,bus_voltage,V,12.086
1769885347.086477,ADC2,0,bus_voltage,V,11.344
1769885347.1371202,THERM,0,motor_temp,C,67.962
1769885347.187542,THERM,0,motor_temp,C,51.718
1769885347.2381375,THERM,0,motor_temp,C,36.349
1769885347.2886243,ADC2,0,bus_voltage,V,11.714
1769885347.3394039,THERM,0,motor_temp,C,44.474
1769885347.3901978,ADC1,0,servo_1,A,1.724
1769885347.4407318,THERM,0,motor_temp,C,26.422
1769885347.4914525,ADC2,0,bus_voltage,V,10.459
1769885347.541977,ADC2,0,bus_voltage,V,11.522
1769885347.5926814,THERM,0,motor_temp,C,65.136
1769885347.6433828,ADC2,0,bus_voltage,V,11.505
1769885347.6937726,THERM,0,motor_temp,C,33.487
1769885347.7442775,ADC1,0,servo_1,A,1.267
1769885347.7950048,THERM,0,motor_temp,C,45.646
1769885347.8456497,THERM,0,motor_temp,C,41.647
1769885347.8962634,ADC2,0,bus_voltage,V,11.027
1769885347.9466858,ADC2,0,bus_voltage,V,10.162
1769885347.9975078,THERM,0,motor_temp,C,28.829
1769885348.0479777,THERM,0,motor_temp,C,53.466
1769885348.0984273,ADC1,1,servo_2,A,1.059
1769885348.1491985,ADC1,0,servo_1,A,1.455
1769885348.2002487,ADC1,0,servo_1,A,0.355
1769885348.2508705,THERM,0,motor_temp,C,67.031
1769885348.3033762,ADC1,1,servo_2,A,1.129
1769885348.3539639,ADC1,1,servo_2,A,1.962
1769885348.4044945,ADC1,0,servo_1,A,0.22
1769885348.455402,THERM,0,motor_temp,C,49.217
1769885348.5060246,THERM,0,motor_temp,C,50.641
1769885348.5567994,ADC1,1,servo_2,A,0.986
1769885348.6072774,ADC1,1,servo_2,A,1.712
1769885348.6578035,ADC2,0,bus_voltage,V,12.101
1769885348.7086797,ADC1,0,servo_1,A,0.963
1769885348.759569,THERM,0,motor_temp,C,50.553
1769885348.8103209,ADC1,0,servo_1,A,0.495
1769885348.8612645,THERM,0,motor_temp,C,48.541
1769885348.9119403,ADC2,0,bus_voltage,V,12.015
1769885348.9629118,ADC2,0,bus_voltage,V,12.3
1769885349.0141368,ADC1,1,servo_2,A,1.129
1769885349.0655982,THERM,0,motor_temp,C,58.865
1769885349.1167896,ADC2,0,bus_voltage,V,12.278
1769885349.1674418,ADC1,1,servo_2,A,0.761
1769885349.217955,THERM,0,motor_temp,C,63.94
1769885349.2696006,ADC2,0,bus_voltage,V,12.233
1769885349.32183,ADC2,0,bus_voltage,V,10.905
1769885349.374089,THERM,0,motor_temp,C,31.069
1769885349.4254708,ADC1,1,servo_2,A,0.499
1769885349.4764068,THERM,0,motor_temp,C,47.948
1769885349.5280535,THERM,0,motor_temp,C,26.673
1769885349.5790827,THERM,0,motor_temp,C,68.58
1769885349.6298363,ADC1,0,servo_1,A,1.066
1769885349.6803043,ADC1,0,servo_1,A,0.314
1769885349.7312317,ADC1,1,servo_2,A,0.609
1769885349.7825596,ADC2,0,bus_voltage,V,11.162
1769885349.834038,THERM,0,motor_temp,C,66.784
1769885349.8848386,THERM,0,motor_temp,C,59.001
1769885349.9352982,ADC1,0,servo_1,A,2.096
1769885349.985739,ADC2,0,bus_voltage,V,11.067
1769885350.0368414,ADC2,0,bus_voltage,V,11.798
1769885350.0875974,THERM,0,motor_temp,C,25.526
1769885350.138291,ADC1,1,servo_2,A,0.646
1769885350.18923,THERM,0,motor_temp,C,48.222
1769885350.2401419,ADC1,0,servo_1,A,2.19
1769885350.2905061,THERM,0,motor_temp,C,25.56
1769885350.3410933,ADC1,1,servo_2,A,0.757
1769885350.3917587,ADC2,0,bus_voltage,V,11.503
1769885350.4423754,ADC1,1,servo_2,A,0.217
1769885350.4930851,ADC1,1,servo_2,A,0.622
1769885350.5439408,THERM,0,motor_temp,C,26.088
1769885350.594824,ADC1,1,servo_2,A,2.221
1769885350.6455333,ADC2,0,bus_voltage,V,11.884
1769885350.6962826,ADC1,0,servo_1,A,1.205
1769885350.7469008,ADC1,1,servo_2,A,0.299
1769885350.8024268,THERM,0,motor_temp,C,62.528
1769885350.8536775,ADC2,0,bus_voltage,V,11.587
1769885350.904231,THERM,0,motor_temp,C,40.855
1769885350.955122,ADC2,0,bus_voltage,V,12.107
1769885351.0059536,ADC2,0,bus_voltage,V,11.98
1769885351.0563722,ADC1,0,servo_1,A,1.013
1769885351.1068296,ADC1,0,servo_1,A,1.492
1769885351.1577005,THERM,0,motor_temp,C,26.026
1769885351.2092443,ADC1,0,servo_1,A,0.355
1769885351.2605348,ADC1,1,servo_2,A,1.093
1769885351.311723,ADC1,0,servo_1,A,0.45
1769885351.3627226,ADC1,0,servo_1,A,0.313
1769885351.4137356,ADC1,0,servo_1,A,0.645
1769885351.4650128,ADC1,0,servo_1,A,1.823
1769885351.5161693,ADC1,1,servo_2,A,1.076
1769885351.567021,ADC1,1,servo_2,A,0.61
1769885351.617943,ADC1,0,servo_1,A,1.185
1769885351.6688151,ADC1,1,servo_2,A,1.819
1769885351.719307,ADC2,0,bus_voltage,V,10.11
1769885351.7701778,ADC1,1,servo_2,A,1.383
1769885351.8229513,ADC1,1,servo_2,A,2.361
1769885351.8742285,THERM,0,motor_temp,C,26.356
1769885351.925253,ADC1,1,servo_2,A,0.77
1769885351.97563,ADC2,0,bus_voltage,V,10.429
1769885352.0264263,ADC2,0,bus_voltage,V,11.18
1769885352.0772417,ADC2,0,bus_voltage,V,11.533
1769885352.1283348,ADC1,0,servo_1,A,0.862
1769885352.1792326,ADC1,0,servo_1,A,1.851
1769885352.23018,ADC1,0,servo_1,A,1.328
1769885352.2807612,ADC2,0,bus_voltage,V,10.474
1769885352.3310971,ADC2,0,bus_voltage,V,12.59
1769885352.381999,ADC1,0,servo_1,A,0.964
1769885352.4327095,ADC1,0,servo_1,A,2.052
1769885352.4842794,ADC2,0,bus_voltage,V,11.835
1769885352.534818,ADC1,1,servo_2,A,0.691
1769885352.5853167,THERM,0,motor_temp,C,27.367
1769885352.6359713,ADC2,0,bus_voltage,V,10.111
1769885352.686721,ADC1,1,servo_2,A,0.729
1769885352.7378304,ADC2,0,bus_voltage,V,11.558
1769885352.7884207,THERM,0,motor_temp,C,26.852
1769885352.8394718,ADC2,0,bus_voltage,V,10.724
1769885352.890343,THERM,0,motor_temp,C,51.066
1769885352.9411538,ADC1,0,servo_1,A,0.62
1769885352.9918513,ADC1,0,servo_1,A,0.57
1769885353.042286,ADC2,0,bus_voltage,V,11.429
1769885353.0929859,ADC1,1,servo_2,A,1.563
1769885353.1436486,ADC2,0,bus_voltage,V,11.647
1769885353.1947675,ADC1,1,servo_2,A,0.22
1769885353.2454355,THERM,0,motor_temp,C,43.77
1769885353.2966251,ADC2,0,bus_voltage,V,10.253
1769885353.3491046,ADC2,0,bus_voltage,V,10.197
1769885353.3997707,ADC2,0,bus_voltage,V,10.018
1769885353.4505098,ADC1,0,servo_1,A,1.11
1769885353.5011303,ADC2,0,bus_voltage,V,10.317
1769885353.5517192,ADC1,1,servo_2,A,1.892
1769885353.602541,ADC1,1,servo_2,A,0.84
1769885353.653526,ADC2,0,bus_voltage,V,11.116
1769885353.7066236,ADC2,0,bus_voltage,V,11.255
1769885353.7574787,ADC1,1,servo_2,A,1.821
1769885353.808646,ADC1,0,servo_1,A,2.061
1769885353.859968,ADC2,0,bus_voltage,V,11.345
1769885353.9110324,ADC2,0,bus_voltage,V,12.161
1769885353.9629703,ADC1,1,servo_2,A,0.239
1769885354.0137007,ADC1,1,servo_2,A,1.593
1769885354.0640652,ADC1,1,servo_2,A,0.57
1769885354.1153743,ADC1,1,servo_2,A,0.445
1769885354.165909,THERM,0,motor_temp,C,49.288
1769885354.217287,ADC1,0,servo_1,A,0.34
1769885354.2680829,THERM,0,motor_temp,C,45.494
1769885354.3189023,ADC1,0,servo_1,A,0.549
1769885354.3695185,THERM,0,motor_temp,C,69.609
1769885354.4202516,THERM,0,motor_temp,C,56.196
1769885354.470985,ADC2,0,bus_voltage,V,11.223
1769885354.5217166,THERM,0,motor_temp,C,68.663
1769885354.5724113,ADC1,1,servo_2,A,2.204
1769885354.6232207,ADC1,0,servo_1,A,0.483
1769885354.6739304,ADC1,0,servo_1,A,2.041
1769885354.7248223,THERM,0,motor_temp,C,58.109
1769885354.775793,ADC2,0,bus_voltage,V,11.28
1769885354.826564,THERM,0,motor_temp,C,62.211
1769885354.87729,ADC1,1,servo_2,A,0.699
1769885354.9282598,ADC1,0,servo_1,A,0.927
1769885354.978854,THERM,0,motor_temp,C,40.331
1769885355.029326,THERM,0,motor_temp,C,54.397
1769885355.0799017,ADC1,0,servo_1,A,1.041
1769885355.1304233,ADC1,1,servo_2,A,0.877
1769885355.1816187,ADC2,0,bus_voltage,V,10.107
1769885355.232682,ADC2,0,bus_voltage,V,12.303
1769885355.2837005,ADC1,1,servo_2,A,2.381
1769885355.3342438,ADC1,1,servo_2,A,0.498
1769885355.3846297,ADC2,0,bus_voltage,V,10.627
1769885355.4353821,THERM,0,motor_temp,C,42.732
1769885355.4862921,ADC1,0,servo_1,A,1.918
1769885355.5369194,ADC2,0,bus_voltage,V,10.328
1769885355.5877223,ADC2,0,bus_voltage,V,12.278
1769885355.6388814,ADC1,0,servo_1,A,1.786
1769885355.6901584,ADC2,0,bus_voltage,V,11.557
1769885355.7406187,ADC1,1,servo_2,A,0.703
1769885355.7913342,ADC1,1,servo_2,A,1.906
1769885355.8425837,ADC1,1,servo_2,A,1.173
1769885355.8932033,ADC1,0,servo_1,A,1.173
1769885355.9450967,ADC1,1,servo_2,A,1.431
1769885355.9958987,ADC1,0,servo_1,A,0.325
1769885356.046817,ADC2,0,bus_voltage,V,10.461
1769885356.0977812,ADC1,1,servo_2,A,1.309
1769885356.167835,ADC2,0,bus_voltage,V,11.512
1769885356.2191403,ADC1,0,servo_1,A,0.455
1769885356.269857,THERM,0,motor_temp,C,40.409
1769885356.3205044,ADC2,0,bus_voltage,V,10.016
1769885356.3711922,ADC1,1,servo_2,A,0.925
1769885356.4222956,ADC1,0,servo_1,A,1.92
1769885356.4734926,THERM,0,motor_temp,C,39.845
1769885356.523937,ADC2,0,bus_voltage,V,12.005
1769885356.574808,ADC1,1,servo_2,A,0.628
1769885356.6258273,ADC1,1,servo_2,A,0.773
1769885356.6771014,ADC2,0,bus_voltage,V,11.469
1769885356.7311592,THERM,0,motor_temp,C,45.817
1769885356.7820158,ADC2,0,bus_voltage,V,11.39
1769885356.8324096,ADC1,0,servo_1,A,2.354
1769885356.8831127,ADC1,0,servo_1,A,1.794
1769885356.9341278,ADC1,0,servo_1,A,0.207
1769885356.9893653,ADC2,0,bus_voltage,V,12.431
1769885357.0397906,ADC1,1,servo_2,A,0.692
1769885357.0906646,ADC1,0,servo_1,A,1.575
1769885357.1414518,ADC1,0,servo_1,A,1.604
1769885357.1919615,THERM,0,motor_temp,C,61.683
1769885357.242794,THERM,0,motor_temp,C,28.878
1769885357.2948895,ADC1,1,servo_2,A,0.274
1769885357.34581,ADC1,1,servo_2,A,2.175
1769885357.3969426,ADC1,1,servo_2,A,2.394
1769885357.4477718,ADC1,1,servo_2,A,2.373
1769885357.4985902,ADC1,0,servo_1,A,2.196
1769885357.5495553,THERM,0,motor_temp,C,26.627
1769885357.5999742,ADC1,0,servo_1,A,2.032
1769885357.6520593,ADC1,0,servo_1,A,1.197
1769885357.7028046,ADC2,0,bus_voltage,V,10.672
1769885357.753383,ADC2,0,bus_voltage,V,10.694
1769885357.8041103,THERM,0,motor_temp,C,69.466
1769885357.8544927,THERM,0,motor_temp,C,53.807
1769885357.9054668,THERM,0,motor_temp,C,69.941
1769885357.9569025,ADC2,0,bus_voltage,V,11.39
1769885358.0077906,ADC2,0,bus_voltage,V,12.035
1769885358.0583231,THERM,0,motor_temp,C,37.824
1769885358.1088603,ADC2,0,bus_voltage,V,11.262
1769885358.1594815,THERM,0,motor_temp,C,26.143
1769885358.210546,ADC1,1,servo_2,A,1.82
1769885358.261692,ADC1,1,servo_2,A,1.106
1769885358.312219,ADC1,1,servo_2,A,0.795
1769885358.3629942,ADC1,0,servo_1,A,1.197
1769885358.4139569,ADC1,1,servo_2,A,1.514
1769885358.4644406,ADC2,0,bus_voltage,V,11.535
1769885358.5151706,ADC1,1,servo_2,A,0.494
1769885358.5658708,ADC1,0,servo_1,A,0.334
1769885358.616807,ADC2,0,bus_voltage,V,10.417
1769885358.6675718,ADC1,1,servo_2,A,2.338
1769885358.7184198,ADC2,0,bus_voltage,V,11.364
1769885358.7691574,ADC2,0,bus_voltage,V,10.1
1769885358.8199818,ADC1,0,servo_1,A,1.56
1769885358.8705487,ADC2,0,bus_voltage,V,11.787
1769885358.9212573,THERM,0,motor_temp,C,47.623
1769885358.9718747,ADC2,0,bus_voltage,V,10.621
1769885359.0223567,ADC2,0,bus_voltage,V,12.203
1769885359.0753598,ADC1,0,servo_1,A,0.319
1769885359.126463,ADC1,1,servo_2,A,1.905
1769885359.1775315,ADC2,0,bus_voltage,V,11.547
1769885359.2283082,ADC2,0,bus_voltage,V,10.645
1769885359.279326,ADC1,0,servo_1,A,0.981
1769885359.3302653,ADC2,0,bus_voltage,V,10.874
1769885359.3806953,ADC1,0,servo_1,A,2.41
1769885359.4315393,ADC1,0,servo_1,A,0.432
1769885359.4829888,THERM,0,motor_temp,C,67.351
1769885359.5340574,ADC2,0,bus_voltage,V,12.442
1769885359.585173,ADC2,0,bus_voltage,V,10.586
1769885359.636018,ADC1,1,servo_2,A,0.769
1769885359.6976774,ADC1,1,servo_2,A,0.871
1769885359.7513409,THERM,0,motor_temp,C,31.704
1769885359.8023913,ADC2,0,bus_voltage,V,12.533
1769885359.8536065,ADC1,1,servo_2,A,0.606
1769885359.9039872,ADC1,0,servo_1,A,1.501
1769885359.954753,ADC2,0,bus_voltage,V,12.442
1769885360.0053048,THERM,0,motor_temp,C,30.768
1769885360.0562963,THERM,0,motor_temp,C,54.315
1769885360.1067107,ADC1,1,servo_2,A,2.14
1769885360.1575797,ADC2,0,bus_voltage,V,12.558
1769885360.208282,THERM,0,motor_temp,C,67.654
1769885360.2590034,THERM,0,motor_temp,C,26.498
1769885360.3097465,ADC2,0,bus_voltage,V,11.604
1769885360.3601723,ADC1,1,servo_2,A,0.28
1769885360.4106164,ADC1,1,servo_2,A,1.872
1769885360.4610648,ADC2,0,bus_voltage,V,11.988
1769885360.5120964,THERM,0,motor_temp,C,60.319
1769885360.5630493,ADC2,0,bus_voltage,V,10.134
1769885360.616399,ADC1,0,servo_1,A,1.225
1769885360.6675196,ADC1,0,servo_1,A,0.267
1769885360.718306,ADC2,0,bus_voltage,V,10.242
1769885360.768711,THERM,0,motor_temp,C,62.832
1769885360.8191323,THERM,0,motor_temp,C,65.038
1769885360.869802,ADC1,0,servo_1,A,2.341
1769885360.9207828,THERM,0,motor_temp,C,55.055
1769885360.9717047,ADC1,0,servo_1,A,2.306
1769885361.0239043,ADC1,0,servo_1,A,1.214
1769885361.075237,ADC1,0,servo_1,A,0.719
1769885361.1287308,ADC1,0,servo_1,A,2.444
1769885361.1812599,THERM,0,motor_temp,C,36.718
1769885361.2321856,THERM,0,motor_temp,C,26.823
1769885361.2834666,THERM,0,motor_temp,C,28.104
1769885361.334414,THERM,0,motor_temp,C,43.574
1769885361.3850229,ADC1,1,servo_2,A,1.464
1769885361.4354024,THERM,0,motor_temp,C,64.264
1769885361.4862232,ADC2,0,bus_voltage,V,11.37
1769885361.5371115,ADC1,0,servo_1,A,0.27
1769885361.58781,ADC1,0,servo_1,A,1.881
1769885361.6386786,ADC1,0,servo_1,A,1.137
1769885361.6897607,ADC1,1,servo_2,A,0.327
1769885361.740428,ADC1,0,servo_1,A,1.944
1769885361.791078,ADC1,0,servo_1,A,2.497
1769885361.842642,ADC1,1,servo_2,A,0.697
1769885361.8960016,ADC1,1,servo_2,A,1.412
1769885361.946834,ADC2,0,bus_voltage,V,10.356
1769885361.9978683,ADC1,1,servo_2,A,0.499
1769885362.0499249,ADC2,0,bus_voltage,V,12.478
1769885362.1032937,THERM,0,motor_temp,C,26.238
1769885362.156454,THERM,0,motor_temp,C,44.245
1769885362.209062,ADC1,0,servo_1,A,0.738
1769885362.2601573,ADC2,0,bus_voltage,V,12.046
1769885362.311268,ADC1,1,servo_2,A,2.346
1769885362.3619077,THERM,0,motor_temp,C,55.004
1769885362.430206,THERM,0,motor_temp,C,35.681
1769885362.4812078,ADC1,1,servo_2,A,1.217
1769885362.531574,ADC2,0,bus_voltage,V,10.589
1769885362.5820372,ADC1,0,servo_1,A,0.66
1769885362.6329887,ADC1,0,servo_1,A,1.596
1769885362.6841037,ADC1,1,servo_2,A,1.955
1769885362.7349827,ADC1,0,servo_1,A,1.911
1769885362.7859318,THERM,0,motor_temp,C,53.841
1769885362.837062,ADC1,0,servo_1,A,0.245
1769885362.8877513,THERM,0,motor_temp,C,25.152
1769885362.9410346,ADC1,1,servo_2,A,2.214
1769885362.9932036,THERM,0,motor_temp,C,51.678
1769885363.0442863,THERM,0,motor_temp,C,29.395
1769885363.0965085,ADC1,0,servo_1,A,0.614
1769885363.1476552,ADC2,0,bus_voltage,V,11.55
1769885363.1989546,ADC2,0,bus_voltage,V,10.558
1769885363.2529528,ADC1,1,servo_2,A,0.45
1769885363.3040726,ADC2,0,bus_voltage,V,12.168
1769885363.3549285,ADC1,1,servo_2,A,1.255
1769885363.405786,THERM,0,motor_temp,C,43.332
1769885363.45701,ADC2,0,bus_voltage,V,11.857
1769885363.5079741,THERM,0,motor_temp,C,30.518
1769885363.5585866,ADC2,0,bus_voltage,V,10.014
1769885363.6093009,ADC1,0,servo_1,A,1.761
1769885363.6599936,ADC1,1,servo_2,A,2.258
1769885363.7105477,ADC2,0,bus_voltage,V,10.878
1769885363.7614906,THERM,0,motor_temp,C,68.022
1769885363.811968,ADC2,0,bus_voltage,V,12.499
1769885363.8629272,THERM,0,motor_temp,C,29.854
1769885363.9135337,THERM,0,motor_temp,C,29.548
1769885363.9638789,THERM,0,motor_temp,C,34.37
1769885364.0142622,ADC1,1,servo_2,A,1.733
1769885364.0648086,ADC1,1,servo_2,A,0.511
1769885364.1180913,ADC2,0,bus_voltage,V,11.453
1769885364.1686616,ADC1,1,servo_2,A,2.062
1769885364.219852,ADC2,0,bus_voltage,V,12.212
1769885364.2703822,ADC2,0,bus_voltage,V,11.106
1769885364.3216722,ADC2,0,bus_voltage,V,11.617
1769885364.3733625,THERM,0,motor_temp,C,33.965
1769885364.4257567,ADC2,0,bus_voltage,V,11.339
1769885364.4763339,ADC1,0,servo_1,A,0.6
1769885364.5273037,ADC1,1,servo_2,A,0.889
1769885364.577727,ADC2,0,bus_voltage,V,10.635
1769885364.628878,ADC2,0,bus_voltage,V,11.456
1769885364.6805704,ADC2,0,bus_voltage,V,11.271
1769885364.7315724,THERM,0,motor_temp,C,46.677
1769885364.7825015,THERM,0,motor_temp,C,45.221
1769885364.8508847,ADC2,0,bus_voltage,V,10.336
1769885364.9015093,THERM,0,motor_temp,C,41.144
1769885364.952073,THERM,0,motor_temp,C,51.022
1769885365.0025165,ADC1,1,servo_2,A,2.036
1769885365.0535405,ADC1,0,servo_1,A,2.21
1769885365.1043003,THERM,0,motor_temp,C,34.198
1769885365.1582894,ADC2,0,bus_voltage,V,10.683
1769885365.2092814,ADC2,0,bus_voltage,V,10.902
1769885365.262991,ADC2,0,bus_voltage,V,12.162
1769885365.3271546,ADC2,0,bus_voltage,V,12.021
1769885365.3781548,THERM,0,motor_temp,C,33.572
1769885365.4329138,THERM,0,motor_temp,C,35.468
1769885365.4876106,THERM,0,motor_temp,C,44.286
1769885365.5384557,ADC1,1,servo_2,A,1.574
1769885365.589055,ADC1,1,servo_2,A,0.278
1769885365.640191,ADC2,0,bus_voltage,V,10.297
1769885365.690588,ADC1,1,servo_2,A,0.669
1769885365.7415996,THERM,0,motor_temp,C,37.92
1769885365.7919638,THERM,0,motor_temp,C,62.533
1769885365.8437207,ADC1,0,servo_1,A,1.855
1769885365.896704,ADC2,0,bus_voltage,V,11.124
1769885365.9474587,ADC1,1,servo_2,A,0.454
1769885365.9986913,ADC1,0,servo_1,A,1.748
1769885366.0498333,THERM,0,motor_temp,C,40.032
1769885366.1003466,THERM,0,motor_temp,C,51.589
1769885366.1510446,ADC2,0,bus_voltage,V,12.052
1769885366.2015407,THERM,0,motor_temp,C,46.829
1769885366.2538087,ADC1,1,servo_2,A,1.145
1769885366.3047836,ADC1,1,servo_2,A,2.041
1769885366.3555584,ADC2,0,bus_voltage,V,11.239
1769885366.406299,ADC1,1,servo_2,A,1.663
1769885366.457623,ADC2,0,bus_voltage,V,10.502
1769885366.513848,ADC2,0,bus_voltage,V,10.175
1769885366.5645137,ADC1,0,servo_1,A,2.035
1769885366.6152132,THERM,0,motor_temp,C,26.411
1769885366.6662278,ADC1,1,servo_2,A,1.59
1769885366.7168763,ADC1,1,servo_2,A,1.438
1769885366.76747,ADC1,0,servo_1,A,1.768
1769885366.8183239,ADC1,1,servo_2,A,0.619
1769885366.8692546,ADC1,0,servo_1,A,2.133
1769885366.920082,ADC2,0,bus_voltage,V,11.587
1769885366.9706345,THERM,0,motor_temp,C,54.211
1769885367.0211492,ADC2,0,bus_voltage,V,10.979
1769885367.0719433,ADC2,0,bus_voltage,V,12.364
1769885367.1227527,ADC1,1,servo_2,A,0.745
1769885367.1735725,ADC2,0,bus_voltage,V,10.459
1769885367.22435,ADC2,0,bus_voltage,V,12.24
1769885367.2750878,ADC1,0,servo_1,A,0.515
1769885367.325838,THERM,0,motor_temp,C,56.793
1769885367.3798628,ADC1,1,servo_2,A,2.297
1769885367.4413538,ADC1,0,servo_1,A,1.527
1769885367.493706,THERM,0,motor_temp,C,64.469
1769885367.5442007,ADC2,0,bus_voltage,V,10.39
1769885367.5944796,ADC1,0,servo_1,A,1.191
1769885367.6452863,ADC1,1,servo_2,A,2.155
1769885367.6956635,ADC1,0,servo_1,A,0.537
1769885367.746067,ADC1,0,servo_1,A,2.046
1769885367.7975092,THERM,0,motor_temp,C,68.548
1769885367.8481357,THERM,0,motor_temp,C,35.039
1769885367.9014952,ADC2,0,bus_voltage,V,10.931
1769885367.9531608,ADC2,0,bus_voltage,V,10.302
1769885368.0042193,ADC1,1,servo_2,A,1.71
1769885368.0552738,ADC2,0,bus_voltage,V,11.348
1769885368.1056724,ADC2,0,bus_voltage,V,11.43
1769885368.1562514,ADC1,1,servo_2,A,1.59
1769885368.2094061,ADC2,0,bus_voltage,V,10.221
1769885368.2604816,ADC2,0,bus_voltage,V,10.818
1769885368.3110077,ADC1,1,servo_2,A,2.154
1769885368.3613148,ADC1,1,servo_2,A,0.989
1769885368.4118633,ADC1,1,servo_2,A,0.535
1769885368.462664,ADC1,0,servo_1,A,0.413
1769885368.5153852,THERM,0,motor_temp,C,33.207
1769885368.5665455,ADC1,0,servo_1,A,0.245
1769885368.6173213,ADC1,1,servo_2,A,0.514
1769885368.669729,ADC1,0,servo_1,A,1.655
1769885368.7212017,ADC1,0,servo_1,A,0.698
1769885368.7718835,ADC2,0,bus_voltage,V,10.056
1769885368.8226428,ADC1,0,servo_1,A,2.362
1769885368.8734636,ADC1,0,servo_1,A,0.276
1769885368.9237585,ADC1,0,servo_1,A,1.526
1769885368.9742725,ADC2,0,bus_voltage,V,11.82
1769885369.0248709,ADC1,0,servo_1,A,1.402
1769885369.075695,THERM,0,motor_temp,C,52.699
1769885369.1341686,ADC1,0,servo_1,A,0.213
1769885369.1849365,ADC1,1,servo_2,A,1.614
1769885369.235762,ADC1,0,servo_1,A,0.77
1769885369.2861662,ADC1,0,servo_1,A,2.448
1769885369.336814,ADC1,0,servo_1,A,0.475
1769885369.3875535,ADC1,0,servo_1,A,2.246
1769885369.4386158,ADC1,0,servo_1,A,0.809
1769885369.489371,ADC2,0,bus_voltage,V,10.854
1769885369.5532014,THERM,0,motor_temp,C,69.164
1769885369.6036115,ADC2,0,bus_voltage,V,12.535
1769885369.6543388,ADC2,0,bus_voltage,V,11.124
1769885369.704985,ADC1,1,servo_2,A,0.827
1769885369.7560651,THERM,0,motor_temp,C,42.47
1769885369.806436,ADC1,0,servo_1,A,1.494
1769885369.856732,ADC1,1,servo_2,A,1.018
1769885369.907261,ADC1,1,servo_2,A,1.258
1769885369.957798,ADC1,1,servo_2,A,0.863
1769885370.010517,ADC1,1,servo_2,A,2.042
1769885370.0615172,ADC1,0,servo_1,A,1.356
1769885370.1167223,ADC1,1,servo_2,A,2.101
1769885370.1694772,ADC2,0,bus_voltage,V,11.596
1769885370.2256598,ADC1,0,servo_1,A,1.92
1769885370.2769833,ADC1,1,servo_2,A,2.101
1769885370.3294253,ADC1,1,servo_2,A,1.033
1769885370.38186,ADC1,0,servo_1,A,1.01
1769885370.432846,THERM,0,motor_temp,C,51.653
1769885370.4835145,ADC2,0,bus_voltage,V,11.197
1769885370.534022,ADC1,0,servo_1,A,1.535
1769885370.5843937,ADC1,0,servo_1,A,0.923
1769885370.6359954,ADC2,0,bus_voltage,V,11.418
1769885370.6871848,ADC1,0,servo_1,A,1.274
1769885370.7377226,THERM,0,motor_temp,C,31.36
1769885370.7884138,ADC1,0,servo_1,A,0.541
1769885370.8392684,ADC1,1,servo_2,A,1.68
1769885370.890238,ADC1,1,servo_2,A,1.181
1769885370.9529164,ADC1,1,servo_2,A,0.296
1769885371.0037894,ADC1,0,servo_1,A,2.063
1769885371.0546892,THERM,0,motor_temp,C,40.518
1769885371.1053004,ADC2,0,bus_voltage,V,11.182
1769885371.1559348,ADC1,1,servo_2,A,0.539
1769885371.2066958,ADC2,0,bus_voltage,V,12.086
1769885371.2576745,THERM,0,motor_temp,C,44.813
1769885371.30852,ADC1,1,servo_2,A,2.413
1769885371.359097,THERM,0,motor_temp,C,25.692
1769885371.4098065,ADC1,1,servo_2,A,2.498
1769885371.4606607,ADC1,0,servo_1,A,1.714
1769885371.5114546,THERM,0,motor_temp,C,56.386
1769885371.5646324,ADC1,1,servo_2,A,2.387
1769885371.61567,THERM,0,motor_temp,C,68.577
1769885371.6663227,ADC2,0,bus_voltage,V,10.973
1769885371.7170417,ADC2,0,bus_voltage,V,10.962
1769885371.7676213,ADC1,1,servo_2,A,1.153
1769885371.8188002,ADC1,1,servo_2,A,1.786
1769885371.8692756,ADC1,0,servo_1,A,0.46
1769885371.9200304,ADC2,0,bus_voltage,V,12.12
1769885371.9709747,ADC1,1,servo_2,A,2.487
1769885372.0390797,THERM,0,motor_temp,C,34.592
1769885372.0925422,ADC1,0,servo_1,A,0.376
1769885372.1432803,THERM,0,motor_temp,C,35.674
1769885372.19378,ADC1,0,servo_1,A,2.058
1769885372.2443876,ADC1,1,servo_2,A,1.165
1769885372.2953117,ADC1,1,servo_2,A,2.204
1769885372.3462234,ADC1,1,servo_2,A,1.483
1769885372.3972957,ADC2,0,bus_voltage,V,10.118
1769885372.4481168,ADC1,1,servo_2,A,1.12
1769885372.4989767,ADC1,1,servo_2,A,1.384
1769885372.54955,ADC1,1,servo_2,A,0.657
1769885372.6003704,ADC1,1,servo_2,A,2.234
1769885372.6528952,ADC1,1,servo_2,A,1.493
1769885372.7037897,ADC2,0,bus_voltage,V,10.397
1769885372.754623,ADC1,1,servo_2,A,0.826
1769885372.805216,ADC2,0,bus_voltage,V,10.67
1769885372.8559837,ADC2,0,bus_voltage,V,10.619
1769885372.9066236,THERM,0,motor_temp,C,63.359
1769885372.9574156,ADC2,0,bus_voltage,V,11.826
1769885373.0401342,THERM,0,motor_temp,C,35.522
1769885373.0937777,ADC1,0,servo_1,A,2.208
1769885373.1450624,THERM,0,motor_temp,C,33.062
1769885373.196129,ADC1,1,servo_2,A,1.155
1769885373.2483156,THERM,0,motor_temp,C,68.783
1769885373.2994251,ADC2,0,bus_voltage,V,11.77
1769885373.3505206,ADC1,1,servo_2,A,2.46
1769885373.405639,ADC1,0,servo_1,A,2.199
1769885373.4570706,ADC1,1,servo_2,A,0.714
1769885373.5085707,ADC1,0,servo_1,A,0.973
1769885373.5598445,THERM,0,motor_temp,C,62.182
1769885373.6107247,ADC1,1,servo_2,A,0.29
1769885373.6618445,ADC1,1,servo_2,A,1.01
1769885373.712634,ADC1,0,servo_1,A,2.385
1769885373.7632,THERM,0,motor_temp,C,29.835
1769885373.814108,ADC2,0,bus_voltage,V,11.678
1769885373.8648348,ADC2,0,bus_voltage,V,11.026
1769885373.9157083,ADC1,0,servo_1,A,1.653
1769885373.9664934,ADC1,0,servo_1,A,2.185
1769885374.0177472,ADC1,1,servo_2,A,1.026
1769885374.0683286,ADC2,0,bus_voltage,V,12.226
1769885374.118926,ADC1,1,servo_2,A,0.538
1769885374.1695168,ADC1,0,servo_1,A,0.324
1769885374.2200966,THERM,0,motor_temp,C,69.32
1769885374.270565,ADC2,0,bus_voltage,V,12.279
1769885374.3214836,ADC1,1,servo_2,A,1.87
1769885374.3737855,ADC1,1,servo_2,A,1.076
1769885374.4264343,ADC2,0,bus_voltage,V,10.652
1769885374.4778986,ADC1,0,servo_1,A,0.486
1769885374.52877,THERM,0,motor_temp,C,39.893
1769885374.5796065,ADC1,1,servo_2,A,2.191
1769885374.630341,ADC1,1,servo_2,A,0.837
1769885374.6818144,ADC2,0,bus_voltage,V,12.279
1769885374.7326913,ADC1,0,servo_1,A,0.986
1769885374.7834923,ADC1,0,servo_1,A,1.068
1769885374.8341906,THERM,0,motor_temp,C,43.945
1769885374.8846488,THERM,0,motor_temp,C,47.892
1769885374.935426,THERM,0,motor_temp,C,50.499
1769885374.9862378,ADC1,1,servo_2,A,0.338
1769885375.037347,ADC2,0,bus_voltage,V,11.503
1769885375.0884418,ADC1,1,servo_2,A,0.695
1769885375.139556,ADC1,1,servo_2,A,2.478
1769885375.1902783,ADC1,1,servo_2,A,0.52
1769885375.2408438,ADC2,0,bus_voltage,V,11.134
1769885375.291421,ADC1,1,servo_2,A,0.329
1769885375.341838,ADC2,0,bus_voltage,V,10.429
1769885375.3925025,ADC1,0,servo_1,A,1.67
1769885375.4430408,THERM,0,motor_temp,C,52.471
1769885375.4934657,ADC2,0,bus_voltage,V,10.165
1769885375.5444174,ADC1,0,servo_1,A,1.932
1769885375.5950694,THERM,0,motor_temp,C,56.242
1769885375.6455173,ADC1,1,servo_2,A,0.69
1769885375.6962678,ADC1,1,servo_2,A,0.771
1769885375.74679,THERM,0,motor_temp,C,50.344
1769885375.7973876,ADC2,0,bus_voltage,V,11.068
1769885375.848003,ADC1,1,servo_2,A,0.96
1769885375.8985233,ADC1,0,servo_1,A,1.097
1769885375.9491272,ADC1,0,servo_1,A,0.67
1769885375.9998405,THERM,0,motor_temp,C,68.499
1769885376.0503068,ADC2,0,bus_voltage,V,10.402
1769885376.100942,ADC1,0,servo_1,A,1.721
1769885376.1513834,THERM,0,motor_temp,C,49.465
1769885376.2021523,ADC1,0,servo_1,A,2.301
1769885376.2527776,ADC2,0,bus_voltage,V,10.438
1769885376.3035367,THERM,0,motor_temp,C,52.966
1769885376.3543413,THERM,0,motor_temp,C,56.114
1769885376.4049296,THERM,0,motor_temp,C,48.353
1769885376.455668,ADC2,0,bus_voltage,V,10.228
1769885376.5063736,ADC2,0,bus_voltage,V,12.104
1769885376.5570695,ADC2,0,bus_voltage,V,12.293
1769885376.6076434,ADC2,0,bus_voltage,V,10.597
1769885376.6581624,ADC1,0,servo_1,A,0.314
1769885376.708603,ADC1,1,servo_2,A,0.782
1769885376.7593915,ADC1,0,servo_1,A,1.733
1769885376.8099082,ADC1,1,servo_2,A,1.261
1769885376.8603702,THERM,0,motor_temp,C,35.99
1769885376.9112346,ADC1,1,servo_2,A,2.192
1769885376.9620721,ADC2,0,bus_voltage,V,10.719
1769885377.012528,THERM,0,motor_temp,C,37.459
1769885377.0630486,THERM,0,motor_temp,C,34.863
1769885377.1135974,THERM,0,motor_temp,C,42.022
1769885377.1644926,ADC1,0,servo_1,A,0.798
1769885377.2152917,THERM,0,motor_temp,C,54.304
1769885377.2656589,ADC1,1,servo_2,A,0.438
1769885377.3163154,THERM,0,motor_temp,C,38.844
1769885377.366796,ADC2,0,bus_voltage,V,12.362
1769885377.4173822,ADC1,0,servo_1,A,1.531
1769885377.4681249,THERM,0,motor_temp,C,31.554
1769885377.5185785,THERM,0,motor_temp,C,35.887
1769885377.5690677,ADC1,1,servo_2,A,1.103
1769885377.6197455,THERM,0,motor_temp,C,29.223
1769885377.6702328,ADC1,0,servo_1,A,1.411
1769885377.720673,ADC1,1,servo_2,A,0.715
1769885377.7712758,THERM,0,motor_temp,C,56.863
1769885377.8221414,ADC1,0,servo_1,A,2.374
1769885377.8728828,THERM,0,motor_temp,C,29.355
1769885377.923543,ADC1,1,servo_2,A,0.44
1769885377.9742281,ADC2,0,bus_voltage,V,11.839
1769885378.025028,ADC1,0,servo_1,A,0.653
1769885378.0758944,THERM,0,motor_temp,C,38.344
1769885378.126659,ADC2,0,bus_voltage,V,12.276
1769885378.177294,THERM,0,motor_temp,C,30.143
1769885378.2281473,THERM,0,motor_temp,C,35.264
1769885378.278633,ADC1,0,servo_1,A,1.248
1769885378.329397,THERM,0,motor_temp,C,34.753
1769885378.380168,THERM,0,motor_temp,C,51.286
1769885378.430674,ADC1,1,servo_2,A,1.491
1769885378.4810836,ADC1,0,servo_1,A,1.419
1769885378.5318599,ADC1,1,servo_2,A,2.097
1769885378.5827413,ADC1,0,servo_1,A,1.137
1769885378.6336436,ADC1,1,servo_2,A,1.464
1769885378.6841705,ADC1,1,servo_2,A,0.538
1769885378.7349575,ADC1,0,servo_1,A,1.951
1769885378.7858257,ADC2,0,bus_voltage,V,11.241
1769885378.8367727,ADC2,0,bus_voltage,V,12.38
1769885378.8874967,THERM,0,motor_temp,C,66.249
1769885378.93842,ADC1,0,servo_1,A,1.817
1769885378.989303,THERM,0,motor_temp,C,66.674
1769885379.039895,THERM,0,motor_temp,C,52.746
1769885379.0904112,ADC1,1,servo_2,A,1.391
1769885379.141394,THERM,0,motor_temp,C,40.909
1769885379.191794,THERM,0,motor_temp,C,63.363
1769885379.2421927,ADC2,0,bus_voltage,V,10.475
1769885379.2930675,ADC1,0,servo_1,A,0.38
1769885379.343549,ADC1,1,servo_2,A,1.477
1769885379.394183,ADC2,0,bus_voltage,V,11.07
1769885379.444569,ADC2,0,bus_voltage,V,10.805
1769885379.495424,THERM,0,motor_temp,C,66.231
1769885379.5459666,THERM,0,motor_temp,C,59.248
1769885379.5973663,ADC2,0,bus_voltage,V,11.224
1769885379.6481974,ADC1,1,servo_2,A,1.764
1769885379.6986885,THERM,0,motor_temp,C,49.036
1769885379.749379,ADC1,1,servo_2,A,1.917
1769885379.7999341,ADC2,0,bus_voltage,V,12.344
1769885379.850558,ADC2,0,bus_voltage,V,11.824
1769885379.9011197,THERM,0,motor_temp,C,55.278
1769885379.9518144,ADC1,1,servo_2,A,0.701
1769885380.002745,ADC1,0,servo_1,A,0.336
1769885380.0532525,THERM,0,motor_temp,C,62.972
1769885380.1040244,ADC2,0,bus_voltage,V,12.011
1769885380.1545274,ADC2,0,bus_voltage,V,11.767
1769885380.2050612,ADC1,1,servo_2,A,1.195
1769885380.2557847,ADC1,0,servo_1,A,0.8
1769885380.3064272,ADC1,1,servo_2,A,0.577
1769885380.357392,ADC1,0,servo_1,A,1.878
1769885380.4078434,ADC1,0,servo_1,A,1.174
1769885380.4583697,ADC2,0,bus_voltage,V,10.914
1769885380.509062,ADC2,0,bus_voltage,V,11.239
1769885380.5599437,ADC2,0,bus_voltage,V,10.448
1769885380.6105232,ADC2,0,bus_voltage,V,11.355
1769885380.6613,ADC1,1,servo_2,A,0.933
1769885380.712081,ADC2,0,bus_voltage,V,12.13
1769885380.7624846,ADC1,1,servo_2,A,1.819
1769885380.8129947,ADC1,0,servo_1,A,0.955
1769885380.8637664,ADC2,0,bus_voltage,V,10.527
1769885380.9142344,THERM,0,motor_temp,C,28.895
1769885380.9647565,ADC1,0,servo_1,A,1.122
1769885381.015428,ADC1,0,servo_1,A,0.278
1769885381.0661726,ADC1,1,servo_2,A,1.992
1769885381.116654,THERM,0,motor_temp,C,62.156
1769885381.1671445,ADC2,0,bus_voltage,V,11.947
1769885381.217862,ADC1,0,servo_1,A,1.402
1769885381.2686956,ADC1,1,servo_2,A,0.559
1769885381.3192997,ADC1,1,servo_2,A,2.233
1769885381.3700492,ADC2,0,bus_voltage,V,10.055
1769885381.4206667,THERM,0,motor_temp,C,68.267
1769885381.4713316,ADC1,1,servo_2,A,1.691
1769885381.5221207,ADC2,0,bus_voltage,V,11.776
1769885381.5729277,THERM,0,motor_temp,C,49.375
1769885381.6236684,ADC1,1,servo_2,A,0.911
1769885381.6741133,ADC2,0,bus_voltage,V,12.083
1769885381.7247887,ADC2,0,bus_voltage,V,12.482
1769885381.7754526,ADC1,0,servo_1,A,1.674
1769885381.8260903,ADC1,0,servo_1,A,0.857
1769885381.8766582,ADC1,1,servo_2,A,0.511
1769885381.927048,ADC2,0,bus_voltage,V,12.516
1769885381.9778626,ADC1,0,servo_1,A,1.976
1769885382.0285332,ADC1,0,servo_1,A,0.444
1769885382.0790381,ADC2,0,bus_voltage,V,11.447
1769885382.1296885,THERM,0,motor_temp,C,64.331
1769885382.1803076,ADC1,0,servo_1,A,0.514
1769885382.2311902,ADC1,1,servo_2,A,0.566
1769885382.282122,THERM,0,motor_temp,C,37.135
1769885382.3324478,THERM,0,motor_temp,C,37.403
1769885382.3833234,ADC1,1,servo_2,A,0.645
1769885382.433765,ADC2,0,bus_voltage,V,12.472
1769885382.4845197,ADC1,1,servo_2,A,0.866
1769885382.5351744,ADC2,0,bus_voltage,V,11.733
1769885382.586019,ADC1,1,servo_2,A,1.067
1769885382.636572,THERM,0,motor_temp,C,33.917
1769885382.687233,ADC2,0,bus_voltage,V,10.017
1769885382.7380722,ADC1,0,servo_1,A,1.942
1769885382.7887857,THERM,0,motor_temp,C,64.16
1769885382.8393822,ADC1,0,servo_1,A,1.074
1769885382.8903813,ADC1,1,servo_2,A,1.928
1769885382.9410923,THERM,0,motor_temp,C,29.305
1769885382.9915478,ADC1,0,servo_1,A,2.226
1769885383.04234,ADC1,1,servo_2,A,0.885
1769885383.0933833,ADC1,0,servo_1,A,2.175
1769885383.1438556,ADC1,0,servo_1,A,0.706
1769885383.1944325,THERM,0,motor_temp,C,32.175
1769885383.2453957,THERM,0,motor_temp,C,64.082
1769885383.2958822,ADC1,0,servo_1,A,1.051
1769885383.3467305,ADC1,0,servo_1,A,1.563
1769885383.3982348,ADC2,0,bus_voltage,V,12.585
1769885383.449045,ADC2,0,bus_voltage,V,11.182
1769885383.4994066,ADC1,0,servo_1,A,1.462
1769885383.549786,ADC1,0,servo_1,A,2.37
1769885383.600182,ADC1,0,servo_1,A,0.404
1769885383.6509924,ADC2,0,bus_voltage,V,10.813
1769885383.7015197,ADC1,1,servo_2,A,1.499
1769885383.7524292,THERM,0,motor_temp,C,45.903
1769885383.8030007,THERM,0,motor_temp,C,46.552
1769885383.854235,ADC2,0,bus_voltage,V,11.944
1769885383.9050503,ADC2,0,bus_voltage,V,10.04
1769885383.955705,ADC1,1,servo_2,A,1.228
1769885384.006547,ADC1,1,servo_2,A,1.074
1769885384.0569332,ADC1,0,servo_1,A,0.456
1769885384.1079068,ADC2,0,bus_voltage,V,10.468
1769885384.158657,THERM,0,motor_temp,C,26.373
1769885384.2090223,ADC2,0,bus_voltage,V,12.198
1769885384.260499,ADC2,0,bus_voltage,V,12.493
1769885384.3116105,THERM,0,motor_temp,C,55.295
1769885384.3624427,ADC1,0,servo_1,A,1.378
1769885384.4127784,ADC2,0,bus_voltage,V,12.353
1769885384.4632697,ADC1,1,servo_2,A,2.194
1769885384.514547,ADC1,1,servo_2,A,1.271
1769885384.5656064,ADC1,0,servo_1,A,0.805
1769885384.6164918,ADC1,1,servo_2,A,2.121
1769885384.6673484,ADC1,1,servo_2,A,1.945
1769885384.7328992,THERM,0,motor_temp,C,67.028
1769885384.783881,ADC1,1,servo_2,A,0.37
1769885384.834281,ADC1,0,servo_1,A,1.047
1769885384.8846757,ADC1,1,servo_2,A,1.014
1769885384.935168,ADC2,0,bus_voltage,V,12.282
1769885384.9858632,ADC1,1,servo_2,A,0.644
1769885385.0363894,THERM,0,motor_temp,C,51.439
1769885385.0874398,ADC1,1,servo_2,A,2.184
1769885385.138031,THERM,0,motor_temp,C,43.67
1769885385.1886895,ADC1,1,servo_2,A,2.366
1769885385.2392793,ADC1,0,servo_1,A,0.933
1769885385.2904408,ADC2,0,bus_voltage,V,11.278
1769885385.3409758,ADC1,0,servo_1,A,0.28
1769885385.3919423,ADC1,1,servo_2,A,0.664
1769885385.4426396,THERM,0,motor_temp,C,52.5
1769885385.4932892,ADC1,0,servo_1,A,0.651
1769885385.544258,ADC1,0,servo_1,A,0.753
1769885385.5947647,ADC2,0,bus_voltage,V,11.539
1769885385.645782,THERM,0,motor_temp,C,41.653
1769885385.6964357,ADC2,0,bus_voltage,V,10.363
1769885385.74714,ADC1,0,servo_1,A,0.69
1769885385.7983532,ADC2,0,bus_voltage,V,11.882
1769885385.8488302,ADC1,1,servo_2,A,1.501
1769885385.8995054,ADC1,0,servo_1,A,2.197
1769885385.9501982,ADC1,1,servo_2,A,1.039
1769885386.0008574,ADC2,0,bus_voltage,V,12.466
1769885386.0517979,ADC1,1,servo_2,A,2.176
1769885386.1026268,ADC1,1,servo_2,A,2.105
1769885386.1536808,THERM,0,motor_temp,C,69.698
1769885386.2045805,ADC1,0,servo_1,A,1.783
1769885386.2551734,ADC1,0,servo_1,A,1.189
1769885386.3056796,THERM,0,motor_temp,C,58.973
1769885386.3567364,THERM,0,motor_temp,C,65.856
1769885386.4074583,ADC2,0,bus_voltage,V,10.071
1769885386.4581175,ADC1,0,servo_1,A,1.009
1769885386.508841,ADC1,0,servo_1,A,0.909
1769885386.5594893,ADC2,0,bus_voltage,V,11.732
1769885386.6102946,THERM,0,motor_temp,C,48.483
1769885386.6607323,ADC1,1,servo_2,A,1.295
1769885386.711296,ADC2,0,bus_voltage,V,11.287
1769885386.7622514,ADC1,1,servo_2,A,2.464
1769885386.8129148,ADC1,1,servo_2,A,0.288
1769885386.8638055,THERM,0,motor_temp,C,34.538
1769885386.9145403,ADC1,0,servo_1,A,1.679
1769885386.96688,THERM,0,motor_temp,C,39.167
1769885387.0176742,ADC1,0,servo_1,A,1.062
1769885387.0685005,ADC1,0,servo_1,A,0.635
1769885387.1193714,ADC1,1,servo_2,A,0.658
1769885387.1697242,ADC1,0,servo_1,A,0.389
1769885387.2205007,ADC1,0,servo_1,A,2.03
1769885387.2718956,THERM,0,motor_temp,C,33.586
1769885387.3225033,ADC1,0,servo_1,A,0.397
1769885387.373003,ADC2,0,bus_voltage,V,10.048
1769885387.4235742,THERM,0,motor_temp,C,30.472
1769885387.4741256,THERM,0,motor_temp,C,29.217
1769885387.5249205,ADC1,0,servo_1,A,1.223
1769885387.5756578,ADC1,0,servo_1,A,1.546
1769885387.6262617,ADC1,1,servo_2,A,1.033
1769885387.6771274,ADC2,0,bus_voltage,V,10.431
1769885387.727812,THERM,0,motor_temp,C,65.417
1769885387.778574,THERM,0,motor_temp,C,34.935
1769885387.8291438,ADC1,1,servo_2,A,1.47
1769885387.8799493,ADC1,0,servo_1,A,0.565
1769885387.9307125,ADC1,0,servo_1,A,0.295
1769885387.9814942,THERM,0,motor_temp,C,43.544
1769885388.0319095,ADC1,0,servo_1,A,0.651
1769885388.082287,THERM,0,motor_temp,C,46.43
1769885388.1330357,ADC1,1,servo_2,A,0.25
1769885388.183586,ADC1,1,servo_2,A,0.346
1769885388.234419,THERM,0,motor_temp,C,69.994
1769885388.285106,ADC2,0,bus_voltage,V,12.105
1769885388.3359306,ADC1,0,servo_1,A,1.305
1769885388.386404,ADC1,1,servo_2,A,2.024
1769885388.4370313,ADC1,0,servo_1,A,0.235
1769885388.4876559,ADC2,0,bus_voltage,V,11.887
1769885388.538068,ADC1,1,servo_2,A,1.706
1769885388.5890696,THERM,0,motor_temp,C,50.964
1769885388.6402423,ADC1,1,servo_2,A,0.855
1769885388.6907072,ADC1,1,servo_2,A,1.146
1769885388.7415185,ADC1,1,servo_2,A,1.794
1769885388.7921298,ADC1,0,servo_1,A,0.272
1769885388.8439107,ADC2,0,bus_voltage,V,10.919
1769885388.894992,ADC2,0,bus_voltage,V,12.4
1769885388.9461253,ADC1,1,servo_2,A,0.766
1769885388.9968388,ADC2,0,bus_voltage,V,11.344
1769885389.047588,THERM,0,motor_temp,C,27.785
1769885389.098193,ADC1,0,servo_1,A,1.658
1769885389.1503844,ADC1,1,servo_2,A,1.844
1769885389.2014997,ADC1,1,servo_2,A,1.308
1769885389.252429,ADC1,0,servo_1,A,0.267
1769885389.3101397,ADC1,0,servo_1,A,0.558
1769885389.3610084,ADC2,0,bus_voltage,V,12.501
1769885389.4130688,ADC2,0,bus_voltage,V,11.585
1769885389.4656303,ADC1,0,servo_1,A,0.396
1769885389.517344,ADC2,0,bus_voltage,V,10.93
1769885389.5680883,ADC1,1,servo_2,A,1.338
1769885389.6188104,ADC1,1,servo_2,A,0.849
1769885389.670905,ADC2,0,bus_voltage,V,12.292
1769885389.7215626,ADC1,0,servo_1,A,1.905
1769885389.772629,ADC1,1,servo_2,A,1.035
1769885389.822998,THERM,0,motor_temp,C,56.429
1769885389.8738017,ADC1,0,servo_1,A,1.039
1769885389.9243948,ADC1,0,servo_1,A,1.685
1769885389.9753797,ADC1,0,servo_1,A,2.265
1769885390.02634,ADC2,0,bus_voltage,V,10.966
1769885390.0769281,THERM,0,motor_temp,C,25.233
1769885390.1273844,ADC1,1,servo_2,A,0.369
1769885390.1782968,THERM,0,motor_temp,C,58.421
1769885390.2289839,ADC1,0,servo_1,A,0.711
1769885390.279666,THERM,0,motor_temp,C,67.676
1769885390.3301685,ADC1,0,servo_1,A,1.837
1769885390.381698,ADC1,0,servo_1,A,0.483
1769885390.432895,ADC2,0,bus_voltage,V,10.453
1769885390.4835143,THERM,0,motor_temp,C,30.162
1769885390.534283,ADC1,1,servo_2,A,1.608
1769885390.5850372,ADC2,0,bus_voltage,V,11.231
1769885390.6359909,THERM,0,motor_temp,C,40.333
1769885390.686506,THERM,0,motor_temp,C,25.873
1769885390.737379,ADC2,0,bus_voltage,V,12.196
1769885390.7882214,THERM,0,motor_temp,C,39.049
1769885390.838815,ADC1,0,servo_1,A,0.661
1769885390.8898437,ADC1,0,servo_1,A,2.177
1769885390.9407582,ADC1,1,servo_2,A,2.096
1769885390.9913232,ADC2,0,bus_voltage,V,10.186
1769885391.0420763,THERM,0,motor_temp,C,44.628
1769885391.092996,ADC1,0,servo_1,A,1.059
1769885391.1440322,ADC2,0,bus_voltage,V,11.903
1769885391.1950445,THERM,0,motor_temp,C,57.422
1769885391.245467,ADC1,1,servo_2,A,0.293
1769885391.2959697,ADC2,0,bus_voltage,V,10.063
1769885391.348575,ADC1,1,servo_2,A,1.636
1769885391.3993082,ADC2,0,bus_voltage,V,10.647
1769885391.4501245,ADC1,1,servo_2,A,1.024
1769885391.5008123,ADC1,0,servo_1,A,0.726
1769885391.5512652,THERM,0,motor_temp,C,33.186
1769885391.6024327,ADC1,0,servo_1,A,2.372
1769885391.6530867,THERM,0,motor_temp,C,43.98
1769885391.7034812,ADC1,0,servo_1,A,1.583
1769885391.7542932,ADC2,0,bus_voltage,V,11.477
1769885391.805183,ADC1,0,servo_1,A,1.238
1769885391.8558853,ADC1,0,servo_1,A,2.363
1769885391.9085472,THERM,0,motor_temp,C,27.344
1769885391.960005,THERM,0,motor_temp,C,27.06
1769885392.0107014,ADC1,1,servo_2,A,0.435
1769885392.0630522,ADC1,1,servo_2,A,0.433
1769885392.1151838,ADC1,0,servo_1,A,0.764
1769885392.1660361,ADC2,0,bus_voltage,V,10.631
1769885392.216741,THERM,0,motor_temp,C,44.158
1769885392.2671409,ADC1,1,servo_2,A,0.51
1769885392.3176138,ADC1,1,servo_2,A,2.201
1769885392.368564,ADC1,1,servo_2,A,1.514
1769885392.4198415,THERM,0,motor_temp,C,40.432
1769885392.470848,ADC2,0,bus_voltage,V,11.612
1769885392.5214376,ADC1,0,servo_1,A,2.01
1769885392.5719144,ADC2,0,bus_voltage,V,12.542
1769885392.622775,ADC1,1,servo_2,A,2.241
1769885392.6733987,ADC1,0,servo_1,A,1.218
1769885392.7241797,ADC1,0,servo_1,A,0.782
1769885392.774873,ADC1,0,servo_1,A,0.438
1769885392.8253274,THERM,0,motor_temp,C,39.052
1769885392.8759503,ADC1,0,servo_1,A,0.546
1769885392.9265907,ADC1,0,servo_1,A,1.18
1769885392.9773982,THERM,0,motor_temp,C,67.473
1769885393.0280693,ADC1,0,servo_1,A,0.313
1769885393.0789254,ADC1,0,servo_1,A,1.68
1769885393.1296413,ADC1,0,servo_1,A,1.812
1769885393.1801767,ADC1,0,servo_1,A,1.998
1769885393.2306137,ADC1,1,servo_2,A,2.21
1769885393.2811787,ADC1,1,servo_2,A,1.069
1769885393.3328063,ADC1,1,servo_2,A,1.95
1769885393.3832958,ADC1,0,servo_1,A,0.557
1769885393.4339647,ADC1,0,servo_1,A,1.278
1769885393.4848204,ADC2,0,bus_voltage,V,11.077
1769885393.5352473,THERM,0,motor_temp,C,47.532
1769885393.5858982,ADC1,0,servo_1,A,0.975
1769885393.6367743,THERM,0,motor_temp,C,29.227
1769885393.6874201,ADC1,1,servo_2,A,0.702
1769885393.7379494,ADC1,0,servo_1,A,2.009
1769885393.7883403,ADC1,1,servo_2,A,0.785
1769885393.8390734,ADC2,0,bus_voltage,V,11.544
1769885393.8897903,ADC1,0,servo_1,A,1.521
1769885393.940257,THERM,0,motor_temp,C,47.327
1769885393.9910636,ADC2,0,bus_voltage,V,10.75
1769885394.041552,ADC1,1,servo_2,A,1.579
1769885394.092205,THERM,0,motor_temp,C,40.769
1769885394.1426964,ADC2,0,bus_voltage,V,11.327
1769885394.193678,ADC1,1,servo_2,A,0.636
1769885394.2441773,ADC2,0,bus_voltage,V,10.874
1769885394.294997,ADC1,0,servo_1,A,2.261
1769885394.3457856,THERM,0,motor_temp,C,53.458
1769885394.3963194,ADC1,1,servo_2,A,2.44
1769885394.4469497,THERM,0,motor_temp,C,38.678
1769885394.4977095,THERM,0,motor_temp,C,29.162
1769885394.5481923,THERM,0,motor_temp,C,30.559
1769885394.5990193,ADC1,0,servo_1,A,0.813
1769885394.6497192,THERM,0,motor_temp,C,29.149
1769885394.7003868,ADC1,1,servo_2,A,2.44
1769885394.7512274,THERM,0,motor_temp,C,45.145
1769885394.8016665,THERM,0,motor_temp,C,25.169
1769885394.8528054,THERM,0,motor_temp,C,51.702
1769885394.90337,ADC1,1,servo_2,A,0.762
1769885394.9541757,ADC2,0,bus_voltage,V,11.551
1769885395.00485,ADC2,0,bus_voltage,V,11.845
1769885395.0555975,ADC1,0,servo_1,A,0.547
1769885395.1059842,ADC1,0,servo_1,A,1.85
1769885395.1565428,ADC1,0,servo_1,A,0.484
1769885395.206985,ADC1,0,servo_1,A,1.068
1769885395.2575903,ADC1,0,servo_1,A,0.697
1769885395.308302,ADC2,0,bus_voltage,V,11.511
1769885395.3586802,ADC1,0,servo_1,A,0.759
1769885395.4117656,ADC1,0,servo_1,A,1.683
1769885395.462775,ADC1,0,servo_1,A,0.954
1769885395.513363,THERM,0,motor_temp,C,45.853
1769885395.563964,ADC1,1,servo_2,A,2.014
1769885395.614551,ADC1,0,servo_1,A,2.41
1769885395.6652577,THERM,0,motor_temp,C,27.167
1769885395.715867,ADC2,0,bus_voltage,V,12.429
1769885395.766251,ADC1,1,servo_2,A,0.815
1769885395.8171852,ADC2,0,bus_voltage,V,11.847
1769885395.868081,ADC1,0,servo_1,A,1.71
1769885395.9184957,ADC1,1,servo_2,A,1.845
1769885395.96919,ADC2,0,bus_voltage,V,10.721
1769885396.0199187,ADC1,1,servo_2,A,2.462
1769885396.0706174,ADC2,0,bus_voltage,V,11.051
1769885396.1213284,ADC1,1,servo_2,A,0.983
1769885396.1718926,THERM,0,motor_temp,C,59.335
1769885396.2222514,ADC1,0,servo_1,A,1.521
1769885396.2728653,ADC1,1,servo_2,A,1.654
1769885396.3239622,ADC1,1,servo_2,A,1.137
1769885396.3748105,ADC1,0,servo_1,A,1.632
1769885396.425476,ADC2,0,bus_voltage,V,11.932
1769885396.476188,ADC1,0,servo_1,A,0.678
1769885396.5270104,ADC1,0,servo_1,A,1.372
1769885396.5779393,ADC1,1,servo_2,A,1.011
1769885396.6291246,THERM,0,motor_temp,C,65.528
1769885396.6807225,ADC1,1,servo_2,A,1.942
1769885396.7315469,THERM,0,motor_temp,C,43.788
1769885396.7821987,ADC1,1,servo_2,A,2.418
1769885396.8330235,ADC1,1,servo_2,A,0.567
1769885396.8838003,ADC1,0,servo_1,A,0.349
1769885396.934411,ADC1,1,servo_2,A,2.281
1769885396.985438,THERM,0,motor_temp,C,54.035
1769885397.0362997,ADC1,1,servo_2,A,2.26
1769885397.0868227,ADC1,0,servo_1,A,1.124
1769885397.1375723,THERM,0,motor_temp,C,63.231
1769885397.1880388,ADC1,1,servo_2,A,0.827
1769885397.2387543,ADC2,0,bus_voltage,V,11.688
1769885397.2891827,ADC1,0,servo_1,A,0.484
1769885397.3398423,ADC1,0,servo_1,A,1.576
1769885397.390349,THERM,0,motor_temp,C,28.081
1769885397.4410653,ADC2,0,bus_voltage,V,11.503
1769885397.4917955,ADC1,0,servo_1,A,0.231
1769885397.5423908,ADC1,1,servo_2,A,1.27
1769885397.5929935,THERM,0,motor_temp,C,43.229
1769885397.6441238,ADC1,0,servo_1,A,2.396
1769885397.694889,ADC2,0,bus_voltage,V,11.805
1769885397.7452385,ADC2,0,bus_voltage,V,11.267
1769885397.7961998,THERM,0,motor_temp,C,34.058
1769885397.8480923,ADC1,0,servo_1,A,1.093
1769885397.898941,ADC2,0,bus_voltage,V,12.114
1769885397.9495556,ADC1,1,servo_2,A,1.625
1769885397.9999423,ADC1,0,servo_1,A,2.466
1769885398.050512,ADC1,1,servo_2,A,0.519
1769885398.1010485,ADC2,0,bus_voltage,V,11.226
1769885398.1515229,ADC1,1,servo_2,A,2.11
1769885398.2021809,THERM,0,motor_temp,C,38.757
1769885398.253456,ADC2,0,bus_voltage,V,12.438
1769885398.304755,ADC1,0,servo_1,A,1.388
1769885398.3554368,THERM,0,motor_temp,C,38.351
1769885398.4062505,ADC2,0,bus_voltage,V,10.504
1769885398.456952,ADC1,0,servo_1,A,1.913
1769885398.5075912,ADC1,1,servo_2,A,1.714
1769885398.5586867,ADC1,1,servo_2,A,1.391
1769885398.6094189,ADC1,0,servo_1,A,0.389
1769885398.6601474,ADC1,0,servo_1,A,1.663
1769885398.7109752,ADC2,0,bus_voltage,V,12.052
1769885398.7620106,ADC2,0,bus_voltage,V,11.906
1769885398.8127594,ADC1,1,servo_2,A,1.241
1769885398.863701,THERM,0,motor_temp,C,54.56
1769885398.918003,ADC1,1,servo_2,A,2.287
1769885398.9689457,THERM,0,motor_temp,C,63.734
1769885399.0262058,THERM,0,motor_temp,C,28.345
1769885399.0765991,THERM,0,motor_temp,C,31.473
1769885399.1272511,ADC2,0,bus_voltage,V,11.754
1769885399.1829722,ADC2,0,bus_voltage,V,11.332
1769885399.2336261,ADC2,0,bus_voltage,V,11.777
1769885399.2841363,ADC1,0,servo_1,A,2.016
1769885399.334533,ADC1,0,servo_1,A,0.628
1769885399.385938,ADC2,0,bus_voltage,V,12.283
1769885399.437431,THERM,0,motor_temp,C,49.235
1769885399.488799,THERM,0,motor_temp,C,68.251
1769885399.5397804,THERM,0,motor_temp,C,63.183
1769885399.5906692,ADC1,1,servo_2,A,2.42
1769885399.6414635,ADC1,0,servo_1,A,0.51
1769885399.7039373,ADC2,0,bus_voltage,V,10.347
1769885399.75535,ADC1,0,servo_1,A,1.972
1769885399.8063047,ADC1,0,servo_1,A,0.313
1769885399.8566692,ADC2,0,bus_voltage,V,10.024
1769885399.9072058,THERM,0,motor_temp,C,56.696
1769885399.9581993,ADC1,0,servo_1,A,1.388
1769885400.0129158,THERM,0,motor_temp,C,45.047
1769885400.0709078,THERM,0,motor_temp,C,42.814
1769885400.1281383,THERM,0,motor_temp,C,41.833
1769885400.1828017,ADC1,0,servo_1,A,1.306
1769885400.2335312,ADC2,0,bus_voltage,V,10.832
1769885400.284103,ADC1,0,servo_1,A,0.76
1769885400.3385572,ADC1,1,servo_2,A,0.368
1769885400.3894432,ADC1,0,servo_1,A,1.174
1769885400.4401479,ADC1,1,servo_2,A,0.223
1769885400.4906158,ADC1,0,servo_1,A,2.237
1769885400.541608,ADC1,0,servo_1,A,0.945
1769885400.5925856,ADC1,1,servo_2,A,0.333
1769885400.643074,ADC1,0,servo_1,A,2.109
1769885400.694415,ADC2,0,bus_voltage,V,10.254
1769885400.745839,ADC1,0,servo_1,A,1.314
1769885400.7989118,THERM,0,motor_temp,C,35.861
1769885400.8498125,THERM,0,motor_temp,C,29.424
1769885400.9003313,ADC1,0,servo_1,A,0.94
1769885400.9509408,ADC1,0,servo_1,A,2.224
1769885401.0017674,ADC1,1,servo_2,A,0.639
1769885401.0527687,ADC2,0,bus_voltage,V,11.299
1769885401.1034403,ADC1,1,servo_2,A,1.071
1769885401.15399,THERM,0,motor_temp,C,65.261
1769885401.204496,THERM,0,motor_temp,C,62.168
1769885401.2552903,THERM,0,motor_temp,C,57.025
1769885401.3063488,ADC2,0,bus_voltage,V,10.893
1769885401.357155,THERM,0,motor_temp,C,52.586
1769885401.4081604,ADC1,0,servo_1,A,2.058
1769885401.4589987,ADC2,0,bus_voltage,V,10.664
1769885401.510418,ADC1,0,servo_1,A,1.879
1769885401.561699,THERM,0,motor_temp,C,54.189
1769885401.612398,ADC2,0,bus_voltage,V,10.037
1769885401.664517,THERM,0,motor_temp,C,56.654
1769885401.715236,ADC1,1,servo_2,A,2.126
1769885401.7678452,ADC1,1,servo_2,A,0.863
1769885401.8188388,ADC1,0,servo_1,A,1.128
1769885401.8699484,ADC2,0,bus_voltage,V,10.23
1769885401.920839,ADC2,0,bus_voltage,V,10.355
1769885401.9714735,ADC1,1,servo_2,A,1.758
1769885402.0222135,ADC1,0,servo_1,A,0.729
1769885402.072976,THERM,0,motor_temp,C,53.09
1769885402.124143,THERM,0,motor_temp,C,51.307
1769885402.174595,ADC1,1,servo_2,A,1.994
1769885402.2252123,ADC1,0,servo_1,A,1.363
1769885402.2758217,ADC1,0,servo_1,A,1.398
1769885402.327337,ADC1,1,servo_2,A,0.345
1769885402.3782384,ADC2,0,bus_voltage,V,12.202
1769885402.4291792,ADC1,1,servo_2,A,1.763
1769885402.4801745,ADC2,0,bus_voltage,V,10.843
1769885402.5319963,THERM,0,motor_temp,C,63.967
1769885402.582983,ADC1,0,servo_1,A,0.741
1769885402.6334162,ADC1,0,servo_1,A,1.581
1769885402.684083,ADC2,0,bus_voltage,V,12.111
1769885402.7349515,ADC1,0,servo_1,A,0.951
1769885402.7861137,ADC1,1,servo_2,A,0.94
1769885402.836869,ADC2,0,bus_voltage,V,12.256
1769885402.8881233,ADC1,0,servo_1,A,0.925
1769885402.9391985,THERM,0,motor_temp,C,61.791
1769885402.9902492,ADC1,1,servo_2,A,2.308
1769885403.0411196,ADC1,0,servo_1,A,0.357
1769885403.0915403,THERM,0,motor_temp,C,49.875
1769885403.1421707,THERM,0,motor_temp,C,47.422
1769885403.1930056,ADC2,0,bus_voltage,V,10.075
1769885403.2436378,ADC1,1,servo_2,A,0.971
1769885403.2944498,ADC2,0,bus_voltage,V,12.597
1769885403.345035,THERM,0,motor_temp,C,28.516
1769885403.3956888,THERM,0,motor_temp,C,41.913
1769885403.4464927,ADC1,0,servo_1,A,0.672
1769885403.497296,THERM,0,motor_temp,C,69.618
1769885403.5478795,THERM,0,motor_temp,C,40.312
1769885403.5995147,ADC1,1,servo_2,A,1.205
1769885403.650121,ADC2,0,bus_voltage,V,11.706
1769885403.7009027,ADC2,0,bus_voltage,V,11.059
1769885403.7516413,ADC1,1,servo_2,A,2.238
1769885403.8024075,THERM,0,motor_temp,C,33.791
1769885403.854702,ADC1,0,servo_1,A,1.501
1769885403.9053254,ADC1,0,servo_1,A,1.958
1769885403.9557056,ADC2,0,bus_voltage,V,11.167
1769885404.006532,ADC1,1,servo_2,A,1.112
1769885404.057144,THERM,0,motor_temp,C,41.482
1769885404.1078901,ADC1,1,servo_2,A,1.246
1769885404.158331,THERM,0,motor_temp,C,63.452
1769885404.2095888,THERM,0,motor_temp,C,48.594
1769885404.260548,ADC1,1,servo_2,A,1.703
1769885404.3124573,ADC1,1,servo_2,A,1.454
1769885404.3631978,ADC1,1,servo_2,A,0.953
1769885404.4148188,THERM,0,motor_temp,C,41.742
1769885404.4653108,ADC1,1,servo_2,A,1.807
1769885404.5159373,ADC1,1,servo_2,A,2.003
1769885404.566602,ADC1,0,servo_1,A,0.569
1769885404.6170697,ADC1,0,servo_1,A,1.246
1769885404.6674786,ADC2,0,bus_voltage,V,11.344
1769885404.7184248,THERM,0,motor_temp,C,31.222
1769885404.7688475,ADC1,1,servo_2,A,2.341
1769885404.8194902,ADC1,0,servo_1,A,0.503
1769885404.870527,ADC1,0,servo_1,A,1.734
1769885404.9212458,ADC2,0,bus_voltage,V,12.248
1769885404.97207,THERM,0,motor_temp,C,58.634
1769885405.022901,ADC1,0,servo_1,A,0.416
1769885405.073623,ADC2,0,bus_voltage,V,10.167
1769885405.1244745,ADC2,0,bus_voltage,V,10.606
1769885405.1755168,ADC1,1,servo_2,A,0.578
1769885405.226085,ADC2,0,bus_voltage,V,12.539
1769885405.2765934,ADC1,0,servo_1,A,0.745
1769885405.3275795,ADC1,1,servo_2,A,1.26
1769885405.3781369,ADC1,1,servo_2,A,1.8
1769885405.4288654,ADC1,0,servo_1,A,2.256
1769885405.4797719,THERM,0,motor_temp,C,54.066
1769885405.531649,ADC2,0,bus_voltage,V,10.832
1769885405.582489,ADC1,0,servo_1,A,1.587
1769885405.6332457,THERM,0,motor_temp,C,44.117
1769885405.6840196,THERM,0,motor_temp,C,26.058
1769885405.7350333,ADC1,0,servo_1,A,1.931
1769885405.785763,ADC1,1,servo_2,A,2.493
1769885405.8363895,ADC2,0,bus_voltage,V,10.729
1769885405.887312,ADC1,1,servo_2,A,2.071
1769885405.9378421,THERM,0,motor_temp,C,25.212
1769885405.9882522,ADC2,0,bus_voltage,V,11.39
1769885406.038898,ADC1,0,servo_1,A,0.47
1769885406.089479,ADC1,1,servo_2,A,2.055
1769885406.140063,ADC1,0,servo_1,A,2.012
1769885406.190742,THERM,0,motor_temp,C,54.547
1769885406.2415469,ADC1,0,servo_1,A,0.966
1769885406.292001,ADC2,0,bus_voltage,V,11.579
1769885406.3426983,ADC1,1,servo_2,A,1.696
1769885406.393325,ADC1,0,servo_1,A,1.554
1769885406.4438782,ADC2,0,bus_voltage,V,12.13
1769885406.4944932,THERM,0,motor_temp,C,45.955
1769885406.5453043,THERM,0,motor_temp,C,31.284
1769885406.5960534,ADC2,0,bus_voltage,V,11.285
1769885406.6465359,ADC1,0,servo_1,A,1.037
1769885406.6972418,ADC1,1,servo_2,A,1.757
1769885406.7480245,THERM,0,motor_temp,C,40.352
1769885406.798607,THERM,0,motor_temp,C,29.528
1769885406.8489957,THERM,0,motor_temp,C,25.78
1769885406.899542,ADC2,0,bus_voltage,V,10.448
1769885406.9503279,THERM,0,motor_temp,C,54.708
1769885407.001228,ADC1,0,servo_1,A,2.283
1769885407.0520968,THERM,0,motor_temp,C,61.802
1769885407.1025567,ADC2,0,bus_voltage,V,11.217
1769885407.153048,ADC2,0,bus_voltage,V,12.424
1769885407.2035618,ADC2,0,bus_voltage,V,11.724
1769885407.2538824,ADC1,1,servo_2,A,0.382
1769885407.3042886,ADC1,1,servo_2,A,1.93
1769885407.3551354,ADC2,0,bus_voltage,V,11.128
1769885407.4057307,ADC1,1,servo_2,A,1.124
1769885407.456419,ADC1,0,servo_1,A,2.041
1769885407.5068657,ADC1,1,servo_2,A,0.512
1769885407.5576272,ADC1,1,servo_2,A,2.297
1769885407.608365,ADC1,1,servo_2,A,0.428
1769885407.6587088,THERM,0,motor_temp,C,53.634
1769885407.7091334,ADC1,1,servo_2,A,0.234
1769885407.7597842,ADC1,1,servo_2,A,1.045
1769885407.8101835,THERM,0,motor_temp,C,28.496
1769885407.8608131,ADC1,1,servo_2,A,1.515
1769885407.9116278,ADC2,0,bus_voltage,V,11.363
1769885407.9625406,ADC1,0,servo_1,A,0.297
1769885408.0130255,ADC1,1,servo_2,A,2.214
1769885408.0655,ADC1,1,servo_2,A,2.35
1769885408.116197,ADC1,1,servo_2,A,2.163
1769885408.1667738,ADC2,0,bus_voltage,V,11.885
1769885408.2175002,ADC2,0,bus_voltage,V,11.661
1769885408.2684188,ADC1,1,servo_2,A,1.481
1769885408.3189614,ADC1,1,servo_2,A,2.401
1769885408.3701284,ADC1,0,servo_1,A,1.827
1769885408.4210718,ADC1,1,servo_2,A,2.118
1769885408.4749079,ADC2,0,bus_voltage,V,10.275
1769885408.5345557,ADC1,0,servo_1,A,1.333
1769885408.5852032,ADC1,1,servo_2,A,1.892
1769885408.6449077,ADC1,0,servo_1,A,1.931
1769885408.6956558,ADC2,0,bus_voltage,V,11.917
1769885408.746092,ADC1,1,servo_2,A,1.558
1769885408.7969887,ADC1,0,servo_1,A,0.715
1769885408.849011,ADC2,0,bus_voltage,V,12.125
1769885408.9027867,ADC1,1,servo_2,A,0.644
1769885408.968042,ADC1,1,servo_2,A,1.78
1769885409.0187674,ADC2,0,bus_voltage,V,10.147
1769885409.0692189,ADC2,0,bus_voltage,V,11.752
1769885409.1197236,THERM,0,motor_temp,C,31.213
1769885409.1707258,ADC1,1,servo_2,A,1.22
1769885409.221985,ADC1,1,servo_2,A,2.391
1769885409.2727482,THERM,0,motor_temp,C,32.722
1769885409.3249311,ADC1,1,servo_2,A,0.605
1769885409.37606,ADC1,1,servo_2,A,1.716
1769885409.4268787,ADC1,1,servo_2,A,1.13
1769885409.477561,ADC1,0,servo_1,A,2.341
1769885409.5282886,ADC2,0,bus_voltage,V,12.067
1769885409.586174,ADC1,0,servo_1,A,2.45
1769885409.6368172,THERM,0,motor_temp,C,36.041
1769885409.6878088,ADC1,1,servo_2,A,1.613
1769885409.7383115,ADC1,1,servo_2,A,2.357
1769885409.7891169,ADC1,0,servo_1,A,2.362
1769885409.8463545,ADC1,0,servo_1,A,1.917
1769885409.8979013,ADC1,0,servo_1,A,1.246
1769885409.9486394,ADC1,1,servo_2,A,0.901
1769885409.9989946,THERM,0,motor_temp,C,58.714
1769885410.04941,ADC1,0,servo_1,A,2.438
1769885410.10014,ADC1,1,servo_2,A,2.013
1769885410.1507308,ADC2,0,bus_voltage,V,12.249
1769885410.2011874,ADC1,1,servo_2,A,1.08
1769885410.2520187,ADC1,1,servo_2,A,1.987
1769885410.3028817,ADC1,1,servo_2,A,0.834
1769885410.353795,ADC1,0,servo_1,A,2.484
1769885410.4049454,THERM,0,motor_temp,C,44.154
1769885410.4555368,ADC1,0,servo_1,A,0.957
1769885410.5064237,ADC1,1,servo_2,A,2.458
1769885410.5573838,ADC1,0,servo_1,A,0.733
1769885410.6086733,ADC1,0,servo_1,A,1.827
1769885410.6606987,ADC2,0,bus_voltage,V,10.104
1769885410.7121396,THERM,0,motor_temp,C,46.333
1769885410.7639914,ADC1,0,servo_1,A,0.647
1769885410.8275976,THERM,0,motor_temp,C,26.01
1769885410.8784266,ADC1,1,servo_2,A,0.632
1769885410.928879,ADC2,0,bus_voltage,V,11.504
1769885410.9792721,THERM,0,motor_temp,C,32.633
1769885411.0332265,ADC2,0,bus_voltage,V,10.218
1769885411.0850163,THERM,0,motor_temp,C,40.069
1769885411.1360722,THERM,0,motor_temp,C,30.865
1769885411.1869686,ADC1,1,servo_2,A,1.793
1769885411.23791,THERM,0,motor_temp,C,32.763
1769885411.2886653,ADC2,0,bus_voltage,V,12.328
1769885411.357212,ADC1,0,servo_1,A,0.687
1769885411.4084084,ADC1,0,servo_1,A,0.714
1769885411.4590247,ADC1,0,servo_1,A,2.331
1769885411.5097454,ADC1,0,servo_1,A,1.947
1769885411.5602689,ADC1,0,servo_1,A,1.954
1769885411.6112132,ADC2,0,bus_voltage,V,10.855
1769885411.6620543,ADC2,0,bus_voltage,V,11.188
1769885411.7135077,THERM,0,motor_temp,C,37.662
1769885411.7643278,THERM,0,motor_temp,C,45.798
1769885411.8154757,ADC1,1,servo_2,A,0.588
1769885411.866091,THERM,0,motor_temp,C,45.992
1769885411.916804,THERM,0,motor_temp,C,45.736
1769885411.9673188,THERM,0,motor_temp,C,61.818
1769885412.0182514,ADC1,0,servo_1,A,0.785
1769885412.0688865,ADC1,0,servo_1,A,0.961
1769885412.11944,THERM,0,motor_temp,C,45.403
1769885412.1703966,ADC1,1,servo_2,A,0.435
1769885412.2216196,THERM,0,motor_temp,C,27.038
1769885412.2722495,THERM,0,motor_temp,C,54.396
1769885412.323022,ADC1,1,servo_2,A,1.056
1769885412.3735251,THERM,0,motor_temp,C,69.354
1769885412.4243956,ADC1,1,servo_2,A,0.249
1769885412.4748914,ADC1,1,servo_2,A,0.785
1769885412.5253015,ADC2,0,bus_voltage,V,11.496
1769885412.575826,ADC2,0,bus_voltage,V,12.497
1769885412.626438,ADC2,0,bus_voltage,V,11.837
1769885412.6768525,ADC1,1,servo_2,A,1.181
1769885412.7273695,ADC2,0,bus_voltage,V,10.554
1769885412.7782233,ADC2,0,bus_voltage,V,11.893
1769885412.828709,ADC2,0,bus_voltage,V,12.23
1769885412.8792725,ADC1,1,servo_2,A,2.319
1769885412.9298441,THERM,0,motor_temp,C,48.77
1769885412.9807923,ADC1,1,servo_2,A,2.299
1769885413.0316157,ADC1,0,servo_1,A,0.303
1769885413.0821452,ADC2,0,bus_voltage,V,10.625
1769885413.13305,THERM,0,motor_temp,C,47.289
1769885413.183918,ADC1,0,servo_1,A,2.131
1769885413.2347527,ADC1,0,servo_1,A,0.923
1769885413.2851303,ADC1,1,servo_2,A,1.44
1769885413.335688,ADC1,1,servo_2,A,1.092
1769885413.3866112,THERM,0,motor_temp,C,60.03
1769885413.4374046,THERM,0,motor_temp,C,32.329
1769885413.4880304,ADC1,1,servo_2,A,1.772
1769885413.5385249,ADC2,0,bus_voltage,V,11.126
1769885413.5889795,ADC1,0,servo_1,A,2.419
1769885413.6394308,ADC1,0,servo_1,A,0.997
1769885413.6903772,ADC1,0,servo_1,A,0.484
1769885413.7412174,THERM,0,motor_temp,C,43.483
1769885413.7922053,ADC2,0,bus_voltage,V,10.308
1769885413.8430371,ADC1,0,servo_1,A,0.955
1769885413.8937147,THERM,0,motor_temp,C,42.344
1769885413.9444754,THERM,0,motor_temp,C,59.214
1769885413.9956179,ADC2,0,bus_voltage,V,12.478
1769885414.0464804,ADC2,0,bus_voltage,V,11.094
1769885414.0990467,THERM,0,motor_temp,C,45.672
1769885414.1498215,ADC1,0,servo_1,A,0.404
1769885414.2003837,ADC1,1,servo_2,A,0.385
1769885414.2509155,ADC1,0,servo_1,A,0.944
1769885414.3019161,ADC1,0,servo_1,A,0.329
1769885414.3524435,ADC1,1,servo_2,A,0.318
1769885414.4031272,ADC1,1,servo_2,A,1.717
1769885414.4542687,THERM,0,motor_temp,C,35.336
1769885414.50501,ADC2,0,bus_voltage,V,11.937
1769885414.5559483,ADC1,1,servo_2,A,1.352
1769885414.6066656,THERM,0,motor_temp,C,40.332
1769885414.6574473,THERM,0,motor_temp,C,60.274
1769885414.7085092,ADC1,1,servo_2,A,0.738
1769885414.7694447,THERM,0,motor_temp,C,54.399
1769885414.8226132,THERM,0,motor_temp,C,29.122
1769885414.874153,ADC1,1,servo_2,A,0.761
1769885414.9248626,ADC1,0,servo_1,A,1.546
1769885414.9756684,ADC2,0,bus_voltage,V,11.514
1769885415.02626,ADC2,0,bus_voltage,V,10.847
1769885415.0772736,ADC1,1,servo_2,A,1.799
1769885415.130839,ADC1,0,servo_1,A,2.198
1769885415.1827443,ADC2,0,bus_voltage,V,11.198
1769885415.2335546,ADC1,1,servo_2,A,1.363
1769885415.2844634,ADC2,0,bus_voltage,V,11.751
1769885415.3353646,ADC2,0,bus_voltage,V,11.421
1769885415.385966,ADC1,1,servo_2,A,1.988
1769885415.436557,ADC2,0,bus_voltage,V,10.999
1769885415.4882498,ADC1,1,servo_2,A,0.816
1769885415.5393038,ADC1,0,servo_1,A,1.898
1769885415.589881,ADC1,1,servo_2,A,0.304
1769885415.6406832,ADC1,1,servo_2,A,1.37
1769885415.6912816,ADC1,1,servo_2,A,1.882
1769885415.741949,THERM,0,motor_temp,C,42.663
1769885415.7924871,THERM,0,motor_temp,C,42.479
1769885415.8434305,ADC1,0,servo_1,A,1.281
1769885415.894094,ADC1,1,servo_2,A,1.072
1769885415.945237,ADC2,0,bus_voltage,V,12.345
1769885415.9961178,ADC1,1,servo_2,A,0.483
1769885416.0509398,ADC2,0,bus_voltage,V,11.315
1769885416.1160176,ADC1,1,servo_2,A,0.338
1769885416.1665194,ADC1,0,servo_1,A,0.348
1769885416.2173173,ADC2,0,bus_voltage,V,11.477
1769885416.2681317,ADC1,0,servo_1,A,2.105
1769885416.3186758,THERM,0,motor_temp,C,44.302
1769885416.36975,THERM,0,motor_temp,C,58.067
1769885416.4210725,ADC1,1,servo_2,A,1.486
1769885416.4854186,ADC1,1,servo_2,A,0.828
1769885416.5366077,ADC1,0,servo_1,A,1.136
1769885416.587463,ADC1,1,servo_2,A,0.328
1769885416.640082,ADC1,1,servo_2,A,0.234
1769885416.6913052,ADC1,0,servo_1,A,2.098
1769885416.742005,THERM,0,motor_temp,C,67.552
1769885416.7932131,ADC1,0,servo_1,A,0.418
1769885416.844759,ADC2,0,bus_voltage,V,12.499
1769885416.8956182,THERM,0,motor_temp,C,30.579
1769885416.9463515,ADC1,0,servo_1,A,0.89
1769885416.9997904,ADC2,0,bus_voltage,V,12.106
1769885417.050535,ADC1,1,servo_2,A,0.817
1769885417.101023,ADC1,0,servo_1,A,0.833
1769885417.1517982,ADC1,0,servo_1,A,1.179
1769885417.202583,THERM,0,motor_temp,C,59.441
1769885417.253043,ADC1,0,servo_1,A,2.273
1769885417.3091087,THERM,0,motor_temp,C,43.267
1769885417.3607643,ADC1,0,servo_1,A,1.184
1769885417.4116344,THERM,0,motor_temp,C,29.664
1769885417.4625578,ADC1,1,servo_2,A,1.049
1769885417.5142083,ADC1,0,servo_1,A,2.11
1769885417.565153,ADC1,0,servo_1,A,2.099
1769885417.6167593,ADC2,0,bus_voltage,V,10.121
1769885417.6725307,THERM,0,motor_temp,C,68.37
1769885417.7256858,ADC2,0,bus_voltage,V,10.157
1769885417.7759547,ADC2,0,bus_voltage,V,10.801
1769885417.8271482,THERM,0,motor_temp,C,56.158
1769885417.8777316,THERM,0,motor_temp,C,48.754
1769885417.9287393,ADC1,1,servo_2,A,2.411
1769885417.9797964,THERM,0,motor_temp,C,59.647
1769885418.0459352,THERM,0,motor_temp,C,33.086
1769885418.0982249,ADC2,0,bus_voltage,V,11.845
1769885418.149322,ADC1,1,servo_2,A,0.716
1769885418.2013626,ADC1,1,servo_2,A,1.532
1769885418.252111,ADC2,0,bus_voltage,V,11.198
1769885418.3029845,ADC1,1,servo_2,A,0.493
1769885418.3535528,ADC1,0,servo_1,A,2.004
1769885418.4041584,ADC1,1,servo_2,A,1.057
1769885418.4550598,ADC1,0,servo_1,A,1.051
1769885418.5057523,ADC1,0,servo_1,A,1.217
1769885418.55653,ADC2,0,bus_voltage,V,10.924
1769885418.607434,ADC1,1,servo_2,A,1.013
1769885418.658129,ADC1,0,servo_1,A,1.433
1769885418.709051,ADC2,0,bus_voltage,V,10.891
1769885418.759581,THERM,0,motor_temp,C,63.028
1769885418.8100348,ADC2,0,bus_voltage,V,10.183
1769885418.8608742,ADC1,0,servo_1,A,2.235
1769885418.9113493,THERM,0,motor_temp,C,63.921
1769885418.9620638,ADC1,0,servo_1,A,0.351
1769885419.0137784,ADC2,0,bus_voltage,V,12.122
1769885419.0642903,ADC2,0,bus_voltage,V,10.129
1769885419.1153536,THERM,0,motor_temp,C,51.626
1769885419.1663578,THERM,0,motor_temp,C,41.662
1769885419.218141,THERM,0,motor_temp,C,60.097
1769885419.268837,THERM,0,motor_temp,C,69.033
1769885419.3198726,THERM,0,motor_temp,C,35.628
1769885419.3705454,ADC2,0,bus_voltage,V,11.368
1769885419.4216073,THERM,0,motor_temp,C,54.769
1769885419.4747083,ADC1,1,servo_2,A,1.986
1769885419.5257566,THERM,0,motor_temp,C,59.9
1769885419.5766907,ADC1,1,servo_2,A,0.776
1769885419.640122,ADC1,0,servo_1,A,2.384
1769885419.692023,THERM,0,motor_temp,C,29.811
1769885419.7429578,ADC1,0,servo_1,A,2.076
1769885419.7933786,ADC1,1,servo_2,A,2.22
1769885419.8457692,ADC1,0,servo_1,A,0.49
1769885419.896777,ADC1,1,servo_2,A,0.52
1769885419.94753,THERM,0,motor_temp,C,55.745
1769885419.9978445,ADC1,0,servo_1,A,1.206
1769885420.0484214,ADC1,1,servo_2,A,1.96
1769885420.0990496,THERM,0,motor_temp,C,35.727
1769885420.1498778,ADC2,0,bus_voltage,V,10.163
1769885420.2007008,ADC2,0,bus_voltage,V,12.023
1769885420.2522647,THERM,0,motor_temp,C,35.138
1769885420.3027606,ADC2,0,bus_voltage,V,10.976
1769885420.3551276,ADC2,0,bus_voltage,V,10.087
1769885420.4059932,ADC1,1,servo_2,A,0.817
1769885420.4569635,THERM,0,motor_temp,C,34.505
1769885420.5077906,ADC1,0,servo_1,A,1.531
1769885420.5584657,ADC1,1,servo_2,A,1.337
1769885420.6105952,ADC1,1,servo_2,A,0.311
1769885420.6609986,ADC1,0,servo_1,A,0.566
1769885420.7114549,THERM,0,motor_temp,C,54.817
1769885420.7621102,ADC2,0,bus_voltage,V,12.045
1769885420.8124936,ADC1,1,servo_2,A,2.429
1769885420.8634489,ADC1,1,servo_2,A,0.869
1769885420.9141152,ADC1,0,servo_1,A,0.699
1769885420.9646869,THERM,0,motor_temp,C,30.026
1769885421.015075,ADC1,1,servo_2,A,0.662
1769885421.0661135,ADC1,0,servo_1,A,1.183
1769885421.116904,THERM,0,motor_temp,C,59.039
1769885421.1674662,THERM,0,motor_temp,C,28.294
1769885421.2179375,ADC1,1,servo_2,A,0.314
1769885421.268551,ADC1,0,servo_1,A,2.161
1769885421.3189683,ADC2,0,bus_voltage,V,11.305
1769885421.3696082,ADC1,0,servo_1,A,1.355
1769885421.420375,ADC2,0,bus_voltage,V,12.511
1769885421.4710345,ADC1,1,servo_2,A,1.351
1769885421.522111,THERM,0,motor_temp,C,64.257
1769885421.5725236,ADC1,0,servo_1,A,0.906
1769885421.622976,ADC1,0,servo_1,A,2.212
1769885421.6754794,THERM,0,motor_temp,C,50.126
1769885421.7266998,THERM,0,motor_temp,C,54.759
1769885421.7775028,ADC2,0,bus_voltage,V,12.242
1769885421.8282619,ADC1,0,servo_1,A,1.797
1769885421.8794057,ADC2,0,bus_voltage,V,11.727
1769885421.9298866,ADC1,1,servo_2,A,0.802
1769885421.9805343,ADC1,1,servo_2,A,0.397
1769885422.0312889,THERM,0,motor_temp,C,63.977
1769885422.082081,THERM,0,motor_temp,C,41.163
1769885422.1327527,ADC1,0,servo_1,A,0.993
1769885422.1832745,THERM,0,motor_temp,C,63.599
1769885422.2340055,THERM,0,motor_temp,C,52.463
1769885422.2846313,ADC1,1,servo_2,A,1.744
1769885422.3351483,ADC2,0,bus_voltage,V,12.498
1769885422.386,ADC1,0,servo_1,A,0.466
1769885422.4365184,ADC1,0,servo_1,A,2.462
1769885422.4869354,ADC2,0,bus_voltage,V,12.149
1769885422.5374799,ADC1,0,servo_1,A,1.016
1769885422.5882466,THERM,0,motor_temp,C,64.736
1769885422.6388028,ADC2,0,bus_voltage,V,12.527
1769885422.6894379,ADC1,1,servo_2,A,1.459
1769885422.740148,THERM,0,motor_temp,C,39.623
1769885422.7906287,ADC1,0,servo_1,A,0.671
1769885422.8413265,THERM,0,motor_temp,C,66.373
1769885422.891698,ADC2,0,bus_voltage,V,12.075
1769885422.9424527,THERM,0,motor_temp,C,69.843
1769885422.9932003,ADC1,0,servo_1,A,0.555
1769885423.0438662,ADC1,1,servo_2,A,1.453
1769885423.094674,THERM,0,motor_temp,C,51.572
1769885423.1453846,ADC2,0,bus_voltage,V,10.457
1769885423.1961632,THERM,0,motor_temp,C,42.353
1769885423.2468846,ADC1,1,servo_2,A,0.478
1769885423.297874,ADC2,0,bus_voltage,V,10.445
1769885423.3484719,ADC1,1,servo_2,A,0.23
1769885423.3994284,ADC1,0,servo_1,A,1.109
1769885423.4501553,THERM,0,motor_temp,C,56.215
1769885423.5007637,THERM,0,motor_temp,C,37.531
1769885423.5514195,THERM,0,motor_temp,C,42.239
1769885423.6023545,ADC1,1,servo_2,A,1.447
1769885423.653209,ADC1,1,servo_2,A,0.954
1769885423.7040124,ADC2,0,bus_voltage,V,11.799
1769885423.7548964,ADC1,1,servo_2,A,0.898
1769885423.8055508,ADC1,0,servo_1,A,0.522
1769885423.8561378,THERM,0,motor_temp,C,26.986
1769885423.906791,THERM,0,motor_temp,C,54.508
1769885423.957617,ADC1,1,servo_2,A,0.516
1769885424.0083337,ADC2,0,bus_voltage,V,10.698
1769885424.0590217,THERM,0,motor_temp,C,56.001
1769885424.1097891,ADC1,0,servo_1,A,1.782
1769885424.1602378,ADC1,1,servo_2,A,2.068
1769885424.210878,ADC1,0,servo_1,A,0.403
1769885424.26151,THERM,0,motor_temp,C,37.237
1769885424.3124385,ADC1,0,servo_1,A,0.634
1769885424.362874,ADC2,0,bus_voltage,V,11.02
1769885424.4135866,ADC2,0,bus_voltage,V,11.072
1769885424.4640827,ADC1,0,servo_1,A,1.451
1769885424.5145988,ADC1,0,servo_1,A,2.246
1769885424.5651531,THERM,0,motor_temp,C,62.115
1769885424.615917,ADC2,0,bus_voltage,V,10.079
1769885424.6667275,THERM,0,motor_temp,C,31.214
1769885424.7173684,ADC1,0,servo_1,A,1.067
1769885424.7681687,THERM,0,motor_temp,C,42.978
1769885424.8187404,THERM,0,motor_temp,C,39.713
1769885424.869312,ADC1,0,servo_1,A,2.285
1769885424.919776,ADC1,1,servo_2,A,1.768
1769885424.9701645,ADC1,1,servo_2,A,1.489
1769885425.0206685,ADC1,1,servo_2,A,0.21
1769885425.071173,ADC1,1,servo_2,A,1.601
1769885425.1216147,ADC1,1,servo_2,A,0.319
1769885425.1721933,THERM,0,motor_temp,C,55.183
1769885425.223006,ADC1,1,servo_2,A,2.013
1769885425.2735243,ADC1,1,servo_2,A,1.397
1769885425.3243976,THERM,0,motor_temp,C,44.863
1769885425.3749542,ADC2,0,bus_voltage,V,12.303
1769885425.4255457,ADC1,0,servo_1,A,1.864
1769885425.476353,ADC1,1,servo_2,A,0.798
1769885425.5269763,ADC1,0,servo_1,A,1.492
1769885425.5774045,ADC1,1,servo_2,A,1.723
1769885425.6282153,THERM,0,motor_temp,C,31.678
1769885425.6790283,ADC1,0,servo_1,A,0.427
1769885425.7295125,ADC2,0,bus_voltage,V,11.952
1769885425.7802358,ADC1,1,servo_2,A,2.317
1769885425.8307562,ADC1,1,servo_2,A,0.312
1769885425.8816462,ADC2,0,bus_voltage,V,11.456
1769885425.932221,ADC2,0,bus_voltage,V,11.301
1769885425.982787,ADC1,1,servo_2,A,2.318
1769885426.0331903,ADC2,0,bus_voltage,V,10.65
1769885426.0840163,ADC1,1,servo_2,A,1.311
1769885426.1346781,ADC1,0,servo_1,A,1.481
1769885426.1852903,ADC1,1,servo_2,A,1.479
1769885426.2359917,THERM,0,motor_temp,C,41.068
1769885426.2866502,THERM,0,motor_temp,C,52.993
1769885426.3372955,THERM,0,motor_temp,C,69.355
1769885426.3878014,THERM,0,motor_temp,C,64.84
1769885426.4385798,ADC2,0,bus_voltage,V,11.39
1769885426.4893053,ADC2,0,bus_voltage,V,10.049
1769885426.5403738,ADC1,1,servo_2,A,0.669
1769885426.5910745,ADC1,0,servo_1,A,1.427
1769885426.641648,ADC1,0,servo_1,A,2.23
1769885426.6923172,ADC1,1,servo_2,A,1.821
1769885426.7430174,ADC1,0,servo_1,A,0.867
1769885426.793808,ADC1,1,servo_2,A,1.152
1769885426.8465269,ADC2,0,bus_voltage,V,10.786
1769885426.897756,ADC1,0,servo_1,A,1.292
1769885426.9484532,THERM,0,motor_temp,C,58.926
1769885426.9990456,ADC2,0,bus_voltage,V,12.102
1769885427.0495865,ADC1,0,servo_1,A,0.462
1769885427.1002257,ADC1,1,servo_2,A,1.3
1769885427.1508975,ADC1,0,servo_1,A,1.81
1769885427.2018652,ADC1,1,servo_2,A,0.818
1769885427.252625,ADC1,0,servo_1,A,0.553
1769885427.3033571,ADC1,0,servo_1,A,2.32
1769885427.3546653,ADC1,0,servo_1,A,0.742
1769885427.405684,ADC1,1,servo_2,A,2.193
1769885427.4563391,ADC2,0,bus_voltage,V,10.045
1769885427.5069973,THERM,0,motor_temp,C,41.439
1769885427.5573044,ADC2,0,bus_voltage,V,10.958
1769885427.6079638,ADC1,0,servo_1,A,1.855
1769885427.6586623,ADC2,0,bus_voltage,V,12.445
1769885427.7094097,ADC1,1,servo_2,A,2.475
1769885427.760851,ADC1,1,servo_2,A,1.161
1769885427.811786,ADC1,0,servo_1,A,1.901
1769885427.8628101,ADC2,0,bus_voltage,V,11.911
1769885427.9135535,ADC1,0,servo_1,A,0.628
1769885427.9644027,ADC2,0,bus_voltage,V,10.516
1769885428.0151196,ADC1,0,servo_1,A,2.007
1769885428.066106,ADC1,0,servo_1,A,0.884
1769885428.1167085,ADC1,1,servo_2,A,0.355
1769885428.167665,THERM,0,motor_temp,C,50.902
1769885428.2184598,ADC1,0,servo_1,A,2.343
1769885428.268903,ADC2,0,bus_voltage,V,10.307
1769885428.3197985,ADC1,1,servo_2,A,2.088
1769885428.371632,ADC1,0,servo_1,A,0.493
1769885428.422247,THERM,0,motor_temp,C,61.792
1769885428.4729486,ADC1,1,servo_2,A,0.803
1769885428.5232766,ADC1,0,servo_1,A,0.639
1769885428.5738862,ADC1,0,servo_1,A,1.693
1769885428.6246061,THERM,0,motor_temp,C,66.761
1769885428.6752646,THERM,0,motor_temp,C,52.915
1769885428.7260923,THERM,0,motor_temp,C,32.082
1769885428.7768662,ADC1,0,servo_1,A,1.923
1769885428.8276808,ADC1,0,servo_1,A,1.731
1769885428.8784082,ADC1,1,servo_2,A,0.502
1769885428.9292982,THERM,0,motor_temp,C,60.133
1769885428.9800477,THERM,0,motor_temp,C,61.997
1769885429.0307434,ADC1,1,servo_2,A,1.961
1769885429.0813463,ADC1,1,servo_2,A,1.715
1769885429.1317616,THERM,0,motor_temp,C,32.427
1769885429.1827013,THERM,0,motor_temp,C,53.201
1769885429.2333963,THERM,0,motor_temp,C,36.072
1769885429.2840729,ADC2,0,bus_voltage,V,10.122
1769885429.334561,ADC2,0,bus_voltage,V,11.557
1769885429.3852015,ADC2,0,bus_voltage,V,11.58
1769885429.4357576,ADC1,1,servo_2,A,2.372
1769885429.4865098,THERM,0,motor_temp,C,38.945
1769885429.5372758,ADC1,0,servo_1,A,2.352
1769885429.5876374,ADC1,1,servo_2,A,0.429
1769885429.6382496,THERM,0,motor_temp,C,63.42
1769885429.6890717,ADC1,0,servo_1,A,1.069
1769885429.7398155,ADC1,1,servo_2,A,1.634
1769885429.7905955,ADC2,0,bus_voltage,V,10.59
1769885429.842912,ADC2,0,bus_voltage,V,11.257
1769885429.8946798,ADC1,1,servo_2,A,0.788
1769885429.945544,THERM,0,motor_temp,C,53.777
1769885429.996012,ADC1,0,servo_1,A,1.19
1769885430.0466812,THERM,0,motor_temp,C,26.905
1769885430.097345,ADC1,0,servo_1,A,1.343
1769885430.14805,ADC2,0,bus_voltage,V,11.483
1769885430.198544,THERM,0,motor_temp,C,48.21
1769885430.249067,ADC1,1,servo_2,A,0.591
1769885430.299735,ADC1,1,servo_2,A,0.803
1769885430.3556166,ADC2,0,bus_voltage,V,11.613
1769885430.40713,ADC2,0,bus_voltage,V,11.366
1769885430.4579659,THERM,0,motor_temp,C,30.204
1769885430.5088732,ADC1,0,servo_1,A,1.888
1769885430.559812,ADC1,1,servo_2,A,0.292
1769885430.6106632,THERM,0,motor_temp,C,53.737
1769885430.6613402,ADC1,0,servo_1,A,2.36
1769885430.7127035,ADC1,1,servo_2,A,1.733
1769885430.7632668,ADC1,1,servo_2,A,1.893
1769885430.814782,THERM,0,motor_temp,C,43.779
1769885430.8657784,ADC1,0,servo_1,A,1.672
1769885430.916761,THERM,0,motor_temp,C,37.55
1769885430.967615,ADC1,1,servo_2,A,0.343
1769885431.0182862,ADC1,1,servo_2,A,1.91
1769885431.0689456,ADC1,0,servo_1,A,2.074
1769885431.1193867,ADC1,0,servo_1,A,1.448
1769885431.1702578,ADC1,1,servo_2,A,0.509
1769885431.2208784,ADC1,1,servo_2,A,2.161
1769885431.2713907,ADC1,0,servo_1,A,1.906
1769885431.3217998,ADC2,0,bus_voltage,V,10.485
1769885431.372594,THERM,0,motor_temp,C,51.747
1769885431.4229925,THERM,0,motor_temp,C,26.524
1769885431.474181,THERM,0,motor_temp,C,57.756
1769885431.5267322,THERM,0,motor_temp,C,38.397
1769885431.5773396,THERM,0,motor_temp,C,29.277
1769885431.627781,THERM,0,motor_temp,C,37.997
1769885431.6782706,ADC1,1,servo_2,A,1.05
1769885431.7288768,ADC1,1,servo_2,A,0.449
1769885431.780011,ADC1,0,servo_1,A,0.339
1769885431.8308547,ADC2,0,bus_voltage,V,11.611
1769885431.8815117,THERM,0,motor_temp,C,43.163
1769885431.932008,ADC1,0,servo_1,A,1.582
1769885431.9826832,ADC2,0,bus_voltage,V,10.332
1769885432.0331185,ADC1,0,servo_1,A,0.654
1769885432.0836868,ADC2,0,bus_voltage,V,10.052
1769885432.134207,ADC1,0,servo_1,A,2.05
1769885432.1846411,ADC2,0,bus_voltage,V,12.507
1769885432.235367,ADC2,0,bus_voltage,V,10.645
1769885432.285938,ADC1,0,servo_1,A,1.427
1769885432.3367534,ADC1,1,servo_2,A,0.654
1769885432.3875892,ADC2,0,bus_voltage,V,11.242
1769885432.4383833,ADC1,0,servo_1,A,2.276
1769885432.4895008,ADC2,0,bus_voltage,V,11.765
1769885432.5401692,ADC1,1,servo_2,A,1.787
1769885432.5914109,ADC1,1,servo_2,A,1.619
1769885432.6420684,ADC2,0,bus_voltage,V,10.636
1769885432.6958673,ADC1,0,servo_1,A,0.718
1769885432.7467508,ADC2,0,bus_voltage,V,10.758
1769885432.7976553,ADC1,1,servo_2,A,0.886
1769885432.8482146,ADC1,1,servo_2,A,2.28
1769885432.899039,THERM,0,motor_temp,C,68.48
1769885432.9499314,ADC1,0,servo_1,A,0.69
1769885433.0008686,THERM,0,motor_temp,C,34.109
1769885433.0517063,ADC1,1,servo_2,A,0.992
1769885433.1021028,ADC1,0,servo_1,A,0.414
1769885433.1533456,ADC1,1,servo_2,A,1.316
1769885433.2041101,THERM,0,motor_temp,C,55.72
1769885433.2546349,ADC1,0,servo_1,A,0.367
1769885433.3051643,ADC2,0,bus_voltage,V,10.62
1769885433.355979,ADC1,0,servo_1,A,1.767
1769885433.4064732,ADC1,1,servo_2,A,0.626
1769885433.457099,ADC1,1,servo_2,A,0.587
1769885433.5076709,THERM,0,motor_temp,C,52.938
1769885433.5581558,ADC1,0,servo_1,A,2.166
1769885433.6087863,ADC1,1,servo_2,A,0.542
1769885433.6594763,ADC2,0,bus_voltage,V,10.076
1769885433.709855,ADC1,1,servo_2,A,0.654
1769885433.7603676,ADC1,1,servo_2,A,0.771
1769885433.8108797,ADC1,0,servo_1,A,2.092
1769885433.861516,ADC1,1,servo_2,A,1.633
1769885433.91193,THERM,0,motor_temp,C,41.313
1769885433.962648,ADC1,1,servo_2,A,1.143
1769885434.0129802,ADC2,0,bus_voltage,V,10.318
1769885434.0635583,THERM,0,motor_temp,C,49.334
1769885434.1140847,ADC2,0,bus_voltage,V,10.062
1769885434.1644185,ADC1,0,servo_1,A,1.301
1769885434.2150605,ADC1,0,servo_1,A,1.438
1769885434.2657778,ADC1,1,servo_2,A,2.22
1769885434.3164861,ADC2,0,bus_voltage,V,11.256
1769885434.3670328,ADC1,1,servo_2,A,2.414
1769885434.4176438,ADC2,0,bus_voltage,V,10.568
1769885434.468248,ADC1,0,servo_1,A,0.976
1769885434.5187962,THERM,0,motor_temp,C,34.55
1769885434.569518,ADC2,0,bus_voltage,V,10.939
1769885434.62191,ADC1,1,servo_2,A,1.212
1769885434.6727412,ADC1,0,servo_1,A,1.663
1769885434.7233858,THERM,0,motor_temp,C,34.4
1769885434.774278,THERM,0,motor_temp,C,57.068
1769885434.8246202,ADC2,0,bus_voltage,V,12.37
1769885434.875324,ADC1,1,servo_2,A,0.778
1769885434.9262407,ADC1,0,servo_1,A,0.998
1769885434.976936,THERM,0,motor_temp,C,51.124
1769885435.027702,ADC1,1,servo_2,A,0.447
1769885435.078189,THERM,0,motor_temp,C,63.927
1769885435.1285732,ADC1,1,servo_2,A,1.126
1769885435.179155,ADC2,0,bus_voltage,V,11.807
1769885435.2295048,ADC2,0,bus_voltage,V,10.78
1769885435.2801943,ADC2,0,bus_voltage,V,10.048
1769885435.3313837,THERM,0,motor_temp,C,40.85
1769885435.3824992,ADC1,1,servo_2,A,1.559
1769885435.4334538,THERM,0,motor_temp,C,25.848
1769885435.4841902,ADC1,1,servo_2,A,2.257
1769885435.5349228,THERM,0,motor_temp,C,27.665
1769885435.5857575,THERM,0,motor_temp,C,41.785
1769885435.6365528,THERM,0,motor_temp,C,44.795
1769885435.6870441,THERM,0,motor_temp,C,50.131
1769885435.737775,THERM,0,motor_temp,C,48.437
1769885435.788623,ADC1,0,servo_1,A,2.365
1769885435.8396099,ADC1,1,servo_2,A,1.031
1769885435.8905137,ADC1,1,servo_2,A,2.012
1769885435.9410582,ADC1,0,servo_1,A,1.581
1769885435.9917834,THERM,0,motor_temp,C,55.384
1769885436.0424984,ADC2,0,bus_voltage,V,10.748
1769885436.093228,ADC2,0,bus_voltage,V,10.129
1769885436.1441526,ADC2,0,bus_voltage,V,11.083
1769885436.1948738,ADC2,0,bus_voltage,V,10.043
1769885436.2457075,THERM,0,motor_temp,C,69.818
1769885436.2963603,ADC1,1,servo_2,A,0.417
1769885436.3470936,ADC1,1,servo_2,A,1.396
1769885436.397873,THERM,0,motor_temp,C,55.355
1769885436.4487085,ADC1,0,servo_1,A,1.392
1769885436.499307,THERM,0,motor_temp,C,49.621
1769885436.5501082,ADC2,0,bus_voltage,V,10.566
1769885436.6006813,ADC1,0,servo_1,A,2.304
1769885436.6513114,ADC2,0,bus_voltage,V,12.008
1769885436.7018363,THERM,0,motor_temp,C,40.242
1769885436.7526321,ADC2,0,bus_voltage,V,11.878
1769885436.8034973,ADC1,1,servo_2,A,0.311
1769885436.854126,ADC2,0,bus_voltage,V,10.183
1769885436.9047601,ADC2,0,bus_voltage,V,12.594
1769885436.955463,ADC1,1,servo_2,A,1.489
1769885437.0061908,ADC2,0,bus_voltage,V,10.29
1769885437.0569966,ADC1,0,servo_1,A,1.865
1769885437.1075566,THERM,0,motor_temp,C,39.688
1769885437.1582592,THERM,0,motor_temp,C,52.712
1769885437.2089436,THERM,0,motor_temp,C,32.739
1769885437.2595599,ADC1,1,servo_2,A,0.57
1769885437.310114,ADC1,1,servo_2,A,1.527
1769885437.3607929,ADC1,1,servo_2,A,1.892
1769885437.4118485,ADC2,0,bus_voltage,V,10.885
1769885437.462451,THERM,0,motor_temp,C,37.522
1769885437.5131881,ADC1,0,servo_1,A,0.501
1769885437.5636864,ADC1,1,servo_2,A,1.319
1769885437.6141627,ADC1,0,servo_1,A,1.977
1769885437.6649005,ADC2,0,bus_voltage,V,10.207
1769885437.715612,ADC1,1,servo_2,A,1.01
1769885437.7665493,ADC1,1,servo_2,A,1.166
1769885437.817038,ADC2,0,bus_voltage,V,11.413
1769885437.8673964,ADC1,0,servo_1,A,1.552
1769885437.9181173,THERM,0,motor_temp,C,47.033
1769885437.9686003,THERM,0,motor_temp,C,54.115
1769885438.019155,ADC2,0,bus_voltage,V,10.275
1769885438.0702531,ADC1,0,servo_1,A,1.033
1769885438.1207771,ADC1,0,servo_1,A,0.656
1769885438.1716342,ADC1,1,servo_2,A,2.436
1769885438.222363,ADC1,1,servo_2,A,0.441
1769885438.2732298,ADC1,1,servo_2,A,1.369
1769885438.3238878,ADC2,0,bus_voltage,V,10.03
1769885438.3745449,THERM,0,motor_temp,C,35.0
1769885438.425035,ADC1,0,servo_1,A,0.431
1769885438.4760604,ADC2,0,bus_voltage,V,10.404
1769885438.5264406,ADC1,0,servo_1,A,2.29
1769885438.5768976,THERM,0,motor_temp,C,27.579
1769885438.627678,THERM,0,motor_temp,C,68.645
1769885438.6780562,THERM,0,motor_temp,C,39.915
1769885438.7289975,ADC1,1,servo_2,A,1.205
1769885438.779751,ADC2,0,bus_voltage,V,12.349
1769885438.8301685,ADC1,1,servo_2,A,2.468
1769885438.880699,ADC2,0,bus_voltage,V,12.039
1769885438.9311965,ADC2,0,bus_voltage,V,10.913
1769885438.9820945,THERM,0,motor_temp,C,25.64
1769885439.0326765,ADC1,0,servo_1,A,1.362
1769885439.083489,THERM,0,motor_temp,C,49.035
1769885439.1343298,THERM,0,motor_temp,C,63.816
1769885439.1846745,THERM,0,motor_temp,C,33.146
1769885439.2351158,ADC1,1,servo_2,A,1.342
1769885439.2857525,THERM,0,motor_temp,C,30.723
1769885439.3368833,THERM,0,motor_temp,C,56.019
1769885439.3878329,THERM,0,motor_temp,C,49.173
1769885439.438388,ADC1,0,servo_1,A,0.475
1769885439.4893174,ADC1,1,servo_2,A,1.039
1769885439.5401704,ADC1,0,servo_1,A,0.323
1769885439.5909526,THERM,0,motor_temp,C,60.81
1769885439.6417172,ADC1,1,servo_2,A,0.626
1769885439.6925964,ADC1,0,servo_1,A,2.311
1769885439.7430487,ADC1,0,servo_1,A,1.668
1769885439.7937465,ADC1,1,servo_2,A,0.234
1769885439.8448708,ADC1,0,servo_1,A,0.889
1769885439.8953664,THERM,0,motor_temp,C,51.565
1769885439.9462438,ADC1,1,servo_2,A,1.347
1769885439.9969358,THERM,0,motor_temp,C,30.567
1769885440.0479426,ADC1,0,servo_1,A,1.82
1769885440.0986056,ADC1,1,servo_2,A,1.879
1769885440.1491048,ADC1,1,servo_2,A,2.296
1769885440.199542,ADC1,0,servo_1,A,1.706
1769885440.2503695,THERM,0,motor_temp,C,26.649
1769885440.3010015,THERM,0,motor_temp,C,68.931
1769885440.351875,ADC2,0,bus_voltage,V,10.109
1769885440.402575,THERM,0,motor_temp,C,57.116
1769885440.4534988,ADC1,0,servo_1,A,1.557
1769885440.5038943,ADC1,0,servo_1,A,2.245
1769885440.5542493,ADC1,0,servo_1,A,0.548
1769885440.604948,ADC1,0,servo_1,A,0.757
1769885440.6559675,ADC1,0,servo_1,A,0.948
1769885440.7069373,THERM,0,motor_temp,C,37.284
1769885440.757442,ADC1,0,servo_1,A,2.312
1769885440.8099456,ADC2,0,bus_voltage,V,10.964
1769885440.8609338,ADC1,1,servo_2,A,1.637
1769885440.911693,ADC1,1,servo_2,A,1.647
1769885440.9623444,ADC1,1,servo_2,A,1.129
1769885441.0134509,ADC1,1,servo_2,A,1.44
1769885441.064259,THERM,0,motor_temp,C,59.69
1769885441.1148028,ADC1,1,servo_2,A,0.603
1769885441.1663315,THERM,0,motor_temp,C,43.334
1769885441.21728,ADC1,1,servo_2,A,0.687
1769885441.26812,ADC1,1,servo_2,A,1.5
1769885441.3187332,ADC2,0,bus_voltage,V,11.58
1769885441.3692164,THERM,0,motor_temp,C,59.842
1769885441.4196339,ADC2,0,bus_voltage,V,10.804
1769885441.4703345,ADC1,1,servo_2,A,0.547
1769885441.5209415,ADC1,0,servo_1,A,0.315
1769885441.5714974,ADC1,0,servo_1,A,0.729
1769885441.6221435,ADC1,0,servo_1,A,2.431
1769885441.672468,ADC2,0,bus_voltage,V,12.083
1769885441.7232409,THERM,0,motor_temp,C,54.479
1769885441.7752502,ADC1,1,servo_2,A,0.486
1769885441.8260264,ADC2,0,bus_voltage,V,11.545
1769885441.8765826,THERM,0,motor_temp,C,44.753
1769885441.9275973,ADC2,0,bus_voltage,V,12.475
1769885441.9783607,ADC1,0,servo_1,A,0.572
1769885442.0294187,ADC2,0,bus_voltage,V,10.611
1769885442.079963,ADC1,1,servo_2,A,1.859
1769885442.1305752,ADC2,0,bus_voltage,V,10.345
1769885442.180993,ADC1,1,servo_2,A,0.662
1769885442.2316425,THERM,0,motor_temp,C,53.782
1769885442.282387,ADC1,0,servo_1,A,2.48
1769885442.3329756,ADC1,0,servo_1,A,1.488
1769885442.3834736,ADC1,0,servo_1,A,0.377
1769885442.434177,ADC1,0,servo_1,A,0.384
1769885442.485375,ADC2,0,bus_voltage,V,10.83
1769885442.5358703,ADC2,0,bus_voltage,V,11.492
1769885442.5869753,ADC1,1,servo_2,A,0.871
1769885442.637605,ADC2,0,bus_voltage,V,10.347
1769885442.6888266,THERM,0,motor_temp,C,28.816
1769885442.7394307,THERM,0,motor_temp,C,60.84
1769885442.7901576,ADC1,1,servo_2,A,1.781
1769885442.8409228,THERM,0,motor_temp,C,66.206
1769885442.8916526,ADC1,0,servo_1,A,1.753
1769885442.9425366,THERM,0,motor_temp,C,55.969
1769885442.9936144,ADC2,0,bus_voltage,V,12.134
1769885443.0443678,THERM,0,motor_temp,C,58.534
1769885443.0955608,ADC1,1,servo_2,A,1.666
1769885443.1460845,ADC1,0,servo_1,A,1.68
1769885443.1966574,THERM,0,motor_temp,C,45.275
1769885443.2471926,THERM,0,motor_temp,C,64.557
1769885443.297885,THERM,0,motor_temp,C,35.214
1769885443.3484313,ADC2,0,bus_voltage,V,12.212
1769885443.3992836,THERM,0,motor_temp,C,34.181
1769885443.4501586,ADC1,1,servo_2,A,0.493
1769885443.5009995,ADC1,1,servo_2,A,1.028
1769885443.551835,THERM,0,motor_temp,C,44.397
1769885443.602892,THERM,0,motor_temp,C,51.544
1769885443.654205,ADC2,0,bus_voltage,V,10.771
1769885443.718317,ADC1,0,servo_1,A,1.362
1769885443.768966,ADC1,1,servo_2,A,0.323
1769885443.8195782,ADC1,1,servo_2,A,1.44
1769885443.8702812,ADC2,0,bus_voltage,V,10.846
1769885443.9206886,ADC2,0,bus_voltage,V,11.815
1769885443.9711666,ADC2,0,bus_voltage,V,11.204
1769885444.0218852,THERM,0,motor_temp,C,45.957
1769885444.0723932,ADC1,0,servo_1,A,1.855
1769885444.122844,ADC2,0,bus_voltage,V,10.97
1769885444.174095,THERM,0,motor_temp,C,54.168
1769885444.2248673,ADC2,0,bus_voltage,V,10.301
1769885444.2753866,ADC1,1,servo_2,A,0.28
1769885444.3258314,ADC2,0,bus_voltage,V,11.699
1769885444.3816285,ADC1,0,servo_1,A,1.825
1769885444.4323204,ADC2,0,bus_voltage,V,11.494
1769885444.4828064,ADC2,0,bus_voltage,V,10.968
1769885444.5336075,THERM,0,motor_temp,C,44.198
1769885444.583906,ADC1,1,servo_2,A,0.534
1769885444.6344686,ADC1,1,servo_2,A,2.407
1769885444.6851604,ADC1,1,servo_2,A,0.87
1769885444.7378292,ADC2,0,bus_voltage,V,10.186
1769885444.788699,ADC1,0,servo_1,A,2.176
1769885444.8406098,ADC2,0,bus_voltage,V,11.81
1769885444.89096,ADC1,0,servo_1,A,0.512
1769885444.9417312,THERM,0,motor_temp,C,35.723
1769885444.992691,ADC1,0,servo_1,A,0.334
1769885445.0433543,ADC2,0,bus_voltage,V,10.549
1769885445.09404,THERM,0,motor_temp,C,69.014
1769885445.1447303,ADC1,1,servo_2,A,0.256
1769885445.195562,ADC1,1,servo_2,A,1.933
1769885445.2461789,ADC1,1,servo_2,A,0.785
1769885445.2967505,ADC1,0,servo_1,A,2.03
1769885445.3490245,ADC1,1,servo_2,A,0.263
1769885445.3997593,THERM,0,motor_temp,C,68.845
1769885445.4503658,ADC1,1,servo_2,A,2.027
1769885445.5008862,ADC1,0,servo_1,A,1.746
1769885445.5514638,ADC1,1,servo_2,A,0.436
1769885445.6023562,THERM,0,motor_temp,C,58.757
1769885445.6530645,ADC1,0,servo_1,A,2.024
1769885445.7040107,ADC2,0,bus_voltage,V,10.783
1769885445.75464,THERM,0,motor_temp,C,63.009
1769885445.8054447,THERM,0,motor_temp,C,42.186
1769885445.856373,THERM,0,motor_temp,C,44.038
1769885445.9070337,ADC2,0,bus_voltage,V,12.435
1769885445.9577606,ADC2,0,bus_voltage,V,10.881
1769885446.0083697,ADC2,0,bus_voltage,V,10.656
1769885446.0591733,ADC1,0,servo_1,A,1.194
1769885446.1099305,ADC2,0,bus_voltage,V,11.549
1769885446.1614013,ADC1,1,servo_2,A,0.547
1769885446.212336,ADC2,0,bus_voltage,V,11.375
1769885446.2631636,ADC2,0,bus_voltage,V,11.539
1769885446.3140943,THERM,0,motor_temp,C,49.007
1769885446.3648555,THERM,0,motor_temp,C,29.891
1769885446.4154477,ADC1,0,servo_1,A,1.175
1769885446.466064,ADC1,0,servo_1,A,1.773
1769885446.5168607,THERM,0,motor_temp,C,41.424
1769885446.5676355,ADC1,0,servo_1,A,1.231
1769885446.6186965,ADC2,0,bus_voltage,V,11.515
1769885446.6694398,ADC1,0,servo_1,A,2.133
1769885446.720123,ADC1,1,servo_2,A,1.152
1769885446.77069,ADC1,0,servo_1,A,2.266
1769885446.8212254,ADC2,0,bus_voltage,V,12.536
1769885446.8719094,THERM,0,motor_temp,C,64.943
1769885446.9225671,ADC1,1,servo_2,A,2.127
1769885446.9732773,ADC2,0,bus_voltage,V,10.51
1769885447.024095,THERM,0,motor_temp,C,27.434
1769885447.0746095,ADC1,1,servo_2,A,0.371
1769885447.1254337,ADC1,1,servo_2,A,1.805
1769885447.176079,THERM,0,motor_temp,C,46.101
1769885447.226588,THERM,0,motor_temp,C,29.038
1769885447.2771537,THERM,0,motor_temp,C,61.149
1769885447.327965,ADC2,0,bus_voltage,V,10.776
1769885447.3786933,ADC1,0,servo_1,A,1.159
1769885447.4292178,THERM,0,motor_temp,C,49.238
1769885447.479817,ADC2,0,bus_voltage,V,10.992
1769885447.5303717,THERM,0,motor_temp,C,32.6
1769885447.5811398,ADC2,0,bus_voltage,V,11.8
1769885447.6321278,ADC2,0,bus_voltage,V,12.15
1769885447.6833403,ADC1,0,servo_1,A,1.631
1769885447.7343426,ADC2,0,bus_voltage,V,11.121
1769885447.7853193,ADC1,1,servo_2,A,1.034
1769885447.8415773,ADC1,0,servo_1,A,0.868
1769885447.892511,ADC2,0,bus_voltage,V,10.625
1769885447.9431455,ADC1,0,servo_1,A,1.593
1769885447.9936228,ADC2,0,bus_voltage,V,11.057
1769885448.044486,ADC1,0,servo_1,A,1.297
1769885448.0955327,ADC1,0,servo_1,A,2.157
1769885448.1462533,ADC2,0,bus_voltage,V,11.327
1769885448.196988,ADC1,0,servo_1,A,2.115
1769885448.2479928,THERM,0,motor_temp,C,62.193
1769885448.2989862,ADC1,1,servo_2,A,1.476
1769885448.3500655,ADC1,0,servo_1,A,1.581
1769885448.4004877,THERM,0,motor_temp,C,31.715
1769885448.451402,ADC1,0,servo_1,A,0.449
1769885448.501927,ADC1,0,servo_1,A,0.526
1769885448.5531003,ADC1,1,servo_2,A,2.49
1769885448.6037524,ADC2,0,bus_voltage,V,12.347
1769885448.6545413,THERM,0,motor_temp,C,62.96
1769885448.7050982,ADC2,0,bus_voltage,V,12.455
1769885448.7556272,THERM,0,motor_temp,C,64.193
1769885448.8062918,ADC1,1,servo_2,A,0.967
1769885448.8565845,ADC1,0,servo_1,A,0.939
1769885448.9071774,ADC1,1,servo_2,A,1.041
1769885448.9580102,THERM,0,motor_temp,C,55.444
1769885449.0088332,ADC1,1,servo_2,A,0.508
1769885449.0596921,THERM,0,motor_temp,C,52.754
1769885449.1103556,THERM,0,motor_temp,C,31.316
1769885449.1608841,THERM,0,motor_temp,C,27.53
1769885449.2116008,ADC1,0,servo_1,A,1.922
1769885449.2623756,ADC2,0,bus_voltage,V,12.378
1769885449.3131218,ADC1,1,servo_2,A,2.376
1769885449.3635442,ADC2,0,bus_voltage,V,11.137
1769885449.4143932,ADC1,1,servo_2,A,1.627
1769885449.465344,ADC1,1,servo_2,A,1.412
1769885449.5158901,THERM,0,motor_temp,C,52.872
1769885449.569553,THERM,0,motor_temp,C,42.722
1769885449.6204364,ADC1,0,servo_1,A,2.005
1769885449.6713362,ADC1,0,servo_1,A,0.406
1769885449.7218575,THERM,0,motor_temp,C,41.927
1769885449.7727292,ADC1,0,servo_1,A,2.262
1769885449.823454,ADC1,1,servo_2,A,1.713
1769885449.8740559,ADC2,0,bus_voltage,V,12.046
1769885449.9249997,THERM,0,motor_temp,C,41.213
1769885449.9753506,ADC1,0,servo_1,A,0.686
1769885450.0257943,ADC1,1,servo_2,A,1.577
1769885450.0763683,THERM,0,motor_temp,C,43.016
1769885450.1272388,ADC1,1,servo_2,A,1.045
1769885450.177721,ADC1,0,servo_1,A,1.73
1769885450.228302,ADC1,1,servo_2,A,2.241
1769885450.278902,ADC1,0,servo_1,A,0.783
1769885450.3293557,ADC1,0,servo_1,A,1.425
1769885450.380245,ADC2,0,bus_voltage,V,11.812
1769885450.4311256,THERM,0,motor_temp,C,29.3
1769885450.4822607,ADC1,0,servo_1,A,0.987
1769885450.5327454,ADC2,0,bus_voltage,V,12.008
1769885450.5832796,ADC1,1,servo_2,A,1.498
1769885450.6339333,ADC2,0,bus_voltage,V,10.819
1769885450.6845317,ADC1,0,servo_1,A,0.416
1769885450.7354226,ADC1,0,servo_1,A,0.684
1769885450.786269,ADC1,0,servo_1,A,0.239
1769885450.8370845,THERM,0,motor_temp,C,25.569
1769885450.8876858,ADC1,0,servo_1,A,1.436
1769885450.9383688,THERM,0,motor_temp,C,60.143
1769885450.9889438,ADC2,0,bus_voltage,V,10.829
1769885451.0397184,ADC2,0,bus_voltage,V,10.397
1769885451.090171,ADC2,0,bus_voltage,V,12.14
1769885451.1409783,ADC1,0,servo_1,A,0.283
1769885451.192043,ADC1,1,servo_2,A,1.324
1769885451.2426825,THERM,0,motor_temp,C,40.203
1769885451.2936392,THERM,0,motor_temp,C,39.943
1769885451.3439531,ADC2,0,bus_voltage,V,10.954
1769885451.3943818,ADC1,1,servo_2,A,0.906
1769885451.4446647,ADC2,0,bus_voltage,V,11.291
1769885451.4955006,ADC1,1,servo_2,A,0.503
1769885451.545968,THERM,0,motor_temp,C,32.39
1769885451.5962322,ADC1,0,servo_1,A,1.163
1769885451.6467407,ADC2,0,bus_voltage,V,11.559
1769885451.697446,ADC1,0,servo_1,A,2.225
1769885451.7479165,ADC1,0,servo_1,A,1.454
1769885451.7984357,ADC1,1,servo_2,A,2.13
1769885451.8487928,ADC1,0,servo_1,A,1.757
1769885451.8998742,ADC1,1,servo_2,A,2.25
1769885451.9511323,ADC1,0,servo_1,A,2.401
1769885452.0023112,ADC1,0,servo_1,A,1.92
1769885452.053042,ADC1,1,servo_2,A,1.062
1769885452.1039133,ADC1,0,servo_1,A,2.07
1769885452.155374,ADC1,1,servo_2,A,2.27
1769885452.2062016,THERM,0,motor_temp,C,30.879
1769885452.257741,ADC1,0,servo_1,A,0.669
1769885452.3087556,ADC1,1,servo_2,A,2.33
1769885452.3595078,ADC1,0,servo_1,A,0.527
1769885452.4099667,THERM,0,motor_temp,C,43.707
1769885452.4609053,ADC1,1,servo_2,A,1.172
1769885452.5116286,THERM,0,motor_temp,C,53.558
1769885452.5620408,ADC2,0,bus_voltage,V,11.249
1769885452.6126761,ADC1,0,servo_1,A,0.821
1769885452.6632318,THERM,0,motor_temp,C,36.497
1769885452.7152042,ADC1,0,servo_1,A,0.501
1769885452.7656682,ADC1,0,servo_1,A,2.345
1769885452.816454,THERM,0,motor_temp,C,32.305
1769885452.866958,THERM,0,motor_temp,C,40.059
1769885452.9173493,ADC1,0,servo_1,A,0.48
1769885452.968127,ADC1,0,servo_1,A,2.308
1769885453.0188448,ADC1,0,servo_1,A,1.277
1769885453.0693238,THERM,0,motor_temp,C,64.176
1769885453.1199076,ADC1,1,servo_2,A,0.527
1769885453.1703925,ADC2,0,bus_voltage,V,11.261
1769885453.2213185,THERM,0,motor_temp,C,57.313
1769885453.2716787,ADC2,0,bus_voltage,V,11.635
1769885453.3227277,ADC1,1,servo_2,A,1.308
1769885453.3733742,ADC1,0,servo_1,A,2.03
1769885453.4240823,ADC1,1,servo_2,A,0.721
1769885453.4745536,ADC1,0,servo_1,A,0.443
1769885453.5251365,ADC1,1,servo_2,A,2.073
1769885453.5758057,ADC1,1,servo_2,A,1.833
1769885453.6266372,ADC2,0,bus_voltage,V,10.888
1769885453.6781175,ADC1,0,servo_1,A,2.243
1769885453.7286694,ADC2,0,bus_voltage,V,12.548
1769885453.7793372,ADC2,0,bus_voltage,V,11.348
1769885453.8301458,ADC2,0,bus_voltage,V,10.544
1769885453.8806922,ADC1,0,servo_1,A,1.015
1769885453.9312036,THERM,0,motor_temp,C,51.557
1769885453.981789,ADC1,0,servo_1,A,2.308
1769885454.0325632,ADC2,0,bus_voltage,V,10.214
1769885454.0837636,ADC1,1,servo_2,A,1.499
1769885454.1345322,THERM,0,motor_temp,C,27.977
1769885454.185485,ADC2,0,bus_voltage,V,11.872
1769885454.2369158,ADC1,1,servo_2,A,2.284
1769885454.2877557,THERM,0,motor_temp,C,33.433
1769885454.3385558,ADC1,0,servo_1,A,2.309
1769885454.3895187,ADC1,1,servo_2,A,0.505
1769885454.4405146,THERM,0,motor_temp,C,33.951
1769885454.4913416,ADC2,0,bus_voltage,V,11.074
1769885454.5420568,ADC1,0,servo_1,A,1.956
1769885454.5928495,ADC1,1,servo_2,A,0.561
1769885454.643477,ADC1,0,servo_1,A,0.356
1769885454.693944,ADC1,0,servo_1,A,0.604
1769885454.744639,ADC1,0,servo_1,A,2.247
1769885454.7951,ADC1,0,servo_1,A,0.317
1769885454.8458593,THERM,0,motor_temp,C,50.14
1769885454.8963335,THERM,0,motor_temp,C,47.4
1769885454.9469519,ADC1,0,servo_1,A,2.102
1769885454.997379,ADC1,0,servo_1,A,1.909
1769885455.0481799,THERM,0,motor_temp,C,49.631
1769885455.0990634,ADC2,0,bus_voltage,V,11.623
1769885455.1497495,ADC1,1,servo_2,A,1.873
1769885455.2005453,ADC1,0,servo_1,A,0.375
1769885455.2510123,ADC2,0,bus_voltage,V,12.275
1769885455.301546,THERM,0,motor_temp,C,66.441
1769885455.3522444,ADC2,0,bus_voltage,V,10.497
1769885455.402712,ADC1,1,servo_2,A,1.373
1769885455.453315,ADC1,1,servo_2,A,2.116
1769885455.5039942,ADC2,0,bus_voltage,V,10.941
1769885455.554437,THERM,0,motor_temp,C,38.024
1769885455.6052303,ADC1,1,servo_2,A,0.823
1769885455.6561325,ADC1,1,servo_2,A,1.024
1769885455.7069776,ADC2,0,bus_voltage,V,11.995
1769885455.7576857,ADC1,0,servo_1,A,0.783
1769885455.808102,ADC2,0,bus_voltage,V,12.235
1769885455.8587477,ADC2,0,bus_voltage,V,12.184
1769885455.9095252,ADC1,0,servo_1,A,0.927
1769885455.9601629,THERM,0,motor_temp,C,57.162
1769885456.0108798,ADC2,0,bus_voltage,V,10.043
1769885456.0612824,THERM,0,motor_temp,C,39.084
1769885456.1119285,ADC2,0,bus_voltage,V,12.178
1769885456.1627195,THERM,0,motor_temp,C,32.05
1769885456.2133987,THERM,0,motor_temp,C,31.621
1769885456.265397,ADC1,1,servo_2,A,2.049
1769885456.3176112,ADC1,0,servo_1,A,1.525
1769885456.3689165,ADC1,1,servo_2,A,1.218
1769885456.4203956,ADC1,0,servo_1,A,0.996
1769885456.4711611,THERM,0,motor_temp,C,38.101
1769885456.5219107,ADC1,1,servo_2,A,1.468
1769885456.5725377,ADC2,0,bus_voltage,V,10.84
1769885456.6233127,THERM,0,motor_temp,C,65.737
1769885456.6740193,ADC1,0,servo_1,A,1.265
1769885456.7244952,ADC1,0,servo_1,A,0.989
1769885456.7755606,ADC1,0,servo_1,A,0.63
1769885456.8262813,ADC1,0,servo_1,A,0.433
1769885456.8770132,THERM,0,motor_temp,C,29.388
1769885456.9278166,THERM,0,motor_temp,C,66.134
1769885456.9825158,ADC2,0,bus_voltage,V,12.162
1769885457.051813,ADC1,0,servo_1,A,0.479
1769885457.1027179,ADC2,0,bus_voltage,V,12.034
1769885457.153251,ADC1,0,servo_1,A,2.099
1769885457.2036612,ADC2,0,bus_voltage,V,10.617
1769885457.2543466,ADC1,1,servo_2,A,1.708
1769885457.305134,ADC1,1,servo_2,A,1.771
1769885457.3560889,ADC2,0,bus_voltage,V,12.391
1769885457.40664,THERM,0,motor_temp,C,31.864
1769885457.4574559,THERM,0,motor_temp,C,68.487
1769885457.5079362,ADC1,0,servo_1,A,0.326
1769885457.558642,ADC2,0,bus_voltage,V,11.765
1769885457.6096501,ADC1,0,servo_1,A,0.222
1769885457.660447,THERM,0,motor_temp,C,44.783
1769885457.7130425,ADC1,1,servo_2,A,1.598
1769885457.7633927,THERM,0,motor_temp,C,61.688
1769885457.814632,ADC1,1,servo_2,A,1.502
1769885457.866448,ADC1,0,servo_1,A,0.401
1769885457.9170012,THERM,0,motor_temp,C,65.816
1769885457.9676206,THERM,0,motor_temp,C,48.425
1769885458.0187335,ADC1,1,servo_2,A,2.34
1769885458.069571,ADC1,1,servo_2,A,1.333
1769885458.1205163,ADC1,0,servo_1,A,1.647
1769885458.171026,ADC1,1,servo_2,A,2.012
1769885458.2218885,ADC1,1,servo_2,A,1.438
1769885458.272435,THERM,0,motor_temp,C,35.787
1769885458.3228319,ADC2,0,bus_voltage,V,11.184
1769885458.373222,THERM,0,motor_temp,C,41.061
1769885458.4238477,ADC2,0,bus_voltage,V,11.68
1769885458.4746423,ADC1,0,servo_1,A,1.025
1769885458.5253937,ADC2,0,bus_voltage,V,12.249
1769885458.575813,ADC1,0,servo_1,A,2.261
1769885458.6266599,ADC1,1,servo_2,A,0.753
1769885458.677182,THERM,0,motor_temp,C,50.624
1769885458.727659,ADC1,0,servo_1,A,0.864
1769885458.7783644,THERM,0,motor_temp,C,40.915
1769885458.829179,ADC1,1,servo_2,A,0.651
1769885458.8796377,ADC1,0,servo_1,A,2.353
1769885458.9301841,ADC2,0,bus_voltage,V,10.492
1769885458.9812355,THERM,0,motor_temp,C,27.167
1769885459.032309,ADC1,1,servo_2,A,2.395
1769885459.0832968,ADC2,0,bus_voltage,V,12.318
1769885459.1337552,THERM,0,motor_temp,C,37.321
1769885459.184509,ADC1,0,servo_1,A,2.305
1769885459.2352347,ADC2,0,bus_voltage,V,11.497
1769885459.2856727,THERM,0,motor_temp,C,67.338
1769885459.3360965,ADC1,0,servo_1,A,0.802
1769885459.3867712,THERM,0,motor_temp,C,27.416
1769885459.4377787,ADC2,0,bus_voltage,V,11.099
1769885459.4886801,ADC2,0,bus_voltage,V,11.464
1769885459.539265,ADC1,1,servo_2,A,1.502
1769885459.590631,ADC1,1,servo_2,A,1.844
1769885459.6416898,THERM,0,motor_temp,C,28.091
1769885459.6920469,THERM,0,motor_temp,C,48.991
1769885459.7442899,ADC1,1,servo_2,A,0.512
1769885459.7975414,ADC2,0,bus_voltage,V,10.122
1769885459.849835,ADC1,0,servo_1,A,0.582
1769885459.9007444,ADC1,0,servo_1,A,2.253
1769885459.952381,THERM,0,motor_temp,C,48.511
1769885460.0045676,ADC1,0,servo_1,A,2.319
1769885460.0549066,ADC1,1,servo_2,A,0.886
1769885460.1056993,ADC1,0,servo_1,A,2.19
1769885460.156626,THERM,0,motor_temp,C,42.239
1769885460.2070942,ADC1,0,servo_1,A,1.562
1769885460.257969,ADC2,0,bus_voltage,V,11.656
1769885460.308858,ADC2,0,bus_voltage,V,10.609
1769885460.3593414,ADC1,0,servo_1,A,1.264
1769885460.4108834,THERM,0,motor_temp,C,51.616
1769885460.4726903,ADC1,1,servo_2,A,1.895
1769885460.5263362,ADC2,0,bus_voltage,V,11.891
1769885460.576882,THERM,0,motor_temp,C,36.706
1769885460.627639,ADC2,0,bus_voltage,V,10.595
1769885460.6781778,THERM,0,motor_temp,C,40.126
1769885460.72859,ADC1,1,servo_2,A,0.427
1769885460.7794333,THERM,0,motor_temp,C,66.1
1769885460.8302155,THERM,0,motor_temp,C,63.479
1769885460.8806243,ADC1,1,servo_2,A,0.651
1769885460.9311805,ADC1,1,servo_2,A,1.137
1769885460.981636,THERM,0,motor_temp,C,48.557
1769885461.0325036,ADC1,1,servo_2,A,1.083
1769885461.0829265,ADC1,1,servo_2,A,1.648
1769885461.133473,ADC1,0,servo_1,A,1.151
1769885461.1843462,ADC1,0,servo_1,A,0.237
1769885461.2349815,ADC1,1,servo_2,A,0.694
1769885461.285854,THERM,0,motor_temp,C,62.172
1769885461.3363342,THERM,0,motor_temp,C,50.97
1769885461.386932,THERM,0,motor_temp,C,65.735
1769885461.4378443,ADC2,0,bus_voltage,V,10.351
1769885461.488591,ADC1,1,servo_2,A,1.855
1769885461.5392535,ADC1,0,servo_1,A,0.711
1769885461.589865,THERM,0,motor_temp,C,39.614
1769885461.640489,ADC1,0,servo_1,A,1.562
1769885461.6934013,ADC2,0,bus_voltage,V,12.237
1769885461.744239,ADC1,0,servo_1,A,1.175
1769885461.7952092,THERM,0,motor_temp,C,36.415
1769885461.8458576,THERM,0,motor_temp,C,45.86
1769885461.8964276,ADC1,0,servo_1,A,1.65
1769885461.9470346,THERM,0,motor_temp,C,45.227
1769885461.9976878,ADC1,1,servo_2,A,1.255
1769885462.0483356,ADC1,0,servo_1,A,2.014
1769885462.0989964,ADC1,0,servo_1,A,0.783
1769885462.1496665,ADC1,0,servo_1,A,1.979
1769885462.200032,ADC1,0,servo_1,A,1.837
1769885462.250612,ADC1,1,servo_2,A,1.611
1769885462.3017774,ADC1,1,servo_2,A,2.329
1769885462.3525143,ADC1,1,servo_2,A,0.356
1769885462.4031382,ADC1,0,servo_1,A,0.232
1769885462.454303,ADC1,1,servo_2,A,1.928
1769885462.5050852,ADC2,0,bus_voltage,V,10.244
1769885462.559534,ADC1,0,servo_1,A,1.227
1769885462.61135,ADC1,1,servo_2,A,2.06
1769885462.6620603,THERM,0,motor_temp,C,53.459
1769885462.7129645,ADC1,1,servo_2,A,0.208
1769885462.764016,ADC2,0,bus_voltage,V,11.833
1769885462.81741,THERM,0,motor_temp,C,43.747
1769885462.8723352,THERM,0,motor_temp,C,63.711
1769885462.9233522,THERM,0,motor_temp,C,38.856
1769885462.9742124,ADC1,1,servo_2,A,0.915
1769885463.0251188,ADC1,1,servo_2,A,2.182
1769885463.0798533,ADC1,1,servo_2,A,2.089
1769885463.1309724,THERM,0,motor_temp,C,26.492
1769885463.1817436,THERM,0,motor_temp,C,40.575
1769885463.232422,ADC1,0,servo_1,A,0.439
1769885463.283024,ADC1,0,servo_1,A,2.389
1769885463.3334255,ADC1,1,servo_2,A,2.168
1769885463.3841782,ADC2,0,bus_voltage,V,10.125
1769885463.4351497,ADC1,0,servo_1,A,1.675
1769885463.485771,ADC1,1,servo_2,A,1.387
1769885463.5367174,ADC1,1,servo_2,A,1.954
1769885463.5879216,ADC2,0,bus_voltage,V,12.367
1769885463.63888,ADC1,1,servo_2,A,1.523
1769885463.6897824,THERM,0,motor_temp,C,57.183
1769885463.7410583,ADC1,1,servo_2,A,0.596
1769885463.7915695,ADC1,1,servo_2,A,0.501
1769885463.8421488,ADC1,1,servo_2,A,1.408
1769885463.8929677,ADC1,0,servo_1,A,0.493
1769885463.943818,ADC2,0,bus_voltage,V,10.165
1769885463.9947677,ADC2,0,bus_voltage,V,10.046
1769885464.045289,ADC1,1,servo_2,A,0.923
1769885464.0962934,ADC1,0,servo_1,A,2.327
1769885464.1467776,ADC1,1,servo_2,A,1.542
1769885464.1973133,ADC1,1,servo_2,A,2.362
1769885464.2511172,ADC1,1,servo_2,A,1.838
1769885464.3019757,ADC1,0,servo_1,A,2.071
1769885464.3528442,ADC1,0,servo_1,A,0.509
1769885464.404182,THERM,0,motor_temp,C,29.497
1769885464.455348,ADC2,0,bus_voltage,V,11.557
1769885464.5059707,ADC1,0,servo_1,A,0.703
1769885464.557089,ADC1,1,servo_2,A,0.331
1769885464.607987,ADC1,1,servo_2,A,1.261
1769885464.6588848,ADC1,0,servo_1,A,1.736
1769885464.7096589,THERM,0,motor_temp,C,37.534
1769885464.760392,ADC1,1,servo_2,A,1.577
1769885464.8108695,ADC1,0,servo_1,A,2.404
1769885464.8616974,ADC1,1,servo_2,A,1.857
1769885464.9126492,ADC2,0,bus_voltage,V,12.001
1769885464.963114,ADC1,1,servo_2,A,0.894
1769885465.0137126,ADC1,1,servo_2,A,1.604
1769885465.0669022,THERM,0,motor_temp,C,30.77
1769885465.1178563,ADC2,0,bus_voltage,V,10.252
1769885465.1684768,ADC1,0,servo_1,A,0.845
1769885465.2189794,ADC2,0,bus_voltage,V,11.613
1769885465.2755978,ADC1,0,servo_1,A,0.674
1769885465.3262308,THERM,0,motor_temp,C,53.33
1769885465.3770099,THERM,0,motor_temp,C,30.259
1769885465.4279516,THERM,0,motor_temp,C,35.859
1769885465.4783757,ADC1,1,servo_2,A,0.714
1769885465.5295017,ADC1,0,servo_1,A,0.325
1769885465.580583,ADC1,1,servo_2,A,0.631
1769885465.63104,THERM,0,motor_temp,C,62.95
1769885465.681639,ADC2,0,bus_voltage,V,11.865
1769885465.7324312,ADC2,0,bus_voltage,V,11.97
1769885465.7832282,ADC2,0,bus_voltage,V,12.375
1769885465.8338656,ADC2,0,bus_voltage,V,11.754
1769885465.8849118,ADC2,0,bus_voltage,V,12.596
1769885465.9365177,ADC2,0,bus_voltage,V,11.715
1769885465.987267,ADC2,0,bus_voltage,V,12.217
1769885466.0380766,ADC1,0,servo_1,A,1.806
1769885466.0891116,ADC1,0,servo_1,A,0.277
1769885466.1399255,ADC2,0,bus_voltage,V,11.228
1769885466.1906085,THERM,0,motor_temp,C,69.095
1769885466.24114,ADC1,1,servo_2,A,2.21
1769885466.291668,ADC1,0,servo_1,A,0.896
1769885466.342232,ADC2,0,bus_voltage,V,10.561
1769885466.3929057,ADC1,0,servo_1,A,2.344
1769885466.4437194,ADC2,0,bus_voltage,V,10.24
1769885466.494448,ADC2,0,bus_voltage,V,11.931
1769885466.5451436,THERM,0,motor_temp,C,32.189
1769885466.5957656,ADC1,1,servo_2,A,0.816
1769885466.6461678,ADC1,1,servo_2,A,1.399
1769885466.696509,ADC1,1,servo_2,A,0.694
1769885466.7472188,THERM,0,motor_temp,C,36.736
1769885466.7979858,ADC2,0,bus_voltage,V,10.11
1769885466.8484614,THERM,0,motor_temp,C,34.005
1769885466.8988938,THERM,0,motor_temp,C,33.271
1769885466.9492362,ADC1,0,servo_1,A,2.121
1769885467.0000925,ADC1,0,servo_1,A,1.767
1769885467.0505142,THERM,0,motor_temp,C,28.271
1769885467.1012504,ADC2,0,bus_voltage,V,12.531
1769885467.1518528,ADC1,1,servo_2,A,0.768
1769885467.202646,ADC1,0,servo_1,A,2.315
1769885467.2530053,THERM,0,motor_temp,C,53.398
1769885467.3038468,ADC1,1,servo_2,A,0.743
1769885467.3544302,ADC1,0,servo_1,A,0.572
1769885467.4046702,ADC1,1,servo_2,A,1.853
1769885467.4552846,ADC1,1,servo_2,A,0.492
1769885467.5056584,ADC1,0,servo_1,A,0.562
1769885467.5562804,ADC2,0,bus_voltage,V,10.84
1769885467.6070108,ADC1,0,servo_1,A,1.504
1769885467.657697,ADC2,0,bus_voltage,V,10.962
1769885467.7082684,ADC2,0,bus_voltage,V,10.965
1769885467.7592764,THERM,0,motor_temp,C,34.387
1769885467.8100882,ADC1,1,servo_2,A,1.316
1769885467.8610852,THERM,0,motor_temp,C,39.358
1769885467.9118454,ADC1,0,servo_1,A,0.639
1769885467.9623008,ADC2,0,bus_voltage,V,12.033
1769885468.0128305,ADC2,0,bus_voltage,V,11.966
1769885468.0633457,ADC1,1,servo_2,A,1.451
1769885468.114555,ADC1,1,servo_2,A,0.222
1769885468.165142,ADC1,0,servo_1,A,0.744
1769885468.2159672,ADC1,1,servo_2,A,1.529
1769885468.266287,THERM,0,motor_temp,C,67.369
1769885468.3170319,ADC1,0,servo_1,A,1.457
1769885468.3675113,ADC1,0,servo_1,A,2.03
1769885468.4182444,THERM,0,motor_temp,C,42.871
1769885468.4690104,ADC2,0,bus_voltage,V,11.657
1769885468.5194764,ADC1,1,servo_2,A,2.094
1769885468.5722935,ADC1,0,servo_1,A,1.715
1769885468.6235197,ADC2,0,bus_voltage,V,11.512
1769885468.6742837,ADC2,0,bus_voltage,V,10.853
1769885468.7248101,ADC1,0,servo_1,A,1.026
1769885468.775264,ADC1,0,servo_1,A,1.006
1769885468.8261735,THERM,0,motor_temp,C,26.023
1769885468.8770988,ADC1,0,servo_1,A,1.571
1769885468.9282544,ADC1,0,servo_1,A,1.484
1769885468.9790282,ADC2,0,bus_voltage,V,11.415
1769885469.030113,THERM,0,motor_temp,C,45.117
1769885469.0810223,ADC1,0,servo_1,A,1.166
1769885469.1321933,ADC1,1,servo_2,A,1.501
1769885469.183157,ADC2,0,bus_voltage,V,11.168
1769885469.234308,ADC1,0,servo_1,A,2.257
1769885469.2850811,ADC1,1,servo_2,A,2.125
1769885469.336684,ADC1,1,servo_2,A,0.274
1769885469.3873603,ADC1,1,servo_2,A,1.689
1769885469.437927,THERM,0,motor_temp,C,27.374
1769885469.4884682,THERM,0,motor_temp,C,64.606
1769885469.5396147,ADC1,1,servo_2,A,1.627
1769885469.590272,ADC1,1,servo_2,A,1.0
1769885469.6408994,ADC2,0,bus_voltage,V,12.078
1769885469.6914468,ADC2,0,bus_voltage,V,11.796
1769885469.74217,ADC1,1,servo_2,A,0.556
1769885469.7929142,ADC1,0,servo_1,A,1.252
1769885469.8438404,ADC1,1,servo_2,A,1.93
1769885469.8948934,ADC1,0,servo_1,A,1.413
1769885469.9458716,ADC1,0,servo_1,A,0.666
1769885469.996368,ADC2,0,bus_voltage,V,11.298
1769885470.047751,ADC1,0,servo_1,A,1.741
1769885470.0991378,THERM,0,motor_temp,C,27.068
1769885470.149912,ADC1,0,servo_1,A,1.198
1769885470.2007635,ADC1,1,servo_2,A,0.655
1769885470.2512865,ADC1,0,servo_1,A,2.39
1769885470.3020134,ADC2,0,bus_voltage,V,12.264
1769885470.3524594,THERM,0,motor_temp,C,53.056
1769885470.403784,THERM,0,motor_temp,C,33.976
1769885470.454608,ADC1,0,servo_1,A,2.259
1769885470.505168,ADC2,0,bus_voltage,V,10.681
1769885470.5555265,ADC2,0,bus_voltage,V,12.196
1769885470.6060796,ADC2,0,bus_voltage,V,12.591
1769885470.6566687,ADC2,0,bus_voltage,V,11.552
1769885470.7074473,THERM,0,motor_temp,C,25.436
1769885470.75819,ADC1,1,servo_2,A,1.03
1769885470.808727,THERM,0,motor_temp,C,46.195
1769885470.8593283,ADC2,0,bus_voltage,V,12.338
1769885470.9101553,ADC1,0,servo_1,A,1.627
1769885470.9609933,ADC1,1,servo_2,A,0.376
1769885471.0118935,THERM,0,motor_temp,C,58.832
1769885471.0726788,ADC1,1,servo_2,A,1.14
1769885471.1289852,THERM,0,motor_temp,C,62.89
1769885471.1794384,ADC1,1,servo_2,A,1.187
1769885471.2300599,ADC1,1,servo_2,A,0.629
1769885471.2813723,ADC2,0,bus_voltage,V,11.238
1769885471.3326852,ADC1,1,servo_2,A,1.582
1769885471.3835971,ADC2,0,bus_voltage,V,11.216
1769885471.4346533,ADC1,0,servo_1,A,0.602
1769885471.4854708,THERM,0,motor_temp,C,54.271
1769885471.535972,ADC1,0,servo_1,A,1.525
1769885471.5865648,ADC1,0,servo_1,A,2.365
1769885471.6372576,THERM,0,motor_temp,C,30.558
1769885471.688191,ADC2,0,bus_voltage,V,11.704
1769885471.7388296,THERM,0,motor_temp,C,30.727
1769885471.7894158,ADC1,0,servo_1,A,0.808
1769885471.8399894,ADC1,1,servo_2,A,0.261
1769885471.8908513,ADC2,0,bus_voltage,V,12.511
1769885471.9415302,ADC1,1,servo_2,A,0.527
1769885471.9923625,THERM,0,motor_temp,C,54.815
1769885472.043091,THERM,0,motor_temp,C,39.88
1769885472.0937061,ADC1,1,servo_2,A,1.093
1769885472.1448936,ADC2,0,bus_voltage,V,11.465
1769885472.1957467,THERM,0,motor_temp,C,69.114
1769885472.2469158,ADC1,0,servo_1,A,1.971
1769885472.2996676,ADC1,0,servo_1,A,2.114
1769885472.3503406,ADC2,0,bus_voltage,V,12.587
1769885472.400904,ADC1,1,servo_2,A,2.401
1769885472.4516544,ADC2,0,bus_voltage,V,11.469
1769885472.50286,ADC1,1,servo_2,A,1.795
1769885472.553743,THERM,0,motor_temp,C,48.79
1769885472.6044283,THERM,0,motor_temp,C,35.665
1769885472.6552274,ADC2,0,bus_voltage,V,10.015
1769885472.7058527,ADC2,0,bus_voltage,V,11.305
1769885472.7565444,ADC1,0,servo_1,A,0.599
1769885472.806971,ADC2,0,bus_voltage,V,11.574
1769885472.8574343,ADC1,1,servo_2,A,1.218
1769885472.9088535,ADC1,1,servo_2,A,1.718
1769885472.9595795,THERM,0,motor_temp,C,60.083
1769885473.0108016,ADC1,1,servo_2,A,0.243
1769885473.0616279,THERM,0,motor_temp,C,45.79
1769885473.1127636,THERM,0,motor_temp,C,38.644
1769885473.1635025,ADC1,1,servo_2,A,2.274
1769885473.2140348,ADC2,0,bus_voltage,V,11.413
1769885473.2647903,ADC1,1,servo_2,A,2.278
1769885473.3152244,ADC2,0,bus_voltage,V,10.938
1769885473.365959,ADC1,0,servo_1,A,1.56
1769885473.4174347,THERM,0,motor_temp,C,65.712
1769885473.4680953,ADC2,0,bus_voltage,V,10.872
1769885473.5189657,ADC1,0,servo_1,A,1.625
1769885473.5695035,THERM,0,motor_temp,C,64.672
1769885473.620414,THERM,0,motor_temp,C,28.269
1769885473.6709344,ADC2,0,bus_voltage,V,11.929
1769885473.7224264,ADC1,0,servo_1,A,1.685
1769885473.7733357,ADC2,0,bus_voltage,V,10.153
1769885473.82436,THERM,0,motor_temp,C,54.852
1769885473.8761463,ADC2,0,bus_voltage,V,11.433
1769885473.927957,THERM,0,motor_temp,C,45.481
1769885473.9790094,ADC1,1,servo_2,A,0.715
1769885474.0293264,ADC1,1,servo_2,A,2.312
1769885474.0805264,ADC1,0,servo_1,A,1.77
1769885474.1311977,THERM,0,motor_temp,C,65.842
1769885474.1818678,THERM,0,motor_temp,C,50.441
1769885474.232642,ADC1,1,servo_2,A,1.509
1769885474.2833955,ADC1,0,servo_1,A,1.687
1769885474.334166,THERM,0,motor_temp,C,68.208
1769885474.384998,ADC1,0,servo_1,A,1.888
1769885474.435376,THERM,0,motor_temp,C,27.228
1769885474.486068,ADC1,0,servo_1,A,2.012
1769885474.536709,ADC2,0,bus_voltage,V,12.412
1769885474.587348,ADC1,1,servo_2,A,1.032
1769885474.6381187,ADC2,0,bus_voltage,V,11.785
1769885474.688597,ADC1,0,servo_1,A,1.24
1769885474.739287,ADC1,1,servo_2,A,0.227
1769885474.7899792,ADC1,0,servo_1,A,1.542
1769885474.8407981,ADC1,0,servo_1,A,0.845
1769885474.8914337,THERM,0,motor_temp,C,60.284
1769885474.9418988,ADC1,1,servo_2,A,2.122
1769885474.9928248,ADC1,0,servo_1,A,1.112
1769885475.0435252,ADC1,1,servo_2,A,1.131
1769885475.0943122,THERM,0,motor_temp,C,33.492
1769885475.1450932,ADC2,0,bus_voltage,V,11.363
1769885475.196182,ADC1,1,servo_2,A,2.307
1769885475.247758,ADC1,1,servo_2,A,1.263
1769885475.2985704,ADC1,1,servo_2,A,2.041
1769885475.3492358,ADC1,0,servo_1,A,1.409
1769885475.3998373,THERM,0,motor_temp,C,45.805
1769885475.4505227,ADC1,0,servo_1,A,1.06
1769885475.501377,THERM,0,motor_temp,C,61.589
1769885475.5522192,ADC2,0,bus_voltage,V,11.062
1769885475.6030517,THERM,0,motor_temp,C,32.906
1769885475.6548405,THERM,0,motor_temp,C,69.343
1769885475.7055182,ADC2,0,bus_voltage,V,10.464
1769885475.75647,ADC1,1,servo_2,A,0.201
1769885475.8072565,ADC2,0,bus_voltage,V,10.533
1769885475.8578796,ADC1,1,servo_2,A,1.016
1769885475.9082215,ADC1,1,servo_2,A,0.393
1769885475.9592419,THERM,0,motor_temp,C,30.973
1769885476.0097752,ADC1,0,servo_1,A,1.856
1769885476.0606318,THERM,0,motor_temp,C,26.775
1769885476.1116347,ADC1,0,servo_1,A,0.348
1769885476.1623068,THERM,0,motor_temp,C,50.065
1769885476.212966,ADC1,1,servo_2,A,2.157
1769885476.2817292,ADC1,1,servo_2,A,0.386
1769885476.332272,ADC2,0,bus_voltage,V,11.453
1769885476.3830395,ADC1,0,servo_1,A,0.753
1769885476.436237,ADC1,0,servo_1,A,1.169
1769885476.487166,THERM,0,motor_temp,C,68.272
1769885476.5378232,ADC1,0,servo_1,A,1.605
1769885476.5887163,ADC1,0,servo_1,A,2.281
1769885476.6397169,ADC1,1,servo_2,A,2.116
1769885476.6901546,ADC1,0,servo_1,A,0.762
1769885476.7409854,ADC1,1,servo_2,A,2.388
1769885476.7919202,THERM,0,motor_temp,C,47.519
1769885476.842996,ADC1,1,servo_2,A,1.168
1769885476.894155,ADC2,0,bus_voltage,V,11.944
1769885476.944998,ADC1,0,servo_1,A,0.345
1769885476.9954503,ADC1,0,servo_1,A,0.764
1769885477.0468283,THERM,0,motor_temp,C,55.705
1769885477.1012356,ADC2,0,bus_voltage,V,10.084
1769885477.1522465,THERM,0,motor_temp,C,61.551
1769885477.204021,ADC2,0,bus_voltage,V,10.621
1769885477.2551963,ADC1,0,servo_1,A,0.755
1769885477.3074641,ADC1,1,servo_2,A,0.508
1769885477.3581712,ADC2,0,bus_voltage,V,11.703
1769885477.4089057,ADC2,0,bus_voltage,V,10.62
1769885477.4598458,ADC1,1,servo_2,A,0.381
1769885477.5108345,ADC1,1,servo_2,A,0.979
1769885477.5620477,THERM,0,motor_temp,C,41.719
1769885477.6127193,THERM,0,motor_temp,C,36.2
1769885477.6635845,ADC2,0,bus_voltage,V,10.454
1769885477.7141027,THERM,0,motor_temp,C,38.251
1769885477.764762,ADC1,1,servo_2,A,0.842
1769885477.8152049,THERM,0,motor_temp,C,32.76
1769885477.866535,THERM,0,motor_temp,C,69.444
1769885477.917187,ADC2,0,bus_voltage,V,10.192
1769885477.9676554,ADC1,0,servo_1,A,2.389
1769885478.018678,THERM,0,motor_temp,C,32.715
1769885478.0691316,ADC2,0,bus_voltage,V,12.441
1769885478.1199996,ADC1,1,servo_2,A,2.484
1769885478.1710348,ADC2,0,bus_voltage,V,11.759
1769885478.221455,ADC2,0,bus_voltage,V,11.15
1769885478.2722733,ADC1,1,servo_2,A,1.023
1769885478.3230367,ADC1,1,servo_2,A,1.79
1769885478.3739777,THERM,0,motor_temp,C,57.069
1769885478.4247942,ADC2,0,bus_voltage,V,11.182
1769885478.475413,ADC1,0,servo_1,A,0.901
1769885478.5263922,ADC2,0,bus_voltage,V,12.139
1769885478.577443,ADC2,0,bus_voltage,V,12.459
1769885478.6282105,THERM,0,motor_temp,C,32.314
1769885478.6788514,THERM,0,motor_temp,C,45.939
1769885478.7295613,ADC1,1,servo_2,A,2.215
1769885478.7800434,ADC2,0,bus_voltage,V,11.892
1769885478.8310463,ADC1,0,servo_1,A,1.771
1769885478.881446,ADC2,0,bus_voltage,V,10.379
1769885478.932249,ADC1,0,servo_1,A,1.635
1769885478.9839478,ADC1,1,servo_2,A,1.669
1769885479.0345228,THERM,0,motor_temp,C,33.616
1769885479.0856612,THERM,0,motor_temp,C,69.212
1769885479.1367078,ADC1,1,servo_2,A,1.36
1769885479.1875842,ADC1,0,servo_1,A,1.089
1769885479.2384038,THERM,0,motor_temp,C,30.605
1769885479.2897983,ADC1,1,servo_2,A,0.263
1769885479.3404438,ADC1,0,servo_1,A,0.625
1769885479.391048,THERM,0,motor_temp,C,39.186
1769885479.4415286,THERM,0,motor_temp,C,40.13
1769885479.4921238,ADC2,0,bus_voltage,V,10.89
1769885479.542658,THERM,0,motor_temp,C,34.471
1769885479.5931,ADC1,0,servo_1,A,1.348
1769885479.6436555,THERM,0,motor_temp,C,53.925
1769885479.694955,ADC1,0,servo_1,A,2.123
1769885479.7466607,ADC1,0,servo_1,A,1.496
1769885479.7980442,THERM,0,motor_temp,C,35.836
1769885479.849253,ADC1,0,servo_1,A,1.577
1769885479.900165,THERM,0,motor_temp,C,69.94
1769885479.9504836,ADC1,0,servo_1,A,1.977
1769885480.0012295,ADC2,0,bus_voltage,V,11.014
1769885480.0520043,THERM,0,motor_temp,C,39.28
1769885480.1029515,THERM,0,motor_temp,C,38.329
1769885480.153897,ADC1,1,servo_2,A,0.27
1769885480.2047696,THERM,0,motor_temp,C,27.882
1769885480.2556016,ADC1,1,servo_2,A,0.422
1769885480.3059278,ADC2,0,bus_voltage,V,10.387
1769885480.3568492,ADC1,1,servo_2,A,1.222
1769885480.4079018,ADC1,0,servo_1,A,0.747
1769885480.4587197,ADC2,0,bus_voltage,V,11.218
1769885480.509511,THERM,0,motor_temp,C,47.155
1769885480.5603147,ADC1,1,servo_2,A,0.66
1769885480.6110766,THERM,0,motor_temp,C,62.645
1769885480.6620553,ADC1,0,servo_1,A,0.613
1769885480.7130024,ADC1,1,servo_2,A,2.055
1769885480.7643933,ADC1,0,servo_1,A,1.316
1769885480.8153179,ADC1,1,servo_2,A,1.569
1769885480.8663101,THERM,0,motor_temp,C,63.376
1769885480.9177125,ADC1,1,servo_2,A,0.886
1769885480.9686277,ADC2,0,bus_voltage,V,10.559
1769885481.019697,THERM,0,motor_temp,C,53.346
1769885481.0704587,ADC1,1,servo_2,A,1.964
1769885481.1209922,ADC1,0,servo_1,A,0.798
1769885481.172222,THERM,0,motor_temp,C,30.057
1769885481.2234313,ADC1,0,servo_1,A,1.079
1769885481.2739713,ADC1,1,servo_2,A,0.314
1769885481.3249938,ADC2,0,bus_voltage,V,11.441
1769885481.3756638,ADC2,0,bus_voltage,V,12.172
1769885481.4260845,ADC2,0,bus_voltage,V,11.348
1769885481.4768074,ADC2,0,bus_voltage,V,12.423
1769885481.5277503,ADC1,0,servo_1,A,2.087
1769885481.5785685,ADC1,1,servo_2,A,2.446
1769885481.6294444,ADC1,1,servo_2,A,0.847
1769885481.6801279,THERM,0,motor_temp,C,56.285
1769885481.730992,ADC1,0,servo_1,A,0.778
1769885481.7816994,THERM,0,motor_temp,C,63.212
1769885481.8326588,THERM,0,motor_temp,C,57.245
1769885481.883015,THERM,0,motor_temp,C,69.53
1769885481.9338286,ADC1,1,servo_2,A,0.807
1769885481.9843736,ADC2,0,bus_voltage,V,12.57
1769885482.0347466,THERM,0,motor_temp,C,47.295
1769885482.0854409,THERM,0,motor_temp,C,44.261
1769885482.1358898,ADC1,1,servo_2,A,1.704
1769885482.1878734,ADC1,1,servo_2,A,0.743
1769885482.2389183,ADC2,0,bus_voltage,V,11.836
1769885482.2894015,ADC1,1,servo_2,A,1.728
1769885482.3399367,THERM,0,motor_temp,C,35.968
1769885482.3905756,ADC1,1,servo_2,A,1.839
1769885482.4413316,ADC2,0,bus_voltage,V,11.186
1769885482.492383,THERM,0,motor_temp,C,54.098
1769885482.542785,THERM,0,motor_temp,C,34.512
1769885482.5932498,ADC2,0,bus_voltage,V,11.89
1769885482.643768,ADC1,0,servo_1,A,1.438
1769885482.6943204,THERM,0,motor_temp,C,44.571
1769885482.745188,ADC2,0,bus_voltage,V,11.684
1769885482.7957733,ADC1,0,servo_1,A,1.078
1769885482.8464994,THERM,0,motor_temp,C,28.995
1769885482.8979843,THERM,0,motor_temp,C,50.509
1769885482.9491236,THERM,0,motor_temp,C,47.468
1769885482.9995322,ADC1,1,servo_2,A,1.886
1769885483.0504224,THERM,0,motor_temp,C,56.049
1769885483.1011486,ADC1,0,servo_1,A,1.821
1769885483.151793,ADC2,0,bus_voltage,V,10.968
1769885483.2028594,THERM,0,motor_temp,C,34.235
1769885483.2546144,ADC2,0,bus_voltage,V,11.003
1769885483.3057556,ADC1,1,servo_2,A,2.166
1769885483.3569565,THERM,0,motor_temp,C,60.75
1769885483.4078321,ADC1,0,servo_1,A,1.826
1769885483.4587111,THERM,0,motor_temp,C,61.366
1769885483.509241,ADC1,1,servo_2,A,1.226
1769885483.5600805,THERM,0,motor_temp,C,40.287
1769885483.6107714,ADC2,0,bus_voltage,V,11.227
1769885483.6611292,ADC2,0,bus_voltage,V,10.434
1769885483.7118049,ADC2,0,bus_voltage,V,12.487
1769885483.7623491,ADC1,1,servo_2,A,1.811
1769885483.8131218,THERM,0,motor_temp,C,63.472
1769885483.8657,THERM,0,motor_temp,C,56.452
1769885483.9171083,ADC1,0,servo_1,A,0.539
1769885483.9680865,ADC2,0,bus_voltage,V,12.534
1769885484.0191283,ADC1,0,servo_1,A,1.846
1769885484.069757,ADC2,0,bus_voltage,V,11.385
1769885484.120408,ADC1,1,servo_2,A,1.607
1769885484.1708887,ADC1,0,servo_1,A,0.597
1769885484.2220385,ADC1,1,servo_2,A,0.917
1769885484.2726982,ADC1,0,servo_1,A,1.39
1769885484.3234012,ADC2,0,bus_voltage,V,10.95
1769885484.3744686,THERM,0,motor_temp,C,59.382
1769885484.4254737,ADC1,1,servo_2,A,0.862
1769885484.4760277,ADC1,0,servo_1,A,0.64
1769885484.526769,THERM,0,motor_temp,C,39.996
1769885484.5813925,ADC2,0,bus_voltage,V,11.741
1769885484.6320412,THERM,0,motor_temp,C,48.69
1769885484.682777,ADC1,1,servo_2,A,1.164
1769885484.7335937,ADC1,0,servo_1,A,0.306
1769885484.7841957,ADC1,1,servo_2,A,1.994
1769885484.8347778,ADC2,0,bus_voltage,V,11.352
1769885484.8854496,ADC1,0,servo_1,A,0.719
1769885484.9363465,ADC1,1,servo_2,A,1.726
1769885484.987156,ADC2,0,bus_voltage,V,11.043
1769885485.0377467,ADC1,0,servo_1,A,2.462
1769885485.0884585,ADC1,1,servo_2,A,0.414
1769885485.1394634,ADC1,1,servo_2,A,2.152
1769885485.1900084,THERM,0,motor_temp,C,41.294
1769885485.240867,THERM,0,motor_temp,C,67.277
1769885485.293557,ADC2,0,bus_voltage,V,11.091
1769885485.3447294,ADC1,1,servo_2,A,1.252
1769885485.3959708,THERM,0,motor_temp,C,61.167
1769885485.4472482,ADC1,1,servo_2,A,1.749
1769885485.497678,ADC1,0,servo_1,A,1.776
1769885485.549315,ADC2,0,bus_voltage,V,12.005
1769885485.6004472,ADC1,1,servo_2,A,2.162
1769885485.6514392,ADC1,0,servo_1,A,1.85
1769885485.702284,ADC1,1,servo_2,A,0.582
1769885485.7543495,ADC2,0,bus_voltage,V,12.595
1769885485.805679,THERM,0,motor_temp,C,65.929
1769885485.8566523,THERM,0,motor_temp,C,42.596
1769885485.9070697,ADC2,0,bus_voltage,V,10.441
1769885485.959568,THERM,0,motor_temp,C,52.68
1769885486.0103395,ADC2,0,bus_voltage,V,11.453
1769885486.0613468,ADC1,0,servo_1,A,1.369
1769885486.1119895,ADC1,1,servo_2,A,0.541
1769885486.1627982,ADC1,0,servo_1,A,1.833
1769885486.2132866,THERM,0,motor_temp,C,64.723
1769885486.2645824,ADC1,1,servo_2,A,0.835
1769885486.315255,ADC1,0,servo_1,A,0.348
1769885486.3658733,ADC1,1,servo_2,A,1.445
1769885486.4166965,ADC2,0,bus_voltage,V,10.653
1769885486.4676533,ADC1,1,servo_2,A,1.361
1769885486.5190353,ADC1,0,servo_1,A,0.445
1769885486.5695221,ADC2,0,bus_voltage,V,10.113
1769885486.6202374,ADC2,0,bus_voltage,V,11.307
1769885486.6711557,ADC2,0,bus_voltage,V,11.753
1769885486.7215714,ADC1,1,servo_2,A,0.827
1769885486.7724223,ADC1,0,servo_1,A,2.397
1769885486.8229618,ADC1,1,servo_2,A,1.439
1769885486.8736925,ADC1,1,servo_2,A,2.158
1769885486.9241552,THERM,0,motor_temp,C,48.625
1769885486.981779,THERM,0,motor_temp,C,40.569
1769885487.0327265,ADC2,0,bus_voltage,V,12.591
1769885487.083662,ADC1,0,servo_1,A,1.875
1769885487.1342883,ADC1,0,servo_1,A,1.658
1769885487.1848378,ADC1,0,servo_1,A,1.565
1769885487.2356782,ADC1,0,servo_1,A,0.279
1769885487.2861881,THERM,0,motor_temp,C,25.716
1769885487.3367755,ADC1,1,servo_2,A,1.768
1769885487.3874202,THERM,0,motor_temp,C,31.866
1769885487.4383667,THERM,0,motor_temp,C,43.833
1769885487.4909127,THERM,0,motor_temp,C,42.946
1769885487.542083,ADC2,0,bus_voltage,V,10.661
1769885487.5930076,ADC1,0,servo_1,A,0.506
1769885487.6438053,THERM,0,motor_temp,C,60.851
1769885487.6944256,ADC1,0,servo_1,A,0.974
1769885487.745056,ADC1,0,servo_1,A,2.107
1769885487.7959244,THERM,0,motor_temp,C,55.996
1769885487.847029,ADC1,1,servo_2,A,1.937
1769885487.9061759,THERM,0,motor_temp,C,28.712
1769885487.9571667,THERM,0,motor_temp,C,37.986
1769885488.0081596,ADC2,0,bus_voltage,V,12.422
1769885488.0589442,ADC1,0,servo_1,A,2.376
1769885488.1101851,ADC1,0,servo_1,A,2.213
1769885488.1608734,ADC1,1,servo_2,A,0.759
1769885488.2121747,ADC2,0,bus_voltage,V,12.316
1769885488.263639,THERM,0,motor_temp,C,49.968
1769885488.314251,ADC1,0,servo_1,A,2.494
1769885488.3648403,THERM,0,motor_temp,C,56.842
1769885488.4154735,ADC1,1,servo_2,A,2.384
1769885488.466247,ADC2,0,bus_voltage,V,11.093
1769885488.5169356,ADC1,0,servo_1,A,0.621
1769885488.5674636,ADC2,0,bus_voltage,V,10.564
1769885488.6186707,ADC1,1,servo_2,A,1.154
1769885488.6700933,ADC2,0,bus_voltage,V,11.117
1769885488.7213097,THERM,0,motor_temp,C,49.513
1769885488.772067,ADC1,1,servo_2,A,1.79
1769885488.8225827,ADC1,1,servo_2,A,1.722
1769885488.8729143,ADC2,0,bus_voltage,V,10.397
1769885488.9237285,ADC1,0,servo_1,A,1.393
1769885488.9741712,THERM,0,motor_temp,C,35.895
1769885489.0245137,THERM,0,motor_temp,C,33.792
1769885489.0752547,ADC1,1,servo_2,A,1.81
1769885489.1327007,ADC1,1,servo_2,A,0.979
1769885489.1835723,THERM,0,motor_temp,C,64.316
1769885489.2341638,ADC1,0,servo_1,A,1.058
1769885489.2850022,ADC1,1,servo_2,A,1.408
1769885489.3355367,ADC1,0,servo_1,A,1.549
1769885489.3858638,THERM,0,motor_temp,C,42.372
1769885489.4362216,ADC1,1,servo_2,A,0.373
1769885489.4874074,ADC1,1,servo_2,A,0.39
1769885489.5387921,ADC1,0,servo_1,A,1.194
1769885489.590469,ADC1,0,servo_1,A,0.833
1769885489.6414702,THERM,0,motor_temp,C,66.744
1769885489.6919394,THERM,0,motor_temp,C,39.357
1769885489.7423685,ADC1,0,servo_1,A,1.156
1769885489.793029,ADC1,0,servo_1,A,1.297
1769885489.8436277,ADC1,0,servo_1,A,2.318
1769885489.8943875,THERM,0,motor_temp,C,46.769
1769885489.9453561,ADC1,1,servo_2,A,2.401
1769885489.9961815,ADC1,1,servo_2,A,0.534
1769885490.046826,ADC2,0,bus_voltage,V,10.441
1769885490.0980225,ADC1,0,servo_1,A,0.87
1769885490.1486807,THERM,0,motor_temp,C,31.59
1769885490.1991446,ADC1,0,servo_1,A,1.827
1769885490.2498972,THERM,0,motor_temp,C,61.961
1769885490.3006375,ADC1,1,servo_2,A,1.103
1769885490.3532462,ADC1,1,servo_2,A,0.427
1769885490.4047372,ADC1,1,servo_2,A,0.471
1769885490.4557815,THERM,0,motor_temp,C,56.723
1769885490.5067298,ADC2,0,bus_voltage,V,11.64
1769885490.5574877,ADC1,1,servo_2,A,2.147
1769885490.6082726,ADC1,1,servo_2,A,1.022
1769885490.6595097,THERM,0,motor_temp,C,56.728
1769885490.709956,ADC1,0,servo_1,A,2.33
1769885490.7606583,ADC1,0,servo_1,A,1.829
1769885490.8115976,ADC1,1,servo_2,A,1.385
1769885490.8624463,THERM,0,motor_temp,C,46.302
1769885490.9129014,ADC1,1,servo_2,A,0.84
1769885490.963739,ADC2,0,bus_voltage,V,12.461
1769885491.014666,ADC1,1,servo_2,A,0.404
1769885491.0658114,ADC1,1,servo_2,A,0.991
1769885491.116949,ADC1,1,servo_2,A,2.202
1769885491.1673405,ADC2,0,bus_voltage,V,10.604
1769885491.2178135,ADC2,0,bus_voltage,V,11.366
1769885491.2686987,ADC1,0,servo_1,A,1.56
1769885491.3194609,ADC1,0,servo_1,A,0.598
1769885491.3699298,ADC1,0,servo_1,A,1.445
1769885491.420327,ADC1,1,servo_2,A,1.787
1769885491.4708261,ADC1,0,servo_1,A,1.864
1769885491.5218825,ADC1,0,servo_1,A,1.823
1769885491.572451,THERM,0,motor_temp,C,50.347
1769885491.623622,ADC1,1,servo_2,A,2.258
1769885491.6742203,ADC2,0,bus_voltage,V,10.11
1769885491.7250974,THERM,0,motor_temp,C,42.083
1769885491.7755125,ADC1,0,servo_1,A,2.306
1769885491.8262837,ADC1,1,servo_2,A,1.987
1769885491.8771627,ADC1,1,servo_2,A,1.401
1769885491.9277878,ADC2,0,bus_voltage,V,12.424
1769885491.9785051,THERM,0,motor_temp,C,50.278
1769885492.0289125,THERM,0,motor_temp,C,64.834
1769885492.0792766,THERM,0,motor_temp,C,37.158
1769885492.1295774,ADC2,0,bus_voltage,V,11.262
1769885492.1803014,ADC2,0,bus_voltage,V,11.127
1769885492.2313306,THERM,0,motor_temp,C,28.613
1769885492.2823524,ADC1,0,servo_1,A,1.361
1769885492.3332903,ADC2,0,bus_voltage,V,10.575
1769885492.3841074,ADC1,0,servo_1,A,2.196
1769885492.434914,THERM,0,motor_temp,C,28.715
1769885492.4855478,ADC1,1,servo_2,A,0.999
1769885492.5362945,THERM,0,motor_temp,C,26.679
1769885492.5867782,ADC1,1,servo_2,A,0.732
1769885492.6373434,THERM,0,motor_temp,C,47.702
1769885492.688123,ADC1,0,servo_1,A,0.947
1769885492.738789,ADC2,0,bus_voltage,V,11.828
1769885492.7897756,THERM,0,motor_temp,C,26.001
1769885492.8405018,THERM,0,motor_temp,C,49.64
1769885492.8915462,ADC2,0,bus_voltage,V,11.768
1769885492.9418993,ADC2,0,bus_voltage,V,11.755
1769885492.9925911,ADC2,0,bus_voltage,V,10.369
1769885493.0433455,ADC1,0,servo_1,A,2.446
1769885493.093806,ADC2,0,bus_voltage,V,10.718
1769885493.1442611,ADC1,0,servo_1,A,0.62
1769885493.1948562,ADC1,1,servo_2,A,1.112
1769885493.2455204,THERM,0,motor_temp,C,25.536
1769885493.2963395,ADC1,1,servo_2,A,2.191
1769885493.347182,ADC1,0,servo_1,A,0.525
1769885493.398076,ADC1,0,servo_1,A,1.923
1769885493.4487298,THERM,0,motor_temp,C,67.124
1769885493.4995697,THERM,0,motor_temp,C,68.003
1769885493.5502381,ADC2,0,bus_voltage,V,12.052
1769885493.601115,THERM,0,motor_temp,C,44.636
1769885493.652164,ADC2,0,bus_voltage,V,12.027
1769885493.7026649,THERM,0,motor_temp,C,57.48
1769885493.753088,THERM,0,motor_temp,C,32.949
1769885493.8038678,ADC2,0,bus_voltage,V,11.487
1769885493.8552947,THERM,0,motor_temp,C,68.912
1769885493.905786,THERM,0,motor_temp,C,49.901
1769885493.9567997,ADC1,0,servo_1,A,0.621
1769885494.0071976,ADC1,1,servo_2,A,0.451
1769885494.0581841,THERM,0,motor_temp,C,58.439
1769885494.109251,ADC1,1,servo_2,A,2.283
1769885494.1599479,THERM,0,motor_temp,C,53.667
1769885494.2103035,ADC1,1,servo_2,A,2.145
1769885494.260706,ADC2,0,bus_voltage,V,10.067
1769885494.311515,ADC1,0,servo_1,A,1.958
1769885494.3623762,THERM,0,motor_temp,C,61.234
1769885494.4133916,ADC1,0,servo_1,A,0.413
1769885494.4642022,ADC1,0,servo_1,A,1.746
1769885494.5148487,ADC1,0,servo_1,A,2.033
1769885494.565618,THERM,0,motor_temp,C,62.733
1769885494.6162572,ADC1,0,servo_1,A,0.911
1769885494.6667092,ADC2,0,bus_voltage,V,10.746
1769885494.717407,ADC2,0,bus_voltage,V,12.28
1769885494.7680511,ADC2,0,bus_voltage,V,11.546
1769885494.818837,ADC2,0,bus_voltage,V,12.202
1769885494.8696232,THERM,0,motor_temp,C,34.72
1769885494.920339,THERM,0,motor_temp,C,55.701
1769885494.971079,ADC1,1,servo_2,A,1.205
1769885495.021909,THERM,0,motor_temp,C,36.907
1769885495.0727322,ADC1,1,servo_2,A,1.915
1769885495.1238298,ADC2,0,bus_voltage,V,11.749
1769885495.174288,ADC1,0,servo_1,A,1.844
1769885495.2247028,ADC2,0,bus_voltage,V,11.281
1769885495.2751913,ADC1,1,servo_2,A,1.245
1769885495.3257504,ADC1,1,servo_2,A,0.434
1769885495.3762362,ADC1,1,servo_2,A,1.463
1769885495.4266727,ADC1,1,servo_2,A,0.744
1769885495.4772573,ADC2,0,bus_voltage,V,12.101
1769885495.5280128,THERM,0,motor_temp,C,51.949
1769885495.5788283,ADC1,1,servo_2,A,2.117
1769885495.6311665,ADC1,1,servo_2,A,1.163
1769885495.68196,ADC2,0,bus_voltage,V,11.822
1769885495.735892,ADC1,0,servo_1,A,0.75
1769885495.7867308,ADC1,0,servo_1,A,0.998
1769885495.8374655,ADC2,0,bus_voltage,V,10.619
1769885495.8886044,ADC2,0,bus_voltage,V,10.877
1769885495.9395144,ADC1,0,servo_1,A,0.95
1769885495.9903789,ADC1,0,servo_1,A,1.19
1769885496.040808,ADC1,0,servo_1,A,1.87
1769885496.0912344,ADC2,0,bus_voltage,V,10.807
1769885496.142201,THERM,0,motor_temp,C,31.894
1769885496.192756,ADC1,1,servo_2,A,0.617
1769885496.2433705,ADC1,1,servo_2,A,0.75
1769885496.2937934,THERM,0,motor_temp,C,60.146
1769885496.344209,THERM,0,motor_temp,C,63.577
1769885496.3950753,ADC2,0,bus_voltage,V,11.213
1769885496.4457352,ADC2,0,bus_voltage,V,10.944
1769885496.4963298,ADC2,0,bus_voltage,V,10.542
1769885496.5469418,ADC1,0,servo_1,A,0.33
1769885496.597519,THERM,0,motor_temp,C,34.35
1769885496.6484537,THERM,0,motor_temp,C,26.878
1769885496.6991365,ADC1,0,servo_1,A,1.023
1769885496.749964,ADC1,1,servo_2,A,0.725
1769885496.8004653,ADC1,0,servo_1,A,1.544
1769885496.850841,ADC2,0,bus_voltage,V,10.938
1769885496.9013412,ADC1,0,servo_1,A,1.824
1769885496.9521408,ADC1,1,servo_2,A,0.731
1769885497.002613,ADC2,0,bus_voltage,V,12.335
1769885497.0533926,ADC1,0,servo_1,A,1.553
1769885497.1042213,THERM,0,motor_temp,C,45.448
1769885497.154667,ADC1,1,servo_2,A,0.433
1769885497.2049558,THERM,0,motor_temp,C,67.003
1769885497.2555575,ADC2,0,bus_voltage,V,11.457
1769885497.3061528,ADC1,1,servo_2,A,1.309
1769885497.3568249,ADC1,1,servo_2,A,0.766
1769885497.407418,ADC1,0,servo_1,A,0.682
1769885497.4580388,ADC2,0,bus_voltage,V,11.696
1769885497.5089006,ADC1,0,servo_1,A,0.616
1769885497.5594833,ADC1,1,servo_2,A,1.648
1769885497.6103628,THERM,0,motor_temp,C,61.189
1769885497.6611335,ADC1,0,servo_1,A,0.895
1769885497.7116933,ADC1,0,servo_1,A,1.521
1769885497.7626998,ADC1,0,servo_1,A,2.436
1769885497.8151116,ADC1,1,servo_2,A,0.215
1769885497.8656008,ADC2,0,bus_voltage,V,10.355
1769885497.9160402,ADC2,0,bus_voltage,V,12.531
1769885497.9668052,THERM,0,motor_temp,C,46.797
1769885498.0179129,ADC1,1,servo_2,A,1.957
1769885498.0692391,ADC1,1,servo_2,A,1.099
1769885498.1210358,ADC1,0,servo_1,A,1.783
1769885498.1719506,ADC2,0,bus_voltage,V,10.963
1769885498.2230072,ADC1,0,servo_1,A,1.472
1769885498.2734628,ADC1,0,servo_1,A,2.283
1769885498.323842,ADC1,1,servo_2,A,1.201
1769885498.374253,ADC1,1,servo_2,A,2.473
1769885498.4248059,ADC1,0,servo_1,A,1.925
1769885498.475684,ADC1,1,servo_2,A,1.77
1769885498.5262694,ADC1,0,servo_1,A,0.306
1769885498.5766413,ADC1,0,servo_1,A,2.069
1769885498.6272538,ADC1,0,servo_1,A,0.681
1769885498.6779706,ADC1,0,servo_1,A,0.538
1769885498.7287414,ADC1,0,servo_1,A,1.241
1769885498.7791784,ADC1,1,servo_2,A,1.183
1769885498.8302116,ADC2,0,bus_voltage,V,10.14
1769885498.8811328,THERM,0,motor_temp,C,30.562
1769885498.931788,ADC2,0,bus_voltage,V,10.055
1769885498.9824095,ADC1,1,servo_2,A,2.417
1769885499.0330987,THERM,0,motor_temp,C,33.929
1769885499.0838625,ADC1,1,servo_2,A,1.853
1769885499.1343575,ADC1,0,servo_1,A,1.468
1769885499.1850743,ADC1,0,servo_1,A,0.892
1769885499.2358341,ADC1,1,servo_2,A,1.869
1769885499.2867193,ADC1,1,servo_2,A,2.285
1769885499.339799,ADC1,0,servo_1,A,1.441
1769885499.3908403,ADC2,0,bus_voltage,V,11.901
1769885499.4487078,ADC1,1,servo_2,A,1.767
1769885499.499767,THERM,0,motor_temp,C,32.284
1769885499.551611,ADC2,0,bus_voltage,V,10.922
1769885499.6046877,ADC1,0,servo_1,A,1.544
1769885499.6566095,ADC2,0,bus_voltage,V,12.426
1769885499.7072883,THERM,0,motor_temp,C,69.874
1769885499.7579901,ADC1,1,servo_2,A,2.376
1769885499.8090627,ADC1,1,servo_2,A,1.793
1769885499.859492,ADC1,0,servo_1,A,2.084
1769885499.9106278,THERM,0,motor_temp,C,59.984
1769885499.9619718,ADC1,1,servo_2,A,0.542
1769885500.0126424,ADC1,1,servo_2,A,1.03
1769885500.063666,ADC2,0,bus_voltage,V,10.55
1769885500.1146102,ADC1,1,servo_2,A,1.358
1769885500.1653552,ADC1,1,servo_2,A,1.364
1769885500.2161033,THERM,0,motor_temp,C,29.103
1769885500.2666333,THERM,0,motor_temp,C,27.437
1769885500.317631,THERM,0,motor_temp,C,33.208
1769885500.3683467,ADC1,0,servo_1,A,1.797
1769885500.4190972,ADC1,0,servo_1,A,1.038
1769885500.4809928,ADC2,0,bus_voltage,V,11.855
1769885500.5317783,ADC2,0,bus_voltage,V,12.069
1769885500.5821216,ADC2,0,bus_voltage,V,12.074
1769885500.6330924,ADC2,0,bus_voltage,V,10.901
1769885500.683815,THERM,0,motor_temp,C,50.628
1769885500.734433,ADC1,0,servo_1,A,0.268
1769885500.7857275,ADC1,0,servo_1,A,2.438
1769885500.83825,ADC1,1,servo_2,A,0.737
1769885500.8886611,ADC1,1,servo_2,A,0.966
1769885500.9393632,ADC2,0,bus_voltage,V,11.793
1769885500.9900606,ADC1,1,servo_2,A,2.383
1769885501.040801,THERM,0,motor_temp,C,38.332
1769885501.091767,ADC1,0,servo_1,A,1.093
1769885501.1425765,THERM,0,motor_temp,C,58.508
1769885501.1929295,ADC1,0,servo_1,A,2.151
1769885501.243269,ADC1,1,servo_2,A,1.025
1769885501.2942297,ADC2,0,bus_voltage,V,10.574
1769885501.344717,ADC2,0,bus_voltage,V,12.301
1769885501.3976412,ADC1,0,servo_1,A,2.071
1769885501.4484913,ADC1,1,servo_2,A,1.912
1769885501.5038598,ADC2,0,bus_voltage,V,11.066
1769885501.5545459,THERM,0,motor_temp,C,29.849
1769885501.6055984,ADC2,0,bus_voltage,V,11.759
1769885501.6562314,ADC1,0,servo_1,A,1.097
1769885501.707071,ADC1,0,servo_1,A,1.537
1769885501.7578604,ADC1,1,servo_2,A,1.965
1769885501.8086815,ADC1,1,servo_2,A,0.403
1769885501.8595543,ADC2,0,bus_voltage,V,10.761
1769885501.910155,THERM,0,motor_temp,C,62.708
1769885501.9607332,ADC1,1,servo_2,A,0.929
1769885502.011154,ADC1,1,servo_2,A,1.869
1769885502.0615716,ADC1,1,servo_2,A,1.205
1769885502.112017,ADC2,0,bus_voltage,V,11.246
1769885502.1628337,ADC1,1,servo_2,A,0.443
1769885502.2131162,ADC1,0,servo_1,A,2.132
1769885502.2717392,THERM,0,motor_temp,C,26.919
1769885502.322883,ADC2,0,bus_voltage,V,11.615
1769885502.3746846,THERM,0,motor_temp,C,51.373
1769885502.4258206,THERM,0,motor_temp,C,61.042
1769885502.4769342,ADC1,0,servo_1,A,0.57
1769885502.5279691,THERM,0,motor_temp,C,33.785
1769885502.5788941,ADC2,0,bus_voltage,V,12.149
1769885502.630168,ADC1,0,servo_1,A,1.357
1769885502.6808877,ADC2,0,bus_voltage,V,11.687
1769885502.7319164,THERM,0,motor_temp,C,34.037
1769885502.7822673,THERM,0,motor_temp,C,26.668
1769885502.8327339,THERM,0,motor_temp,C,28.461
1769885502.8833578,THERM,0,motor_temp,C,52.615
1769885502.9339986,ADC1,0,servo_1,A,1.344
1769885502.984683,THERM,0,motor_temp,C,50.74
1769885503.0357955,ADC1,1,servo_2,A,1.798
1769885503.086272,ADC1,0,servo_1,A,0.733
1769885503.136884,THERM,0,motor_temp,C,55.643
1769885503.1877487,THERM,0,motor_temp,C,25.441
1769885503.2387514,THERM,0,motor_temp,C,49.536
1769885503.28987,ADC1,1,servo_2,A,1.193
1769885503.3407426,ADC1,1,servo_2,A,2.173
1769885503.3910918,THERM,0,motor_temp,C,68.98
1769885503.4419973,ADC2,0,bus_voltage,V,10.682
1769885503.4951108,ADC1,0,servo_1,A,1.753
1769885503.546346,ADC2,0,bus_voltage,V,11.505
1769885503.5978916,THERM,0,motor_temp,C,52.486
1769885503.6488566,ADC1,1,servo_2,A,0.94
1769885503.6995876,ADC2,0,bus_voltage,V,12.294
1769885503.7504992,ADC2,0,bus_voltage,V,11.903
1769885503.8022811,THERM,0,motor_temp,C,45.103
1769885503.8556187,THERM,0,motor_temp,C,42.965
1769885503.9077172,THERM,0,motor_temp,C,48.524
1769885503.9585114,ADC1,0,servo_1,A,2.077
1769885504.0095315,ADC1,1,servo_2,A,0.787
1769885504.060095,ADC1,1,servo_2,A,1.816
1769885504.1140077,ADC2,0,bus_voltage,V,10.638
1769885504.1646945,THERM,0,motor_temp,C,63.399
1769885504.2156477,ADC1,0,servo_1,A,1.294
1769885504.2676399,ADC1,0,servo_1,A,1.636
1769885504.3188815,ADC2,0,bus_voltage,V,10.732
1769885504.370128,THERM,0,motor_temp,C,39.797
1769885504.421365,ADC2,0,bus_voltage,V,10.11
1769885504.4722316,ADC1,0,servo_1,A,1.379
1769885504.5236635,ADC1,0,servo_1,A,1.942
1769885504.5746272,ADC2,0,bus_voltage,V,11.583
1769885504.6252782,THERM,0,motor_temp,C,50.768
1769885504.6756132,THERM,0,motor_temp,C,41.709
1769885504.7264333,THERM,0,motor_temp,C,42.409
1769885504.7770925,THERM,0,motor_temp,C,62.606
1769885504.8276408,ADC1,1,servo_2,A,0.277
1769885504.878331,ADC2,0,bus_voltage,V,11.454
1769885504.9287899,ADC2,0,bus_voltage,V,10.556
1769885504.9793997,ADC2,0,bus_voltage,V,12.214
1769885505.0316339,ADC1,0,servo_1,A,0.396
1769885505.0822349,ADC1,0,servo_1,A,2.435
1769885505.1328506,ADC1,1,servo_2,A,1.971
1769885505.18375,ADC1,0,servo_1,A,1.234
1769885505.2478614,ADC2,0,bus_voltage,V,10.954
1769885505.298665,THERM,0,motor_temp,C,33.934
1769885505.3493888,ADC2,0,bus_voltage,V,11.024
1769885505.4013057,ADC1,0,servo_1,A,0.299
1769885505.4525158,ADC1,1,servo_2,A,0.872
1769885505.5029223,ADC2,0,bus_voltage,V,12.064
1769885505.5532455,THERM,0,motor_temp,C,64.106
1769885505.6038477,ADC1,0,servo_1,A,1.229
1769885505.6542902,THERM,0,motor_temp,C,49.007
1769885505.7047408,ADC1,1,servo_2,A,0.852
1769885505.7563543,ADC2,0,bus_voltage,V,10.584
1769885505.8070204,THERM,0,motor_temp,C,66.893
1769885505.8574283,ADC1,1,servo_2,A,0.289
1769885505.9078286,THERM,0,motor_temp,C,51.159
1769885505.9587739,ADC1,1,servo_2,A,1.685
1769885506.0095942,ADC1,0,servo_1,A,1.15
1769885506.0599713,ADC1,0,servo_1,A,0.672
1769885506.1105764,THERM,0,motor_temp,C,37.487
1769885506.1612797,ADC1,0,servo_1,A,0.523
1769885506.2123678,ADC1,1,servo_2,A,1.788
1769885506.2655296,ADC2,0,bus_voltage,V,12.579
1769885506.316707,ADC1,0,servo_1,A,1.104
1769885506.3677065,ADC1,1,servo_2,A,1.067
1769885506.4185057,THERM,0,motor_temp,C,64.81
1769885506.469172,ADC2,0,bus_voltage,V,11.669
1769885506.5197637,ADC1,1,servo_2,A,2.072
1769885506.5706818,ADC1,0,servo_1,A,1.734
1769885506.6214638,THERM,0,motor_temp,C,53.51
1769885506.6719637,THERM,0,motor_temp,C,56.916
1769885506.7224863,ADC2,0,bus_voltage,V,12.158
1769885506.7732177,ADC1,0,servo_1,A,0.782
1769885506.8236532,THERM,0,motor_temp,C,33.786
1769885506.8749325,ADC1,0,servo_1,A,1.086
1769885506.9255137,THERM,0,motor_temp,C,59.285
1769885506.9761622,ADC2,0,bus_voltage,V,11.86
1769885507.0267582,ADC1,0,servo_1,A,0.483
1769885507.077324,THERM,0,motor_temp,C,39.393
1769885507.128082,ADC2,0,bus_voltage,V,12.076
1769885507.1790473,ADC1,0,servo_1,A,2.397
1769885507.2481596,ADC2,0,bus_voltage,V,10.291
1769885507.2987807,ADC1,1,servo_2,A,2.012
1769885507.3496797,ADC1,1,servo_2,A,0.378
1769885507.4004834,ADC1,1,servo_2,A,2.214
1769885507.4510555,ADC1,0,servo_1,A,2.027
1769885507.5021582,ADC2,0,bus_voltage,V,12.153
1769885507.553201,THERM,0,motor_temp,C,51.362
1769885507.603807,THERM,0,motor_temp,C,39.177
1769885507.6544445,ADC1,0,servo_1,A,0.422
1769885507.7049885,ADC2,0,bus_voltage,V,10.316
1769885507.7639112,THERM,0,motor_temp,C,43.579
1769885507.8144803,ADC2,0,bus_voltage,V,11.136
1769885507.8657606,ADC1,0,servo_1,A,1.821
1769885507.9243746,ADC2,0,bus_voltage,V,10.754
1769885507.9762664,THERM,0,motor_temp,C,56.913
1769885508.02727,ADC1,0,servo_1,A,0.33
1769885508.078226,ADC2,0,bus_voltage,V,12.265
1769885508.1287045,ADC1,0,servo_1,A,0.967
1769885508.1793518,THERM,0,motor_temp,C,60.727
1769885508.2301617,ADC1,0,servo_1,A,2.449
1769885508.2827158,ADC2,0,bus_voltage,V,11.429
1769885508.3337333,ADC2,0,bus_voltage,V,11.186
1769885508.3841486,ADC2,0,bus_voltage,V,11.148
1769885508.4351754,THERM,0,motor_temp,C,69.897
1769885508.4859471,ADC1,0,servo_1,A,0.316
1769885508.5371566,ADC1,1,servo_2,A,1.315
1769885508.5916245,ADC1,0,servo_1,A,2.475
1769885508.6435382,THERM,0,motor_temp,C,36.893
1769885508.695303,ADC2,0,bus_voltage,V,10.06
1769885508.7459805,ADC2,0,bus_voltage,V,10.89
1769885508.8056676,ADC1,1,servo_2,A,0.928
1769885508.8569717,ADC1,1,servo_2,A,1.646
1769885508.9078753,THERM,0,motor_temp,C,54.175
1769885508.9584568,THERM,0,motor_temp,C,55.798
1769885509.00904,ADC2,0,bus_voltage,V,11.146
1769885509.0599785,ADC1,0,servo_1,A,2.294
1769885509.110661,ADC2,0,bus_voltage,V,11.808
1769885509.1613338,ADC1,0,servo_1,A,2.467
1769885509.2120786,THERM,0,motor_temp,C,67.957
1769885509.266679,ADC1,0,servo_1,A,1.16
1769885509.3281016,THERM,0,motor_temp,C,69.034
1769885509.3790743,ADC1,0,servo_1,A,2.074
1769885509.4305866,THERM,0,motor_temp,C,41.198
1769885509.4810803,ADC1,0,servo_1,A,2.032
1769885509.5316334,ADC1,0,servo_1,A,0.865
1769885509.5854852,ADC1,0,servo_1,A,0.796
1769885509.636168,THERM,0,motor_temp,C,57.608
1769885509.686849,ADC1,0,servo_1,A,1.782
1769885509.743459,ADC2,0,bus_voltage,V,11.057
1769885509.7943866,ADC1,1,servo_2,A,2.001
1769885509.8448393,ADC2,0,bus_voltage,V,12.359
1769885509.895694,ADC1,0,servo_1,A,0.385
1769885509.946553,ADC1,0,servo_1,A,2.046
1769885509.997796,ADC1,0,servo_1,A,2.383
1769885510.049052,THERM,0,motor_temp,C,35.932
1769885510.0994015,ADC1,0,servo_1,A,2.079
1769885510.1497946,ADC1,0,servo_1,A,1.516
1769885510.201169,THERM,0,motor_temp,C,35.535
1769885510.2520244,ADC1,0,servo_1,A,1.968
1769885510.3029516,THERM,0,motor_temp,C,60.684
1769885510.3538008,ADC2,0,bus_voltage,V,12.028
1769885510.4047744,ADC1,1,servo_2,A,1.896
1769885510.4556983,ADC1,1,servo_2,A,2.221
1769885510.5062485,ADC1,1,servo_2,A,1.107
1769885510.5569184,ADC1,1,servo_2,A,0.589
1769885510.6073856,ADC1,1,servo_2,A,1.987
1769885510.6581702,ADC1,1,servo_2,A,1.646
1769885510.7087708,ADC2,0,bus_voltage,V,10.255
1769885510.7594838,THERM,0,motor_temp,C,35.107
1769885510.810234,ADC1,1,servo_2,A,0.294
1769885510.8608856,ADC1,1,servo_2,A,2.369
1769885510.9115143,THERM,0,motor_temp,C,69.226
1769885510.9620569,ADC1,0,servo_1,A,1.116
1769885511.0130258,THERM,0,motor_temp,C,46.162
1769885511.0643506,ADC1,0,servo_1,A,1.181
1769885511.1167376,ADC1,1,servo_2,A,0.947
1769885511.1678028,THERM,0,motor_temp,C,36.886
1769885511.218516,ADC2,0,bus_voltage,V,12.532
1769885511.2693126,ADC1,0,servo_1,A,2.446
1769885511.3197675,ADC1,0,servo_1,A,2.441
1769885511.371704,ADC1,0,servo_1,A,1.387
1769885511.42455,THERM,0,motor_temp,C,53.628
1769885511.4753325,THERM,0,motor_temp,C,51.908
1769885511.5259755,THERM,0,motor_temp,C,27.84
1769885511.5763083,ADC1,0,servo_1,A,1.119
1769885511.6272008,ADC2,0,bus_voltage,V,10.735
1769885511.6777623,THERM,0,motor_temp,C,58.231
1769885511.7319493,ADC2,0,bus_voltage,V,11.524
1769885511.7828472,ADC2,0,bus_voltage,V,11.957
1769885511.8336182,THERM,0,motor_temp,C,69.929
1769885511.8843033,ADC1,1,servo_2,A,1.026
1769885511.9369068,ADC1,1,servo_2,A,0.299
1769885511.9878025,ADC1,1,servo_2,A,0.213
1769885512.0405388,THERM,0,motor_temp,C,32.083
1769885512.0911746,THERM,0,motor_temp,C,32.059
1769885512.1419263,ADC2,0,bus_voltage,V,11.761
1769885512.192592,ADC1,0,servo_1,A,0.486
1769885512.243453,ADC2,0,bus_voltage,V,10.746
1769885512.2944589,ADC2,0,bus_voltage,V,11.648
1769885512.3451955,ADC2,0,bus_voltage,V,11.312
1769885512.3959785,ADC1,0,servo_1,A,1.993
1769885512.4471374,ADC1,1,servo_2,A,2.064
1769885512.4986806,THERM,0,motor_temp,C,57.349
1769885512.5491936,ADC1,1,servo_2,A,1.619
1769885512.6013308,ADC1,0,servo_1,A,1.263
1769885512.6521163,ADC2,0,bus_voltage,V,12.046
1769885512.7028015,THERM,0,motor_temp,C,34.065
1769885512.753441,ADC2,0,bus_voltage,V,11.477
1769885512.8042583,ADC2,0,bus_voltage,V,10.083
1769885512.8551023,ADC1,1,servo_2,A,0.59
1769885512.9060237,ADC1,0,servo_1,A,1.064
1769885512.959413,THERM,0,motor_temp,C,53.878
1769885513.0102456,ADC1,0,servo_1,A,1.76
1769885513.0610657,ADC2,0,bus_voltage,V,11.441
1769885513.1116664,ADC1,0,servo_1,A,2.297
1769885513.1623242,ADC2,0,bus_voltage,V,11.487
1769885513.2130136,ADC1,0,servo_1,A,2.155
1769885513.2643929,ADC2,0,bus_voltage,V,10.679
1769885513.3152761,THERM,0,motor_temp,C,25.828
1769885513.3656585,ADC2,0,bus_voltage,V,10.942
1769885513.4163213,ADC2,0,bus_voltage,V,12.309
1769885513.4668944,ADC2,0,bus_voltage,V,10.511
1769885513.5175362,ADC1,0,servo_1,A,0.547
1769885513.5681672,THERM,0,motor_temp,C,50.637
1769885513.618993,ADC1,1,servo_2,A,2.441
1769885513.6700127,THERM,0,motor_temp,C,57.799
1769885513.7207994,ADC1,0,servo_1,A,0.245
1769885513.7716153,THERM,0,motor_temp,C,62.903
1769885513.8227396,THERM,0,motor_temp,C,50.502
1769885513.875562,ADC2,0,bus_voltage,V,10.896
1769885513.926261,ADC1,1,servo_2,A,0.554
1769885513.984211,ADC1,1,servo_2,A,1.822
1769885514.0354562,THERM,0,motor_temp,C,37.981
1769885514.1005988,THERM,0,motor_temp,C,31.55
1769885514.1513183,ADC1,1,servo_2,A,2.404
1769885514.2020519,ADC2,0,bus_voltage,V,10.024
1769885514.252659,ADC2,0,bus_voltage,V,10.08
1769885514.303379,ADC2,0,bus_voltage,V,10.778
1769885514.3539639,ADC2,0,bus_voltage,V,11.955
1769885514.4046419,ADC2,0,bus_voltage,V,10.846
1769885514.4556484,ADC2,0,bus_voltage,V,11.641
1769885514.5068343,THERM,0,motor_temp,C,63.642
1769885514.5575047,ADC2,0,bus_voltage,V,10.924
1769885514.6079514,ADC1,1,servo_2,A,1.658
1769885514.658532,ADC1,0,servo_1,A,1.182
1769885514.7089896,ADC1,0,servo_1,A,0.564
1769885514.760476,ADC1,0,servo_1,A,1.386
1769885514.8113449,ADC2,0,bus_voltage,V,12.118
1769885514.8621202,ADC2,0,bus_voltage,V,11.94
1769885514.912924,ADC1,0,servo_1,A,0.206
1769885514.9638088,THERM,0,motor_temp,C,44.535
1769885515.0154824,ADC1,1,servo_2,A,0.51
1769885515.067037,ADC1,1,servo_2,A,1.259
1769885515.1175895,ADC1,0,servo_1,A,0.624
1769885515.1683812,ADC1,1,servo_2,A,0.249
1769885515.2192447,THERM,0,motor_temp,C,51.217
1769885515.2699335,ADC1,0,servo_1,A,0.643
1769885515.3203194,ADC2,0,bus_voltage,V,10.303
1769885515.3709998,ADC1,1,servo_2,A,0.951
1769885515.4215517,ADC2,0,bus_voltage,V,10.637
1769885515.4727457,THERM,0,motor_temp,C,28.275
1769885515.523092,ADC1,0,servo_1,A,1.411
1769885515.5753136,ADC2,0,bus_voltage,V,12.358
1769885515.625828,THERM,0,motor_temp,C,27.717
1769885515.676503,THERM,0,motor_temp,C,58.363
1769885515.7269964,THERM,0,motor_temp,C,37.956
1769885515.7775917,ADC1,0,servo_1,A,0.77
1769885515.830954,ADC2,0,bus_voltage,V,10.752
1769885515.881713,ADC1,1,servo_2,A,2.21
1769885515.9322543,ADC2,0,bus_voltage,V,10.981
1769885515.9831607,ADC1,1,servo_2,A,2.409
1769885516.033813,ADC2,0,bus_voltage,V,10.499
1769885516.084642,THERM,0,motor_temp,C,45.527
1769885516.1351771,THERM,0,motor_temp,C,32.169
1769885516.1864073,ADC2,0,bus_voltage,V,10.311
1769885516.23683,ADC1,1,servo_2,A,1.985
1769885516.2874472,THERM,0,motor_temp,C,53.303
1769885516.3384478,ADC1,0,servo_1,A,0.541
1769885516.3896863,ADC2,0,bus_voltage,V,11.77
1769885516.4407446,THERM,0,motor_temp,C,37.238
1769885516.4912086,ADC1,0,servo_1,A,0.264
1769885516.5417593,ADC1,0,servo_1,A,0.765
1769885516.592739,ADC1,0,servo_1,A,1.703
1769885516.64371,ADC2,0,bus_voltage,V,10.756
1769885516.694332,ADC1,0,servo_1,A,2.258
1769885516.7449431,ADC1,0,servo_1,A,1.299
1769885516.7955046,THERM,0,motor_temp,C,51.99
1769885516.8463438,ADC1,0,servo_1,A,1.772
1769885516.8973522,ADC1,1,servo_2,A,1.528
1769885516.947768,ADC1,0,servo_1,A,1.13
1769885516.9983778,THERM,0,motor_temp,C,66.268
1769885517.0498698,THERM,0,motor_temp,C,30.62
1769885517.1003115,ADC1,1,servo_2,A,0.763
1769885517.1510468,ADC2,0,bus_voltage,V,10.88
1769885517.2018075,ADC1,1,servo_2,A,1.597
1769885517.252938,THERM,0,motor_temp,C,31.235
1769885517.3034773,THERM,0,motor_temp,C,68.945
1769885517.3542454,THERM,0,motor_temp,C,56.878
1769885517.4048705,THERM,0,motor_temp,C,43.015
1769885517.4555027,ADC1,1,servo_2,A,0.467
1769885517.506542,ADC1,1,servo_2,A,2.468
1769885517.557371,ADC1,1,servo_2,A,1.01
1769885517.6082718,ADC1,1,servo_2,A,1.522
1769885517.659164,ADC1,1,servo_2,A,0.898
1769885517.7102726,ADC1,1,servo_2,A,1.309
1769885517.7607706,ADC2,0,bus_voltage,V,11.358
1769885517.811101,THERM,0,motor_temp,C,40.507
1769885517.861729,ADC1,1,servo_2,A,1.571
1769885517.9125745,THERM,0,motor_temp,C,49.019
1769885517.9638445,THERM,0,motor_temp,C,40.772
1769885518.0189195,ADC1,1,servo_2,A,0.498
1769885518.069798,ADC1,0,servo_1,A,2.358
1769885518.1206985,ADC2,0,bus_voltage,V,11.048
1769885518.171365,ADC1,0,servo_1,A,2.258
1769885518.2217443,ADC1,0,servo_1,A,0.98
1769885518.2724302,ADC1,1,servo_2,A,2.451
1769885518.3230953,ADC1,1,servo_2,A,1.295
1769885518.374155,ADC1,1,servo_2,A,2.413
1769885518.425042,ADC2,0,bus_voltage,V,11.684
1769885518.475932,ADC2,0,bus_voltage,V,11.545
1769885518.5264957,THERM,0,motor_temp,C,48.923
1769885518.5774007,ADC1,0,servo_1,A,1.939
1769885518.628496,ADC1,1,servo_2,A,0.948
1769885518.679104,THERM,0,motor_temp,C,31.662
1769885518.7299354,THERM,0,motor_temp,C,57.574
1769885518.7810678,ADC2,0,bus_voltage,V,11.934
1769885518.8322043,ADC1,1,servo_2,A,1.577
1769885518.886299,ADC1,0,servo_1,A,0.463
1769885518.9388113,ADC1,1,servo_2,A,1.095
1769885518.9899132,ADC1,1,servo_2,A,2.377
1769885519.0408187,ADC1,1,servo_2,A,1.368
1769885519.0916207,ADC2,0,bus_voltage,V,11.188
1769885519.1420457,ADC1,0,servo_1,A,2.27
1769885519.193147,ADC1,1,servo_2,A,0.954
1769885519.2438488,ADC2,0,bus_voltage,V,12.191
1769885519.2947385,ADC1,0,servo_1,A,1.452
1769885519.345885,ADC2,0,bus_voltage,V,11.884
1769885519.3983831,ADC1,1,servo_2,A,0.818
1769885519.4492939,ADC2,0,bus_voltage,V,10.455
1769885519.5000079,ADC1,0,servo_1,A,1.164
1769885519.5510828,ADC2,0,bus_voltage,V,10.372
1769885519.6018035,ADC2,0,bus_voltage,V,12.072
1769885519.652459,ADC1,0,servo_1,A,0.659
1769885519.7033954,ADC1,1,servo_2,A,1.614
1769885519.754052,THERM,0,motor_temp,C,66.44
1769885519.8045254,ADC1,0,servo_1,A,1.93
1769885519.855476,ADC1,0,servo_1,A,1.56
1769885519.9064167,ADC1,0,servo_1,A,0.544
1769885519.956822,ADC1,1,servo_2,A,2.418
1769885520.0094805,THERM,0,motor_temp,C,69.822
1769885520.059909,ADC1,0,servo_1,A,0.4
1769885520.1107514,THERM,0,motor_temp,C,51.985
1769885520.162203,ADC1,1,servo_2,A,0.989
1769885520.2132137,THERM,0,motor_temp,C,52.199
1769885520.2654927,THERM,0,motor_temp,C,49.907
1769885520.3172543,ADC1,0,servo_1,A,0.33
1769885520.3678548,ADC1,0,servo_1,A,2.102
1769885520.418484,ADC1,1,servo_2,A,1.57
1769885520.4690428,THERM,0,motor_temp,C,46.104
1769885520.5194817,ADC2,0,bus_voltage,V,11.408
1769885520.570008,ADC1,1,servo_2,A,1.868
1769885520.6204524,ADC1,1,servo_2,A,1.528
1769885520.67122,THERM,0,motor_temp,C,68.217
1769885520.7218137,THERM,0,motor_temp,C,57.003
1769885520.77259,THERM,0,motor_temp,C,36.106
1769885520.8234477,ADC2,0,bus_voltage,V,12.559
1769885520.8738222,THERM,0,motor_temp,C,39.869
1769885520.9247909,THERM,0,motor_temp,C,40.814
1769885520.975442,ADC2,0,bus_voltage,V,12.385
1769885521.0265412,ADC1,1,servo_2,A,0.785
1769885521.0772088,THERM,0,motor_temp,C,25.246
1769885521.1279447,ADC1,1,servo_2,A,1.16
1769885521.1787324,ADC2,0,bus_voltage,V,10.487
1769885521.2291787,ADC1,0,servo_1,A,0.549
1769885521.2796388,ADC1,1,servo_2,A,2.086
1769885521.3299952,THERM,0,motor_temp,C,60.903
1769885521.3808355,ADC2,0,bus_voltage,V,10.723
1769885521.4314218,ADC1,1,servo_2,A,1.081
1769885521.4822485,ADC1,1,servo_2,A,2.23
1769885521.5330217,ADC1,1,servo_2,A,1.362
1769885521.583549,THERM,0,motor_temp,C,42.977
1769885521.6342814,ADC1,0,servo_1,A,1.134
1769885521.6855211,THERM,0,motor_temp,C,64.316
1769885521.7364874,ADC2,0,bus_voltage,V,10.434
1769885521.7872949,THERM,0,motor_temp,C,32.677
1769885521.8383374,ADC1,1,servo_2,A,0.565
1769885521.8887608,THERM,0,motor_temp,C,34.488
1769885521.9390607,ADC2,0,bus_voltage,V,10.186
1769885521.989815,ADC1,1,servo_2,A,2.359
1769885522.0402012,ADC1,1,servo_2,A,1.523
1769885522.0910244,THERM,0,motor_temp,C,29.726
1769885522.1420078,ADC1,1,servo_2,A,0.226
1769885522.1924007,ADC1,0,servo_1,A,1.114
1769885522.2429566,THERM,0,motor_temp,C,48.75
1769885522.2934299,THERM,0,motor_temp,C,55.269
1769885522.3439648,THERM,0,motor_temp,C,45.509
1769885522.3948467,THERM,0,motor_temp,C,26.669
1769885522.445631,ADC2,0,bus_voltage,V,11.983
1769885522.4964483,THERM,0,motor_temp,C,29.663
1769885522.5487764,ADC2,0,bus_voltage,V,10.946
1769885522.5993223,ADC2,0,bus_voltage,V,10.291
1769885522.650421,ADC1,1,servo_2,A,0.211
1769885522.7009134,ADC1,0,servo_1,A,2.065
1769885522.7521644,THERM,0,motor_temp,C,43.673
1769885522.8037286,ADC2,0,bus_voltage,V,10.17
1769885522.8545034,THERM,0,motor_temp,C,45.058
1769885522.9051857,ADC1,0,servo_1,A,1.851
1769885522.9557006,ADC2,0,bus_voltage,V,10.751
1769885523.0061622,ADC1,0,servo_1,A,1.712
1769885523.0604289,ADC2,0,bus_voltage,V,12.354
1769885523.1114345,ADC2,0,bus_voltage,V,10.638
1769885523.1625333,ADC1,1,servo_2,A,1.525
1769885523.218334,THERM,0,motor_temp,C,43.967
1769885523.2691035,ADC2,0,bus_voltage,V,10.884
1769885523.3196166,ADC1,0,servo_1,A,1.622
1769885523.3703895,ADC1,0,servo_1,A,1.87
1769885523.420942,ADC1,1,servo_2,A,0.763
1769885523.474183,ADC2,0,bus_voltage,V,12.174
1769885523.5248287,ADC1,0,servo_1,A,0.724
1769885523.57543,ADC2,0,bus_voltage,V,10.61
1769885523.626123,ADC1,0,servo_1,A,1.051
1769885523.676826,ADC1,0,servo_1,A,0.925
1769885523.7279348,ADC2,0,bus_voltage,V,12.277
1769885523.7785614,ADC1,1,servo_2,A,2.067
1769885523.8293388,THERM,0,motor_temp,C,40.764
1769885523.8798127,ADC1,0,servo_1,A,0.303
1769885523.9317825,ADC1,0,servo_1,A,1.238
1769885523.9828029,ADC1,0,servo_1,A,0.983
1769885524.0344243,ADC2,0,bus_voltage,V,10.565
1769885524.0852537,ADC1,0,servo_1,A,1.275
1769885524.1359205,THERM,0,motor_temp,C,66.079
1769885524.186745,ADC1,1,servo_2,A,2.219
1769885524.23714,ADC1,1,servo_2,A,0.494
1769885524.2875962,ADC2,0,bus_voltage,V,11.124
1769885524.338009,ADC1,0,servo_1,A,2.223
1769885524.3888266,THERM,0,motor_temp,C,51.391
1769885524.4396946,ADC1,0,servo_1,A,0.724
1769885524.4903295,ADC1,1,servo_2,A,0.975
1769885524.5408487,ADC2,0,bus_voltage,V,10.283
1769885524.59129,ADC2,0,bus_voltage,V,12.234
1769885524.6417768,THERM,0,motor_temp,C,26.819
1769885524.7013767,THERM,0,motor_temp,C,66.216
1769885524.7522125,ADC1,0,servo_1,A,1.582
1769885524.8028073,ADC1,0,servo_1,A,0.992
1769885524.8532684,ADC1,0,servo_1,A,1.302
1769885524.9041612,ADC1,1,servo_2,A,2.032
1769885524.9555137,ADC1,1,servo_2,A,0.569
1769885525.0063503,THERM,0,motor_temp,C,26.033
1769885525.0568378,THERM,0,motor_temp,C,38.956
1769885525.1078062,ADC1,1,servo_2,A,1.929
1769885525.1587548,ADC1,1,servo_2,A,1.523
1769885525.209148,THERM,0,motor_temp,C,67.095
1769885525.266237,ADC2,0,bus_voltage,V,11.219
1769885525.3169746,THERM,0,motor_temp,C,46.625
1769885525.3676465,ADC2,0,bus_voltage,V,12.241
1769885525.419775,THERM,0,motor_temp,C,31.557
1769885525.470459,ADC1,1,servo_2,A,0.403
1769885525.521415,ADC2,0,bus_voltage,V,10.185
1769885525.5726,ADC1,1,servo_2,A,1.905
1769885525.6235204,ADC1,0,servo_1,A,0.775
1769885525.6739562,THERM,0,motor_temp,C,30.97
1769885525.724658,ADC2,0,bus_voltage,V,12.063
1769885525.7753952,THERM,0,motor_temp,C,54.789
1769885525.8263376,ADC1,0,servo_1,A,2.1
1769885525.8770356,ADC1,0,servo_1,A,1.225
1769885525.928377,ADC1,1,servo_2,A,2.183
1769885525.9789991,ADC1,0,servo_1,A,1.778
1769885526.0312474,ADC1,0,servo_1,A,1.965
1769885526.0830877,ADC1,1,servo_2,A,0.395
1769885526.134145,THERM,0,motor_temp,C,36.148
1769885526.1849723,ADC1,0,servo_1,A,1.381
1769885526.235612,THERM,0,motor_temp,C,40.773
1769885526.2864184,ADC1,1,servo_2,A,1.23
1769885526.3367796,ADC1,0,servo_1,A,1.703
1769885526.387246,ADC1,0,servo_1,A,1.424
1769885526.4378753,THERM,0,motor_temp,C,53.991
1769885526.48833,ADC1,0,servo_1,A,1.39
1769885526.5389786,ADC1,0,servo_1,A,2.488
1769885526.5894945,ADC2,0,bus_voltage,V,11.571
1769885526.6399174,ADC1,1,servo_2,A,1.178
1769885526.6903374,ADC1,0,servo_1,A,1.847
1769885526.7410905,ADC1,1,servo_2,A,0.444
1769885526.7917285,ADC2,0,bus_voltage,V,12.221
1769885526.84239,ADC1,1,servo_2,A,2.193
1769885526.8927069,ADC1,1,servo_2,A,1.735
1769885526.9434268,THERM,0,motor_temp,C,61.706
1769885526.9938796,ADC2,0,bus_voltage,V,11.648
1769885527.0442872,ADC1,1,servo_2,A,2.319
1769885527.0946999,THERM,0,motor_temp,C,34.96
1769885527.1454136,ADC1,0,servo_1,A,2.319
1769885527.1960227,ADC2,0,bus_voltage,V,10.714
1769885527.2468643,ADC2,0,bus_voltage,V,11.445
1769885527.2974293,ADC1,1,servo_2,A,1.626
1769885527.3482404,THERM,0,motor_temp,C,62.747
1769885527.399024,ADC2,0,bus_voltage,V,11.025
1769885527.4496129,ADC2,0,bus_voltage,V,11.519
1769885527.5013235,ADC2,0,bus_voltage,V,10.603
1769885527.5522065,THERM,0,motor_temp,C,68.598
1769885527.6028292,ADC2,0,bus_voltage,V,10.067
1769885527.6535258,ADC1,1,servo_2,A,0.732
1769885527.7041605,ADC1,0,servo_1,A,1.45
1769885527.7551305,THERM,0,motor_temp,C,54.135
1769885527.8059046,THERM,0,motor_temp,C,56.684
1769885527.8564813,ADC1,0,servo_1,A,1.813
1769885527.9068532,ADC2,0,bus_voltage,V,12.508
1769885527.9576964,ADC1,0,servo_1,A,0.658
1769885528.0099232,ADC2,0,bus_voltage,V,10.484
1769885528.0608084,ADC2,0,bus_voltage,V,12.528
1769885528.1117182,THERM,0,motor_temp,C,26.188
1769885528.1623816,ADC1,1,servo_2,A,1.91
1769885528.2129402,ADC1,0,servo_1,A,2.061
1769885528.2638497,ADC1,1,servo_2,A,0.964
1769885528.3145304,ADC1,1,servo_2,A,0.25
1769885528.3650157,ADC1,0,servo_1,A,0.647
1769885528.415502,ADC2,0,bus_voltage,V,12.065
1769885528.4659717,THERM,0,motor_temp,C,57.785
1769885528.5164318,ADC2,0,bus_voltage,V,11.658
1769885528.5675855,ADC1,1,servo_2,A,1.681
1769885528.6185987,ADC1,0,servo_1,A,1.269
1769885528.6693306,ADC1,1,servo_2,A,0.92
1769885528.7197576,THERM,0,motor_temp,C,56.35
1769885528.7711446,ADC1,0,servo_1,A,1.257
1769885528.8217578,THERM,0,motor_temp,C,49.284
1769885528.8724687,ADC1,1,servo_2,A,1.883
1769885528.9234524,THERM,0,motor_temp,C,68.138
1769885528.974517,ADC1,0,servo_1,A,1.122
1769885529.0255375,ADC1,1,servo_2,A,1.686
1769885529.0759895,THERM,0,motor_temp,C,66.438
1769885529.1267843,ADC1,0,servo_1,A,0.879
1769885529.1772058,THERM,0,motor_temp,C,47.086
1769885529.2276278,ADC1,1,servo_2,A,1.465
1769885529.278285,ADC1,0,servo_1,A,2.38
1769885529.3304317,ADC1,1,servo_2,A,1.93
1769885529.3831005,THERM,0,motor_temp,C,50.929
1769885529.4339,THERM,0,motor_temp,C,50.142
1769885529.4846327,ADC1,0,servo_1,A,0.395
1769885529.5350802,ADC2,0,bus_voltage,V,10.869
1769885529.585801,ADC2,0,bus_voltage,V,11.144
1769885529.6367168,ADC2,0,bus_voltage,V,11.692
1769885529.6873908,ADC1,0,servo_1,A,2.343
1769885529.7395515,ADC1,0,servo_1,A,1.073
1769885529.7905936,THERM,0,motor_temp,C,28.834
1769885529.841312,THERM,0,motor_temp,C,32.787
1769885529.8924394,THERM,0,motor_temp,C,55.083
1769885529.9432938,THERM,0,motor_temp,C,62.418
1769885529.993729,ADC2,0,bus_voltage,V,12.12
1769885530.044755,ADC1,0,servo_1,A,0.739
1769885530.0954678,ADC1,0,servo_1,A,0.413
1769885530.1458888,THERM,0,motor_temp,C,38.075
1769885530.1962762,THERM,0,motor_temp,C,62.523
1769885530.2478487,ADC1,1,servo_2,A,0.765
1769885530.2986612,THERM,0,motor_temp,C,67.593
1769885530.3499274,ADC2,0,bus_voltage,V,11.927
1769885530.4031568,ADC1,0,servo_1,A,1.736
1769885530.4540675,ADC1,1,servo_2,A,0.201
1769885530.5047696,ADC1,1,servo_2,A,0.408
1769885530.5558445,ADC2,0,bus_voltage,V,12.408
1769885530.60659,ADC1,0,servo_1,A,1.529
1769885530.6573014,ADC2,0,bus_voltage,V,11.857
1769885530.7080035,ADC1,1,servo_2,A,2.048
1769885530.7585979,ADC1,0,servo_1,A,0.293
1769885530.8092916,ADC2,0,bus_voltage,V,10.755
1769885530.860285,ADC2,0,bus_voltage,V,10.373
1769885530.910975,ADC1,1,servo_2,A,1.761
1769885530.961775,ADC2,0,bus_voltage,V,11.442
1769885531.0126212,ADC1,0,servo_1,A,1.127
1769885531.0634954,ADC1,0,servo_1,A,0.35
1769885531.1152997,ADC2,0,bus_voltage,V,12.09
1769885531.16651,THERM,0,motor_temp,C,32.337
1769885531.2173426,ADC2,0,bus_voltage,V,11.529
1769885531.268148,THERM,0,motor_temp,C,45.869
1769885531.3190663,ADC2,0,bus_voltage,V,12.319
1769885531.3699596,THERM,0,motor_temp,C,66.52
1769885531.42073,ADC2,0,bus_voltage,V,11.241
1769885531.4715195,ADC2,0,bus_voltage,V,11.173
1769885531.5245419,ADC2,0,bus_voltage,V,10.793
1769885531.5775058,ADC2,0,bus_voltage,V,10.355
1769885531.629016,ADC1,1,servo_2,A,2.268
1769885531.6795025,ADC2,0,bus_voltage,V,10.693
1769885531.7300785,ADC1,1,servo_2,A,2.41
1769885531.7810516,THERM,0,motor_temp,C,62.989
1769885531.832999,ADC1,1,servo_2,A,0.408
1769885531.8835974,ADC1,1,servo_2,A,0.937
1769885531.935071,ADC2,0,bus_voltage,V,10.562
1769885531.9858217,ADC2,0,bus_voltage,V,11.562
1769885532.0369658,ADC1,0,servo_1,A,2.202
1769885532.0877097,THERM,0,motor_temp,C,26.524
1769885532.1383102,ADC1,1,servo_2,A,2.451
1769885532.1909523,THERM,0,motor_temp,C,62.632
1769885532.241954,ADC1,0,servo_1,A,0.341
1769885532.2925813,ADC1,1,servo_2,A,1.316
1769885532.3433964,ADC1,1,servo_2,A,1.58
1769885532.3942184,ADC1,0,servo_1,A,1.904
1769885532.4448693,ADC2,0,bus_voltage,V,10.319
1769885532.495363,ADC1,1,servo_2,A,1.844
1769885532.545894,ADC2,0,bus_voltage,V,11.264
1769885532.596713,ADC1,1,servo_2,A,0.591
1769885532.6479545,ADC1,0,servo_1,A,1.049
1769885532.699714,THERM,0,motor_temp,C,50.528
1769885532.7505448,ADC1,1,servo_2,A,2.211
1769885532.8013666,ADC2,0,bus_voltage,V,11.709
1769885532.852027,ADC2,0,bus_voltage,V,10.671
1769885532.902941,THERM,0,motor_temp,C,43.697
1769885532.9538555,THERM,0,motor_temp,C,62.927
1769885533.0047052,ADC1,0,servo_1,A,2.487
1769885533.0563188,ADC2,0,bus_voltage,V,10.9
1769885533.1072795,ADC2,0,bus_voltage,V,10.171
1769885533.1586363,THERM,0,motor_temp,C,30.715
1769885533.2098732,ADC1,0,servo_1,A,0.366
1769885533.2610998,ADC1,0,servo_1,A,0.551
1769885533.3122683,ADC1,1,servo_2,A,1.793
1769885533.3635643,ADC1,0,servo_1,A,1.049
1769885533.4144168,ADC2,0,bus_voltage,V,10.976
1769885533.4648182,ADC2,0,bus_voltage,V,10.326
1769885533.515547,ADC1,1,servo_2,A,1.989
1769885533.566119,ADC1,1,servo_2,A,1.32
1769885533.6167755,ADC1,0,servo_1,A,0.794
1769885533.6676762,ADC1,0,servo_1,A,1.932
1769885533.7186372,ADC1,1,servo_2,A,1.605
1769885533.7690613,ADC1,1,servo_2,A,0.275
1769885533.8201852,ADC1,0,servo_1,A,0.393
1769885533.8708904,ADC1,0,servo_1,A,1.272
1769885533.9212286,ADC1,1,servo_2,A,0.723
1769885533.9719093,ADC2,0,bus_voltage,V,11.888
1769885534.0225267,ADC1,1,servo_2,A,1.205
1769885534.0735335,ADC1,0,servo_1,A,1.317
1769885534.1245863,THERM,0,motor_temp,C,58.076
1769885534.1782167,ADC2,0,bus_voltage,V,11.416
1769885534.2294154,ADC1,0,servo_1,A,1.472
1769885534.2800102,ADC2,0,bus_voltage,V,12.262
1769885534.331701,THERM,0,motor_temp,C,26.92
1769885534.3831213,ADC2,0,bus_voltage,V,11.758
1769885534.4341629,ADC1,1,servo_2,A,1.693
1769885534.4848924,ADC1,1,servo_2,A,1.327
1769885534.5358813,ADC1,0,servo_1,A,1.101
1769885534.5866647,ADC1,1,servo_2,A,0.945
1769885534.6375973,ADC1,0,servo_1,A,0.543
1769885534.6888874,ADC2,0,bus_voltage,V,10.048
1769885534.7395875,THERM,0,motor_temp,C,55.249
1769885534.7936823,ADC1,1,servo_2,A,2.44
1769885534.8444872,ADC2,0,bus_voltage,V,10.205
1769885534.8954759,ADC1,1,servo_2,A,1.418
1769885534.946164,ADC2,0,bus_voltage,V,11.849
1769885534.9980018,THERM,0,motor_temp,C,69.982
1769885535.049993,THERM,0,motor_temp,C,35.4
1769885535.1006668,ADC1,0,servo_1,A,0.451
1769885535.1514275,ADC1,1,servo_2,A,1.591
1769885535.2019386,THERM,0,motor_temp,C,61.646
1769885535.252413,THERM,0,motor_temp,C,28.392
1769885535.3034282,THERM,0,motor_temp,C,61.754
1769885535.3545551,THERM,0,motor_temp,C,55.141
1769885535.405306,ADC1,0,servo_1,A,1.85
1769885535.4561994,THERM,0,motor_temp,C,68.832
1769885535.5071065,ADC1,0,servo_1,A,0.846
1769885535.557813,ADC1,0,servo_1,A,0.604
1769885535.608365,ADC1,1,servo_2,A,0.413
1769885535.6594725,ADC1,0,servo_1,A,0.385
1769885535.710309,ADC1,1,servo_2,A,1.322
1769885535.7610233,ADC1,1,servo_2,A,1.038
1769885535.8154566,ADC1,0,servo_1,A,2.251
1769885535.8661196,ADC1,0,servo_1,A,1.716
1769885535.9169164,ADC2,0,bus_voltage,V,12.346
1769885535.9676242,ADC1,0,servo_1,A,2.313
1769885536.018073,ADC1,0,servo_1,A,0.708
1769885536.0687394,ADC2,0,bus_voltage,V,11.409
1769885536.1197865,ADC1,1,servo_2,A,2.497
1769885536.1702957,ADC1,1,servo_2,A,2.299
1769885536.2207673,ADC1,0,servo_1,A,2.316
1769885536.2716525,THERM,0,motor_temp,C,25.261
1769885536.3222141,ADC1,0,servo_1,A,2.093
1769885536.3728862,ADC2,0,bus_voltage,V,12.441
1769885536.424065,ADC1,1,servo_2,A,0.732
1769885536.4763784,ADC1,0,servo_1,A,1.314
1769885536.5272646,ADC2,0,bus_voltage,V,11.729
1769885536.578049,ADC2,0,bus_voltage,V,10.997
1769885536.628787,ADC1,1,servo_2,A,1.974
1769885536.6794841,THERM,0,motor_temp,C,69.597
1769885536.7322738,ADC1,0,servo_1,A,2.094
1769885536.7831113,THERM,0,motor_temp,C,50.637
1769885536.833559,ADC2,0,bus_voltage,V,12.512
1769885536.8845527,ADC1,1,servo_2,A,2.481
1769885536.9353387,ADC1,0,servo_1,A,1.002
1769885536.98611,ADC1,0,servo_1,A,1.835
1769885537.0371451,ADC2,0,bus_voltage,V,12.124
1769885537.0881257,ADC2,0,bus_voltage,V,10.065
1769885537.1387284,ADC1,1,servo_2,A,1.015
1769885537.189922,ADC1,0,servo_1,A,0.588
1769885537.2407029,ADC1,1,servo_2,A,1.448
1769885537.2911332,ADC1,0,servo_1,A,0.912
1769885537.3416152,THERM,0,motor_temp,C,37.812
1769885537.3923855,ADC1,1,servo_2,A,1.796
1769885537.44325,ADC2,0,bus_voltage,V,10.676
1769885537.4938176,ADC1,1,servo_2,A,1.715
1769885537.5443656,ADC1,1,servo_2,A,0.699
1769885537.5949574,ADC1,1,servo_2,A,1.429
1769885537.645672,THERM,0,motor_temp,C,37.965
1769885537.6985483,ADC2,0,bus_voltage,V,10.366
1769885537.7493913,ADC1,0,servo_1,A,1.377
1769885537.8002172,THERM,0,motor_temp,C,65.53
1769885537.8506675,ADC1,1,servo_2,A,1.876
1769885537.9011524,ADC2,0,bus_voltage,V,11.424
1769885537.9515002,ADC1,1,servo_2,A,0.644
1769885538.0020156,THERM,0,motor_temp,C,69.993
1769885538.0524154,ADC2,0,bus_voltage,V,11.591
1769885538.1029415,ADC1,0,servo_1,A,1.665
1769885538.1535952,ADC1,1,servo_2,A,0.438
1769885538.2047172,THERM,0,motor_temp,C,49.164
1769885538.2552772,ADC2,0,bus_voltage,V,10.068
1769885538.3058648,ADC1,0,servo_1,A,1.65
1769885538.356289,ADC1,1,servo_2,A,0.356
1769885538.4069815,THERM,0,motor_temp,C,33.356
1769885538.4578226,ADC1,1,servo_2,A,1.331
1769885538.5085876,ADC2,0,bus_voltage,V,12.245
1769885538.5592105,THERM,0,motor_temp,C,36.315
1769885538.6098866,THERM,0,motor_temp,C,52.493
1769885538.660558,ADC2,0,bus_voltage,V,10.007
1769885538.711255,THERM,0,motor_temp,C,49.64
1769885538.7622137,ADC2,0,bus_voltage,V,10.671
1769885538.812715,ADC1,1,servo_2,A,1.496
1769885538.8636882,THERM,0,motor_temp,C,40.493
1769885538.917573,ADC1,0,servo_1,A,2.202
1769885538.9684558,ADC2,0,bus_voltage,V,12.56
1769885539.0188713,ADC1,0,servo_1,A,2.342
1769885539.0696704,ADC1,1,servo_2,A,0.887
1769885539.1203485,ADC1,1,servo_2,A,1.853
1769885539.1711152,THERM,0,motor_temp,C,38.273
1769885539.2218857,ADC1,1,servo_2,A,2.277
1769885539.27291,ADC1,0,servo_1,A,0.208
1769885539.323254,ADC1,1,servo_2,A,2.432
1769885539.3737285,THERM,0,motor_temp,C,26.431
1769885539.4246483,ADC1,0,servo_1,A,1.586
1769885539.4751396,ADC2,0,bus_voltage,V,11.769
1769885539.5255287,ADC1,0,servo_1,A,2.209
1769885539.5760245,ADC1,0,servo_1,A,0.374
1769885539.6274276,THERM,0,motor_temp,C,37.163
1769885539.67808,ADC1,0,servo_1,A,0.6
1769885539.7285721,THERM,0,motor_temp,C,29.653
1769885539.7792077,THERM,0,motor_temp,C,54.094
1769885539.829775,ADC2,0,bus_voltage,V,12.341
1769885539.8807132,ADC2,0,bus_voltage,V,11.37
1769885539.931616,ADC2,0,bus_voltage,V,10.921
1769885539.9825454,ADC1,0,servo_1,A,1.313
1769885540.0344195,THERM,0,motor_temp,C,52.986
1769885540.0858743,ADC1,0,servo_1,A,2.284
1769885540.138003,THERM,0,motor_temp,C,31.396
1769885540.1888998,ADC1,0,servo_1,A,0.456
1769885540.2539651,THERM,0,motor_temp,C,34.25
1769885540.309846,ADC1,1,servo_2,A,0.692
1769885540.3603723,ADC1,1,servo_2,A,1.741
1769885540.4109397,ADC1,0,servo_1,A,0.495
1769885540.4616873,ADC1,1,servo_2,A,1.747
1769885540.5122817,ADC2,0,bus_voltage,V,10.625
1769885540.5629132,THERM,0,motor_temp,C,64.196
1769885540.6135728,ADC2,0,bus_voltage,V,10.639
1769885540.6656485,ADC1,1,servo_2,A,1.449
1769885540.717442,ADC2,0,bus_voltage,V,12.363
1769885540.7692087,ADC1,1,servo_2,A,1.414
1769885540.8205986,ADC1,1,servo_2,A,1.483
1769885540.8727665,ADC1,1,servo_2,A,0.433
1769885540.9236069,ADC1,1,servo_2,A,0.223
1769885540.9749365,THERM,0,motor_temp,C,31.486
1769885541.0258067,ADC1,0,servo_1,A,0.265
1769885541.076582,ADC1,1,servo_2,A,2.41
1769885541.127225,ADC2,0,bus_voltage,V,10.297
1769885541.1778536,ADC1,1,servo_2,A,0.253
1769885541.2282963,ADC2,0,bus_voltage,V,12.081
1769885541.278989,ADC1,0,servo_1,A,1.302
1769885541.3297515,ADC1,1,servo_2,A,0.702
1769885541.380274,ADC2,0,bus_voltage,V,12.449
1769885541.4308062,ADC1,1,servo_2,A,0.2
1769885541.4813266,ADC2,0,bus_voltage,V,11.911
1769885541.5320146,ADC1,0,servo_1,A,1.278
1769885541.5830202,THERM,0,motor_temp,C,54.454
1769885541.6335819,ADC2,0,bus_voltage,V,11.993
1769885541.6840572,ADC1,1,servo_2,A,1.166
1769885541.7346728,ADC1,0,servo_1,A,1.512
1769885541.7855103,ADC2,0,bus_voltage,V,10.591
1769885541.836882,ADC1,1,servo_2,A,0.275
1769885541.8874934,THERM,0,motor_temp,C,58.035
1769885541.9384615,ADC2,0,bus_voltage,V,11.438
1769885541.9894264,THERM,0,motor_temp,C,38.194
1769885542.040858,ADC1,1,servo_2,A,1.345
1769885542.0915678,ADC2,0,bus_voltage,V,10.084
1769885542.1422884,ADC2,0,bus_voltage,V,11.077
1769885542.1932435,ADC1,1,servo_2,A,1.265
1769885542.243766,ADC1,1,servo_2,A,0.474
1769885542.2943957,THERM,0,motor_temp,C,36.0
1769885542.3454747,THERM,0,motor_temp,C,25.537
1769885542.3962317,ADC1,0,servo_1,A,0.204
1769885542.4471269,ADC1,0,servo_1,A,1.805
1769885542.497792,ADC1,1,servo_2,A,0.959
1769885542.548242,ADC2,0,bus_voltage,V,12.581
1769885542.5990028,THERM,0,motor_temp,C,41.371
1769885542.6495628,ADC2,0,bus_voltage,V,10.287
1769885542.6999168,ADC1,0,servo_1,A,2.021
1769885542.7505748,ADC2,0,bus_voltage,V,10.578
1769885542.8017948,ADC1,0,servo_1,A,0.566
1769885542.8525345,ADC2,0,bus_voltage,V,12.573
1769885542.9032824,ADC1,1,servo_2,A,2.03
1769885542.9541476,ADC1,0,servo_1,A,0.738
1769885543.0052226,THERM,0,motor_temp,C,44.73
1769885543.0559337,THERM,0,motor_temp,C,62.065
1769885543.1069827,ADC1,1,servo_2,A,1.975
1769885543.1578321,ADC2,0,bus_voltage,V,12.098
1769885543.208957,ADC1,1,servo_2,A,0.554
1769885543.2594802,ADC1,1,servo_2,A,0.647
1769885543.310141,ADC1,1,servo_2,A,0.751
1769885543.3610578,ADC1,1,servo_2,A,2.468
1769885543.4118946,ADC1,1,servo_2,A,1.966
1769885543.4624784,ADC1,0,servo_1,A,2.267
1769885543.5128205,ADC2,0,bus_voltage,V,12.586
1769885543.5631647,ADC2,0,bus_voltage,V,11.596
1769885543.6137738,ADC2,0,bus_voltage,V,11.976
1769885543.6645482,THERM,0,motor_temp,C,65.734
1769885543.7156868,ADC2,0,bus_voltage,V,12.429
1769885543.7663465,ADC1,0,servo_1,A,1.692
1769885543.8169317,ADC2,0,bus_voltage,V,11.887
1769885543.867622,ADC1,0,servo_1,A,1.53
1769885543.91814,ADC1,0,servo_1,A,2.362
1769885543.9688013,THERM,0,motor_temp,C,63.528
1769885544.0195127,THERM,0,motor_temp,C,59.617
1769885544.0703325,ADC1,1,servo_2,A,0.617
1769885544.1211667,THERM,0,motor_temp,C,61.124
1769885544.1722763,THERM,0,motor_temp,C,48.016
1769885544.22304,ADC1,0,servo_1,A,1.105
1769885544.273547,ADC1,0,servo_1,A,1.844
1769885544.3248458,ADC1,1,servo_2,A,1.468
1769885544.3753624,ADC1,0,servo_1,A,1.567
1769885544.4260843,THERM,0,motor_temp,C,25.271
1769885544.4767098,THERM,0,motor_temp,C,33.931
1769885544.527547,ADC2,0,bus_voltage,V,10.747
1769885544.5783734,ADC1,0,servo_1,A,1.585
1769885544.6289356,ADC1,0,servo_1,A,2.198
1769885544.6807487,THERM,0,motor_temp,C,57.392
1769885544.731417,ADC1,0,servo_1,A,0.611
1769885544.7819285,ADC1,1,servo_2,A,1.628
1769885544.8323405,ADC2,0,bus_voltage,V,11.862
1769885544.8848941,ADC2,0,bus_voltage,V,11.478
1769885544.935919,ADC2,0,bus_voltage,V,12.274
1769885544.986439,ADC1,0,servo_1,A,0.884
1769885545.0376678,ADC1,1,servo_2,A,0.369
1769885545.0882478,ADC1,1,servo_2,A,0.911
1769885545.1386323,ADC2,0,bus_voltage,V,11.561
1769885545.1894064,ADC1,0,servo_1,A,1.213
1769885545.2400103,ADC1,0,servo_1,A,0.682
1769885545.2905207,ADC1,0,servo_1,A,0.315
1769885545.3413627,ADC2,0,bus_voltage,V,10.869
1769885545.392234,ADC1,0,servo_1,A,0.634
1769885545.442883,THERM,0,motor_temp,C,32.977
1769885545.4933321,ADC2,0,bus_voltage,V,11.84
1769885545.5438318,ADC1,1,servo_2,A,1.686
1769885545.5942035,ADC1,1,servo_2,A,1.058
1769885545.6455688,ADC1,0,servo_1,A,1.039
1769885545.7006345,ADC1,1,servo_2,A,1.437
1769885545.7515306,ADC2,0,bus_voltage,V,11.369
1769885545.8023155,ADC2,0,bus_voltage,V,11.3
1769885545.8530712,THERM,0,motor_temp,C,60.598
1769885545.9037783,ADC2,0,bus_voltage,V,11.089
1769885545.9541912,THERM,0,motor_temp,C,62.582
1769885546.0045202,ADC1,0,servo_1,A,1.421
1769885546.0549347,ADC1,1,servo_2,A,1.015
1769885546.1061113,THERM,0,motor_temp,C,42.491
1769885546.1573024,ADC2,0,bus_voltage,V,11.016
1769885546.2078748,THERM,0,motor_temp,C,37.383
1769885546.258955,ADC1,1,servo_2,A,0.265
1769885546.3100238,THERM,0,motor_temp,C,32.948
1769885546.3612022,ADC2,0,bus_voltage,V,11.034
1769885546.4117348,ADC2,0,bus_voltage,V,10.018
1769885546.4626658,ADC1,0,servo_1,A,2.409
1769885546.5134442,ADC1,1,servo_2,A,2.291
1769885546.5640612,ADC2,0,bus_voltage,V,10.329
1769885546.6144147,ADC2,0,bus_voltage,V,11.521
1769885546.6655896,ADC1,0,servo_1,A,0.235
1769885546.7163024,THERM,0,motor_temp,C,60.275
1769885546.766893,THERM,0,motor_temp,C,66.784
1769885546.8175087,ADC1,1,servo_2,A,2.215
1769885546.8679547,THERM,0,motor_temp,C,48.166
1769885546.9185078,ADC2,0,bus_voltage,V,10.745
1769885546.9693503,THERM,0,motor_temp,C,36.155
1769885547.0197868,ADC2,0,bus_voltage,V,12.0
1769885547.0705717,THERM,0,motor_temp,C,30.054
1769885547.1209042,ADC1,1,servo_2,A,0.384
1769885547.171342,ADC2,0,bus_voltage,V,12.12
1769885547.2220874,ADC1,0,servo_1,A,1.281
1769885547.2725942,ADC1,0,servo_1,A,1.096
1769885547.323423,ADC2,0,bus_voltage,V,10.256
1769885547.3739772,ADC1,1,servo_2,A,2.265
1769885547.4246309,ADC1,0,servo_1,A,2.182
1769885547.4751334,THERM,0,motor_temp,C,54.99
1769885547.525529,ADC1,1,servo_2,A,0.525
1769885547.576302,ADC2,0,bus_voltage,V,12.552
1769885547.6267998,ADC1,1,servo_2,A,0.896
1769885547.6773071,ADC2,0,bus_voltage,V,12.529
1769885547.7281432,ADC1,1,servo_2,A,1.205
1769885547.7791173,THERM,0,motor_temp,C,57.349
1769885547.8296647,ADC1,1,servo_2,A,2.139
1769885547.8801959,ADC1,1,servo_2,A,1.616
1769885547.9310036,ADC2,0,bus_voltage,V,12.567
1769885547.9820518,ADC1,1,servo_2,A,2.426
1769885548.0324066,THERM,0,motor_temp,C,30.111
1769885548.0831964,ADC1,1,servo_2,A,2.238
1769885548.1339147,ADC2,0,bus_voltage,V,11.738
1769885548.1847053,ADC1,0,servo_1,A,0.657
1769885548.2352567,ADC1,1,servo_2,A,1.541
1769885548.290936,THERM,0,motor_temp,C,61.869
1769885548.344898,ADC2,0,bus_voltage,V,11.232
1769885548.3993292,ADC1,1,servo_2,A,0.426
1769885548.4504604,THERM,0,motor_temp,C,49.546
1769885548.5017564,THERM,0,motor_temp,C,54.554
1769885548.552501,ADC1,1,servo_2,A,1.374
1769885548.6043012,THERM,0,motor_temp,C,49.537
1769885548.656024,ADC1,0,servo_1,A,0.525
1769885548.7065234,ADC1,1,servo_2,A,1.708
1769885548.7572706,ADC1,0,servo_1,A,2.315
1769885548.807795,THERM,0,motor_temp,C,67.431
1769885548.8586519,ADC1,1,servo_2,A,0.304
1769885548.9099557,ADC2,0,bus_voltage,V,12.317
1769885548.9605427,THERM,0,motor_temp,C,54.795
1769885549.0115974,THERM,0,motor_temp,C,37.979
1769885549.0623732,THERM,0,motor_temp,C,57.641
1769885549.1135669,ADC2,0,bus_voltage,V,11.998
1769885549.1644158,ADC2,0,bus_voltage,V,10.608
1769885549.2149503,ADC2,0,bus_voltage,V,11.222
1769885549.265729,ADC1,0,servo_1,A,1.727
1769885549.3166556,ADC2,0,bus_voltage,V,10.396
1769885549.368196,ADC2,0,bus_voltage,V,11.246
1769885549.4188817,ADC1,1,servo_2,A,0.294
1769885549.4697905,THERM,0,motor_temp,C,69.25
1769885549.5205092,ADC1,0,servo_1,A,1.375
1769885549.5715134,ADC1,0,servo_1,A,2.044
1769885549.6219945,THERM,0,motor_temp,C,45.983
1769885549.6727235,ADC2,0,bus_voltage,V,10.925
1769885549.723408,ADC1,0,servo_1,A,1.428
1769885549.7738702,ADC1,0,servo_1,A,1.193
1769885549.824685,ADC1,1,servo_2,A,1.503
1769885549.875609,ADC1,1,servo_2,A,1.993
1769885549.926417,ADC2,0,bus_voltage,V,11.758
1769885549.9768572,ADC2,0,bus_voltage,V,11.844
1769885550.027609,THERM,0,motor_temp,C,29.033
1769885550.0781324,ADC2,0,bus_voltage,V,12.183
1769885550.1289139,ADC2,0,bus_voltage,V,12.188
1769885550.1796386,ADC1,1,servo_2,A,0.418
1769885550.2311535,THERM,0,motor_temp,C,37.862
1769885550.2815504,THERM,0,motor_temp,C,30.469
1769885550.3322816,ADC2,0,bus_voltage,V,12.377
1769885550.3837204,ADC1,0,servo_1,A,0.658
1769885550.4350965,ADC1,1,servo_2,A,1.742
1769885550.485687,ADC1,1,servo_2,A,1.38
1769885550.5367522,ADC1,1,servo_2,A,0.872
1769885550.587463,THERM,0,motor_temp,C,49.935
1769885550.6380131,ADC1,0,servo_1,A,1.345
1769885550.6885538,THERM,0,motor_temp,C,64.479
1769885550.739278,ADC2,0,bus_voltage,V,12.521
1769885550.7901225,THERM,0,motor_temp,C,55.969
1769885550.8408751,THERM,0,motor_temp,C,67.991
1769885550.8916097,ADC2,0,bus_voltage,V,11.02
1769885550.942204,ADC2,0,bus_voltage,V,12.185
1769885550.992607,THERM,0,motor_temp,C,51.646
1769885551.0435855,THERM,0,motor_temp,C,36.124
1769885551.0941727,ADC2,0,bus_voltage,V,11.623
1769885551.1448317,THERM,0,motor_temp,C,47.691
1769885551.195392,ADC1,0,servo_1,A,1.186
1769885551.2460322,ADC1,1,servo_2,A,1.862
1769885551.2966988,THERM,0,motor_temp,C,44.423
1769885551.3473709,THERM,0,motor_temp,C,47.978
1769885551.3983278,ADC1,1,servo_2,A,1.664
1769885551.4493787,ADC1,0,servo_1,A,0.455
1769885551.5002258,ADC1,1,servo_2,A,1.44
1769885551.5512044,ADC1,0,servo_1,A,1.24
1769885551.6019135,ADC1,1,servo_2,A,1.985
1769885551.65276,ADC1,1,servo_2,A,0.247
1769885551.7031763,ADC2,0,bus_voltage,V,10.234
1769885551.7539978,THERM,0,motor_temp,C,42.154
1769885551.8047867,THERM,0,motor_temp,C,34.227
1769885551.8556309,ADC1,0,servo_1,A,0.976
1769885551.906885,ADC2,0,bus_voltage,V,10.349
1769885551.9574926,THERM,0,motor_temp,C,45.832
1769885552.0080402,THERM,0,motor_temp,C,53.222
1769885552.0586064,ADC1,0,servo_1,A,2.057
1769885552.1096199,THERM,0,motor_temp,C,43.663
1769885552.1601403,ADC1,0,servo_1,A,1.009
1769885552.21064,ADC1,1,servo_2,A,1.761
1769885552.2613685,ADC1,0,servo_1,A,1.363
1769885552.3119617,ADC1,0,servo_1,A,1.68
1769885552.3627932,ADC1,1,servo_2,A,1.537
1769885552.4137142,ADC1,0,servo_1,A,1.325
1769885552.4648879,THERM,0,motor_temp,C,67.845
1769885552.5160036,ADC1,0,servo_1,A,1.666
1769885552.5668392,THERM,0,motor_temp,C,28.551
1769885552.617777,ADC1,1,servo_2,A,2.372
1769885552.6688333,ADC1,0,servo_1,A,1.359
1769885552.7193859,ADC1,0,servo_1,A,2.118
1769885552.7700562,ADC2,0,bus_voltage,V,12.15
1769885552.8205116,ADC2,0,bus_voltage,V,12.325
1769885552.8715122,THERM,0,motor_temp,C,64.656
1769885552.9222744,ADC2,0,bus_voltage,V,11.727
1769885552.9730957,ADC2,0,bus_voltage,V,10.793
1769885553.023745,THERM,0,motor_temp,C,56.632
1769885553.0744593,ADC1,0,servo_1,A,1.359
1769885553.125731,ADC1,1,servo_2,A,1.997
1769885553.1763093,ADC1,1,servo_2,A,1.977
1769885553.227274,ADC1,1,servo_2,A,1.193
1769885553.2778196,THERM,0,motor_temp,C,42.851
1769885553.3288298,ADC1,1,servo_2,A,2.07
1769885553.379614,ADC1,0,servo_1,A,2.493
1769885553.430924,ADC1,1,servo_2,A,0.566
1769885553.4825678,ADC1,0,servo_1,A,1.525
1769885553.534156,THERM,0,motor_temp,C,57.007
1769885553.5848858,ADC2,0,bus_voltage,V,10.38
1769885553.6353393,ADC2,0,bus_voltage,V,11.987
1769885553.6859543,THERM,0,motor_temp,C,44.726
1769885553.7368279,ADC1,0,servo_1,A,0.976
1769885553.789432,ADC2,0,bus_voltage,V,12.393
1769885553.842739,ADC1,1,servo_2,A,2.226
1769885553.8935988,ADC2,0,bus_voltage,V,12.273
1769885553.9441464,ADC2,0,bus_voltage,V,12.39
1769885553.9947932,ADC1,1,servo_2,A,1.023
1769885554.0455842,THERM,0,motor_temp,C,35.43
1769885554.096215,ADC2,0,bus_voltage,V,10.535
1769885554.1468081,ADC1,0,servo_1,A,0.768
1769885554.198247,ADC2,0,bus_voltage,V,10.058
1769885554.2492788,ADC1,0,servo_1,A,0.879
1769885554.300053,ADC2,0,bus_voltage,V,10.566
1769885554.3506796,ADC1,1,servo_2,A,2.438
1769885554.4015908,ADC2,0,bus_voltage,V,11.953
1769885554.4524195,ADC2,0,bus_voltage,V,11.513
1769885554.5032248,ADC1,0,servo_1,A,0.568
1769885554.5539367,ADC1,1,servo_2,A,2.383
1769885554.6048074,THERM,0,motor_temp,C,42.907
1769885554.6560647,ADC1,0,servo_1,A,1.332
1769885554.706817,ADC1,1,servo_2,A,0.82
1769885554.7576437,THERM,0,motor_temp,C,55.467
1769885554.8085365,ADC1,1,servo_2,A,1.571
1769885554.8596702,ADC1,0,servo_1,A,1.097
1769885554.910551,ADC2,0,bus_voltage,V,11.959
1769885554.9612932,ADC1,1,servo_2,A,1.132
1769885555.012329,ADC2,0,bus_voltage,V,11.66
1769885555.065923,THERM,0,motor_temp,C,42.469
1769885555.1174302,ADC1,1,servo_2,A,0.698
1769885555.1684155,ADC1,0,servo_1,A,0.476
1769885555.219203,ADC1,0,servo_1,A,0.914
1769885555.2697854,ADC1,1,servo_2,A,2.055
1769885555.3208175,THERM,0,motor_temp,C,63.826
1769885555.3717494,ADC1,1,servo_2,A,1.158
1769885555.4227772,THERM,0,motor_temp,C,61.087
1769885555.473643,ADC2,0,bus_voltage,V,10.155
1769885555.5244234,THERM,0,motor_temp,C,61.293
1769885555.5769196,THERM,0,motor_temp,C,69.826
1769885555.6280117,THERM,0,motor_temp,C,63.374
1769885555.6827302,ADC1,0,servo_1,A,1.903
1769885555.733325,ADC2,0,bus_voltage,V,10.085
1769885555.7842546,ADC1,0,servo_1,A,1.791
1769885555.8349872,ADC1,0,servo_1,A,1.81
1769885555.8857958,ADC1,0,servo_1,A,1.941
1769885555.9364913,ADC1,1,servo_2,A,0.251
1769885555.9873855,ADC1,0,servo_1,A,2.213
1769885556.037874,THERM,0,motor_temp,C,43.172
1769885556.088703,ADC2,0,bus_voltage,V,10.903
1769885556.139433,ADC1,0,servo_1,A,1.539
1769885556.1902153,THERM,0,motor_temp,C,60.535
1769885556.2420297,THERM,0,motor_temp,C,31.767
1769885556.2932935,ADC2,0,bus_voltage,V,12.081
1769885556.3440216,ADC1,0,servo_1,A,2.064
1769885556.3945382,ADC1,1,servo_2,A,1.594
1769885556.4452095,ADC1,1,servo_2,A,0.922
1769885556.49558,ADC1,1,servo_2,A,0.206
1769885556.5459929,THERM,0,motor_temp,C,46.796
1769885556.5996141,THERM,0,motor_temp,C,68.326
1769885556.650311,ADC2,0,bus_voltage,V,12.425
1769885556.700876,ADC1,0,servo_1,A,1.895
1769885556.751704,ADC1,1,servo_2,A,2.283
1769885556.802162,THERM,0,motor_temp,C,56.202
1769885556.8525178,THERM,0,motor_temp,C,51.273
1769885556.9032865,ADC1,0,servo_1,A,1.094
1769885556.9537578,ADC1,0,servo_1,A,0.428
1769885557.0042472,THERM,0,motor_temp,C,63.898
1769885557.054976,ADC1,0,servo_1,A,1.482
1769885557.1058154,THERM,0,motor_temp,C,63.182
1769885557.156558,ADC2,0,bus_voltage,V,11.078
1769885557.2073903,ADC2,0,bus_voltage,V,10.275
1769885557.258196,THERM,0,motor_temp,C,28.557
1769885557.3089714,ADC2,0,bus_voltage,V,10.318
1769885557.359525,ADC1,0,servo_1,A,2.412
1769885557.4100313,ADC1,0,servo_1,A,1.708
1769885557.4605844,ADC1,1,servo_2,A,0.556
1769885557.5110261,THERM,0,motor_temp,C,62.762
1769885557.5616174,ADC2,0,bus_voltage,V,12.352
1769885557.6126184,ADC1,0,servo_1,A,1.616
1769885557.6633618,THERM,0,motor_temp,C,42.696
1769885557.7141886,ADC1,1,servo_2,A,2.476
1769885557.7646353,ADC2,0,bus_voltage,V,11.172
1769885557.8150783,ADC1,0,servo_1,A,0.519
1769885557.8657901,ADC1,1,servo_2,A,1.937
1769885557.916467,THERM,0,motor_temp,C,65.049
1769885557.9671478,THERM,0,motor_temp,C,46.639
1769885558.0179079,ADC2,0,bus_voltage,V,11.48
1769885558.0684245,ADC2,0,bus_voltage,V,12.584
1769885558.1192646,THERM,0,motor_temp,C,67.762
1769885558.1709235,ADC1,1,servo_2,A,1.563
1769885558.2220235,ADC2,0,bus_voltage,V,10.752
1769885558.2724724,ADC1,0,servo_1,A,1.502
1769885558.3233318,THERM,0,motor_temp,C,33.6
1769885558.3739798,ADC1,0,servo_1,A,1.169
1769885558.4246435,ADC2,0,bus_voltage,V,10.155
1769885558.4753122,ADC1,1,servo_2,A,0.839
1769885558.5259752,ADC1,1,servo_2,A,0.855
1769885558.5767365,THERM,0,motor_temp,C,45.446
1769885558.62763,THERM,0,motor_temp,C,60.701
1769885558.6790454,ADC2,0,bus_voltage,V,10.137
1769885558.7316546,ADC2,0,bus_voltage,V,10.073
1769885558.783486,ADC1,1,servo_2,A,1.584
1769885558.834304,ADC1,1,servo_2,A,2.46
1769885558.8952873,THERM,0,motor_temp,C,28.018
1769885558.9509912,ADC1,1,servo_2,A,1.643
1769885559.0014274,THERM,0,motor_temp,C,38.256
1769885559.0521495,THERM,0,motor_temp,C,30.813
1769885559.1027963,THERM,0,motor_temp,C,56.485
1769885559.15334,THERM,0,motor_temp,C,65.306
1769885559.2038276,ADC1,0,servo_1,A,0.577
1769885559.2544415,THERM,0,motor_temp,C,33.397
1769885559.305277,ADC2,0,bus_voltage,V,10.394
1769885559.3557973,ADC2,0,bus_voltage,V,10.986
1769885559.4065588,ADC2,0,bus_voltage,V,10.334
1769885559.45713,ADC1,0,servo_1,A,0.866
1769885559.507985,THERM,0,motor_temp,C,64.881
1769885559.5586042,THERM,0,motor_temp,C,37.011
1769885559.6098309,THERM,0,motor_temp,C,67.261
1769885559.6604984,THERM,0,motor_temp,C,44.572
1769885559.711189,ADC1,1,servo_2,A,2.145
1769885559.7616,ADC2,0,bus_voltage,V,10.513
1769885559.8123002,ADC1,1,servo_2,A,2.479
1769885559.8630335,ADC1,0,servo_1,A,1.381
1769885559.9137077,ADC1,1,servo_2,A,1.609
1769885559.9645958,ADC2,0,bus_voltage,V,12.283
1769885560.0159757,ADC1,0,servo_1,A,0.223
1769885560.0668344,ADC1,0,servo_1,A,1.987
1769885560.1181304,THERM,0,motor_temp,C,58.594
1769885560.16901,ADC2,0,bus_voltage,V,11.659
1769885560.2197402,ADC1,0,servo_1,A,0.211
1769885560.2702641,THERM,0,motor_temp,C,49.601
1769885560.3212478,ADC1,1,servo_2,A,2.479
1769885560.3728309,ADC2,0,bus_voltage,V,10.195
1769885560.42341,ADC1,0,servo_1,A,0.543
1769885560.4739187,THERM,0,motor_temp,C,50.184
1769885560.524725,THERM,0,motor_temp,C,53.271
1769885560.5754397,ADC1,1,servo_2,A,1.86
1769885560.6261601,ADC1,1,servo_2,A,1.462
1769885560.6766102,THERM,0,motor_temp,C,36.964
1769885560.7285688,ADC1,1,servo_2,A,2.306
1769885560.779743,ADC1,1,servo_2,A,1.246
1769885560.8321624,ADC2,0,bus_voltage,V,10.121
1769885560.883228,ADC1,0,servo_1,A,1.304
1769885560.934309,ADC1,0,servo_1,A,1.257
1769885560.9854844,ADC1,1,servo_2,A,1.371
1769885561.036316,ADC2,0,bus_voltage,V,11.42
1769885561.0866637,THERM,0,motor_temp,C,35.983
1769885561.1376286,ADC1,1,servo_2,A,1.867
1769885561.188583,ADC1,0,servo_1,A,2.39
1769885561.2399411,THERM,0,motor_temp,C,57.768
1769885561.29086,ADC2,0,bus_voltage,V,10.632
1769885561.3413765,ADC2,0,bus_voltage,V,10.105
1769885561.392287,ADC1,1,servo_2,A,1.71
1769885561.4428482,ADC2,0,bus_voltage,V,10.72
1769885561.4935627,ADC2,0,bus_voltage,V,11.591
1769885561.5442307,ADC2,0,bus_voltage,V,11.292
1769885561.5948896,ADC2,0,bus_voltage,V,11.314
1769885561.6463199,ADC1,0,servo_1,A,0.635
1769885561.70032,THERM,0,motor_temp,C,44.133
1769885561.7508588,ADC1,1,servo_2,A,0.463
1769885561.8012428,ADC2,0,bus_voltage,V,12.078
1769885561.851588,THERM,0,motor_temp,C,33.645
1769885561.9020689,ADC1,0,servo_1,A,0.305
1769885561.9525125,ADC2,0,bus_voltage,V,11.465
1769885562.0029135,THERM,0,motor_temp,C,50.184
1769885562.0534973,ADC1,1,servo_2,A,0.5
1769885562.1042974,THERM,0,motor_temp,C,63.053
1769885562.154866,ADC1,0,servo_1,A,2.181
1769885562.2058406,ADC1,1,servo_2,A,1.394
1769885562.2565536,THERM,0,motor_temp,C,60.368
1769885562.3069363,THERM,0,motor_temp,C,28.918
1769885562.357666,ADC1,1,servo_2,A,2.371
1769885562.4083493,ADC1,1,servo_2,A,0.396
1769885562.459525,ADC1,1,servo_2,A,1.573
1769885562.51,THERM,0,motor_temp,C,42.321
1769885562.5608034,ADC1,1,servo_2,A,1.182
1769885562.61143,ADC1,0,servo_1,A,2.159
1769885562.662039,ADC1,0,servo_1,A,2.26
1769885562.713305,ADC1,1,servo_2,A,1.585
1769885562.7640245,ADC1,0,servo_1,A,1.275
1769885562.8161702,ADC2,0,bus_voltage,V,11.117
1769885562.8681247,ADC2,0,bus_voltage,V,10.596
1769885562.9189346,ADC2,0,bus_voltage,V,11.755
1769885562.9693387,ADC1,1,servo_2,A,1.099
1769885563.019667,ADC2,0,bus_voltage,V,11.172
1769885563.0702376,ADC1,0,servo_1,A,2.146
1769885563.1205108,ADC1,1,servo_2,A,1.214
1769885563.1710734,ADC1,0,servo_1,A,1.138
1769885563.2218323,ADC1,1,servo_2,A,1.452
1769885563.2728722,THERM,0,motor_temp,C,56.842
1769885563.323477,ADC1,0,servo_1,A,1.325
1769885563.3739033,ADC1,0,servo_1,A,1.791
1769885563.4245982,ADC2,0,bus_voltage,V,11.891
1769885563.475324,THERM,0,motor_temp,C,37.189
1769885563.5260031,ADC1,0,servo_1,A,2.242
1769885563.5775192,ADC2,0,bus_voltage,V,11.092
1769885563.6284037,ADC1,0,servo_1,A,1.44
1769885563.6791384,ADC2,0,bus_voltage,V,12.18
1769885563.729673,ADC1,1,servo_2,A,1.588
1769885563.7819915,ADC1,0,servo_1,A,1.418
1769885563.8332598,ADC1,0,servo_1,A,1.945
1769885563.885025,ADC2,0,bus_voltage,V,11.675
1769885563.9354727,ADC1,0,servo_1,A,1.51
1769885563.9861426,ADC1,0,servo_1,A,1.593
1769885564.036816,THERM,0,motor_temp,C,32.807
1769885564.0871565,ADC1,1,servo_2,A,2.067
1769885564.1375191,ADC1,1,servo_2,A,1.656
1769885564.1885483,ADC1,1,servo_2,A,0.891
1769885564.239313,ADC1,0,servo_1,A,1.887
1769885564.290185,ADC2,0,bus_voltage,V,12.53
1769885564.3407435,ADC2,0,bus_voltage,V,12.51
1769885564.3920178,THERM,0,motor_temp,C,29.137
1769885564.4424646,ADC1,0,servo_1,A,1.617
1769885564.4928694,ADC2,0,bus_voltage,V,12.161
1769885564.5437336,ADC1,1,servo_2,A,1.259
1769885564.5940893,THERM,0,motor_temp,C,37.114
1769885564.6448455,ADC1,0,servo_1,A,0.219
1769885564.6960375,ADC1,0,servo_1,A,1.002
1769885564.7472315,ADC2,0,bus_voltage,V,10.444
1769885564.7983444,THERM,0,motor_temp,C,68.398
1769885564.8494425,THERM,0,motor_temp,C,32.422
1769885564.9003584,ADC1,0,servo_1,A,1.258
1769885564.951478,ADC1,1,servo_2,A,1.172
1769885565.0019748,ADC1,0,servo_1,A,0.932
1769885565.0524592,ADC1,0,servo_1,A,0.58
1769885565.1029072,ADC1,0,servo_1,A,0.409
1769885565.1535523,ADC1,0,servo_1,A,1.656
1769885565.204116,ADC1,0,servo_1,A,1.179
1769885565.2545848,THERM,0,motor_temp,C,44.409
1769885565.304931,ADC1,1,servo_2,A,1.325
1769885565.3554463,ADC1,0,servo_1,A,1.601
1769885565.4132822,THERM,0,motor_temp,C,60.92
1769885565.464063,ADC1,0,servo_1,A,2.041
1769885565.5147638,ADC1,1,servo_2,A,1.661
1769885565.5654228,ADC1,0,servo_1,A,2.409
1769885565.6161697,ADC1,0,servo_1,A,0.555
1769885565.6679144,ADC2,0,bus_voltage,V,11.08
1769885565.718345,ADC1,0,servo_1,A,1.829
1769885565.7691543,ADC1,0,servo_1,A,1.555
1769885565.819941,ADC1,0,servo_1,A,0.84
1769885565.8708289,ADC2,0,bus_voltage,V,10.775
1769885565.9218364,ADC1,1,servo_2,A,2.1
1769885565.973315,ADC1,0,servo_1,A,0.711
1769885566.0244842,ADC1,1,servo_2,A,2.461
1769885566.0757217,ADC1,0,servo_1,A,0.888
1769885566.1270528,ADC1,1,servo_2,A,1.517
1769885566.177852,ADC2,0,bus_voltage,V,11.926
1769885566.2290778,THERM,0,motor_temp,C,45.72
1769885566.2805133,ADC1,1,servo_2,A,2.275
1769885566.3310883,ADC2,0,bus_voltage,V,10.535
1769885566.3825536,ADC2,0,bus_voltage,V,12.155
1769885566.4337928,THERM,0,motor_temp,C,54.062
1769885566.4847727,ADC1,1,servo_2,A,0.614
1769885566.5352292,ADC1,0,servo_1,A,1.172
1769885566.5861065,ADC2,0,bus_voltage,V,11.125
1769885566.6368425,ADC1,0,servo_1,A,1.293
1769885566.6875772,ADC1,1,servo_2,A,0.299
1769885566.7385461,ADC1,1,servo_2,A,1.441
1769885566.7955372,ADC2,0,bus_voltage,V,10.435
1769885566.846749,ADC1,1,servo_2,A,1.964
1769885566.8977473,ADC2,0,bus_voltage,V,11.86
1769885566.9486349,ADC1,0,servo_1,A,1.357
1769885566.999353,THERM,0,motor_temp,C,41.536
1769885567.0497687,ADC1,0,servo_1,A,1.884
1769885567.100407,ADC2,0,bus_voltage,V,12.397
1769885567.1510472,ADC2,0,bus_voltage,V,12.088
1769885567.2016408,THERM,0,motor_temp,C,40.086
1769885567.2520769,THERM,0,motor_temp,C,36.084
1769885567.3028002,ADC1,0,servo_1,A,2.109
1769885567.3553963,THERM,0,motor_temp,C,66.067
1769885567.4058533,ADC1,0,servo_1,A,0.71
1769885567.468835,ADC2,0,bus_voltage,V,11.432
1769885567.519645,THERM,0,motor_temp,C,34.367
1769885567.570042,ADC1,1,servo_2,A,1.092
1769885567.6205616,ADC1,1,servo_2,A,2.073
1769885567.6712043,ADC1,1,servo_2,A,0.81
1769885567.7219682,THERM,0,motor_temp,C,41.314
1769885567.7723758,ADC2,0,bus_voltage,V,11.159
1769885567.8233008,THERM,0,motor_temp,C,65.19
1769885567.8740332,ADC2,0,bus_voltage,V,10.393
1769885567.9246662,THERM,0,motor_temp,C,41.594
1769885567.975024,ADC1,0,servo_1,A,0.489
1769885568.025695,ADC2,0,bus_voltage,V,10.93
1769885568.0778687,ADC1,0,servo_1,A,1.743
1769885568.128663,ADC2,0,bus_voltage,V,12.194
1769885568.1791594,ADC2,0,bus_voltage,V,11.742
1769885568.230122,ADC2,0,bus_voltage,V,10.87
1769885568.2807868,ADC1,1,servo_2,A,2.103
1769885568.3312454,ADC1,1,servo_2,A,0.772
1769885568.3819172,THERM,0,motor_temp,C,65.324
1769885568.43227,ADC1,1,servo_2,A,2.158
1769885568.482641,ADC1,1,servo_2,A,0.473
1769885568.5329351,ADC2,0,bus_voltage,V,11.528
1769885568.5834432,ADC2,0,bus_voltage,V,10.318
1769885568.634714,ADC1,0,servo_1,A,0.786
1769885568.6851366,ADC1,1,servo_2,A,0.931
1769885568.7363005,ADC1,0,servo_1,A,1.419
1769885568.7867706,THERM,0,motor_temp,C,26.466
1769885568.8374395,THERM,0,motor_temp,C,32.044
1769885568.8879375,ADC1,0,servo_1,A,1.304
1769885568.938295,ADC1,1,servo_2,A,2.231
1769885568.9896626,ADC1,1,servo_2,A,1.159
1769885569.0408008,ADC1,0,servo_1,A,1.602
1769885569.0920618,THERM,0,motor_temp,C,34.16
1769885569.1431627,ADC1,1,servo_2,A,2.072
1769885569.1937199,ADC1,0,servo_1,A,2.178
1769885569.2444763,ADC1,0,servo_1,A,2.443
1769885569.295014,ADC1,0,servo_1,A,0.316
1769885569.3453794,ADC2,0,bus_voltage,V,10.056
1769885569.395807,ADC1,1,servo_2,A,1.136
1769885569.4474926,THERM,0,motor_temp,C,65.553
1769885569.4982305,THERM,0,motor_temp,C,59.693
1769885569.5532596,ADC2,0,bus_voltage,V,10.025
1769885569.6048522,ADC1,1,servo_2,A,2.072
1769885569.6557097,ADC1,1,servo_2,A,0.823
1769885569.7064013,THERM,0,motor_temp,C,64.392
1769885569.7570446,ADC2,0,bus_voltage,V,11.322
1769885569.8078039,ADC1,1,servo_2,A,1.064
1769885569.8584247,THERM,0,motor_temp,C,55.197
1769885569.9090388,ADC1,1,servo_2,A,1.66
1769885569.9605753,ADC1,0,servo_1,A,1.245
1769885570.011881,ADC1,1,servo_2,A,0.73
1769885570.0630214,ADC2,0,bus_voltage,V,12.387
1769885570.1157143,ADC1,1,servo_2,A,0.392
1769885570.1673212,THERM,0,motor_temp,C,52.635
1769885570.2180085,ADC1,1,servo_2,A,0.757
1769885570.2689524,ADC1,1,servo_2,A,1.447
1769885570.321494,ADC2,0,bus_voltage,V,10.575
1769885570.372052,ADC1,1,servo_2,A,0.853
1769885570.4229524,THERM,0,motor_temp,C,28.112
1769885570.4737005,THERM,0,motor_temp,C,39.271
1769885570.524428,ADC1,0,servo_1,A,1.384
1769885570.574992,ADC2,0,bus_voltage,V,10.581
1769885570.6257682,ADC1,1,servo_2,A,1.301
1769885570.6771133,ADC1,1,servo_2,A,0.787
1769885570.7276993,ADC1,0,servo_1,A,1.968
1769885570.778689,ADC1,1,servo_2,A,2.007
1769885570.8292341,THERM,0,motor_temp,C,61.231
1769885570.880442,ADC1,0,servo_1,A,0.688
1769885570.9320552,ADC1,0,servo_1,A,0.864
1769885570.9849765,ADC1,1,servo_2,A,0.48
1769885571.0355492,ADC1,1,servo_2,A,2.113
1769885571.0861735,ADC2,0,bus_voltage,V,10.342
1769885571.137013,ADC1,1,servo_2,A,1.331
1769885571.1874177,ADC2,0,bus_voltage,V,10.422
1769885571.2382379,ADC2,0,bus_voltage,V,12.027
1769885571.2893474,ADC1,1,servo_2,A,1.373
1769885571.340103,ADC1,1,servo_2,A,0.378
1769885571.3963385,THERM,0,motor_temp,C,27.042
1769885571.4470472,ADC1,1,servo_2,A,1.438
1769885571.4976625,ADC2,0,bus_voltage,V,10.84
1769885571.5497353,THERM,0,motor_temp,C,45.289
1769885571.6000965,ADC1,0,servo_1,A,1.043
1769885571.6508446,ADC2,0,bus_voltage,V,12.171
1769885571.7016566,THERM,0,motor_temp,C,37.851
1769885571.755312,THERM,0,motor_temp,C,54.299
1769885571.805949,ADC1,1,servo_2,A,1.63
1769885571.8579009,ADC1,1,servo_2,A,0.809
1769885571.9087813,ADC1,1,servo_2,A,0.598
1769885571.9592745,ADC1,0,servo_1,A,1.277
1769885572.010053,ADC1,0,servo_1,A,0.765
1769885572.0609055,ADC2,0,bus_voltage,V,10.379
1769885572.1166017,THERM,0,motor_temp,C,66.198
1769885572.1678221,ADC1,0,servo_1,A,1.776
1769885572.2225704,ADC2,0,bus_voltage,V,11.773
1769885572.2792122,ADC1,1,servo_2,A,1.745
1769885572.3298755,ADC1,0,servo_1,A,1.965
1769885572.3812315,THERM,0,motor_temp,C,43.089
1769885572.4326038,THERM,0,motor_temp,C,45.138
1769885572.5229256,ADC1,0,servo_1,A,1.773
1769885572.5758505,THERM,0,motor_temp,C,60.017
1769885572.6269631,ADC2,0,bus_voltage,V,10.408
1769885572.6780374,ADC1,1,servo_2,A,1.213
1769885572.7369595,ADC1,1,servo_2,A,0.979
1769885572.8009136,THERM,0,motor_temp,C,67.607
1769885572.8518405,ADC1,1,servo_2,A,0.91
1769885572.9025197,THERM,0,motor_temp,C,41.324
1769885572.9537523,ADC1,1,servo_2,A,0.414
1769885573.0044425,THERM,0,motor_temp,C,27.081
1769885573.055039,ADC2,0,bus_voltage,V,11.734
1769885573.105966,ADC1,1,servo_2,A,1.377
1769885573.1565342,THERM,0,motor_temp,C,65.943
1769885573.2073283,ADC1,0,servo_1,A,1.049
1769885573.2579925,THERM,0,motor_temp,C,46.056
1769885573.3088543,THERM,0,motor_temp,C,65.079
1769885573.3593166,ADC1,0,servo_1,A,1.079
1769885573.4101083,ADC1,1,servo_2,A,2.316
1769885573.4611175,ADC2,0,bus_voltage,V,11.915
1769885573.511891,ADC1,0,servo_1,A,1.203
1769885573.5630405,ADC1,1,servo_2,A,2.061
1769885573.613725,ADC2,0,bus_voltage,V,11.613
1769885573.6643982,ADC1,0,servo_1,A,0.54
1769885573.7152362,ADC1,0,servo_1,A,0.941
1769885573.7660372,ADC1,1,servo_2,A,0.582
1769885573.8165767,ADC2,0,bus_voltage,V,12.17
1769885573.8671355,ADC1,1,servo_2,A,1.992
1769885573.917514,ADC1,1,servo_2,A,1.657
1769885573.968388,ADC1,0,servo_1,A,1.142
1769885574.0193274,ADC1,1,servo_2,A,2.317
1769885574.0697746,ADC1,1,servo_2,A,1.522
1769885574.1203446,ADC1,1,servo_2,A,1.032
1769885574.1710024,ADC1,0,servo_1,A,1.44
1769885574.221491,ADC1,1,servo_2,A,2.217
1769885574.2723799,ADC1,1,servo_2,A,1.407
1769885574.3229885,THERM,0,motor_temp,C,39.032
1769885574.3736959,ADC2,0,bus_voltage,V,10.882
1769885574.4241297,ADC2,0,bus_voltage,V,11.512
1769885574.475002,THERM,0,motor_temp,C,41.402
1769885574.5260215,THERM,0,motor_temp,C,56.32
1769885574.5766497,THERM,0,motor_temp,C,47.659
1769885574.6277359,ADC1,0,servo_1,A,1.337
1769885574.6783795,THERM,0,motor_temp,C,55.381
1769885574.7292523,ADC1,0,servo_1,A,0.356
1769885574.7810369,THERM,0,motor_temp,C,61.029
1769885574.8323925,ADC2,0,bus_voltage,V,11.101
1769885574.8830512,ADC2,0,bus_voltage,V,11.627
1769885574.9337168,ADC2,0,bus_voltage,V,11.907
1769885574.984729,THERM,0,motor_temp,C,33.974
1769885575.0358176,ADC1,1,servo_2,A,1.848
1769885575.0869448,ADC2,0,bus_voltage,V,11.724
1769885575.13804,ADC1,0,servo_1,A,0.945
1769885575.1883981,ADC2,0,bus_voltage,V,12.462
1769885575.2389271,THERM,0,motor_temp,C,58.416
1769885575.2900438,THERM,0,motor_temp,C,55.892
1769885575.3409123,THERM,0,motor_temp,C,30.438
1769885575.391553,ADC1,0,servo_1,A,2.412
1769885575.4419947,ADC1,1,servo_2,A,2.488
1769885575.492669,ADC1,0,servo_1,A,0.965
1769885575.5436041,ADC1,1,servo_2,A,1.431
1769885575.5942273,ADC1,1,servo_2,A,1.44
1769885575.6450305,ADC1,1,servo_2,A,0.481
1769885575.6958044,ADC1,1,servo_2,A,0.767
1769885575.7464757,ADC1,1,servo_2,A,0.995
1769885575.7987032,ADC1,1,servo_2,A,1.872
1769885575.8497288,ADC1,0,servo_1,A,0.675
1769885575.9059072,THERM,0,motor_temp,C,56.581
1769885575.9571493,ADC2,0,bus_voltage,V,11.108
1769885576.0079818,THERM,0,motor_temp,C,68.552
1769885576.0585892,ADC1,0,servo_1,A,0.332
1769885576.1091747,ADC2,0,bus_voltage,V,10.299
1769885576.159703,ADC1,1,servo_2,A,2.16
1769885576.2102237,ADC1,0,servo_1,A,0.49
1769885576.2612135,ADC2,0,bus_voltage,V,10.113
1769885576.3117456,ADC2,0,bus_voltage,V,11.82
1769885576.3622026,ADC1,1,servo_2,A,0.536
1769885576.4132745,ADC1,0,servo_1,A,0.955
1769885576.464981,ADC1,0,servo_1,A,1.511
1769885576.516015,ADC2,0,bus_voltage,V,10.135
1769885576.567163,ADC1,0,servo_1,A,0.259
1769885576.618111,ADC1,0,servo_1,A,1.654
1769885576.6692448,ADC1,0,servo_1,A,2.45
1769885576.720132,THERM,0,motor_temp,C,49.634
1769885576.7709663,THERM,0,motor_temp,C,44.844
1769885576.8218057,ADC2,0,bus_voltage,V,11.703
1769885576.8729343,ADC1,1,servo_2,A,2.403
1769885576.9236813,THERM,0,motor_temp,C,31.538
1769885576.9741998,ADC1,0,servo_1,A,2.118
1769885577.024902,ADC2,0,bus_voltage,V,10.616
1769885577.0755215,ADC1,0,servo_1,A,2.088
1769885577.1263936,ADC1,0,servo_1,A,0.354
1769885577.1772294,ADC1,1,servo_2,A,2.317
1769885577.2280455,ADC2,0,bus_voltage,V,10.184
1769885577.2788098,THERM,0,motor_temp,C,48.836
1769885577.3292744,THERM,0,motor_temp,C,43.963
1769885577.3798585,THERM,0,motor_temp,C,63.644
1769885577.4311807,ADC2,0,bus_voltage,V,11.763
1769885577.4837182,ADC1,0,servo_1,A,2.0
1769885577.5342796,THERM,0,motor_temp,C,61.439
1769885577.5849526,ADC1,0,servo_1,A,0.539
1769885577.6361449,ADC2,0,bus_voltage,V,11.594
1769885577.6868963,ADC2,0,bus_voltage,V,11.324
1769885577.7378683,THERM,0,motor_temp,C,59.099
1769885577.7885823,ADC1,0,servo_1,A,0.988
1769885577.8395133,THERM,0,motor_temp,C,41.743
1769885577.890453,ADC2,0,bus_voltage,V,10.873
1769885577.9422574,ADC1,1,servo_2,A,0.61
1769885578.0125706,ADC1,1,servo_2,A,1.919
1769885578.0659328,ADC1,1,servo_2,A,2.192
1769885578.1171725,THERM,0,motor_temp,C,55.179
1769885578.1680558,ADC2,0,bus_voltage,V,12.48
1769885578.218865,ADC1,1,servo_2,A,1.429
1769885578.2693741,THERM,0,motor_temp,C,41.162
1769885578.3202636,THERM,0,motor_temp,C,26.748
1769885578.370714,ADC2,0,bus_voltage,V,11.185
1769885578.4220114,ADC2,0,bus_voltage,V,11.769
1769885578.472558,THERM,0,motor_temp,C,67.461
1769885578.5246122,ADC1,0,servo_1,A,0.953
1769885578.5756557,ADC2,0,bus_voltage,V,11.717
1769885578.6263442,ADC1,1,servo_2,A,2.005
1769885578.6772594,ADC1,1,servo_2,A,2.222
1769885578.7277722,ADC1,0,servo_1,A,0.798
1769885578.7784657,THERM,0,motor_temp,C,59.715
1769885578.8290467,ADC1,1,servo_2,A,2.068
1769885578.8798013,ADC1,1,servo_2,A,1.094
1769885578.931479,ADC2,0,bus_voltage,V,12.1
1769885578.9832046,ADC2,0,bus_voltage,V,12.473
1769885579.0354154,ADC2,0,bus_voltage,V,11.927
1769885579.0865011,ADC1,1,servo_2,A,2.235
1769885579.1379948,ADC2,0,bus_voltage,V,11.553
1769885579.1892388,THERM,0,motor_temp,C,68.889
1769885579.2402782,THERM,0,motor_temp,C,66.427
1769885579.2912843,ADC1,1,servo_2,A,2.005
1769885579.3422146,ADC1,1,servo_2,A,1.098
1769885579.3932903,THERM,0,motor_temp,C,65.406
1769885579.444161,THERM,0,motor_temp,C,39.347
1769885579.4947114,ADC1,1,servo_2,A,0.445
1769885579.5454903,THERM,0,motor_temp,C,67.972
1769885579.596164,ADC1,0,servo_1,A,0.437
1769885579.6481519,THERM,0,motor_temp,C,63.031
1769885579.698997,ADC1,1,servo_2,A,1.668
1769885579.749598,THERM,0,motor_temp,C,31.381
1769885579.8004963,ADC1,0,servo_1,A,2.187
1769885579.8513894,ADC1,0,servo_1,A,2.464
1769885579.9064171,ADC1,0,servo_1,A,1.417
1769885579.9586904,THERM,0,motor_temp,C,37.97
1769885580.011643,THERM,0,motor_temp,C,34.701
1769885580.0623958,ADC1,0,servo_1,A,2.366
1769885580.1129725,ADC1,1,servo_2,A,0.587
1769885580.1636293,ADC2,0,bus_voltage,V,10.912
1769885580.2146544,ADC1,0,servo_1,A,1.194
1769885580.2655613,THERM,0,motor_temp,C,66.426
1769885580.3160646,ADC1,1,servo_2,A,0.659
1769885580.3682675,ADC1,0,servo_1,A,0.848
1769885580.4192102,ADC1,0,servo_1,A,2.167
1769885580.4700446,ADC2,0,bus_voltage,V,11.659
1769885580.5204785,ADC2,0,bus_voltage,V,11.849
1769885580.5710778,ADC1,0,servo_1,A,1.111
1769885580.622587,THERM,0,motor_temp,C,67.974
1769885580.673743,ADC1,1,servo_2,A,1.36
1769885580.7247272,ADC1,1,servo_2,A,2.045
1769885580.7756615,ADC1,1,servo_2,A,1.487
1769885580.8263915,ADC1,1,servo_2,A,2.036
1769885580.8769562,THERM,0,motor_temp,C,48.913
1769885580.9277449,ADC2,0,bus_voltage,V,12.187
1769885580.9786422,ADC1,0,servo_1,A,0.454
1769885581.0299356,ADC1,1,servo_2,A,0.261
1769885581.0873353,ADC1,1,servo_2,A,1.163
1769885581.138047,ADC2,0,bus_voltage,V,10.079
1769885581.188516,THERM,0,motor_temp,C,35.584
1769885581.2414024,ADC2,0,bus_voltage,V,12.264
1769885581.2920806,ADC1,0,servo_1,A,0.939
1769885581.344257,THERM,0,motor_temp,C,47.264
1769885581.3989556,THERM,0,motor_temp,C,59.336
1769885581.4500835,ADC1,0,servo_1,A,1.443
1769885581.5009155,ADC1,0,servo_1,A,1.111
1769885581.5516334,ADC2,0,bus_voltage,V,11.188
1769885581.6024272,THERM,0,motor_temp,C,32.484
1769885581.653066,THERM,0,motor_temp,C,52.859
1769885581.7034385,THERM,0,motor_temp,C,63.11
1769885581.7552135,ADC1,0,servo_1,A,0.933
1769885581.8064632,ADC1,0,servo_1,A,2.236
1769885581.8574376,THERM,0,motor_temp,C,40.818
1769885581.90792,ADC2,0,bus_voltage,V,10.351
1769885581.9583964,ADC1,1,servo_2,A,0.689
1769885582.0091121,THERM,0,motor_temp,C,60.322
1769885582.059743,ADC1,0,servo_1,A,1.546
1769885582.110409,THERM,0,motor_temp,C,53.791
1769885582.1609435,ADC1,0,servo_1,A,1.547
1769885582.2116363,ADC2,0,bus_voltage,V,12.527
1769885582.2620578,ADC2,0,bus_voltage,V,12.352
1769885582.3124619,ADC1,1,servo_2,A,2.403
1769885582.3655925,ADC1,1,servo_2,A,1.357
1769885582.417204,ADC1,1,servo_2,A,1.168
1769885582.4678707,ADC1,0,servo_1,A,0.482
1769885582.518667,ADC1,0,servo_1,A,2.429
1769885582.569412,ADC2,0,bus_voltage,V,11.435
1769885582.6200855,THERM,0,motor_temp,C,55.005
1769885582.6709025,THERM,0,motor_temp,C,61.921
1769885582.7215576,ADC1,0,servo_1,A,2.436
1769885582.7719138,ADC1,0,servo_1,A,2.488
1769885582.8226902,ADC1,1,servo_2,A,2.22
1769885582.8732913,THERM,0,motor_temp,C,58.131
1769885582.9237602,THERM,0,motor_temp,C,53.552
1769885582.974539,ADC1,0,servo_1,A,2.021
1769885583.02504,ADC1,0,servo_1,A,1.004
1769885583.0757642,ADC1,1,servo_2,A,0.479
1769885583.126498,ADC1,0,servo_1,A,2.24
1769885583.1769252,ADC1,0,servo_1,A,2.181
1769885583.227599,ADC1,0,servo_1,A,2.086
1769885583.278055,ADC1,1,servo_2,A,0.766
1769885583.3286865,ADC2,0,bus_voltage,V,12.093
1769885583.3792129,ADC2,0,bus_voltage,V,10.349
1769885583.429819,ADC1,0,servo_1,A,0.913
1769885583.4813027,ADC1,1,servo_2,A,2.401
1769885583.5319817,THERM,0,motor_temp,C,37.497
1769885583.5828006,ADC2,0,bus_voltage,V,10.544
1769885583.6331382,ADC1,1,servo_2,A,1.615
1769885583.683928,ADC1,1,servo_2,A,1.247
1769885583.7348201,ADC1,0,servo_1,A,2.127
1769885583.7857437,ADC1,1,servo_2,A,1.477
1769885583.8365812,ADC1,1,servo_2,A,1.118
1769885583.8881588,ADC1,1,servo_2,A,1.191
1769885583.9419532,ADC1,1,servo_2,A,1.883
1769885583.9931269,THERM,0,motor_temp,C,35.687
1769885584.0462618,ADC2,0,bus_voltage,V,10.516
1769885584.1017184,THERM,0,motor_temp,C,40.439
1769885584.1540668,THERM,0,motor_temp,C,49.332
1769885584.2046456,ADC1,1,servo_2,A,0.423
1769885584.2554708,THERM,0,motor_temp,C,48.535
1769885584.3061762,THERM,0,motor_temp,C,60.589
1769885584.356543,ADC1,0,servo_1,A,1.092
1769885584.4075067,ADC1,1,servo_2,A,1.422
1769885584.4581645,ADC1,1,servo_2,A,0.349
1769885584.5089178,ADC1,0,servo_1,A,1.519
1769885584.5594292,ADC1,0,servo_1,A,0.75
1769885584.6101172,ADC2,0,bus_voltage,V,12.004
1769885584.6607962,ADC2,0,bus_voltage,V,11.953
1769885584.7114215,ADC2,0,bus_voltage,V,10.215
1769885584.7618666,ADC1,1,servo_2,A,1.038
1769885584.8122096,ADC1,0,servo_1,A,2.223
1769885584.862903,THERM,0,motor_temp,C,35.658
1769885584.9134834,ADC1,0,servo_1,A,2.265
1769885584.964562,ADC2,0,bus_voltage,V,11.49
1769885585.0152197,ADC1,1,servo_2,A,1.874
1769885585.0664513,ADC1,1,servo_2,A,0.691
1769885585.117124,ADC1,0,servo_1,A,1.745
1769885585.1677666,ADC1,0,servo_1,A,1.8
1769885585.2185261,ADC2,0,bus_voltage,V,11.985
1769885585.2689788,ADC2,0,bus_voltage,V,11.314
1769885585.3194664,ADC1,1,servo_2,A,1.197
1769885585.3701394,ADC1,0,servo_1,A,2.043
1769885585.420828,ADC2,0,bus_voltage,V,10.835
1769885585.4715421,ADC1,0,servo_1,A,1.317
1769885585.5221558,ADC2,0,bus_voltage,V,12.01
1769885585.572764,ADC2,0,bus_voltage,V,11.752
1769885585.623297,THERM,0,motor_temp,C,39.331
1769885585.673904,ADC1,1,servo_2,A,0.746
1769885585.7247128,ADC1,0,servo_1,A,0.452
1769885585.775303,THERM,0,motor_temp,C,42.103
1769885585.8260486,THERM,0,motor_temp,C,46.308
1769885585.8765543,ADC2,0,bus_voltage,V,11.34
1769885585.9272146,THERM,0,motor_temp,C,55.271
1769885585.97803,THERM,0,motor_temp,C,30.884
1769885586.028745,ADC1,1,servo_2,A,1.738
1769885586.079472,ADC1,1,servo_2,A,0.361
1769885586.1302385,THERM,0,motor_temp,C,43.436
1769885586.183005,ADC2,0,bus_voltage,V,10.773
1769885586.2337105,ADC1,1,servo_2,A,2.304
1769885586.2847219,ADC1,0,servo_1,A,0.942
1769885586.335487,ADC2,0,bus_voltage,V,11.056
1769885586.386082,ADC2,0,bus_voltage,V,12.428
1769885586.4364543,ADC1,1,servo_2,A,1.417
1769885586.4871798,THERM,0,motor_temp,C,39.48
1769885586.5380602,ADC2,0,bus_voltage,V,11.223
1769885586.5887222,ADC1,0,servo_1,A,0.592
1769885586.6394448,THERM,0,motor_temp,C,30.317
1769885586.6903832,ADC1,1,servo_2,A,2.447
1769885586.7410026,ADC2,0,bus_voltage,V,10.882
1769885586.7917335,ADC1,1,servo_2,A,2.271
1769885586.8422415,THERM,0,motor_temp,C,56.063
1769885586.8929553,ADC1,0,servo_1,A,1.038
1769885586.9435995,ADC2,0,bus_voltage,V,11.672
1769885586.9940212,THERM,0,motor_temp,C,26.789
1769885587.0447123,ADC1,0,servo_1,A,1.113
1769885587.0951114,ADC1,0,servo_1,A,0.662
1769885587.145826,ADC1,0,servo_1,A,1.046
1769885587.1966047,ADC1,1,servo_2,A,1.842
1769885587.2469058,ADC2,0,bus_voltage,V,10.412
1769885587.2975807,ADC1,0,servo_1,A,1.602
1769885587.3487864,ADC1,0,servo_1,A,0.762
1769885587.3992147,ADC2,0,bus_voltage,V,10.655
1769885587.4500566,ADC1,0,servo_1,A,1.219
1769885587.5007858,ADC1,1,servo_2,A,1.952
1769885587.5514722,ADC1,0,servo_1,A,1.117
1769885587.6021109,ADC1,0,servo_1,A,1.863
1769885587.6525862,ADC2,0,bus_voltage,V,10.784
1769885587.7034717,ADC1,0,servo_1,A,1.941
1769885587.7542627,ADC2,0,bus_voltage,V,10.716
1769885587.8049378,ADC2,0,bus_voltage,V,10.405
1769885587.8555722,THERM,0,motor_temp,C,64.105
1769885587.9059963,ADC1,0,servo_1,A,2.199
1769885587.9566326,ADC1,0,servo_1,A,0.503
1769885588.0071793,THERM,0,motor_temp,C,32.874
1769885588.0578783,ADC2,0,bus_voltage,V,11.65
1769885588.1084235,ADC1,0,servo_1,A,0.591
1769885588.1591485,ADC2,0,bus_voltage,V,10.695
1769885588.2095308,ADC1,0,servo_1,A,2.287
1769885588.2626414,ADC1,0,servo_1,A,1.014
1769885588.3138764,ADC2,0,bus_voltage,V,10.4
1769885588.3643484,ADC2,0,bus_voltage,V,12.256
1769885588.4147096,THERM,0,motor_temp,C,60.174
1769885588.46534,ADC1,0,servo_1,A,0.472
1769885588.5159187,ADC1,1,servo_2,A,2.482
1769885588.5667398,ADC2,0,bus_voltage,V,11.911
1769885588.6173902,THERM,0,motor_temp,C,56.871
1769885588.667937,THERM,0,motor_temp,C,39.929
1769885588.718575,THERM,0,motor_temp,C,33.473
1769885588.7692962,ADC1,1,servo_2,A,2.05
1769885588.8196106,THERM,0,motor_temp,C,44.283
1769885588.8733091,ADC2,0,bus_voltage,V,12.507
1769885588.9240525,ADC1,1,servo_2,A,0.38
1769885588.9748828,ADC1,1,servo_2,A,2.248
1769885589.025402,ADC1,0,servo_1,A,1.785
1769885589.0761983,ADC1,1,servo_2,A,0.361
1769885589.1265805,ADC1,1,servo_2,A,0.905
1769885589.1777003,ADC2,0,bus_voltage,V,10.432
1769885589.2287252,ADC1,1,servo_2,A,1.285
1769885589.2793334,ADC1,1,servo_2,A,2.269
1769885589.3299932,ADC1,0,servo_1,A,1.453
1769885589.3807838,THERM,0,motor_temp,C,57.488
1769885589.43132,THERM,0,motor_temp,C,43.959
1769885589.4817708,ADC2,0,bus_voltage,V,11.811
1769885589.5329463,ADC2,0,bus_voltage,V,11.368
1769885589.5834146,ADC1,1,servo_2,A,1.124
1769885589.6344671,ADC1,0,servo_1,A,0.51
1769885589.6881819,ADC1,0,servo_1,A,1.016
1769885589.7393715,ADC1,0,servo_1,A,1.086
1769885589.7900946,ADC1,0,servo_1,A,1.847
1769885589.8409884,THERM,0,motor_temp,C,38.362
1769885589.8916342,ADC1,0,servo_1,A,1.232
1769885589.9427774,ADC2,0,bus_voltage,V,10.261
1769885589.9936864,ADC1,1,servo_2,A,0.893
1769885590.0443852,ADC1,1,servo_2,A,1.75
1769885590.0951173,ADC1,1,servo_2,A,1.228
1769885590.159162,ADC1,1,servo_2,A,1.193
1769885590.210006,ADC1,0,servo_1,A,0.513
1769885590.2608998,THERM,0,motor_temp,C,47.302
1769885590.3118618,THERM,0,motor_temp,C,32.671
1769885590.3624797,ADC1,0,servo_1,A,1.931
1769885590.413135,ADC1,0,servo_1,A,1.43
1769885590.465457,ADC2,0,bus_voltage,V,11.936
1769885590.5163994,ADC1,0,servo_1,A,2.171
1769885590.567612,ADC1,1,servo_2,A,1.216
1769885590.618196,ADC2,0,bus_voltage,V,10.799
1769885590.6693249,ADC1,1,servo_2,A,0.473
1769885590.720293,ADC2,0,bus_voltage,V,10.24
1769885590.771263,THERM,0,motor_temp,C,29.215
1769885590.8221006,ADC2,0,bus_voltage,V,11.629
1769885590.8729382,THERM,0,motor_temp,C,39.468
1769885590.923612,ADC1,1,servo_2,A,1.182
1769885590.9740207,ADC1,1,servo_2,A,2.44
1769885591.025246,THERM,0,motor_temp,C,44.117
1769885591.0760324,ADC2,0,bus_voltage,V,11.892
1769885591.1269915,ADC1,1,servo_2,A,2.07
1769885591.1779728,ADC1,0,servo_1,A,1.773
1769885591.2288923,THERM,0,motor_temp,C,36.987
1769885591.2795968,ADC2,0,bus_voltage,V,10.337
1769885591.3302505,ADC1,1,servo_2,A,1.442
1769885591.380939,THERM,0,motor_temp,C,41.665
1769885591.4324696,ADC1,1,servo_2,A,1.122
1769885591.4832137,ADC1,0,servo_1,A,0.468
1769885591.5358646,ADC1,0,servo_1,A,2.414
1769885591.5871363,ADC1,1,servo_2,A,2.098
1769885591.6379714,ADC2,0,bus_voltage,V,10.695
1769885591.6887755,ADC1,0,servo_1,A,1.664
1769885591.7393403,THERM,0,motor_temp,C,32.341
1769885591.7899806,ADC1,1,servo_2,A,1.605
1769885591.8416865,THERM,0,motor_temp,C,58.551
1769885591.8931262,ADC2,0,bus_voltage,V,10.632
1769885591.9435904,ADC1,1,servo_2,A,1.726
1769885591.9944212,ADC2,0,bus_voltage,V,11.76
1769885592.044991,ADC1,1,servo_2,A,0.608
1769885592.09577,ADC1,1,servo_2,A,1.47
1769885592.1462831,THERM,0,motor_temp,C,56.706
1769885592.1993198,ADC1,0,servo_1,A,2.257
1769885592.253994,ADC1,1,servo_2,A,1.075
1769885592.3068604,ADC2,0,bus_voltage,V,11.793
1769885592.3576162,THERM,0,motor_temp,C,42.138
1769885592.4083393,ADC2,0,bus_voltage,V,11.059
1769885592.4590895,ADC2,0,bus_voltage,V,11.329
1769885592.5097642,ADC1,1,servo_2,A,1.381
1769885592.5607076,THERM,0,motor_temp,C,30.476
1769885592.6113093,ADC1,1,servo_2,A,1.022
1769885592.6618495,ADC1,0,servo_1,A,1.089
1769885592.712824,ADC1,0,servo_1,A,1.838
1769885592.763426,THERM,0,motor_temp,C,41.525
1769885592.8170283,THERM,0,motor_temp,C,41.177
1769885592.8697257,ADC2,0,bus_voltage,V,11.233
1769885592.921288,ADC2,0,bus_voltage,V,11.879
1769885592.9722161,ADC2,0,bus_voltage,V,10.039
1769885593.0231218,THERM,0,motor_temp,C,42.653
1769885593.0735073,ADC1,0,servo_1,A,1.799
1769885593.1244245,ADC2,0,bus_voltage,V,11.345
1769885593.175022,ADC1,0,servo_1,A,0.382
1769885593.2263026,ADC1,0,servo_1,A,2.287
1769885593.2775981,ADC2,0,bus_voltage,V,10.25
1769885593.3286839,ADC2,0,bus_voltage,V,12.031
1769885593.3814068,ADC1,1,servo_2,A,1.587
1769885593.432174,THERM,0,motor_temp,C,50.356
1769885593.4831045,ADC1,1,servo_2,A,1.596
1769885593.5353334,ADC2,0,bus_voltage,V,12.594
1769885593.5860138,ADC1,1,servo_2,A,0.589
1769885593.6374712,ADC1,0,servo_1,A,1.276
1769885593.6889772,ADC2,0,bus_voltage,V,12.279
1769885593.7400346,ADC1,0,servo_1,A,1.811
1769885593.7907228,THERM,0,motor_temp,C,50.396
1769885593.841243,ADC2,0,bus_voltage,V,12.024
1769885593.8918488,ADC1,1,servo_2,A,1.346
1769885593.9425468,ADC1,1,servo_2,A,2.09
1769885593.9931827,THERM,0,motor_temp,C,55.704
1769885594.0485208,THERM,0,motor_temp,C,44.397
1769885594.1032097,ADC2,0,bus_voltage,V,11.182
1769885594.1538427,ADC1,0,servo_1,A,2.117
1769885594.2049272,ADC2,0,bus_voltage,V,10.915
1769885594.2556603,ADC1,1,servo_2,A,2.234
1769885594.306222,ADC2,0,bus_voltage,V,12.02
1769885594.3566587,ADC2,0,bus_voltage,V,11.431
1769885594.4071646,THERM,0,motor_temp,C,54.609
1769885594.4582279,ADC1,0,servo_1,A,1.932
1769885594.509175,THERM,0,motor_temp,C,59.566
1769885594.5597134,ADC1,1,servo_2,A,1.924
1769885594.6109333,THERM,0,motor_temp,C,36.256
1769885594.6621575,ADC1,1,servo_2,A,2.139
1769885594.7127514,ADC1,1,servo_2,A,1.149
1769885594.763726,ADC1,0,servo_1,A,0.357
1769885594.8146384,THERM,0,motor_temp,C,65.184
1769885594.8658197,THERM,0,motor_temp,C,64.417
1769885594.916658,ADC1,0,servo_1,A,1.436
1769885594.9674366,ADC1,0,servo_1,A,0.487
1769885595.0180595,THERM,0,motor_temp,C,40.626
1769885595.068602,THERM,0,motor_temp,C,51.802
1769885595.1192484,ADC1,0,servo_1,A,0.491
1769885595.1700194,ADC1,1,servo_2,A,1.707
1769885595.220428,THERM,0,motor_temp,C,49.995
1769885595.270761,ADC1,1,servo_2,A,1.195
1769885595.321545,ADC2,0,bus_voltage,V,11.446
1769885595.3721697,THERM,0,motor_temp,C,31.364
1769885595.4254866,THERM,0,motor_temp,C,36.114
1769885595.4764397,ADC1,0,servo_1,A,1.867
1769885595.5272317,ADC2,0,bus_voltage,V,12.261
1769885595.577894,THERM,0,motor_temp,C,49.005
1769885595.6287522,ADC1,1,servo_2,A,1.176
1769885595.6795259,THERM,0,motor_temp,C,29.641
1769885595.7309334,ADC1,0,servo_1,A,2.173
1769885595.7819102,ADC1,1,servo_2,A,0.311
1769885595.8325517,ADC1,0,servo_1,A,2.321
1769885595.883407,ADC1,0,servo_1,A,1.175
1769885595.9339235,ADC2,0,bus_voltage,V,10.266
1769885595.9849083,THERM,0,motor_temp,C,32.813
1769885596.0358417,ADC1,1,servo_2,A,2.488
1769885596.086262,THERM,0,motor_temp,C,52.383
1769885596.1592093,ADC1,1,servo_2,A,1.513
1769885596.2109365,ADC1,0,servo_1,A,2.375
1769885596.262655,ADC2,0,bus_voltage,V,11.4
1769885596.3136952,ADC1,0,servo_1,A,1.859
1769885596.364696,ADC1,1,servo_2,A,0.348
1769885596.415152,ADC1,0,servo_1,A,0.702
1769885596.465991,ADC2,0,bus_voltage,V,10.369
1769885596.5168552,ADC1,1,servo_2,A,0.924
1769885596.5678074,THERM,0,motor_temp,C,60.805
1769885596.6186163,ADC1,0,servo_1,A,1.69
1769885596.6692648,ADC1,0,servo_1,A,1.077
1769885596.719828,ADC1,0,servo_1,A,0.971
1769885596.7705867,ADC2,0,bus_voltage,V,12.588
1769885596.8217943,ADC1,1,servo_2,A,1.15
1769885596.8723948,THERM,0,motor_temp,C,44.277
1769885596.923005,ADC2,0,bus_voltage,V,10.478
1769885596.9739468,ADC1,1,servo_2,A,2.422
1769885597.025414,ADC1,0,servo_1,A,0.399
1769885597.0762508,THERM,0,motor_temp,C,33.01
1769885597.1266701,THERM,0,motor_temp,C,67.586
1769885597.1853726,ADC2,0,bus_voltage,V,12.38
1769885597.2376835,ADC2,0,bus_voltage,V,10.506
1769885597.2898483,ADC2,0,bus_voltage,V,11.996
1769885597.340413,ADC1,0,servo_1,A,0.294
1769885597.3918018,ADC2,0,bus_voltage,V,10.391
1769885597.4426212,ADC1,1,servo_2,A,0.661
1769885597.4930792,ADC2,0,bus_voltage,V,10.34
1769885597.5435162,ADC2,0,bus_voltage,V,12.558
1769885597.594837,ADC1,1,servo_2,A,2.292
1769885597.6461482,ADC1,0,servo_1,A,0.431
1769885597.7018163,ADC1,1,servo_2,A,0.913
1769885597.7525027,ADC1,0,servo_1,A,1.09
1769885597.8032732,ADC1,0,servo_1,A,1.279
1769885597.853879,ADC1,1,servo_2,A,2.182
1769885597.9046035,THERM,0,motor_temp,C,39.385
1769885597.955103,ADC1,1,servo_2,A,0.311
1769885598.00572,ADC1,1,servo_2,A,1.872
1769885598.0564046,ADC2,0,bus_voltage,V,10.466
1769885598.1072342,ADC2,0,bus_voltage,V,11.173
1769885598.1578226,ADC2,0,bus_voltage,V,10.414
1769885598.208424,ADC1,1,servo_2,A,0.803
1769885598.2594419,ADC1,0,servo_1,A,1.271
1769885598.3106434,ADC1,0,servo_1,A,2.119
1769885598.360971,ADC1,1,servo_2,A,0.863
1769885598.411983,THERM,0,motor_temp,C,45.779
1769885598.4628048,ADC1,0,servo_1,A,0.396
1769885598.5137572,ADC1,1,servo_2,A,1.394
1769885598.5652456,ADC1,1,servo_2,A,0.846
1769885598.6165938,THERM,0,motor_temp,C,66.91
1769885598.6673203,ADC1,0,servo_1,A,2.192
1769885598.7182329,ADC2,0,bus_voltage,V,10.48
1769885598.7686815,ADC1,0,servo_1,A,1.631
1769885598.8196297,THERM,0,motor_temp,C,32.443
1769885598.8704681,ADC1,1,servo_2,A,0.779
1769885598.921205,THERM,0,motor_temp,C,50.01
1769885598.9720006,THERM,0,motor_temp,C,66.595
1769885599.0223756,ADC1,1,servo_2,A,1.651
1769885599.0727038,THERM,0,motor_temp,C,45.606
1769885599.1239002,ADC1,1,servo_2,A,0.281
1769885599.1746764,ADC1,0,servo_1,A,1.533
1769885599.2254286,THERM,0,motor_temp,C,34.254
1769885599.2775805,ADC2,0,bus_voltage,V,10.619
1769885599.329228,THERM,0,motor_temp,C,43.781
1769885599.3803914,ADC2,0,bus_voltage,V,11.09
1769885599.4315856,THERM,0,motor_temp,C,69.179
1769885599.4824526,ADC2,0,bus_voltage,V,10.069
1769885599.5338767,ADC1,1,servo_2,A,1.255
1769885599.5844197,ADC2,0,bus_voltage,V,10.932
1769885599.6352239,ADC1,0,servo_1,A,2.054
1769885599.6892145,THERM,0,motor_temp,C,48.412
1769885599.7406063,ADC2,0,bus_voltage,V,11.493
1769885599.7965126,ADC1,0,servo_1,A,0.544
1769885599.8472855,ADC2,0,bus_voltage,V,10.365
1769885599.8981686,ADC2,0,bus_voltage,V,12.453
1769885599.9488266,THERM,0,motor_temp,C,64.7
1769885599.999497,ADC2,0,bus_voltage,V,12.14
1769885600.0501533,THERM,0,motor_temp,C,68.131
1769885600.1011007,ADC2,0,bus_voltage,V,10.049
1769885600.1554892,THERM,0,motor_temp,C,69.401
1769885600.2118707,ADC1,0,servo_1,A,0.369
1769885600.2624044,ADC2,0,bus_voltage,V,10.777
1769885600.3127844,ADC1,0,servo_1,A,2.305
1769885600.3638263,ADC1,0,servo_1,A,1.664
1769885600.4145617,ADC2,0,bus_voltage,V,10.982
1769885600.465183,ADC1,1,servo_2,A,1.215
1769885600.5157883,THERM,0,motor_temp,C,37.155
1769885600.5662405,THERM,0,motor_temp,C,31.39
1769885600.636986,ADC2,0,bus_voltage,V,12.039
1769885600.6878717,THERM,0,motor_temp,C,44.35
1769885600.740286,THERM,0,motor_temp,C,32.908
1769885600.7910361,ADC1,1,servo_2,A,1.363
1769885600.8428874,THERM,0,motor_temp,C,40.936
1769885600.8932257,ADC1,1,servo_2,A,1.957
1769885600.9442883,ADC2,0,bus_voltage,V,12.141
1769885600.994899,ADC1,1,servo_2,A,1.57
1769885601.0454183,THERM,0,motor_temp,C,61.267
1769885601.0963383,ADC1,1,servo_2,A,1.975
1769885601.1483562,ADC2,0,bus_voltage,V,11.691
1769885601.1992486,THERM,0,motor_temp,C,69.28
1769885601.2497504,THERM,0,motor_temp,C,60.918
1769885601.3006117,ADC1,0,servo_1,A,0.896
1769885601.3516564,ADC2,0,bus_voltage,V,11.762
1769885601.4025624,ADC1,1,servo_2,A,0.435
1769885601.453488,ADC1,1,servo_2,A,1.818
1769885601.5047596,ADC1,0,servo_1,A,1.94
1769885601.5561607,ADC1,1,servo_2,A,2.311
1769885601.6079717,ADC2,0,bus_voltage,V,11.015
1769885601.6589723,ADC1,1,servo_2,A,1.034
1769885601.7098148,ADC1,1,servo_2,A,0.487
1769885601.7609572,ADC2,0,bus_voltage,V,10.404
1769885601.8114955,ADC2,0,bus_voltage,V,11.006
1769885601.8621173,THERM,0,motor_temp,C,61.296
1769885601.9127834,ADC1,1,servo_2,A,1.519
1769885601.9667048,ADC1,1,servo_2,A,0.721
1769885602.0177114,ADC2,0,bus_voltage,V,11.242
1769885602.0844371,ADC1,0,servo_1,A,1.447
1769885602.1352143,ADC2,0,bus_voltage,V,12.551
1769885602.1867502,ADC2,0,bus_voltage,V,10.906
1769885602.2375538,ADC1,0,servo_1,A,1.246
1769885602.2891173,ADC1,1,servo_2,A,0.706
1769885602.3402274,ADC1,0,servo_1,A,1.596
1769885602.3909633,ADC2,0,bus_voltage,V,12.159
1769885602.441553,THERM,0,motor_temp,C,56.731
1769885602.4921265,ADC2,0,bus_voltage,V,11.411
1769885602.5428421,THERM,0,motor_temp,C,44.932
1769885602.5934753,ADC2,0,bus_voltage,V,10.001
1769885602.6442478,ADC1,1,servo_2,A,1.322
1769885602.6949954,ADC1,1,servo_2,A,1.343
1769885602.7455692,ADC1,0,servo_1,A,1.366
1769885602.7963583,THERM,0,motor_temp,C,49.353
1769885602.8469021,ADC1,0,servo_1,A,2.22
1769885602.897372,ADC1,1,servo_2,A,1.371
1769885602.9479945,THERM,0,motor_temp,C,34.441
1769885602.998823,ADC2,0,bus_voltage,V,12.204
1769885603.0497274,ADC2,0,bus_voltage,V,11.31
1769885603.1018097,THERM,0,motor_temp,C,33.555
1769885603.1524112,ADC2,0,bus_voltage,V,11.214
1769885603.2039135,THERM,0,motor_temp,C,29.122
1769885603.2541835,ADC2,0,bus_voltage,V,11.168
1769885603.305117,ADC1,0,servo_1,A,0.713
1769885603.358554,ADC1,0,servo_1,A,2.036
1769885603.409254,THERM,0,motor_temp,C,25.81
1769885603.4605029,ADC1,0,servo_1,A,2.257
1769885603.5110838,ADC2,0,bus_voltage,V,10.845
1769885603.5613942,ADC1,1,servo_2,A,1.584
1769885603.6121356,THERM,0,motor_temp,C,60.618
1769885603.662841,ADC1,1,servo_2,A,2.379
1769885603.7135363,ADC2,0,bus_voltage,V,10.789
1769885603.764322,ADC1,0,servo_1,A,2.07
1769885603.8151135,ADC2,0,bus_voltage,V,11.124
1769885603.8665006,ADC1,0,servo_1,A,0.747
1769885603.917234,THERM,0,motor_temp,C,49.558
1769885603.967757,ADC1,0,servo_1,A,2.057
1769885604.0184965,ADC2,0,bus_voltage,V,11.471
1769885604.0691535,ADC2,0,bus_voltage,V,10.782
1769885604.1205575,ADC1,1,servo_2,A,0.533
1769885604.1713629,THERM,0,motor_temp,C,54.44
1769885604.2220743,ADC1,0,servo_1,A,2.093
1769885604.272611,ADC2,0,bus_voltage,V,10.44
1769885604.3234732,ADC2,0,bus_voltage,V,11.334
1769885604.374011,ADC2,0,bus_voltage,V,10.442
1769885604.424844,THERM,0,motor_temp,C,35.163
1769885604.4755893,ADC1,0,servo_1,A,0.464
1769885604.5263326,ADC2,0,bus_voltage,V,11.697
1769885604.5769818,THERM,0,motor_temp,C,31.268
1769885604.6275253,ADC2,0,bus_voltage,V,11.839
1769885604.6784089,ADC1,1,servo_2,A,0.653
1769885604.7301598,THERM,0,motor_temp,C,62.312
1769885604.781059,ADC2,0,bus_voltage,V,11.964
1769885604.8316891,ADC2,0,bus_voltage,V,11.25
1769885604.8821433,THERM,0,motor_temp,C,67.464
1769885604.9325452,THERM,0,motor_temp,C,68.432
1769885604.983318,THERM,0,motor_temp,C,37.724
1769885605.0345345,ADC1,0,servo_1,A,1.52
1769885605.0852394,ADC1,1,servo_2,A,2.37
1769885605.135828,ADC1,1,servo_2,A,2.32
1769885605.1864686,ADC2,0,bus_voltage,V,12.544
1769885605.2379327,ADC1,1,servo_2,A,0.654
1769885605.2886145,ADC2,0,bus_voltage,V,10.669
1769885605.3389719,ADC2,0,bus_voltage,V,11.107
1769885605.3896945,THERM,0,motor_temp,C,60.799
1769885605.4403687,THERM,0,motor_temp,C,62.11
1769885605.4908893,ADC2,0,bus_voltage,V,11.332
1769885605.5417469,ADC1,1,servo_2,A,1.692
1769885605.5926569,ADC1,1,servo_2,A,0.746
1769885605.643666,THERM,0,motor_temp,C,65.444
1769885605.694585,ADC2,0,bus_voltage,V,12.142
1769885605.745327,ADC1,1,servo_2,A,1.719
1769885605.7960722,THERM,0,motor_temp,C,68.38
1769885605.8464773,ADC2,0,bus_voltage,V,10.249
1769885605.8968773,ADC1,1,servo_2,A,0.619
1769885605.9473805,THERM,0,motor_temp,C,37.132
1769885605.9986749,ADC1,0,servo_1,A,1.694
1769885606.0519931,ADC1,0,servo_1,A,1.801
1769885606.1030626,ADC1,0,servo_1,A,2.087
1769885606.1626709,ADC1,0,servo_1,A,0.234
1769885606.2132783,THERM,0,motor_temp,C,38.909
1769885606.2638843,ADC1,1,servo_2,A,2.431
1769885606.317121,THERM,0,motor_temp,C,34.913
1769885606.3682446,ADC1,1,servo_2,A,1.3
1769885606.4191704,THERM,0,motor_temp,C,58.961
1769885606.4694197,ADC1,0,servo_1,A,0.83
1769885606.5247285,ADC1,1,servo_2,A,1.916
1769885606.5767698,ADC1,1,servo_2,A,0.955
1769885606.6275594,ADC1,0,servo_1,A,1.442
1769885606.678158,ADC2,0,bus_voltage,V,12.209
1769885606.728776,ADC1,1,servo_2,A,1.256
1769885606.779665,ADC1,0,servo_1,A,1.29
1769885606.833729,ADC1,1,servo_2,A,1.56
1769885606.8846037,THERM,0,motor_temp,C,46.356
1769885606.935126,ADC1,0,servo_1,A,1.041
1769885606.9882908,ADC1,0,servo_1,A,1.59
1769885607.0395155,THERM,0,motor_temp,C,41.189
1769885607.0902565,ADC1,1,servo_2,A,2.044
1769885607.1409245,ADC1,1,servo_2,A,1.119
1769885607.191981,THERM,0,motor_temp,C,41.215
1769885607.2428446,ADC1,1,servo_2,A,0.723
1769885607.2939844,THERM,0,motor_temp,C,41.423
1769885607.3448064,ADC1,1,servo_2,A,1.896
1769885607.395605,THERM,0,motor_temp,C,49.879
1769885607.446284,ADC1,1,servo_2,A,2.098
1769885607.497173,THERM,0,motor_temp,C,48.74
1769885607.5490777,ADC2,0,bus_voltage,V,11.885
1769885607.6026611,ADC1,1,servo_2,A,0.36
1769885607.6546714,ADC1,1,servo_2,A,0.5
1769885607.7056873,THERM,0,motor_temp,C,28.42
1769885607.756114,ADC1,1,servo_2,A,1.272
1769885607.8069336,THERM,0,motor_temp,C,41.509
1769885607.8576198,ADC1,0,servo_1,A,0.388
1769885607.908569,ADC1,0,servo_1,A,0.817
1769885607.959672,THERM,0,motor_temp,C,67.55
1769885608.01093,ADC2,0,bus_voltage,V,11.736
1769885608.0616767,ADC2,0,bus_voltage,V,10.019
1769885608.1123266,ADC2,0,bus_voltage,V,12.342
1769885608.1633406,ADC1,0,servo_1,A,1.443
1769885608.213969,ADC1,0,servo_1,A,0.284
1769885608.2644787,THERM,0,motor_temp,C,42.565
1769885608.3173122,ADC2,0,bus_voltage,V,11.469
1769885608.367946,THERM,0,motor_temp,C,50.702
1769885608.4193347,ADC1,1,servo_2,A,0.792
1769885608.4697943,THERM,0,motor_temp,C,29.079
1769885608.5202348,THERM,0,motor_temp,C,47.51
1769885608.5706654,ADC2,0,bus_voltage,V,11.26
1769885608.6212983,THERM,0,motor_temp,C,47.677
1769885608.6844587,THERM,0,motor_temp,C,26.092
1769885608.7348757,ADC1,1,servo_2,A,0.549
1769885608.7853665,ADC1,0,servo_1,A,1.419
1769885608.8359156,ADC1,1,servo_2,A,1.906
1769885608.8865783,ADC2,0,bus_voltage,V,12.504
1769885608.9371998,THERM,0,motor_temp,C,68.155
1769885608.9881763,ADC1,0,servo_1,A,0.783
1769885609.0405338,ADC1,0,servo_1,A,2.336
1769885609.091086,THERM,0,motor_temp,C,68.522
1769885609.1417482,THERM,0,motor_temp,C,60.115
1769885609.1951067,ADC1,1,servo_2,A,1.777
1769885609.2467113,ADC1,1,servo_2,A,1.988
1769885609.3018885,ADC1,0,servo_1,A,1.104
1769885609.3528397,ADC1,0,servo_1,A,1.547
1769885609.4034126,THERM,0,motor_temp,C,25.536
1769885609.4539819,ADC1,1,servo_2,A,1.886
1769885609.5046253,ADC1,1,servo_2,A,0.614
1769885609.5550737,ADC1,1,servo_2,A,2.103
1769885609.6055863,THERM,0,motor_temp,C,50.734
1769885609.6563222,THERM,0,motor_temp,C,66.677
1769885609.7068045,ADC2,0,bus_voltage,V,11.862
1769885609.7572336,THERM,0,motor_temp,C,35.228
1769885609.8081908,THERM,0,motor_temp,C,47.202
1769885609.8590086,ADC2,0,bus_voltage,V,10.945
1769885609.909672,ADC1,1,servo_2,A,2.47
1769885609.96029,ADC1,1,servo_2,A,1.218
1769885610.0107234,ADC2,0,bus_voltage,V,10.218
1769885610.0612252,ADC2,0,bus_voltage,V,12.069
1769885610.111962,ADC1,0,servo_1,A,2.357
1769885610.1627793,ADC1,0,servo_1,A,1.993
1769885610.2133777,ADC1,0,servo_1,A,1.945
1769885610.2648742,ADC1,0,servo_1,A,0.464
1769885610.3154798,ADC1,0,servo_1,A,2.421
1769885610.3664958,THERM,0,motor_temp,C,33.526
1769885610.4173973,ADC2,0,bus_voltage,V,10.124
1769885610.470162,ADC1,1,servo_2,A,1.778
1769885610.5220127,THERM,0,motor_temp,C,69.513
1769885610.5728528,THERM,0,motor_temp,C,28.134
1769885610.6234035,ADC1,0,servo_1,A,0.511
1769885610.6740632,THERM,0,motor_temp,C,45.0
1769885610.7244747,ADC1,1,servo_2,A,0.953
1769885610.7750063,ADC1,1,servo_2,A,0.908
1769885610.8256419,ADC1,0,servo_1,A,2.203
1769885610.8759956,THERM,0,motor_temp,C,65.32
1769885610.9263709,ADC1,1,servo_2,A,1.053
1769885610.976871,ADC1,0,servo_1,A,1.437
1769885611.0313642,ADC1,1,servo_2,A,0.32
1769885611.0833354,THERM,0,motor_temp,C,57.148
1769885611.1341627,ADC1,0,servo_1,A,1.986
1769885611.184806,THERM,0,motor_temp,C,57.741
1769885611.235378,ADC1,1,servo_2,A,0.575
1769885611.285743,THERM,0,motor_temp,C,69.909
1769885611.3369083,ADC1,0,servo_1,A,0.365
1769885611.398241,ADC1,1,servo_2,A,0.213
1769885611.4491012,THERM,0,motor_temp,C,50.787
1769885611.499611,ADC2,0,bus_voltage,V,10.165
1769885611.550256,ADC1,1,servo_2,A,1.374
1769885611.601407,THERM,0,motor_temp,C,65.385
1769885611.6522534,THERM,0,motor_temp,C,65.252
1769885611.7112184,ADC1,1,servo_2,A,0.751
1769885611.762614,THERM,0,motor_temp,C,27.353
1769885611.8143625,ADC1,1,servo_2,A,2.469
1769885611.864656,THERM,0,motor_temp,C,55.807
1769885611.9152453,ADC1,0,servo_1,A,1.118
1769885611.9658961,THERM,0,motor_temp,C,49.81
1769885612.0167317,ADC1,1,servo_2,A,2.085
1769885612.0679436,ADC1,1,servo_2,A,1.509
1769885612.1189146,ADC1,1,servo_2,A,0.439
1769885612.1752133,ADC2,0,bus_voltage,V,11.381
1769885612.2274423,ADC1,1,servo_2,A,1.088
1769885612.2789028,ADC1,1,servo_2,A,1.713
1769885612.3296278,THERM,0,motor_temp,C,34.304
1769885612.3814628,ADC2,0,bus_voltage,V,11.076
1769885612.4321377,ADC1,0,servo_1,A,1.306
1769885612.4844675,THERM,0,motor_temp,C,67.284
1769885612.5357656,THERM,0,motor_temp,C,62.675
1769885612.58628,ADC1,1,servo_2,A,2.148
1769885612.6390414,THERM,0,motor_temp,C,53.244
1769885612.6900024,ADC2,0,bus_voltage,V,11.716
1769885612.740653,THERM,0,motor_temp,C,54.874
1769885612.7915044,ADC2,0,bus_voltage,V,11.368
1769885612.842165,ADC1,1,servo_2,A,2.192
1769885612.8930824,THERM,0,motor_temp,C,36.189
1769885612.9436207,ADC1,0,servo_1,A,1.202
1769885612.9951174,THERM,0,motor_temp,C,28.411
1769885613.0460443,THERM,0,motor_temp,C,46.28
1769885613.097284,ADC1,0,servo_1,A,1.786
1769885613.1524436,ADC1,0,servo_1,A,0.337
1769885613.2032962,ADC2,0,bus_voltage,V,10.736
1769885613.2540977,THERM,0,motor_temp,C,46.453
1769885613.3048398,ADC1,0,servo_1,A,2.124
1769885613.35593,ADC2,0,bus_voltage,V,10.541
1769885613.409702,ADC1,0,servo_1,A,2.275
1769885613.460924,THERM,0,motor_temp,C,43.448
1769885613.5158625,ADC1,1,servo_2,A,1.627
1769885613.566886,ADC1,0,servo_1,A,0.239
1769885613.6176753,THERM,0,motor_temp,C,54.635
1769885613.668244,ADC1,0,servo_1,A,1.434
1769885613.7189395,THERM,0,motor_temp,C,46.589
1769885613.7697165,ADC2,0,bus_voltage,V,11.496
1769885613.8207872,ADC2,0,bus_voltage,V,11.154
1769885613.8721676,ADC1,0,servo_1,A,2.404
1769885613.9264398,ADC2,0,bus_voltage,V,12.11
1769885613.9767852,THERM,0,motor_temp,C,64.568
1769885614.0273638,ADC2,0,bus_voltage,V,10.703
1769885614.0777733,THERM,0,motor_temp,C,29.223
1769885614.1282187,ADC1,1,servo_2,A,0.761
1769885614.1790247,ADC1,0,servo_1,A,0.606
1769885614.229803,ADC1,0,servo_1,A,0.437
1769885614.2807474,THERM,0,motor_temp,C,33.493
1769885614.3315961,ADC2,0,bus_voltage,V,11.985
1769885614.382717,ADC2,0,bus_voltage,V,12.342
1769885614.4332685,THERM,0,motor_temp,C,53.443
1769885614.4839025,ADC2,0,bus_voltage,V,11.159
1769885614.5344284,THERM,0,motor_temp,C,26.984
1769885614.5854557,THERM,0,motor_temp,C,38.691
1769885614.6362202,ADC2,0,bus_voltage,V,12.153
1769885614.6870635,ADC1,0,servo_1,A,0.724
1769885614.7376463,ADC1,0,servo_1,A,0.935
1769885614.7883165,ADC2,0,bus_voltage,V,10.015
1769885614.844929,ADC1,1,servo_2,A,1.89
1769885614.898188,ADC2,0,bus_voltage,V,10.431
1769885614.948589,THERM,0,motor_temp,C,48.504
1769885614.9993453,ADC2,0,bus_voltage,V,10.806
1769885615.04971,THERM,0,motor_temp,C,69.848
1769885615.1005688,ADC1,0,servo_1,A,1.868
1769885615.151585,ADC1,0,servo_1,A,0.634
1769885615.2083333,THERM,0,motor_temp,C,32.616
1769885615.2592056,ADC1,1,servo_2,A,1.762
1769885615.3099394,THERM,0,motor_temp,C,41.313
1769885615.3607183,ADC1,0,servo_1,A,2.391
1769885615.411491,THERM,0,motor_temp,C,66.564
1769885615.4623203,ADC2,0,bus_voltage,V,12.385
1769885615.5131705,THERM,0,motor_temp,C,34.503
1769885615.56401,THERM,0,motor_temp,C,47.473
1769885615.614775,ADC1,1,servo_2,A,1.49
1769885615.6655836,ADC1,1,servo_2,A,0.514
1769885615.7223063,ADC1,1,servo_2,A,1.753
1769885615.7730517,ADC1,1,servo_2,A,2.334
1769885615.8236108,ADC1,1,servo_2,A,1.98
1769885615.8745615,ADC2,0,bus_voltage,V,12.447
1769885615.9261632,ADC2,0,bus_voltage,V,10.686
1769885615.9770086,ADC1,0,servo_1,A,0.592
1769885616.0272985,THERM,0,motor_temp,C,54.732
1769885616.079332,ADC1,0,servo_1,A,0.705
1769885616.131728,ADC1,0,servo_1,A,0.314
1769885616.1823342,ADC1,0,servo_1,A,2.211
1769885616.2329996,THERM,0,motor_temp,C,43.302
1769885616.283568,ADC2,0,bus_voltage,V,11.547
1769885616.3347204,ADC1,1,servo_2,A,1.176
1769885616.385347,ADC1,1,servo_2,A,1.03
1769885616.4362526,ADC1,0,servo_1,A,1.296
1769885616.4870253,ADC1,1,servo_2,A,2.125
1769885616.5375443,THERM,0,motor_temp,C,27.62
1769885616.5884547,THERM,0,motor_temp,C,62.858
1769885616.6389887,ADC1,1,servo_2,A,1.839
1769885616.6895301,ADC1,0,servo_1,A,1.803
1769885616.7402382,ADC1,0,servo_1,A,0.451
1769885616.790875,THERM,0,motor_temp,C,46.81
1769885616.841466,THERM,0,motor_temp,C,53.078
1769885616.892013,THERM,0,motor_temp,C,43.195
1769885616.9426737,ADC1,0,servo_1,A,2.196
1769885616.9933658,ADC2,0,bus_voltage,V,10.666
1769885617.0440876,ADC1,1,servo_2,A,2.377
1769885617.0945308,ADC2,0,bus_voltage,V,11.319
1769885617.1451395,ADC1,1,servo_2,A,0.363
1769885617.1955462,ADC2,0,bus_voltage,V,10.904
1769885617.246249,ADC1,1,servo_2,A,1.229
1769885617.2969453,ADC2,0,bus_voltage,V,12.133
1769885617.347534,THERM,0,motor_temp,C,30.808
1769885617.3982546,ADC1,1,servo_2,A,0.828
1769885617.44857,ADC2,0,bus_voltage,V,12.521
1769885617.4993625,ADC1,0,servo_1,A,1.004
1769885617.5500643,THERM,0,motor_temp,C,44.927
1769885617.6009455,THERM,0,motor_temp,C,63.946
1769885617.6514826,ADC1,0,servo_1,A,0.963
1769885617.702011,THERM,0,motor_temp,C,37.735
1769885617.7526078,ADC1,1,servo_2,A,2.067
1769885617.80331,THERM,0,motor_temp,C,67.17
1769885617.854212,ADC1,0,servo_1,A,1.212
1769885617.9050791,THERM,0,motor_temp,C,28.047
1769885617.9557068,ADC1,1,servo_2,A,2.346
1769885618.0062377,ADC2,0,bus_voltage,V,10.534
1769885618.056842,ADC1,1,servo_2,A,0.223
1769885618.1076508,ADC2,0,bus_voltage,V,10.229
1769885618.1581028,ADC2,0,bus_voltage,V,11.468
1769885618.2088902,ADC2,0,bus_voltage,V,11.903
1769885618.2594922,THERM,0,motor_temp,C,64.37
1769885618.3103652,ADC1,1,servo_2,A,1.429
1769885618.3609416,ADC2,0,bus_voltage,V,10.982
1769885618.411553,ADC2,0,bus_voltage,V,12.025
1769885618.4620066,ADC1,0,servo_1,A,1.616
1769885618.5124397,ADC1,0,servo_1,A,0.396
1769885618.5628817,ADC1,1,servo_2,A,1.554
1769885618.6135085,ADC2,0,bus_voltage,V,11.887
1769885618.6650178,ADC2,0,bus_voltage,V,10.571
1769885618.7159905,ADC1,1,servo_2,A,1.175
1769885618.7665825,ADC1,1,servo_2,A,1.106
1769885618.819299,THERM,0,motor_temp,C,29.057
1769885618.8717382,ADC1,0,servo_1,A,1.837
1769885618.9223597,THERM,0,motor_temp,C,36.918
1769885618.976484,ADC1,1,servo_2,A,1.946
1769885619.0284781,THERM,0,motor_temp,C,34.744
1769885619.079062,THERM,0,motor_temp,C,27.842
1769885619.129699,THERM,0,motor_temp,C,51.774
1769885619.180672,ADC2,0,bus_voltage,V,11.443
1769885619.2314804,ADC2,0,bus_voltage,V,12.184
1769885619.2824142,ADC1,1,servo_2,A,2.106
1769885619.3339314,ADC2,0,bus_voltage,V,11.151
1769885619.3845952,ADC1,1,servo_2,A,1.654
1769885619.4350207,ADC2,0,bus_voltage,V,11.621
1769885619.485857,THERM,0,motor_temp,C,28.606
1769885619.5367,ADC1,1,servo_2,A,1.886
1769885619.5872786,ADC2,0,bus_voltage,V,10.785
1769885619.6415796,THERM,0,motor_temp,C,42.937
1769885619.6937184,ADC1,1,servo_2,A,1.925
1769885619.7454112,ADC1,1,servo_2,A,1.515
1769885619.7962117,ADC2,0,bus_voltage,V,12.479
1769885619.8466127,ADC1,0,servo_1,A,1.036
1769885619.897041,THERM,0,motor_temp,C,65.93
1769885619.953112,ADC2,0,bus_voltage,V,10.353
1769885620.004188,THERM,0,motor_temp,C,33.288
1769885620.0550148,ADC1,0,servo_1,A,1.884
1769885620.1060848,ADC2,0,bus_voltage,V,11.076
1769885620.1564512,THERM,0,motor_temp,C,50.756
1769885620.207087,ADC1,1,servo_2,A,0.436
1769885620.2580342,ADC1,0,servo_1,A,1.316
1769885620.3085415,THERM,0,motor_temp,C,40.32
1769885620.3588681,ADC1,1,servo_2,A,0.675
1769885620.409302,ADC1,1,servo_2,A,1.293
1769885620.4602277,ADC1,1,servo_2,A,1.571
1769885620.51065,ADC1,0,servo_1,A,1.794
1769885620.5635703,ADC2,0,bus_voltage,V,11.696
1769885620.6142788,THERM,0,motor_temp,C,26.582
1769885620.664623,ADC1,1,servo_2,A,1.035
1769885620.7151406,ADC1,0,servo_1,A,1.537
1769885620.7708282,THERM,0,motor_temp,C,48.731
1769885620.822282,ADC1,1,servo_2,A,1.593
1769885620.8739033,ADC2,0,bus_voltage,V,12.194
1769885620.925371,THERM,0,motor_temp,C,47.634
1769885620.9766204,ADC2,0,bus_voltage,V,11.409
1769885621.0272763,THERM,0,motor_temp,C,52.665
1769885621.0779467,ADC2,0,bus_voltage,V,12.573
1769885621.1287363,THERM,0,motor_temp,C,64.589
1769885621.1792386,ADC2,0,bus_voltage,V,12.424
1769885621.2300503,ADC1,0,servo_1,A,1.652
1769885621.281264,ADC1,1,servo_2,A,1.228
1769885621.3319778,ADC1,1,servo_2,A,0.396
1769885621.3830738,ADC1,0,servo_1,A,2.344
1769885621.4342072,ADC1,0,servo_1,A,0.964
1769885621.484968,THERM,0,motor_temp,C,38.658
1769885621.535774,ADC1,1,servo_2,A,0.746
1769885621.5865767,ADC1,0,servo_1,A,0.45
1769885621.6371694,ADC1,1,servo_2,A,2.141
1769885621.6875703,THERM,0,motor_temp,C,46.919
1769885621.7397125,ADC2,0,bus_voltage,V,12.274
1769885621.7900765,ADC1,1,servo_2,A,0.357
1769885621.8408134,ADC2,0,bus_voltage,V,11.537
1769885621.8945436,ADC1,1,servo_2,A,2.444
1769885621.9459298,ADC1,0,servo_1,A,2.289
1769885621.9974818,ADC2,0,bus_voltage,V,10.95
1769885622.0480628,ADC1,0,servo_1,A,0.454
1769885622.0995195,ADC1,0,servo_1,A,0.225
1769885622.1515236,ADC1,0,servo_1,A,1.555
1769885622.2023199,ADC1,0,servo_1,A,0.696
1769885622.253571,ADC2,0,bus_voltage,V,11.478
1769885622.304372,THERM,0,motor_temp,C,64.376
1769885622.3555799,ADC1,1,servo_2,A,0.33
1769885622.4060514,THERM,0,motor_temp,C,34.483
1769885622.4565701,THERM,0,motor_temp,C,47.358
1769885622.5071757,THERM,0,motor_temp,C,36.836
1769885622.5579262,THERM,0,motor_temp,C,67.482
1769885622.6084054,ADC1,0,servo_1,A,0.219
1769885622.6591556,ADC1,1,servo_2,A,0.5
1769885622.7100058,THERM,0,motor_temp,C,25.415
1769885622.7610552,THERM,0,motor_temp,C,67.366
1769885622.811601,THERM,0,motor_temp,C,30.949
1769885622.8658617,ADC2,0,bus_voltage,V,10.672
1769885622.9172683,ADC2,0,bus_voltage,V,12.558
1769885622.9680583,ADC1,1,servo_2,A,1.783
1769885623.0187166,ADC1,0,servo_1,A,0.683
1769885623.0692964,THERM,0,motor_temp,C,46.864
1769885623.1203666,ADC2,0,bus_voltage,V,10.899
1769885623.171371,THERM,0,motor_temp,C,60.324
1769885623.222137,ADC1,0,servo_1,A,0.212
1769885623.272805,ADC1,1,servo_2,A,1.919
1769885623.323384,ADC1,1,servo_2,A,1.445
1769885623.3743086,ADC1,0,servo_1,A,1.726
1769885623.4255242,ADC1,1,servo_2,A,0.321
1769885623.4773998,THERM,0,motor_temp,C,54.818
1769885623.5282598,THERM,0,motor_temp,C,35.63
1769885623.5791876,ADC2,0,bus_voltage,V,12.498
1769885623.6298044,ADC2,0,bus_voltage,V,11.647
1769885623.680226,ADC1,0,servo_1,A,0.704
1769885623.7308316,ADC1,1,servo_2,A,2.398
1769885623.7819412,THERM,0,motor_temp,C,47.487
1769885623.833062,THERM,0,motor_temp,C,55.858
1769885623.8839254,ADC1,1,servo_2,A,0.542
1769885623.9344802,ADC1,1,servo_2,A,1.127
1769885623.985488,ADC1,1,servo_2,A,1.447
1769885624.0364697,ADC1,0,servo_1,A,1.074
1769885624.087312,ADC1,0,servo_1,A,2.352
1769885624.1390886,ADC1,1,servo_2,A,0.271
1769885624.1897635,THERM,0,motor_temp,C,44.794
1769885624.2408352,ADC1,1,servo_2,A,0.814
1769885624.2918134,THERM,0,motor_temp,C,49.24
1769885624.3432322,ADC1,1,servo_2,A,0.987
1769885624.39533,ADC2,0,bus_voltage,V,10.84
1769885624.4465098,ADC1,0,servo_1,A,1.759
1769885624.5028112,ADC1,1,servo_2,A,1.424
1769885624.5534885,ADC1,1,servo_2,A,1.566
1769885624.6069317,ADC2,0,bus_voltage,V,11.462
1769885624.6575758,ADC1,0,servo_1,A,1.371
1769885624.7096074,ADC1,1,servo_2,A,1.883
1769885624.7607021,ADC2,0,bus_voltage,V,11.551
1769885624.8116498,ADC1,0,servo_1,A,0.638
1769885624.8623753,ADC2,0,bus_voltage,V,10.268
1769885624.913392,ADC1,0,servo_1,A,0.322
1769885624.9644423,THERM,0,motor_temp,C,28.876
1769885625.0150225,THERM,0,motor_temp,C,37.425
1769885625.0659153,THERM,0,motor_temp,C,56.853
1769885625.1173787,THERM,0,motor_temp,C,46.42
1769885625.1677866,ADC1,0,servo_1,A,0.233
1769885625.218649,ADC1,1,servo_2,A,2.363
1769885625.2691498,ADC1,1,servo_2,A,1.502
1769885625.32025,ADC1,0,servo_1,A,1.64
1769885625.3708458,THERM,0,motor_temp,C,48.932
1769885625.4213483,ADC1,0,servo_1,A,0.309
1769885625.471884,ADC2,0,bus_voltage,V,11.567
1769885625.522606,ADC1,0,servo_1,A,1.574
1769885625.5733829,ADC1,1,servo_2,A,1.598
1769885625.62422,ADC1,1,servo_2,A,1.275
1769885625.6748421,ADC1,0,servo_1,A,0.825
1769885625.7255487,ADC1,1,servo_2,A,0.721
1769885625.7762687,ADC1,0,servo_1,A,1.763
1769885625.8269026,ADC1,1,servo_2,A,0.203
1769885625.877411,ADC1,1,servo_2,A,1.818
1769885625.928143,ADC1,1,servo_2,A,1.483
1769885625.9785979,ADC2,0,bus_voltage,V,11.19
1769885626.029483,ADC1,0,servo_1,A,1.141
1769885626.080545,ADC1,1,servo_2,A,0.429
1769885626.132322,ADC1,0,servo_1,A,1.514
1769885626.1847923,ADC2,0,bus_voltage,V,12.403
1769885626.2356641,ADC1,0,servo_1,A,1.272
1769885626.2867398,ADC1,0,servo_1,A,1.134
1769885626.3374362,THERM,0,motor_temp,C,36.525
1769885626.3879282,ADC2,0,bus_voltage,V,11.165
1769885626.4382892,THERM,0,motor_temp,C,47.881
1769885626.4887717,THERM,0,motor_temp,C,66.199
1769885626.539145,ADC1,0,servo_1,A,2.158
1769885626.5897455,THERM,0,motor_temp,C,31.374
1769885626.6402197,ADC2,0,bus_voltage,V,11.694
1769885626.6920955,ADC1,0,servo_1,A,1.786
1769885626.7433405,ADC1,1,servo_2,A,1.704
1769885626.7962682,ADC1,0,servo_1,A,1.51
1769885626.8471518,ADC1,1,servo_2,A,1.727
1769885626.9018123,ADC1,1,servo_2,A,1.392
1769885626.9526978,ADC2,0,bus_voltage,V,11.426
1769885627.0033967,ADC1,1,servo_2,A,0.602
1769885627.054422,THERM,0,motor_temp,C,52.229
1769885627.1062071,THERM,0,motor_temp,C,40.669
1769885627.1576283,ADC1,1,servo_2,A,2.13
1769885627.2083526,THERM,0,motor_temp,C,53.526
1769885627.2589338,ADC1,0,servo_1,A,1.814
1769885627.31168,ADC2,0,bus_voltage,V,11.423
1769885627.362801,ADC1,0,servo_1,A,0.348
1769885627.4140224,THERM,0,motor_temp,C,34.114
1769885627.465648,ADC1,0,servo_1,A,1.983
1769885627.516334,ADC1,0,servo_1,A,1.32
1769885627.5671303,ADC1,0,servo_1,A,1.641
1769885627.6174421,ADC2,0,bus_voltage,V,11.471
1769885627.6681669,ADC1,1,servo_2,A,1.377
1769885627.7187908,THERM,0,motor_temp,C,66.401
1769885627.7692428,ADC2,0,bus_voltage,V,10.053
1769885627.8201756,ADC1,0,servo_1,A,2.049
1769885627.870931,ADC2,0,bus_voltage,V,12.422
1769885627.921556,ADC1,0,servo_1,A,2.412
1769885627.9721327,ADC1,1,servo_2,A,0.545
1769885628.02265,ADC1,1,servo_2,A,0.588
1769885628.0729938,THERM,0,motor_temp,C,38.382
1769885628.1234434,ADC1,0,servo_1,A,1.49
1769885628.1743228,ADC1,1,servo_2,A,1.099
1769885628.2251241,THERM,0,motor_temp,C,41.086
1769885628.2755933,ADC2,0,bus_voltage,V,11.494
1769885628.326516,THERM,0,motor_temp,C,64.622
1769885628.3770666,ADC1,1,servo_2,A,0.56
1769885628.4279659,ADC1,1,servo_2,A,2.431
1769885628.478931,ADC1,1,servo_2,A,1.425
1769885628.5298405,ADC1,0,servo_1,A,1.342
1769885628.5806155,ADC1,0,servo_1,A,2.454
1769885628.6314564,THERM,0,motor_temp,C,51.831
1769885628.682278,ADC1,0,servo_1,A,0.784
1769885628.7333853,THERM,0,motor_temp,C,54.872
1769885628.783979,ADC2,0,bus_voltage,V,11.721
1769885628.834867,ADC1,1,servo_2,A,0.712
1769885628.8857687,THERM,0,motor_temp,C,63.256
1769885628.9361439,THERM,0,motor_temp,C,44.596
1769885628.986521,THERM,0,motor_temp,C,60.961
1769885629.0369663,ADC1,1,servo_2,A,0.623
1769885629.0877852,THERM,0,motor_temp,C,64.081
1769885629.1384118,ADC1,0,servo_1,A,2.295
1769885629.1892052,ADC1,0,servo_1,A,1.266
1769885629.2399318,ADC1,0,servo_1,A,0.448
1769885629.2908473,ADC1,0,servo_1,A,1.27
1769885629.3429368,ADC1,1,servo_2,A,1.556
1769885629.3936863,ADC1,0,servo_1,A,0.435
1769885629.4440763,THERM,0,motor_temp,C,28.491
1769885629.494543,THERM,0,motor_temp,C,35.498
1769885629.5456004,ADC1,0,servo_1,A,0.45
1769885629.5969555,ADC1,1,servo_2,A,1.353
1769885629.6478033,ADC2,0,bus_voltage,V,12.442
1769885629.6981504,ADC1,1,servo_2,A,2.194
1769885629.7495167,ADC1,1,servo_2,A,0.365
1769885629.8001044,ADC1,1,servo_2,A,0.711
1769885629.8510623,ADC2,0,bus_voltage,V,10.173
1769885629.9015753,ADC2,0,bus_voltage,V,11.952
1769885629.9521213,ADC1,1,servo_2,A,0.268
1769885630.0028691,THERM,0,motor_temp,C,55.228
1769885630.0535355,ADC2,0,bus_voltage,V,11.784
1769885630.1044743,ADC2,0,bus_voltage,V,11.57
1769885630.1552622,THERM,0,motor_temp,C,56.927
1769885630.206422,THERM,0,motor_temp,C,26.58
1769885630.2583754,THERM,0,motor_temp,C,57.16
1769885630.3093147,ADC1,0,servo_1,A,2.222
1769885630.3600066,THERM,0,motor_temp,C,37.628
1769885630.4110644,ADC2,0,bus_voltage,V,11.832
1769885630.4615405,ADC1,0,servo_1,A,1.984
1769885630.5118434,ADC2,0,bus_voltage,V,12.503
1769885630.5627167,ADC1,0,servo_1,A,1.477
1769885630.6132393,ADC1,1,servo_2,A,1.501
1769885630.665332,ADC2,0,bus_voltage,V,11.919
1769885630.7160249,THERM,0,motor_temp,C,31.877
1769885630.7667148,ADC2,0,bus_voltage,V,11.539
1769885630.817578,THERM,0,motor_temp,C,38.206
1769885630.8684258,ADC1,1,servo_2,A,1.178
1769885630.9189658,ADC2,0,bus_voltage,V,10.69
1769885630.969597,ADC1,0,servo_1,A,1.006
1769885631.02012,ADC2,0,bus_voltage,V,11.492
1769885631.0707998,ADC1,1,servo_2,A,1.861
1769885631.121732,ADC2,0,bus_voltage,V,11.39
1769885631.172531,ADC1,1,servo_2,A,2.317
1769885631.223339,ADC1,1,servo_2,A,0.693
1769885631.2741678,ADC1,1,servo_2,A,0.974
1769885631.3251956,ADC1,1,servo_2,A,1.982
1769885631.375721,ADC1,0,servo_1,A,2.461
1769885631.42639,ADC1,1,servo_2,A,0.769
1769885631.477405,ADC2,0,bus_voltage,V,10.025
1769885631.527982,ADC2,0,bus_voltage,V,11.545
1769885631.5790067,ADC2,0,bus_voltage,V,10.315
1769885631.6299405,ADC1,0,servo_1,A,0.757
1769885631.6817577,ADC2,0,bus_voltage,V,10.536
1769885631.732132,ADC1,0,servo_1,A,0.367
1769885631.793126,ADC1,0,servo_1,A,0.832
1769885631.843841,ADC1,1,servo_2,A,0.612
1769885631.8945477,ADC1,1,servo_2,A,2.185
1769885631.945329,ADC1,0,servo_1,A,1.419
1769885631.9959593,ADC1,0,servo_1,A,0.967
1769885632.0475745,THERM,0,motor_temp,C,62.279
1769885632.0984087,ADC1,1,servo_2,A,1.621
1769885632.1495159,THERM,0,motor_temp,C,59.811
1769885632.2005377,ADC1,1,servo_2,A,0.203
1769885632.250949,THERM,0,motor_temp,C,56.055
1769885632.30164,ADC1,0,servo_1,A,2.06
1769885632.3523984,ADC2,0,bus_voltage,V,10.125
1769885632.412018,THERM,0,motor_temp,C,60.852
1769885632.4625542,THERM,0,motor_temp,C,69.442
1769885632.5128572,THERM,0,motor_temp,C,26.683
1769885632.565881,ADC2,0,bus_voltage,V,11.712
1769885632.617491,THERM,0,motor_temp,C,27.495
1769885632.6700852,ADC1,0,servo_1,A,1.549
1769885632.7206712,THERM,0,motor_temp,C,28.648
1769885632.771931,ADC2,0,bus_voltage,V,12.401
1769885632.822593,ADC2,0,bus_voltage,V,12.409
1769885632.8734171,ADC1,1,servo_2,A,1.049
1769885632.9242432,THERM,0,motor_temp,C,67.972
1769885632.9747698,ADC1,1,servo_2,A,1.638
1769885633.0253105,ADC2,0,bus_voltage,V,11.225
1769885633.0759118,THERM,0,motor_temp,C,68.347
1769885633.126716,ADC2,0,bus_voltage,V,11.628
1769885633.177548,ADC2,0,bus_voltage,V,10.135
1769885633.229064,ADC2,0,bus_voltage,V,11.607
1769885633.280045,ADC2,0,bus_voltage,V,11.835
1769885633.3317046,ADC1,0,servo_1,A,1.115
1769885633.382177,THERM,0,motor_temp,C,41.299
1769885633.43293,THERM,0,motor_temp,C,63.905
1769885633.483327,ADC2,0,bus_voltage,V,12.472
1769885633.534025,ADC1,1,servo_2,A,1.545
1769885633.5847325,ADC1,1,servo_2,A,1.438
1769885633.6355464,ADC1,0,servo_1,A,0.567
1769885633.685949,ADC1,0,servo_1,A,2.204
1769885633.7363987,ADC2,0,bus_voltage,V,10.672
1769885633.786897,ADC1,1,servo_2,A,0.505
1769885633.8375468,ADC1,0,servo_1,A,1.055
1769885633.8884032,ADC2,0,bus_voltage,V,12.542
1769885633.9392393,ADC1,1,servo_2,A,0.802
1769885633.990001,ADC2,0,bus_voltage,V,12.095
1769885634.0407085,ADC2,0,bus_voltage,V,11.723
1769885634.0922277,ADC2,0,bus_voltage,V,11.176
1769885634.1431077,ADC1,0,servo_1,A,0.558
1769885634.1933782,ADC1,1,servo_2,A,0.383
1769885634.2437906,ADC2,0,bus_voltage,V,11.696
1769885634.294176,ADC1,1,servo_2,A,1.949
1769885634.3445733,ADC1,0,servo_1,A,1.862
1769885634.3955896,ADC1,1,servo_2,A,1.654
1769885634.446146,ADC2,0,bus_voltage,V,12.497
1769885634.497415,ADC2,0,bus_voltage,V,10.055
1769885634.5495448,ADC2,0,bus_voltage,V,10.408
1769885634.6004314,ADC2,0,bus_voltage,V,11.518
1769885634.6550725,ADC1,1,servo_2,A,1.259
1769885634.70591,ADC2,0,bus_voltage,V,11.606
1769885634.756703,ADC1,0,servo_1,A,0.527
1769885634.8074112,THERM,0,motor_temp,C,27.553
1769885634.8586266,ADC1,1,servo_2,A,1.316
1769885634.9093006,ADC1,0,servo_1,A,2.14
1769885634.9597473,ADC1,1,servo_2,A,1.09
1769885635.0104494,ADC2,0,bus_voltage,V,11.942
1769885635.0609655,ADC2,0,bus_voltage,V,12.033
1769885635.1114166,ADC1,1,servo_2,A,1.958
1769885635.1623583,ADC1,0,servo_1,A,2.166
1769885635.2127473,ADC2,0,bus_voltage,V,12.49
1769885635.2632468,THERM,0,motor_temp,C,63.535
1769885635.313916,ADC1,1,servo_2,A,1.274
1769885635.364768,ADC1,0,servo_1,A,0.913
1769885635.4156675,ADC1,1,servo_2,A,1.968
1769885635.466336,ADC1,0,servo_1,A,1.894
1769885635.5171907,ADC1,0,servo_1,A,1.781
1769885635.5677557,THERM,0,motor_temp,C,37.509
1769885635.6183853,ADC2,0,bus_voltage,V,12.161
1769885635.6690698,ADC2,0,bus_voltage,V,10.0
1769885635.7203994,ADC1,1,servo_2,A,0.624
1769885635.7712538,ADC2,0,bus_voltage,V,11.821
1769885635.821996,ADC1,1,servo_2,A,0.739
1769885635.8725114,ADC1,1,servo_2,A,0.477
1769885635.9235342,ADC1,1,servo_2,A,1.671
1769885635.9742587,ADC1,0,servo_1,A,2.265
1769885636.0250218,ADC1,0,servo_1,A,0.989
1769885636.075961,ADC1,0,servo_1,A,2.031
1769885636.1272576,ADC1,1,servo_2,A,1.017
1769885636.1783805,ADC1,1,servo_2,A,1.312
1769885636.2290034,ADC2,0,bus_voltage,V,11.866
1769885636.2794986,ADC1,1,servo_2,A,2.121
1769885636.3312511,ADC1,1,servo_2,A,1.522
1769885636.382325,THERM,0,motor_temp,C,38.151
1769885636.4330428,THERM,0,motor_temp,C,67.883
1769885636.4837859,ADC1,1,servo_2,A,1.995
1769885636.5344558,ADC1,1,servo_2,A,1.408
1769885636.5854392,ADC1,1,servo_2,A,1.069
1769885636.6361682,ADC1,1,servo_2,A,1.34
1769885636.6870496,ADC1,0,servo_1,A,1.188
1769885636.7378106,ADC2,0,bus_voltage,V,11.002
1769885636.7883875,ADC1,0,servo_1,A,1.248
1769885636.838944,THERM,0,motor_temp,C,55.042
1769885636.8897257,ADC1,1,servo_2,A,0.33
1769885636.9404836,ADC2,0,bus_voltage,V,10.21
1769885636.9912343,THERM,0,motor_temp,C,48.367
1769885637.0417774,THERM,0,motor_temp,C,59.964
1769885637.092373,ADC1,0,servo_1,A,2.121
1769885637.143341,ADC1,0,servo_1,A,0.763
1769885637.1939762,ADC2,0,bus_voltage,V,10.395
1769885637.2446308,ADC1,1,servo_2,A,1.842
1769885637.2953496,ADC1,1,servo_2,A,1.08
1769885637.3459692,ADC2,0,bus_voltage,V,10.621
1769885637.3968003,ADC2,0,bus_voltage,V,11.836
1769885637.4473639,ADC1,0,servo_1,A,0.511
1769885637.503035,ADC2,0,bus_voltage,V,11.154
1769885637.5538156,ADC1,1,servo_2,A,2.093
1769885637.6047664,ADC1,1,servo_2,A,1.844
1769885637.6557605,ADC1,0,servo_1,A,2.46
1769885637.7064543,ADC1,0,servo_1,A,2.291
1769885637.7572987,ADC1,0,servo_1,A,1.038
1769885637.8084862,THERM,0,motor_temp,C,37.201
1769885637.858935,ADC1,0,servo_1,A,0.402
1769885637.9098883,ADC2,0,bus_voltage,V,11.602
1769885637.960204,ADC1,1,servo_2,A,0.471
1769885638.0106454,ADC1,1,servo_2,A,2.29
1769885638.061409,ADC1,0,servo_1,A,2.398
1769885638.11245,ADC1,1,servo_2,A,1.891
1769885638.1635952,ADC2,0,bus_voltage,V,10.968
1769885638.2147968,ADC1,1,servo_2,A,2.27
1769885638.2656605,ADC1,0,servo_1,A,1.862
1769885638.3164046,ADC1,1,servo_2,A,0.204
1769885638.3673365,ADC1,1,servo_2,A,1.569
1769885638.4182692,ADC1,1,servo_2,A,0.67
1769885638.4771557,ADC1,1,servo_2,A,0.742
1769885638.528178,ADC1,1,servo_2,A,1.756
1769885638.5789366,ADC2,0,bus_voltage,V,10.652
1769885638.6326308,THERM,0,motor_temp,C,62.851
1769885638.6835787,ADC1,0,servo_1,A,1.383
1769885638.734497,ADC2,0,bus_voltage,V,10.953
1769885638.7849116,ADC2,0,bus_voltage,V,10.631
1769885638.8356433,THERM,0,motor_temp,C,60.786
1769885638.886446,ADC1,1,servo_2,A,0.406
1769885638.9376576,ADC1,0,servo_1,A,1.549
1769885638.9882274,ADC1,1,servo_2,A,2.128
1769885639.0392005,ADC1,0,servo_1,A,1.244
1769885639.0897915,ADC2,0,bus_voltage,V,12.174
1769885639.141554,ADC1,1,servo_2,A,2.281
1769885639.1919072,ADC1,1,servo_2,A,1.007
1769885639.2427726,ADC2,0,bus_voltage,V,12.336
1769885639.2935698,THERM,0,motor_temp,C,43.093
1769885639.3443985,ADC1,1,servo_2,A,0.878
1769885639.3956192,ADC1,0,servo_1,A,1.612
1769885639.455791,THERM,0,motor_temp,C,51.313
1769885639.5073404,ADC1,0,servo_1,A,2.161
1769885639.5590851,THERM,0,motor_temp,C,53.099
1769885639.6099014,THERM,0,motor_temp,C,29.298
1769885639.660762,ADC2,0,bus_voltage,V,12.276
1769885639.711765,ADC1,1,servo_2,A,0.734
1769885639.7626464,ADC2,0,bus_voltage,V,11.886
1769885639.8139396,ADC1,1,servo_2,A,1.455
1769885639.8681536,ADC2,0,bus_voltage,V,11.368
1769885639.9196858,ADC2,0,bus_voltage,V,11.394
1769885639.9757183,ADC2,0,bus_voltage,V,12.421
1769885640.0279982,ADC1,0,servo_1,A,1.585
1769885640.0789027,THERM,0,motor_temp,C,54.652
1769885640.129603,ADC2,0,bus_voltage,V,10.883
1769885640.18016,ADC2,0,bus_voltage,V,11.011
1769885640.2307248,ADC1,1,servo_2,A,0.794
1769885640.2812495,ADC1,0,servo_1,A,1.957
1769885640.33252,ADC2,0,bus_voltage,V,12.221
1769885640.3834562,ADC2,0,bus_voltage,V,11.138
1769885640.4351177,THERM,0,motor_temp,C,29.516
1769885640.4945848,ADC1,0,servo_1,A,0.864
1769885640.5449927,THERM,0,motor_temp,C,65.93
1769885640.5956776,THERM,0,motor_temp,C,30.98
1769885640.6466775,ADC2,0,bus_voltage,V,10.648
1769885640.6974807,THERM,0,motor_temp,C,39.415
1769885640.750584,ADC1,0,servo_1,A,2.143
1769885640.8012347,THERM,0,motor_temp,C,53.675
1769885640.8519447,THERM,0,motor_temp,C,47.564
1769885640.902387,ADC1,1,servo_2,A,1.918
1769885640.9532082,THERM,0,motor_temp,C,35.023
1769885641.0042903,ADC1,1,servo_2,A,0.74
1769885641.0554237,THERM,0,motor_temp,C,42.525
1769885641.106551,ADC2,0,bus_voltage,V,11.495
1769885641.1591463,ADC2,0,bus_voltage,V,12.201
1769885641.2095878,ADC2,0,bus_voltage,V,11.175
1769885641.2602062,ADC2,0,bus_voltage,V,10.641
1769885641.3126638,ADC1,1,servo_2,A,1.834
1769885641.363346,ADC2,0,bus_voltage,V,10.986
1769885641.4139688,ADC2,0,bus_voltage,V,11.484
1769885641.4643424,THERM,0,motor_temp,C,30.098
1769885641.5150204,ADC1,1,servo_2,A,1.287
1769885641.5654933,ADC1,0,servo_1,A,1.472
1769885641.6159866,ADC1,0,servo_1,A,1.712
1769885641.6670687,ADC1,0,servo_1,A,0.756
1769885641.717545,ADC1,1,servo_2,A,0.946
1769885641.7681713,ADC2,0,bus_voltage,V,10.863
1769885641.8187585,ADC1,0,servo_1,A,2.087
1769885641.869507,ADC1,0,servo_1,A,2.447
1769885641.920358,ADC2,0,bus_voltage,V,10.493
1769885641.9713395,THERM,0,motor_temp,C,39.56
1769885642.0222197,ADC2,0,bus_voltage,V,10.247
1769885642.086001,ADC1,0,servo_1,A,0.75
1769885642.1379292,ADC2,0,bus_voltage,V,11.898
1769885642.188757,ADC1,1,servo_2,A,1.209
1769885642.239331,ADC1,0,servo_1,A,0.201
1769885642.290074,ADC2,0,bus_voltage,V,11.733
1769885642.3407238,ADC1,1,servo_2,A,1.175
1769885642.3915179,ADC1,1,servo_2,A,2.103
1769885642.4421175,ADC2,0,bus_voltage,V,10.556
1769885642.4928634,ADC1,0,servo_1,A,1.055
1769885642.5432806,ADC2,0,bus_voltage,V,10.29
1769885642.5935714,THERM,0,motor_temp,C,34.17
1769885642.64416,ADC2,0,bus_voltage,V,10.489
1769885642.6945698,ADC1,1,servo_2,A,2.477
1769885642.7449987,ADC1,1,servo_2,A,1.191
1769885642.795586,ADC1,1,servo_2,A,2.196
1769885642.8459172,ADC2,0,bus_voltage,V,11.001
1769885642.898937,ADC2,0,bus_voltage,V,11.256
1769885642.9516537,THERM,0,motor_temp,C,68.276
1769885643.0022452,ADC2,0,bus_voltage,V,10.819
1769885643.053121,ADC1,1,servo_2,A,1.76
1769885643.1036296,THERM,0,motor_temp,C,62.017
1769885643.1544328,ADC2,0,bus_voltage,V,12.585
1769885643.2054167,ADC1,0,servo_1,A,1.522
1769885643.2564955,ADC1,0,servo_1,A,0.886
1769885643.3072433,ADC1,0,servo_1,A,1.118
1769885643.3582675,ADC2,0,bus_voltage,V,10.636
1769885643.4089544,ADC1,0,servo_1,A,0.753
1769885643.459567,ADC1,1,servo_2,A,2.127
1769885643.5098903,THERM,0,motor_temp,C,64.547
1769885643.5615003,THERM,0,motor_temp,C,28.673
1769885643.6121397,ADC2,0,bus_voltage,V,11.301
1769885643.6636443,ADC1,1,servo_2,A,0.662
1769885643.7142675,ADC2,0,bus_voltage,V,11.894
1769885643.7651565,THERM,0,motor_temp,C,29.474
1769885643.815549,ADC1,1,servo_2,A,0.415
1769885643.8661194,ADC2,0,bus_voltage,V,12.288
1769885643.91662,ADC2,0,bus_voltage,V,11.349
1769885643.9673235,ADC1,0,servo_1,A,1.537
1769885644.0177112,ADC1,0,servo_1,A,0.249
1769885644.0684097,ADC2,0,bus_voltage,V,10.478
1769885644.1191485,ADC1,0,servo_1,A,1.432
1769885644.1695087,THERM,0,motor_temp,C,69.321
1769885644.220205,THERM,0,motor_temp,C,29.495
1769885644.2711692,ADC1,1,servo_2,A,0.54
1769885644.3221009,ADC1,0,servo_1,A,1.624
1769885644.3728037,ADC1,0,servo_1,A,1.206
1769885644.423702,THERM,0,motor_temp,C,38.154
1769885644.4741163,THERM,0,motor_temp,C,48.846
1769885644.5253747,ADC1,1,servo_2,A,2.124
1769885644.576238,ADC2,0,bus_voltage,V,10.38
1769885644.6268692,THERM,0,motor_temp,C,25.612
1769885644.6773658,ADC2,0,bus_voltage,V,12.188
1769885644.7281086,ADC2,0,bus_voltage,V,10.25
1769885644.7785842,ADC1,0,servo_1,A,1.73
1769885644.830269,ADC2,0,bus_voltage,V,10.144
1769885644.8833563,ADC2,0,bus_voltage,V,11.301
1769885644.9339223,ADC1,0,servo_1,A,2.266
1769885644.984823,ADC1,0,servo_1,A,1.767
1769885645.0356486,THERM,0,motor_temp,C,64.005
1769885645.086415,ADC1,1,servo_2,A,0.96
1769885645.137237,ADC1,1,servo_2,A,0.304
1769885645.1878884,THERM,0,motor_temp,C,55.164
1769885645.2385314,ADC1,1,servo_2,A,2.276
1769885645.2890375,ADC2,0,bus_voltage,V,12.48
1769885645.339488,ADC1,1,servo_2,A,0.871
1769885645.3903186,ADC1,1,servo_2,A,1.609
1769885645.441155,THERM,0,motor_temp,C,45.919
1769885645.4922833,ADC1,1,servo_2,A,0.214
1769885645.5428727,ADC1,1,servo_2,A,0.834
1769885645.5936477,ADC2,0,bus_voltage,V,10.279
1769885645.6443973,ADC2,0,bus_voltage,V,11.308
1769885645.6963577,ADC1,1,servo_2,A,1.771
1769885645.7482073,ADC1,1,servo_2,A,2.26
1769885645.798991,ADC2,0,bus_voltage,V,11.382
1769885645.8497581,ADC1,0,servo_1,A,1.829
1769885645.9005818,ADC1,1,servo_2,A,2.153
1769885645.9510038,THERM,0,motor_temp,C,26.292
1769885646.0021198,THERM,0,motor_temp,C,37.254
1769885646.0529878,ADC1,0,servo_1,A,1.51
1769885646.1035953,ADC2,0,bus_voltage,V,12.364
1769885646.1553707,ADC1,0,servo_1,A,1.307
1769885646.2066474,ADC2,0,bus_voltage,V,12.334
1769885646.2570744,ADC1,0,servo_1,A,0.959
1769885646.3079553,THERM,0,motor_temp,C,47.118
1769885646.3584964,ADC2,0,bus_voltage,V,11.97
1769885646.4093404,ADC2,0,bus_voltage,V,11.646
1769885646.4601994,ADC2,0,bus_voltage,V,11.461
1769885646.5110362,THERM,0,motor_temp,C,56.201
1769885646.5618172,ADC1,0,servo_1,A,1.809
1769885646.6125267,THERM,0,motor_temp,C,30.259
1769885646.6629837,ADC1,0,servo_1,A,0.511
1769885646.713911,ADC1,0,servo_1,A,1.827
1769885646.7642453,ADC1,0,servo_1,A,1.007
1769885646.8149996,ADC1,1,servo_2,A,1.625
1769885646.8658197,ADC1,0,servo_1,A,2.017
1769885646.9162526,ADC1,0,servo_1,A,0.644
1769885646.9671514,ADC1,1,servo_2,A,0.387
1769885647.0178647,ADC1,0,servo_1,A,1.629
1769885647.068452,THERM,0,motor_temp,C,63.756
1769885647.1191108,ADC2,0,bus_voltage,V,10.988
1769885647.1696858,ADC1,1,servo_2,A,1.362
1769885647.2201464,THERM,0,motor_temp,C,44.699
1769885647.2706273,ADC1,1,servo_2,A,0.421
1769885647.3214703,ADC1,1,servo_2,A,1.53
1769885647.3721483,THERM,0,motor_temp,C,32.577
1769885647.4225934,ADC2,0,bus_voltage,V,10.333
1769885647.4733636,ADC1,0,servo_1,A,1.248
1769885647.523919,ADC1,0,servo_1,A,2.427
1769885647.5744886,ADC1,0,servo_1,A,2.184
1769885647.6250174,ADC1,1,servo_2,A,0.594
1769885647.675408,ADC2,0,bus_voltage,V,11.529
1769885647.7262697,ADC1,1,servo_2,A,1.811
1769885647.7769458,ADC2,0,bus_voltage,V,12.049
1769885647.8277345,ADC2,0,bus_voltage,V,12.185
1769885647.8781848,ADC1,1,servo_2,A,1.132
1769885647.928892,ADC2,0,bus_voltage,V,10.812
1769885647.9796321,ADC2,0,bus_voltage,V,11.03
1769885648.0303104,ADC2,0,bus_voltage,V,10.602
1769885648.0809526,ADC1,0,servo_1,A,0.324
1769885648.1320405,ADC2,0,bus_voltage,V,11.854
1769885648.1831818,ADC1,1,servo_2,A,1.092
1769885648.2338176,THERM,0,motor_temp,C,40.214
1769885648.2847354,ADC1,0,servo_1,A,2.091
1769885648.3350937,ADC1,1,servo_2,A,1.86
1769885648.385857,ADC2,0,bus_voltage,V,10.018
1769885648.4363208,ADC2,0,bus_voltage,V,10.786
1769885648.4867613,THERM,0,motor_temp,C,54.765
1769885648.5374918,ADC1,0,servo_1,A,2.413
1769885648.5881436,ADC1,0,servo_1,A,2.231
1769885648.6387947,THERM,0,motor_temp,C,30.003
1769885648.689686,ADC2,0,bus_voltage,V,11.584
1769885648.74068,ADC1,0,servo_1,A,1.27
1769885648.7914062,ADC2,0,bus_voltage,V,10.096
1769885648.842689,ADC1,0,servo_1,A,2.171
1769885648.89355,ADC2,0,bus_voltage,V,11.078
1769885648.9439049,ADC1,1,servo_2,A,2.379
1769885648.995125,ADC1,0,servo_1,A,2.272
1769885649.046023,THERM,0,motor_temp,C,35.33
1769885649.0982778,ADC2,0,bus_voltage,V,11.169
1769885649.148708,ADC2,0,bus_voltage,V,11.505
1769885649.1991227,ADC1,1,servo_2,A,0.708
1769885649.2495928,ADC1,0,servo_1,A,0.339
1769885649.3001773,ADC1,0,servo_1,A,1.906
1769885649.3509586,ADC1,1,servo_2,A,0.301
1769885649.4015396,ADC1,0,servo_1,A,0.345
1769885649.4519424,THERM,0,motor_temp,C,41.197
1769885649.502817,ADC1,0,servo_1,A,0.249
1769885649.5539753,ADC1,1,servo_2,A,1.768
1769885649.6046164,THERM,0,motor_temp,C,40.688
1769885649.6552863,THERM,0,motor_temp,C,52.165
1769885649.7061253,ADC2,0,bus_voltage,V,10.563
1769885649.7583058,THERM,0,motor_temp,C,62.593
1769885649.811207,ADC1,0,servo_1,A,2.071
1769885649.8622105,ADC1,1,servo_2,A,1.98
1769885649.9131124,ADC1,1,servo_2,A,0.44
1769885649.963734,ADC1,1,servo_2,A,1.24
1769885650.0158203,THERM,0,motor_temp,C,63.719
1769885650.0663762,ADC1,0,servo_1,A,1.208
1769885650.1171813,ADC2,0,bus_voltage,V,11.199
1769885650.1680164,ADC1,1,servo_2,A,2.413
1769885650.218504,ADC1,1,servo_2,A,0.651
1769885650.269135,ADC1,0,servo_1,A,1.181
1769885650.3195195,ADC1,0,servo_1,A,0.739
1769885650.3703809,ADC1,1,servo_2,A,2.281
1769885650.42144,THERM,0,motor_temp,C,55.83
1769885650.4719539,ADC2,0,bus_voltage,V,11.903
1769885650.5223923,ADC1,1,servo_2,A,2.194
1769885650.5742962,ADC1,1,servo_2,A,0.375
1769885650.624905,ADC2,0,bus_voltage,V,12.444
1769885650.675454,ADC2,0,bus_voltage,V,10.848
1769885650.725841,ADC1,1,servo_2,A,2.151
1769885650.7763083,ADC1,1,servo_2,A,0.892
1769885650.82712,ADC2,0,bus_voltage,V,10.692
1769885650.8778782,ADC1,1,servo_2,A,0.262
1769885650.928718,ADC1,1,servo_2,A,0.79
1769885650.9792783,ADC1,1,servo_2,A,0.402
1769885651.030074,THERM,0,motor_temp,C,67.798
1769885651.080721,ADC1,1,servo_2,A,1.576
1769885651.131538,ADC2,0,bus_voltage,V,11.15
1769885651.1822722,ADC1,1,servo_2,A,1.692
1769885651.2328744,THERM,0,motor_temp,C,49.434
1769885651.283405,ADC1,1,servo_2,A,0.645
1769885651.3343434,ADC1,1,servo_2,A,0.911
1769885651.3851388,ADC1,0,servo_1,A,1.436
1769885651.4359577,THERM,0,motor_temp,C,55.257
1769885651.4865572,THERM,0,motor_temp,C,37.081
1769885651.537097,ADC1,0,servo_1,A,0.217
1769885651.5879676,THERM,0,motor_temp,C,67.429
1769885651.6387782,ADC1,1,servo_2,A,0.397
1769885651.6896653,ADC1,1,servo_2,A,0.296
1769885651.7406266,ADC2,0,bus_voltage,V,11.951
1769885651.7909827,ADC1,1,servo_2,A,0.886
1769885651.8415716,ADC1,1,servo_2,A,1.848
1769885651.8920586,ADC2,0,bus_voltage,V,12.076
1769885651.942724,ADC1,0,servo_1,A,2.109
1769885651.9931946,ADC1,1,servo_2,A,1.646
1769885652.044189,ADC1,1,servo_2,A,1.229
1769885652.0952628,ADC1,0,servo_1,A,0.291
1769885652.145825,ADC1,1,servo_2,A,1.146
1769885652.196266,ADC1,1,servo_2,A,1.482
1769885652.2467778,ADC2,0,bus_voltage,V,11.26
1769885652.2982779,ADC1,1,servo_2,A,0.926
1769885652.349179,THERM,0,motor_temp,C,65.617
1769885652.3995295,THERM,0,motor_temp,C,50.305
1769885652.4501019,ADC1,1,servo_2,A,2.301
1769885652.5014956,ADC2,0,bus_voltage,V,10.898
1769885652.5519123,ADC2,0,bus_voltage,V,11.652
1769885652.6024258,ADC1,1,servo_2,A,2.455
1769885652.6534457,ADC1,1,servo_2,A,1.85
1769885652.7038603,ADC1,1,servo_2,A,2.111
1769885652.7544065,ADC1,0,servo_1,A,1.629
1769885652.805342,ADC1,0,servo_1,A,0.442
1769885652.8561683,THERM,0,motor_temp,C,54.094
1769885652.907393,ADC1,1,servo_2,A,0.659
1769885652.958323,ADC1,0,servo_1,A,0.939
1769885653.0089617,THERM,0,motor_temp,C,52.13
1769885653.0594544,ADC2,0,bus_voltage,V,12.419
1769885653.1097744,ADC2,0,bus_voltage,V,12.447
1769885653.160402,ADC1,1,servo_2,A,1.012
1769885653.2112584,ADC1,1,servo_2,A,1.583
1769885653.26184,THERM,0,motor_temp,C,63.433
1769885653.3121617,THERM,0,motor_temp,C,64.38
1769885653.3638546,ADC1,0,servo_1,A,1.964
1769885653.4151616,ADC1,1,servo_2,A,1.032
1769885653.466122,ADC1,0,servo_1,A,1.468
1769885653.5168328,ADC1,1,servo_2,A,1.325
1769885653.5685682,THERM,0,motor_temp,C,26.464
1769885653.6196537,ADC2,0,bus_voltage,V,10.346
1769885653.6705506,THERM,0,motor_temp,C,46.31
1769885653.7215652,ADC1,1,servo_2,A,1.563
1769885653.7721403,ADC1,0,servo_1,A,1.475
1769885653.8226442,ADC1,0,servo_1,A,0.67
1769885653.873349,THERM,0,motor_temp,C,64.522
1769885653.9236255,THERM,0,motor_temp,C,68.487
1769885653.9743452,ADC1,1,servo_2,A,2.096
1769885654.0250015,ADC2,0,bus_voltage,V,11.156
1769885654.0760694,ADC2,0,bus_voltage,V,10.185
1769885654.1269045,THERM,0,motor_temp,C,55.589
1769885654.177861,THERM,0,motor_temp,C,67.483
1769885654.2286038,THERM,0,motor_temp,C,42.37
1769885654.2818835,ADC1,0,servo_1,A,1.544
1769885654.3326833,ADC1,1,servo_2,A,0.738
1769885654.3836515,ADC1,0,servo_1,A,0.666
1769885654.434415,ADC1,0,servo_1,A,2.021
1769885654.4853396,ADC1,1,servo_2,A,1.734
1769885654.5378726,ADC1,1,servo_2,A,2.014
1769885654.5890188,ADC1,0,servo_1,A,0.515
1769885654.6400301,ADC1,0,servo_1,A,1.718
1769885654.6904862,ADC2,0,bus_voltage,V,10.318
1769885654.741354,ADC1,1,servo_2,A,1.481
1769885654.7921226,ADC2,0,bus_voltage,V,10.802
1769885654.8430793,ADC1,0,servo_1,A,1.989
1769885654.894058,ADC2,0,bus_voltage,V,10.963
1769885654.9446383,ADC1,0,servo_1,A,0.597
1769885654.995297,ADC1,1,servo_2,A,1.037
1769885655.0458863,ADC1,0,servo_1,A,0.91
1769885655.096595,ADC2,0,bus_voltage,V,12.126
1769885655.1476119,THERM,0,motor_temp,C,41.976
1769885655.1987083,THERM,0,motor_temp,C,51.534
1769885655.2491114,ADC1,0,servo_1,A,1.599
1769885655.2999527,ADC1,0,servo_1,A,0.444
1769885655.350795,ADC1,0,servo_1,A,2.235
1769885655.4016042,ADC2,0,bus_voltage,V,11.338
1769885655.4521868,THERM,0,motor_temp,C,59.054
1769885655.5030181,ADC1,0,servo_1,A,1.377
1769885655.553626,ADC1,1,servo_2,A,1.645
1769885655.6047206,THERM,0,motor_temp,C,36.44
1769885655.6560202,ADC1,1,servo_2,A,1.282
1769885655.7076523,ADC1,1,servo_2,A,1.952
1769885655.7625167,ADC1,1,servo_2,A,0.476
1769885655.8132184,ADC1,0,servo_1,A,2.173
1769885655.8636909,ADC2,0,bus_voltage,V,11.788
1769885655.914539,ADC2,0,bus_voltage,V,10.171
1769885655.965557,ADC2,0,bus_voltage,V,12.155
1769885656.0166016,ADC1,1,servo_2,A,1.96
1769885656.06796,THERM,0,motor_temp,C,50.576
1769885656.1188025,ADC1,0,servo_1,A,1.508
1769885656.1693997,THERM,0,motor_temp,C,46.011
1769885656.2200606,ADC2,0,bus_voltage,V,12.38
1769885656.2707279,ADC1,0,servo_1,A,0.458
1769885656.321227,ADC1,1,servo_2,A,2.481
1769885656.3720567,ADC1,0,servo_1,A,1.94
1769885656.4229608,ADC1,1,servo_2,A,1.628
1769885656.4740076,ADC1,0,servo_1,A,1.16
1769885656.524397,ADC1,1,servo_2,A,1.064
1769885656.5756402,THERM,0,motor_temp,C,27.171
1769885656.6263747,THERM,0,motor_temp,C,56.185
1769885656.6772282,THERM,0,motor_temp,C,39.331
1769885656.7279644,ADC2,0,bus_voltage,V,12.556
1769885656.778602,ADC1,1,servo_2,A,1.439
1769885656.8293524,ADC2,0,bus_voltage,V,10.199
1769885656.8804033,ADC1,0,servo_1,A,1.292
1769885656.9312387,ADC1,0,servo_1,A,1.3
1769885656.9821992,THERM,0,motor_temp,C,61.098
1769885657.0326602,THERM,0,motor_temp,C,66.211
1769885657.0829809,ADC1,0,servo_1,A,2.228
1769885657.1346238,ADC1,0,servo_1,A,2.233
1769885657.1852558,ADC1,0,servo_1,A,2.241
1769885657.23597,ADC1,1,servo_2,A,0.295
1769885657.2866485,ADC2,0,bus_voltage,V,10.781
1769885657.3376927,THERM,0,motor_temp,C,53.726
1769885657.388507,ADC1,0,servo_1,A,1.982
1769885657.4392292,THERM,0,motor_temp,C,68.811
1769885657.4912586,ADC2,0,bus_voltage,V,10.367
1769885657.541859,ADC1,0,servo_1,A,2.078
1769885657.5925732,ADC2,0,bus_voltage,V,12.034
1769885657.6434126,THERM,0,motor_temp,C,36.872
1769885657.694141,ADC1,0,servo_1,A,2.041
1769885657.744662,ADC1,1,servo_2,A,1.78
1769885657.7957714,ADC2,0,bus_voltage,V,11.303
1769885657.8468375,ADC1,0,servo_1,A,1.208
1769885657.89737,ADC1,0,servo_1,A,2.425
1769885657.9485884,ADC1,1,servo_2,A,1.318
1769885657.9995244,THERM,0,motor_temp,C,28.06
1769885658.0502715,ADC1,0,servo_1,A,1.354
1769885658.1008446,ADC1,1,servo_2,A,2.059
1769885658.151617,THERM,0,motor_temp,C,40.047
1769885658.202691,ADC1,1,servo_2,A,2.155
1769885658.253396,ADC2,0,bus_voltage,V,10.648
1769885658.3039188,ADC2,0,bus_voltage,V,12.215
1769885658.3545883,ADC1,1,servo_2,A,1.478
1769885658.4060147,ADC2,0,bus_voltage,V,10.265
1769885658.4657428,ADC2,0,bus_voltage,V,12.345
1769885658.5178876,THERM,0,motor_temp,C,61.928
1769885658.568556,ADC1,1,servo_2,A,2.364
1769885658.6190293,ADC1,1,servo_2,A,1.321
1769885658.6701567,ADC2,0,bus_voltage,V,10.584
1769885658.7217393,ADC1,0,servo_1,A,1.658
1769885658.7730904,THERM,0,motor_temp,C,69.969
1769885658.8238122,THERM,0,motor_temp,C,68.112
1769885658.874458,THERM,0,motor_temp,C,62.846
1769885658.9253778,ADC1,0,servo_1,A,0.94
1769885658.9763803,ADC1,1,servo_2,A,2.127
1769885659.0269775,ADC1,1,servo_2,A,0.85
1769885659.0776482,THERM,0,motor_temp,C,60.798
1769885659.1280847,ADC2,0,bus_voltage,V,11.323
1769885659.1789136,ADC1,0,servo_1,A,2.354
1769885659.234318,ADC1,1,servo_2,A,0.373
1769885659.2858546,ADC1,1,servo_2,A,1.828
1769885659.3365827,ADC1,1,servo_2,A,1.901
1769885659.3872185,ADC2,0,bus_voltage,V,12.331
1769885659.438001,ADC1,0,servo_1,A,1.436
1769885659.4885879,ADC1,1,servo_2,A,0.72
1769885659.5393527,ADC2,0,bus_voltage,V,11.832
1769885659.5902047,ADC2,0,bus_voltage,V,10.239
1769885659.641533,ADC1,1,servo_2,A,1.162
1769885659.692321,ADC2,0,bus_voltage,V,10.806
1769885659.743702,THERM,0,motor_temp,C,29.367
1769885659.79482,ADC1,1,servo_2,A,0.444
1769885659.8454945,ADC1,1,servo_2,A,0.42
1769885659.898287,ADC1,0,servo_1,A,0.671
1769885659.9496586,ADC1,1,servo_2,A,0.621
1769885660.0008838,THERM,0,motor_temp,C,35.558
1769885660.053529,THERM,0,motor_temp,C,62.417
1769885660.1044493,ADC2,0,bus_voltage,V,11.092
1769885660.155357,ADC1,1,servo_2,A,1.955
1769885660.206108,ADC1,0,servo_1,A,1.722
1769885660.2572095,THERM,0,motor_temp,C,64.986
1769885660.307862,THERM,0,motor_temp,C,43.757
1769885660.3588388,ADC1,1,servo_2,A,0.597
1769885660.410373,ADC2,0,bus_voltage,V,11.82
1769885660.4613872,ADC1,1,servo_2,A,2.068
1769885660.5122435,ADC1,0,servo_1,A,1.175
1769885660.563078,THERM,0,motor_temp,C,52.699
1769885660.6143644,THERM,0,motor_temp,C,60.228
1769885660.6656704,THERM,0,motor_temp,C,47.871
1769885660.7173438,ADC1,0,servo_1,A,0.434
1769885660.7680023,THERM,0,motor_temp,C,28.374
1769885660.8185282,ADC2,0,bus_voltage,V,10.401
1769885660.8689804,ADC2,0,bus_voltage,V,11.172
1769885660.9193475,ADC1,0,servo_1,A,1.972
1769885660.9699268,THERM,0,motor_temp,C,69.166
1769885661.020686,THERM,0,motor_temp,C,32.322
1769885661.0710773,ADC2,0,bus_voltage,V,12.495
1769885661.1219316,THERM,0,motor_temp,C,30.152
1769885661.1729474,ADC2,0,bus_voltage,V,12.256
1769885661.2240586,ADC2,0,bus_voltage,V,12.282
1769885661.2748327,ADC2,0,bus_voltage,V,12.081
1769885661.325621,ADC2,0,bus_voltage,V,10.715
1769885661.375968,ADC1,1,servo_2,A,0.834
1769885661.4264698,THERM,0,motor_temp,C,37.708
1769885661.4773004,THERM,0,motor_temp,C,48.344
1769885661.5279205,ADC1,1,servo_2,A,1.514
1769885661.5785503,THERM,0,motor_temp,C,25.188
1769885661.6291034,ADC1,0,servo_1,A,2.396
1769885661.6799648,ADC1,0,servo_1,A,2.289
1769885661.7309802,ADC1,1,servo_2,A,2.489
1769885661.7816424,ADC2,0,bus_voltage,V,10.992
1769885661.8324418,ADC2,0,bus_voltage,V,12.126
1769885661.882903,ADC1,0,servo_1,A,2.283
1769885661.9336777,THERM,0,motor_temp,C,27.335
1769885661.9850788,ADC2,0,bus_voltage,V,11.592
1769885662.036069,THERM,0,motor_temp,C,58.627
1769885662.0867507,ADC1,1,servo_2,A,2.241
1769885662.1375651,THERM,0,motor_temp,C,41.886
1769885662.188078,ADC1,1,servo_2,A,1.846
1769885662.239515,ADC1,1,servo_2,A,0.414
1769885662.2916696,ADC1,0,servo_1,A,1.881
1769885662.3423934,ADC2,0,bus_voltage,V,11.274
1769885662.393155,ADC2,0,bus_voltage,V,11.745
1769885662.4442494,THERM,0,motor_temp,C,32.447
1769885662.494702,ADC1,1,servo_2,A,1.133
1769885662.5455585,THERM,0,motor_temp,C,49.23
1769885662.5960488,THERM,0,motor_temp,C,56.853
1769885662.6470933,THERM,0,motor_temp,C,62.201
1769885662.6982276,ADC1,1,servo_2,A,0.43
1769885662.7492008,ADC1,1,servo_2,A,2.16
1769885662.8003094,ADC1,1,servo_2,A,0.396
1769885662.8510156,ADC1,1,servo_2,A,0.241
1769885662.9165728,ADC1,1,servo_2,A,2.434
1769885662.9670343,ADC1,1,servo_2,A,1.31
1769885663.0178392,THERM,0,motor_temp,C,57.941
1769885663.0684247,ADC1,0,servo_1,A,0.921
1769885663.119345,ADC2,0,bus_voltage,V,11.918
1769885663.1704106,THERM,0,motor_temp,C,47.274
1769885663.2217798,THERM,0,motor_temp,C,35.408
1769885663.2726965,THERM,0,motor_temp,C,66.628
1769885663.3235822,ADC1,0,servo_1,A,1.823
1769885663.3742447,THERM,0,motor_temp,C,64.52
1769885663.42544,ADC1,0,servo_1,A,1.693
1769885663.476573,ADC1,1,servo_2,A,1.299
1769885663.5271168,ADC1,1,servo_2,A,1.763
1769885663.5777876,ADC1,0,servo_1,A,2.095
1769885663.6300883,ADC2,0,bus_voltage,V,12.592
1769885663.6811495,ADC1,1,servo_2,A,0.552
1769885663.7316713,ADC1,0,servo_1,A,2.442
1769885663.7875226,ADC1,0,servo_1,A,0.535
1769885663.8450122,ADC1,1,servo_2,A,1.322
1769885663.89668,ADC2,0,bus_voltage,V,12.379
1769885663.9599726,ADC2,0,bus_voltage,V,12.358
1769885664.0113482,ADC1,0,servo_1,A,2.1
1769885664.0619578,THERM,0,motor_temp,C,61.893
1769885664.1147068,THERM,0,motor_temp,C,46.703
1769885664.1663125,ADC1,0,servo_1,A,1.733
1769885664.216869,THERM,0,motor_temp,C,55.497
1769885664.2676299,ADC2,0,bus_voltage,V,11.205
1769885664.318463,ADC1,0,servo_1,A,1.063
1769885664.3708255,THERM,0,motor_temp,C,55.784
1769885664.421769,ADC1,1,servo_2,A,2.137
1769885664.473058,ADC1,0,servo_1,A,1.555
1769885664.5235412,ADC1,0,servo_1,A,1.622
1769885664.5741265,ADC1,0,servo_1,A,0.887
1769885664.624993,ADC2,0,bus_voltage,V,12.234
1769885664.675561,ADC1,0,servo_1,A,0.638
1769885664.7263184,THERM,0,motor_temp,C,68.342
1769885664.7767818,ADC2,0,bus_voltage,V,10.153
1769885664.8275406,ADC1,1,servo_2,A,1.519
1769885664.8785324,ADC1,1,servo_2,A,1.36
1769885664.9292936,THERM,0,motor_temp,C,53.973
1769885664.9796493,ADC1,1,servo_2,A,0.64
1769885665.0326867,ADC2,0,bus_voltage,V,12.426
1769885665.0831895,ADC1,1,servo_2,A,0.219
1769885665.133816,ADC1,0,servo_1,A,1.714
1769885665.1842358,THERM,0,motor_temp,C,69.916
1769885665.2349105,ADC1,1,servo_2,A,2.479
1769885665.2857528,ADC1,0,servo_1,A,1.852
1769885665.3364296,ADC1,1,servo_2,A,1.399
1769885665.3872483,THERM,0,motor_temp,C,41.876
1769885665.437683,ADC2,0,bus_voltage,V,10.839
1769885665.4882805,ADC1,1,servo_2,A,0.397
1769885665.5392604,ADC2,0,bus_voltage,V,10.672
1769885665.5898645,ADC1,0,servo_1,A,1.49
1769885665.6404088,ADC2,0,bus_voltage,V,11.701
1769885665.6908352,THERM,0,motor_temp,C,65.194
1769885665.7411802,THERM,0,motor_temp,C,30.172
1769885665.791844,ADC1,1,servo_2,A,1.303
1769885665.8426476,ADC1,0,servo_1,A,1.964
1769885665.8932028,ADC1,0,servo_1,A,2.139
1769885665.9436612,THERM,0,motor_temp,C,45.717
1769885665.993983,THERM,0,motor_temp,C,65.813
1769885666.044291,ADC1,1,servo_2,A,0.401
1769885666.094791,ADC1,0,servo_1,A,1.332
1769885666.1454039,THERM,0,motor_temp,C,55.168
1769885666.1959286,ADC1,1,servo_2,A,1.758
1769885666.2462654,ADC1,1,servo_2,A,1.224
1769885666.297402,ADC1,1,servo_2,A,1.337
1769885666.3480215,ADC2,0,bus_voltage,V,12.423
1769885666.4037027,ADC2,0,bus_voltage,V,12.05
1769885666.4549532,ADC1,0,servo_1,A,1.768
1769885666.505685,THERM,0,motor_temp,C,28.218
1769885666.5562813,THERM,0,motor_temp,C,58.844
1769885666.6065912,ADC1,1,servo_2,A,1.998
1769885666.657273,THERM,0,motor_temp,C,53.512
1769885666.7079842,ADC1,0,servo_1,A,0.932
1769885666.7582629,ADC2,0,bus_voltage,V,10.086
1769885666.8091872,ADC2,0,bus_voltage,V,10.551
1769885666.8598685,THERM,0,motor_temp,C,38.366
1769885666.9105768,ADC1,1,servo_2,A,1.287
1769885666.9614542,ADC2,0,bus_voltage,V,12.341
1769885667.0118604,ADC2,0,bus_voltage,V,12.084
1769885667.0624309,ADC2,0,bus_voltage,V,12.243
1769885667.1133487,ADC1,0,servo_1,A,2.134
1769885667.1653326,ADC2,0,bus_voltage,V,11.115
1769885667.2158272,ADC1,0,servo_1,A,1.278
1769885667.2663376,THERM,0,motor_temp,C,47.301
1769885667.3179164,ADC2,0,bus_voltage,V,10.066
1769885667.368894,ADC2,0,bus_voltage,V,10.542
1769885667.419559,THERM,0,motor_temp,C,37.273
1769885667.4702754,ADC1,0,servo_1,A,1.255
1769885667.520788,ADC1,0,servo_1,A,0.982
1769885667.5713851,ADC1,0,servo_1,A,0.749
1769885667.6218255,ADC1,0,servo_1,A,0.214
1769885667.6725419,ADC1,0,servo_1,A,1.106
1769885667.7234447,ADC1,0,servo_1,A,1.519
1769885667.774524,ADC1,1,servo_2,A,0.772
1769885667.8255756,ADC2,0,bus_voltage,V,10.486
1769885667.8764026,ADC1,1,servo_2,A,1.341
1769885667.9271255,ADC1,1,servo_2,A,0.898
1769885667.9778333,THERM,0,motor_temp,C,58.429
1769885668.028456,ADC1,0,servo_1,A,2.343
1769885668.0790107,ADC1,1,servo_2,A,1.249
1769885668.1297674,ADC1,0,servo_1,A,0.441
1769885668.18149,THERM,0,motor_temp,C,55.339
1769885668.232299,ADC2,0,bus_voltage,V,11.16
1769885668.282975,ADC1,0,servo_1,A,2.119
1769885668.3339186,THERM,0,motor_temp,C,48.222
1769885668.3845646,ADC1,1,servo_2,A,1.866
1769885668.4350617,THERM,0,motor_temp,C,55.841
1769885668.4867609,ADC1,0,servo_1,A,1.449
1769885668.5378294,ADC1,1,servo_2,A,0.848
1769885668.5882912,ADC2,0,bus_voltage,V,11.869
1769885668.6389785,ADC1,1,servo_2,A,0.535
1769885668.6896193,ADC1,1,servo_2,A,2.195
1769885668.7401757,THERM,0,motor_temp,C,28.818
1769885668.790767,ADC1,1,servo_2,A,1.481
1769885668.8412504,ADC1,0,servo_1,A,2.296
1769885668.8916266,ADC2,0,bus_voltage,V,10.539
1769885668.9423752,ADC2,0,bus_voltage,V,11.439
1769885668.9931178,ADC1,1,servo_2,A,1.23
1769885669.04366,ADC2,0,bus_voltage,V,11.485
1769885669.0941103,ADC1,1,servo_2,A,0.445
1769885669.1446445,ADC1,1,servo_2,A,1.697
1769885669.1949751,THERM,0,motor_temp,C,55.939
1769885669.245318,ADC1,1,servo_2,A,1.205
1769885669.295619,ADC1,0,servo_1,A,1.024
1769885669.3459938,ADC1,0,servo_1,A,0.816
1769885669.3982928,ADC2,0,bus_voltage,V,11.903
1769885669.4491022,ADC2,0,bus_voltage,V,11.944
1769885669.5005765,ADC1,0,servo_1,A,2.243
1769885669.551119,ADC1,0,servo_1,A,0.748
1769885669.6020846,ADC1,0,servo_1,A,2.309
1769885669.65293,ADC1,1,servo_2,A,0.282
1769885669.7036664,ADC1,1,servo_2,A,1.716
1769885669.7545083,ADC1,1,servo_2,A,1.554
1769885669.8056056,THERM,0,motor_temp,C,45.95
1769885669.8567615,ADC1,1,servo_2,A,0.81
1769885669.907462,ADC1,0,servo_1,A,2.445
1769885669.9581857,ADC1,1,servo_2,A,0.817
1769885670.0087664,ADC2,0,bus_voltage,V,12.558
1769885670.059229,ADC2,0,bus_voltage,V,10.353
1769885670.1100085,ADC1,0,servo_1,A,1.874
1769885670.1603508,ADC1,0,servo_1,A,0.94
1769885670.2159503,ADC2,0,bus_voltage,V,11.551
1769885670.2670448,ADC1,1,servo_2,A,2.328
1769885670.3187802,ADC2,0,bus_voltage,V,10.873
1769885670.370351,THERM,0,motor_temp,C,52.665
1769885670.4210074,ADC1,1,servo_2,A,1.754
1769885670.4722576,ADC1,0,servo_1,A,1.318
1769885670.5228367,ADC2,0,bus_voltage,V,10.036
1769885670.5731983,ADC2,0,bus_voltage,V,10.606
1769885670.623719,ADC2,0,bus_voltage,V,12.554
1769885670.674158,THERM,0,motor_temp,C,47.85
1769885670.725418,ADC2,0,bus_voltage,V,10.816
1769885670.776393,THERM,0,motor_temp,C,58.686
1769885670.8272915,ADC1,1,servo_2,A,2.338
1769885670.8828979,ADC1,1,servo_2,A,1.256
1769885670.933583,ADC1,1,servo_2,A,1.01
1769885670.9847367,ADC2,0,bus_voltage,V,12.403
1769885671.0356107,ADC1,1,servo_2,A,0.72
1769885671.086006,ADC1,0,servo_1,A,2.062
1769885671.1367967,ADC1,0,servo_1,A,2.278
1769885671.187514,ADC2,0,bus_voltage,V,10.483
1769885671.2390065,THERM,0,motor_temp,C,67.555
1769885671.2910967,ADC1,1,servo_2,A,0.739
1769885671.3417187,ADC2,0,bus_voltage,V,12.352
1769885671.3921397,ADC1,1,servo_2,A,0.524
1769885671.4426725,ADC1,0,servo_1,A,0.512
1769885671.4934282,THERM,0,motor_temp,C,27.196
1769885671.5444353,ADC1,0,servo_1,A,1.738
1769885671.5949771,ADC2,0,bus_voltage,V,11.031
1769885671.6458776,ADC1,0,servo_1,A,0.623
1769885671.6961472,ADC1,1,servo_2,A,0.961
1769885671.7467637,ADC1,0,servo_1,A,0.503
1769885671.7973258,ADC1,0,servo_1,A,0.655
1769885671.8481064,ADC2,0,bus_voltage,V,11.028
1769885671.8991063,ADC1,0,servo_1,A,1.323
1769885671.9498987,ADC2,0,bus_voltage,V,10.74
1769885672.001208,ADC1,1,servo_2,A,2.249
1769885672.0519962,ADC1,1,servo_2,A,1.561
1769885672.10288,ADC1,1,servo_2,A,2.244
1769885672.153876,THERM,0,motor_temp,C,47.33
1769885672.2044146,ADC2,0,bus_voltage,V,11.536
1769885672.2552361,ADC1,1,servo_2,A,2.179
1769885672.3057697,THERM,0,motor_temp,C,53.962
1769885672.356256,THERM,0,motor_temp,C,37.31
1769885672.406648,THERM,0,motor_temp,C,34.02
1769885672.4571674,THERM,0,motor_temp,C,30.236
1769885672.5077322,ADC2,0,bus_voltage,V,10.545
1769885672.5580697,ADC1,0,servo_1,A,0.543
1769885672.6089163,THERM,0,motor_temp,C,39.917
1769885672.6596382,THERM,0,motor_temp,C,28.156
1769885672.7101278,ADC1,0,servo_1,A,2.141
1769885672.7614343,ADC1,1,servo_2,A,2.42
1769885672.812117,ADC2,0,bus_voltage,V,11.177
1769885672.8629444,ADC2,0,bus_voltage,V,11.417
1769885672.9137216,ADC2,0,bus_voltage,V,12.326
1769885672.9645572,ADC1,0,servo_1,A,1.978
1769885673.0148935,THERM,0,motor_temp,C,40.503
1769885673.0656629,ADC1,0,servo_1,A,2.497
1769885673.1169338,THERM,0,motor_temp,C,26.637
1769885673.1679497,ADC1,0,servo_1,A,2.273
1769885673.2183495,THERM,0,motor_temp,C,60.134
1769885673.2692053,ADC1,0,servo_1,A,2.413
1769885673.3199084,THERM,0,motor_temp,C,59.714
1769885673.370815,THERM,0,motor_temp,C,53.032
1769885673.4212956,ADC1,0,servo_1,A,1.483
1769885673.4721992,ADC2,0,bus_voltage,V,10.728
1769885673.5229807,ADC1,0,servo_1,A,0.805
1769885673.5737698,ADC2,0,bus_voltage,V,12.53
1769885673.6243045,THERM,0,motor_temp,C,57.152
1769885673.6748393,ADC2,0,bus_voltage,V,11.748
1769885673.7255409,ADC1,0,servo_1,A,0.443
1769885673.7766223,ADC2,0,bus_voltage,V,12.088
1769885673.827292,ADC1,1,servo_2,A,1.408
1769885673.8779652,THERM,0,motor_temp,C,59.723
1769885673.928379,ADC1,0,servo_1,A,0.658
1769885673.9789727,ADC2,0,bus_voltage,V,12.56
1769885674.0294456,THERM,0,motor_temp,C,62.591
1769885674.0800676,THERM,0,motor_temp,C,36.915
1769885674.130896,ADC1,0,servo_1,A,0.672
1769885674.1826968,THERM,0,motor_temp,C,58.774
1769885674.2333095,ADC1,1,servo_2,A,1.549
1769885674.2842653,THERM,0,motor_temp,C,54.919
1769885674.3349051,ADC1,0,servo_1,A,0.279
1769885674.385481,ADC1,0,servo_1,A,0.753
1769885674.435901,ADC2,0,bus_voltage,V,10.261
1769885674.4864507,ADC2,0,bus_voltage,V,11.832
1769885674.5371723,ADC1,1,servo_2,A,1.476
1769885674.5875957,ADC1,1,servo_2,A,2.372
1769885674.638447,THERM,0,motor_temp,C,68.284
1769885674.6889586,ADC1,1,servo_2,A,0.993
1769885674.7397363,ADC1,1,servo_2,A,1.955
1769885674.7910912,THERM,0,motor_temp,C,47.996
1769885674.8421986,ADC2,0,bus_voltage,V,12.366
1769885674.8933575,ADC1,0,servo_1,A,1.237
1769885674.9443014,ADC1,1,servo_2,A,0.429
1769885674.9950435,ADC2,0,bus_voltage,V,12.1
1769885675.0454183,THERM,0,motor_temp,C,59.539
1769885675.0957818,ADC1,0,servo_1,A,0.349
1769885675.146409,ADC2,0,bus_voltage,V,12.089
1769885675.1972702,ADC1,1,servo_2,A,2.174
1769885675.2481506,ADC2,0,bus_voltage,V,10.868
1769885675.2988327,ADC1,1,servo_2,A,1.427
1769885675.3495255,ADC2,0,bus_voltage,V,10.189
1769885675.4004524,THERM,0,motor_temp,C,29.046
1769885675.4509475,ADC2,0,bus_voltage,V,10.915
1769885675.5012913,THERM,0,motor_temp,C,65.606
1769885675.5523927,ADC2,0,bus_voltage,V,10.813
1769885675.6031914,ADC1,1,servo_2,A,1.582
1769885675.6538396,ADC1,0,servo_1,A,2.256
1769885675.7044716,ADC1,1,servo_2,A,1.648
1769885675.754981,THERM,0,motor_temp,C,52.228
1769885675.805744,ADC1,1,servo_2,A,1.431
1769885675.8564515,ADC1,0,servo_1,A,0.686
1769885675.9070692,ADC1,1,servo_2,A,2.407
1769885675.9577374,ADC1,1,servo_2,A,1.468
1769885676.008093,ADC1,0,servo_1,A,0.212
1769885676.058921,ADC1,0,servo_1,A,1.94
1769885676.1095343,THERM,0,motor_temp,C,47.748
1769885676.1602967,ADC1,0,servo_1,A,1.475
1769885676.2110775,THERM,0,motor_temp,C,30.876
1769885676.2616885,ADC1,0,servo_1,A,2.336
1769885676.3121624,ADC1,0,servo_1,A,1.739
1769885676.362556,THERM,0,motor_temp,C,58.705
1769885676.4128554,ADC1,0,servo_1,A,0.589
1769885676.463199,ADC1,0,servo_1,A,0.394
1769885676.5138016,ADC1,0,servo_1,A,1.084
1769885676.5646498,ADC2,0,bus_voltage,V,10.689
1769885676.6152587,ADC1,1,servo_2,A,1.474
1769885676.666424,ADC1,0,servo_1,A,2.467
1769885676.7169871,ADC1,0,servo_1,A,1.073
1769885676.7673686,ADC2,0,bus_voltage,V,11.76
1769885676.8180919,THERM,0,motor_temp,C,41.438
1769885676.8685036,ADC1,1,servo_2,A,1.701
1769885676.9193177,THERM,0,motor_temp,C,54.503
1769885676.969962,THERM,0,motor_temp,C,45.033
1769885677.0203252,ADC2,0,bus_voltage,V,10.361
1769885677.0707297,ADC1,0,servo_1,A,2.182
1769885677.1212935,THERM,0,motor_temp,C,55.058
1769885677.171914,ADC1,0,servo_1,A,0.773
1769885677.222341,ADC1,1,servo_2,A,0.315
1769885677.2732744,ADC1,1,servo_2,A,0.541
1769885677.3236098,ADC1,0,servo_1,A,0.601
1769885677.3740456,ADC2,0,bus_voltage,V,12.1
1769885677.424543,ADC2,0,bus_voltage,V,12.172
1769885677.4752762,THERM,0,motor_temp,C,49.491
1769885677.52568,THERM,0,motor_temp,C,37.243
1769885677.576174,ADC1,0,servo_1,A,2.065
1769885677.6268468,THERM,0,motor_temp,C,47.621
1769885677.6775575,ADC1,0,servo_1,A,2.048
1769885677.7282603,ADC1,1,servo_2,A,1.317
1769885677.7787852,ADC1,0,servo_1,A,0.467
1769885677.8293009,THERM,0,motor_temp,C,67.1
1769885677.8801436,THERM,0,motor_temp,C,61.005
1769885677.930876,ADC1,0,servo_1,A,2.428
1769885677.981853,THERM,0,motor_temp,C,61.754
1769885678.0322845,ADC2,0,bus_voltage,V,12.419
1769885678.0828457,ADC1,0,servo_1,A,0.862
1769885678.1351066,ADC2,0,bus_voltage,V,10.302
1769885678.1864002,ADC2,0,bus_voltage,V,10.984
1769885678.2369516,ADC2,0,bus_voltage,V,10.212
1769885678.2873561,THERM,0,motor_temp,C,53.001
1769885678.3380818,ADC2,0,bus_voltage,V,11.942
1769885678.3884053,ADC2,0,bus_voltage,V,11.497
1769885678.4388087,ADC1,1,servo_2,A,0.615
1769885678.489179,ADC1,0,servo_1,A,0.955
1769885678.5425572,ADC1,1,servo_2,A,2.324
1769885678.5935674,ADC1,0,servo_1,A,0.259
1769885678.6442106,ADC2,0,bus_voltage,V,10.206
1769885678.695075,THERM,0,motor_temp,C,41.935
1769885678.7455277,ADC2,0,bus_voltage,V,11.129
1769885678.796418,ADC1,0,servo_1,A,1.473
1769885678.8477452,ADC2,0,bus_voltage,V,12.232
1769885678.898609,ADC1,1,servo_2,A,2.237
1769885678.949387,THERM,0,motor_temp,C,39.318
1769885679.005789,ADC1,0,servo_1,A,0.65
1769885679.0565615,ADC2,0,bus_voltage,V,12.463
1769885679.1080198,ADC1,0,servo_1,A,1.605
1769885679.1583843,ADC1,1,servo_2,A,1.213
1769885679.2089612,ADC1,1,servo_2,A,1.665
1769885679.260069,ADC2,0,bus_voltage,V,12.191
1769885679.3122597,ADC1,1,servo_2,A,2.348
1769885679.3628988,THERM,0,motor_temp,C,50.632
1769885679.4137404,ADC1,1,servo_2,A,0.237
1769885679.4649816,ADC1,1,servo_2,A,1.08
1769885679.5172966,THERM,0,motor_temp,C,68.733
1769885679.568066,ADC1,0,servo_1,A,2.495
1769885679.6185248,THERM,0,motor_temp,C,45.154
1769885679.6693077,THERM,0,motor_temp,C,68.351
1769885679.7199023,ADC1,0,servo_1,A,0.768
1769885679.7707894,ADC2,0,bus_voltage,V,12.318
1769885679.8212643,ADC1,1,servo_2,A,0.965
1769885679.8726273,THERM,0,motor_temp,C,43.482
1769885679.9237652,THERM,0,motor_temp,C,54.986
1769885679.9742956,THERM,0,motor_temp,C,29.108
1769885680.024567,THERM,0,motor_temp,C,39.813
1769885680.0753732,ADC1,0,servo_1,A,1.105
1769885680.127244,ADC1,1,servo_2,A,1.439
1769885680.1779296,ADC1,1,servo_2,A,0.607
1769885680.2286022,ADC2,0,bus_voltage,V,11.014
1769885680.2794359,ADC1,1,servo_2,A,0.932
1769885680.3315656,ADC2,0,bus_voltage,V,10.283
1769885680.3824701,THERM,0,motor_temp,C,34.262
1769885680.4330335,ADC1,1,servo_2,A,1.566
1769885680.483847,ADC2,0,bus_voltage,V,10.132
1769885680.5351222,THERM,0,motor_temp,C,30.502
1769885680.5856595,THERM,0,motor_temp,C,36.888
1769885680.6364365,ADC2,0,bus_voltage,V,10.585
1769885680.687181,ADC1,1,servo_2,A,1.382
1769885680.7379615,ADC1,1,servo_2,A,1.949
1769885680.789349,ADC1,1,servo_2,A,0.698
1769885680.8398159,ADC2,0,bus_voltage,V,10.268
1769885680.8901956,ADC1,1,servo_2,A,2.429
1769885680.9409115,ADC2,0,bus_voltage,V,10.899
1769885680.9916537,THERM,0,motor_temp,C,37.825
1769885681.0425715,ADC1,1,servo_2,A,1.667
1769885681.093922,THERM,0,motor_temp,C,57.476
1769885681.1447966,ADC1,0,servo_1,A,0.791
1769885681.1955986,ADC1,0,servo_1,A,0.767
1769885681.2461765,THERM,0,motor_temp,C,41.235
1769885681.3005903,ADC1,0,servo_1,A,0.264
1769885681.3518054,ADC2,0,bus_voltage,V,10.312
1769885681.4030209,ADC1,1,servo_2,A,2.269
1769885681.4540112,ADC1,0,servo_1,A,2.425
1769885681.5048544,ADC2,0,bus_voltage,V,11.814
1769885681.555531,ADC1,1,servo_2,A,1.525
1769885681.6060019,ADC2,0,bus_voltage,V,11.208
1769885681.656607,THERM,0,motor_temp,C,42.365
1769885681.707414,ADC1,0,servo_1,A,0.246
1769885681.7587793,ADC2,0,bus_voltage,V,10.675
1769885681.8095458,ADC2,0,bus_voltage,V,11.139
1769885681.8605494,ADC1,0,servo_1,A,1.178
1769885681.9109895,ADC1,0,servo_1,A,1.22
1769885681.9614835,ADC2,0,bus_voltage,V,11.67
1769885682.0122845,ADC1,1,servo_2,A,1.988
1769885682.062848,THERM,0,motor_temp,C,49.869
1769885682.1138964,ADC1,0,servo_1,A,0.713
1769885682.1644082,ADC2,0,bus_voltage,V,10.106
1769885682.2147448,ADC1,0,servo_1,A,0.643
1769885682.2653418,ADC2,0,bus_voltage,V,11.345
1769885682.3158116,ADC1,1,servo_2,A,2.132
1769885682.3662412,ADC2,0,bus_voltage,V,12.23
1769885682.41701,ADC1,1,servo_2,A,2.292
1769885682.4678159,ADC1,0,servo_1,A,0.264
1769885682.5184371,ADC1,0,servo_1,A,0.296
1769885682.568779,ADC1,1,servo_2,A,2.472
1769885682.6193423,ADC1,1,servo_2,A,1.474
1769885682.6700132,ADC1,1,servo_2,A,2.284
1769885682.7308755,ADC1,0,servo_1,A,1.156
1769885682.7851264,ADC1,1,servo_2,A,2.415
1769885682.836846,ADC1,1,servo_2,A,0.803
1769885682.8871593,ADC1,0,servo_1,A,0.696
1769885682.938834,ADC1,1,servo_2,A,1.59
1769885682.9905682,ADC2,0,bus_voltage,V,11.887
1769885683.041175,ADC1,1,servo_2,A,2.438
1769885683.0919712,THERM,0,motor_temp,C,41.968
1769885683.1428323,ADC1,0,servo_1,A,0.41
1769885683.1962314,THERM,0,motor_temp,C,49.454
1769885683.249852,THERM,0,motor_temp,C,61.783
1769885683.300805,THERM,0,motor_temp,C,31.454
1769885683.351784,ADC2,0,bus_voltage,V,11.28
1769885683.4025862,ADC1,1,servo_2,A,1.758
1769885683.45438,ADC1,0,servo_1,A,0.446
1769885683.5052848,ADC1,1,servo_2,A,1.442
1769885683.5558329,ADC2,0,bus_voltage,V,10.983
1769885683.6066532,ADC2,0,bus_voltage,V,12.036
1769885683.6572406,ADC1,0,servo_1,A,1.991
1769885683.7078056,THERM,0,motor_temp,C,28.794
1769885683.7603018,THERM,0,motor_temp,C,29.896
1769885683.811362,ADC1,1,servo_2,A,0.968
1769885683.8627615,ADC2,0,bus_voltage,V,11.128
1769885683.9158506,THERM,0,motor_temp,C,62.635
1769885683.9663877,ADC1,0,servo_1,A,1.535
1769885684.0171003,ADC2,0,bus_voltage,V,10.105
1769885684.0687907,ADC1,0,servo_1,A,1.745
1769885684.1219597,ADC1,1,servo_2,A,2.246
1769885684.1751537,ADC1,0,servo_1,A,1.2
1769885684.2261791,ADC1,0,servo_1,A,1.949
1769885684.2775636,THERM,0,motor_temp,C,53.871
1769885684.3281841,ADC1,0,servo_1,A,2.265
1769885684.3797095,THERM,0,motor_temp,C,54.755
1769885684.433381,ADC1,1,servo_2,A,2.036
1769885684.4841685,THERM,0,motor_temp,C,33.372
1769885684.5345109,ADC1,0,servo_1,A,2.019
1769885684.5854793,ADC1,1,servo_2,A,1.404
1769885684.6359222,THERM,0,motor_temp,C,27.706
1769885684.686951,ADC1,1,servo_2,A,2.112
1769885684.737751,THERM,0,motor_temp,C,42.058
1769885684.7883234,ADC1,1,servo_2,A,2.306
1769885684.8405783,ADC2,0,bus_voltage,V,12.165
1769885684.8911726,ADC1,0,servo_1,A,0.546
1769885684.9417944,ADC1,0,servo_1,A,0.481
1769885684.992808,ADC1,0,servo_1,A,0.279
1769885685.0434582,ADC1,1,servo_2,A,0.462
1769885685.0943959,ADC2,0,bus_voltage,V,10.097
1769885685.1449254,ADC2,0,bus_voltage,V,10.94
1769885685.195643,ADC1,1,servo_2,A,1.776
1769885685.2473,ADC1,1,servo_2,A,1.893
1769885685.2980056,ADC1,0,servo_1,A,1.279
1769885685.348844,ADC2,0,bus_voltage,V,10.324
1769885685.3995676,ADC1,1,servo_2,A,1.941
1769885685.4503446,ADC1,0,servo_1,A,1.779
1769885685.5052867,ADC2,0,bus_voltage,V,11.04
1769885685.5575616,THERM,0,motor_temp,C,64.02
1769885685.6082153,ADC2,0,bus_voltage,V,11.609
1769885685.6610904,ADC1,1,servo_2,A,2.436
1769885685.7119129,ADC2,0,bus_voltage,V,10.187
1769885685.7656002,ADC1,0,servo_1,A,0.982
1769885685.8162696,ADC1,1,servo_2,A,1.882
1769885685.8679795,ADC2,0,bus_voltage,V,12.355
1769885685.9189572,THERM,0,motor_temp,C,54.783
1769885685.9694788,ADC1,0,servo_1,A,1.778
1769885686.0198703,ADC2,0,bus_voltage,V,10.541
1769885686.0707705,THERM,0,motor_temp,C,67.369
1769885686.1218936,ADC2,0,bus_voltage,V,12.412
1769885686.1726203,ADC1,0,servo_1,A,1.165
1769885686.2234526,ADC2,0,bus_voltage,V,12.495
1769885686.2739723,ADC1,1,servo_2,A,2.081
1769885686.3260543,ADC1,1,servo_2,A,1.554
1769885686.3830843,THERM,0,motor_temp,C,62.285
1769885686.4335241,ADC1,0,servo_1,A,2.439
1769885686.4845107,ADC1,1,servo_2,A,0.993
1769885686.5348601,THERM,0,motor_temp,C,69.505
1769885686.585761,ADC1,1,servo_2,A,0.534
1769885686.6366475,ADC1,0,servo_1,A,1.856
1769885686.6873074,ADC1,1,servo_2,A,0.864
1769885686.7380702,ADC2,0,bus_voltage,V,11.321
1769885686.7888577,THERM,0,motor_temp,C,33.379
1769885686.8400204,ADC2,0,bus_voltage,V,12.326
1769885686.8924384,ADC1,1,servo_2,A,2.058
1769885686.9432735,ADC1,1,servo_2,A,0.387
1769885686.9946628,ADC1,1,servo_2,A,1.56
1769885687.0456119,THERM,0,motor_temp,C,64.844
1769885687.101648,ADC1,0,servo_1,A,0.632
1769885687.1524937,THERM,0,motor_temp,C,49.766
1769885687.203531,ADC1,1,servo_2,A,1.903
1769885687.255207,ADC2,0,bus_voltage,V,11.349
1769885687.3059056,THERM,0,motor_temp,C,51.171
1769885687.3565621,ADC2,0,bus_voltage,V,11.351
1769885687.407279,ADC1,0,servo_1,A,1.628
1769885687.4583907,ADC2,0,bus_voltage,V,10.31
1769885687.5091524,ADC2,0,bus_voltage,V,11.92
1769885687.561597,ADC1,1,servo_2,A,2.274
1769885687.612704,ADC1,0,servo_1,A,1.884
1769885687.663232,THERM,0,motor_temp,C,52.606
1769885687.7141087,ADC1,1,servo_2,A,1.459
1769885687.7651763,THERM,0,motor_temp,C,30.842
1769885687.81556,ADC2,0,bus_voltage,V,12.035
1769885687.866235,ADC2,0,bus_voltage,V,12.37
1769885687.9169595,ADC1,1,servo_2,A,1.912
1769885687.9675632,ADC2,0,bus_voltage,V,12.0
1769885688.0181088,ADC1,1,servo_2,A,0.552
1769885688.0687172,ADC1,1,servo_2,A,1.637
1769885688.1192584,ADC2,0,bus_voltage,V,10.635
1769885688.1696846,ADC1,0,servo_1,A,1.547
1769885688.220098,ADC1,0,servo_1,A,2.105
1769885688.2705646,ADC1,1,servo_2,A,1.103
1769885688.3210092,ADC1,1,servo_2,A,2.399
1769885688.371707,ADC1,0,servo_1,A,0.711
1769885688.422472,ADC2,0,bus_voltage,V,12.247
1769885688.472943,ADC2,0,bus_voltage,V,12.189
1769885688.5232906,ADC1,0,servo_1,A,0.586
1769885688.573925,ADC2,0,bus_voltage,V,10.542
1769885688.6243765,ADC1,0,servo_1,A,1.561
1769885688.6751275,ADC2,0,bus_voltage,V,11.094
1769885688.7257757,ADC2,0,bus_voltage,V,10.047
1769885688.7763803,ADC1,0,servo_1,A,2.101
1769885688.8269107,THERM,0,motor_temp,C,66.21
1769885688.8775284,ADC2,0,bus_voltage,V,10.26
1769885688.9282515,ADC2,0,bus_voltage,V,12.57
1769885688.978987,THERM,0,motor_temp,C,59.017
1769885689.0297086,ADC1,1,servo_2,A,1.359
1769885689.0803006,THERM,0,motor_temp,C,49.298
1769885689.131318,ADC1,1,servo_2,A,1.483
1769885689.1822286,ADC1,1,servo_2,A,2.058
1769885689.2331605,ADC1,0,servo_1,A,2.122
1769885689.2837255,ADC2,0,bus_voltage,V,12.314
1769885689.3351023,ADC2,0,bus_voltage,V,10.888
1769885689.386191,THERM,0,motor_temp,C,26.358
1769885689.437065,ADC1,1,servo_2,A,1.312
1769885689.4879858,ADC1,0,servo_1,A,1.98
1769885689.5387578,ADC1,0,servo_1,A,2.248
1769885689.5905664,THERM,0,motor_temp,C,42.985
1769885689.646876,ADC1,1,servo_2,A,1.186
1769885689.698019,ADC1,0,servo_1,A,1.941
1769885689.749103,ADC1,0,servo_1,A,1.384
1769885689.7996676,ADC2,0,bus_voltage,V,10.16
1769885689.8502824,ADC1,1,servo_2,A,0.674
1769885689.9011915,ADC1,1,servo_2,A,0.413
1769885689.9516065,THERM,0,motor_temp,C,26.826
1769885690.0028903,ADC2,0,bus_voltage,V,11.111
1769885690.0537946,ADC1,0,servo_1,A,1.708
1769885690.1042938,ADC1,0,servo_1,A,0.79
1769885690.1549134,ADC2,0,bus_voltage,V,12.35
1769885690.2059407,ADC2,0,bus_voltage,V,10.781
1769885690.256512,THERM,0,motor_temp,C,25.337
1769885690.3073282,ADC1,0,servo_1,A,0.604
1769885690.3608434,ADC2,0,bus_voltage,V,11.057
1769885690.411219,ADC1,0,servo_1,A,0.535
1769885690.4618306,ADC1,0,servo_1,A,1.804
1769885690.5125387,THERM,0,motor_temp,C,42.582
1769885690.5629804,ADC2,0,bus_voltage,V,10.563
1769885690.6136732,ADC2,0,bus_voltage,V,10.129
1769885690.6644416,THERM,0,motor_temp,C,29.266
1769885690.7155695,ADC2,0,bus_voltage,V,10.686
1769885690.76619,ADC2,0,bus_voltage,V,10.112
1769885690.8167603,THERM,0,motor_temp,C,67.602
1769885690.8676138,ADC1,1,servo_2,A,0.784
1769885690.9182491,ADC1,1,servo_2,A,0.342
1769885690.9685345,ADC1,1,servo_2,A,0.627
1769885691.0193784,THERM,0,motor_temp,C,63.673
1769885691.069786,ADC1,1,servo_2,A,0.354
1769885691.1202145,ADC1,1,servo_2,A,0.325
1769885691.170816,ADC2,0,bus_voltage,V,11.452
1769885691.2214856,THERM,0,motor_temp,C,42.51
1769885691.2725914,THERM,0,motor_temp,C,41.632
1769885691.323211,THERM,0,motor_temp,C,67.462
1769885691.3739984,ADC2,0,bus_voltage,V,12.53
1769885691.4244664,ADC2,0,bus_voltage,V,10.877
1769885691.4751976,ADC1,0,servo_1,A,0.602
1769885691.5261302,THERM,0,motor_temp,C,51.194
1769885691.5768683,ADC2,0,bus_voltage,V,12.033
1769885691.6278133,ADC1,0,servo_1,A,2.384
1769885691.6786234,ADC1,1,servo_2,A,0.904
1769885691.729339,ADC2,0,bus_voltage,V,11.371
1769885691.7814572,THERM,0,motor_temp,C,33.23
1769885691.831716,ADC1,1,servo_2,A,0.935
1769885691.882688,ADC1,1,servo_2,A,1.505
1769885691.9334455,THERM,0,motor_temp,C,59.016
1769885691.9837937,ADC1,1,servo_2,A,0.947
1769885692.034757,ADC2,0,bus_voltage,V,12.288
1769885692.086542,ADC1,0,servo_1,A,1.5
1769885692.1374128,ADC1,0,servo_1,A,0.335
1769885692.1880212,ADC1,0,servo_1,A,0.956
1769885692.2387657,THERM,0,motor_temp,C,58.426
1769885692.2892165,ADC1,0,servo_1,A,0.68
1769885692.3402476,ADC1,1,servo_2,A,1.401
1769885692.3907955,ADC1,0,servo_1,A,0.661
1769885692.441749,ADC1,0,servo_1,A,1.313
1769885692.4926124,THERM,0,motor_temp,C,59.943
1769885692.5435107,THERM,0,motor_temp,C,59.218
1769885692.594221,ADC1,0,servo_1,A,1.109
1769885692.6449957,THERM,0,motor_temp,C,28.129
1769885692.6959255,ADC2,0,bus_voltage,V,11.624
1769885692.746648,THERM,0,motor_temp,C,62.014
1769885692.7977166,ADC2,0,bus_voltage,V,10.204
1769885692.8490014,ADC1,1,servo_2,A,0.786
1769885692.900755,ADC2,0,bus_voltage,V,11.842
1769885692.9513924,ADC2,0,bus_voltage,V,12.145
1769885693.0175166,ADC1,1,servo_2,A,1.858
1769885693.0686076,ADC2,0,bus_voltage,V,10.004
1769885693.1191447,ADC1,0,servo_1,A,1.528
1769885693.169782,THERM,0,motor_temp,C,58.569
1769885693.2206411,ADC2,0,bus_voltage,V,10.764
1769885693.2717054,ADC2,0,bus_voltage,V,11.605
1769885693.3223028,ADC2,0,bus_voltage,V,10.711
1769885693.3732097,THERM,0,motor_temp,C,46.738
1769885693.4240057,ADC1,0,servo_1,A,1.33
1769885693.4747927,ADC2,0,bus_voltage,V,11.091
1769885693.5268104,ADC1,0,servo_1,A,0.312
1769885693.579075,ADC1,1,servo_2,A,1.312
1769885693.6322432,THERM,0,motor_temp,C,35.145
1769885693.6829891,THERM,0,motor_temp,C,47.595
1769885693.7334383,ADC2,0,bus_voltage,V,12.532
1769885693.7840698,THERM,0,motor_temp,C,51.19
1769885693.834522,ADC1,1,servo_2,A,1.602
1769885693.885312,ADC2,0,bus_voltage,V,10.84
1769885693.9361732,ADC1,1,servo_2,A,0.994
1769885693.986838,THERM,0,motor_temp,C,33.885
1769885694.0376198,ADC2,0,bus_voltage,V,10.428
1769885694.0880764,ADC1,0,servo_1,A,1.929
1769885694.1389263,THERM,0,motor_temp,C,59.076
1769885694.190883,ADC1,0,servo_1,A,0.418
1769885694.252091,THERM,0,motor_temp,C,61.374
1769885694.3030565,ADC1,1,servo_2,A,0.666
1769885694.3542423,THERM,0,motor_temp,C,58.895
1769885694.4049551,ADC1,1,servo_2,A,2.218
1769885694.4557106,ADC1,0,servo_1,A,0.337
1769885694.5062923,ADC1,1,servo_2,A,2.426
1769885694.556806,ADC2,0,bus_voltage,V,10.53
1769885694.6071458,ADC2,0,bus_voltage,V,11.66
1769885694.6575963,ADC1,1,servo_2,A,0.275
1769885694.7082329,ADC2,0,bus_voltage,V,10.585
1769885694.7587228,ADC1,0,servo_1,A,0.242
1769885694.809442,ADC1,0,servo_1,A,1.104
1769885694.8600504,ADC2,0,bus_voltage,V,11.238
1769885694.9106593,ADC2,0,bus_voltage,V,10.973
1769885694.9611175,ADC2,0,bus_voltage,V,10.021
1769885695.0116746,ADC2,0,bus_voltage,V,10.328
1769885695.0622709,ADC1,1,servo_2,A,0.463
1769885695.1129382,ADC1,0,servo_1,A,2.005
1769885695.1634474,ADC1,0,servo_1,A,0.963
1769885695.2139437,ADC1,1,servo_2,A,0.511
1769885695.2644632,ADC1,0,servo_1,A,1.13
1769885695.3149102,ADC1,0,servo_1,A,1.028
1769885695.3658705,ADC1,1,servo_2,A,0.886
1769885695.416857,ADC2,0,bus_voltage,V,10.26
1769885695.4673038,ADC1,0,servo_1,A,1.77
1769885695.519722,THERM,0,motor_temp,C,34.532
1769885695.570379,ADC1,1,servo_2,A,0.812
1769885695.6208327,THERM,0,motor_temp,C,48.068
1769885695.671655,THERM,0,motor_temp,C,31.914
1769885695.7222693,ADC2,0,bus_voltage,V,12.343
1769885695.7726336,ADC1,0,servo_1,A,1.705
1769885695.824432,ADC1,1,servo_2,A,0.497
1769885695.8750515,THERM,0,motor_temp,C,66.088
1769885695.9255216,ADC1,0,servo_1,A,1.417
1769885695.976332,ADC2,0,bus_voltage,V,11.065
1769885696.0267417,THERM,0,motor_temp,C,67.35
1769885696.0773096,ADC2,0,bus_voltage,V,11.155
1769885696.1279955,ADC1,0,servo_1,A,2.157
1769885696.1788287,ADC1,0,servo_1,A,2.12
1769885696.2293386,ADC1,0,servo_1,A,0.684
1769885696.2803645,ADC1,1,servo_2,A,0.432
1769885696.3388698,ADC2,0,bus_voltage,V,12.059
1769885696.389599,ADC1,1,servo_2,A,0.229
1769885696.4402816,ADC1,1,servo_2,A,0.624
1769885696.4914436,THERM,0,motor_temp,C,63.28
1769885696.542253,ADC2,0,bus_voltage,V,10.372
1769885696.5926714,ADC2,0,bus_voltage,V,12.362
1769885696.6431105,ADC2,0,bus_voltage,V,12.092
1769885696.6938615,THERM,0,motor_temp,C,59.247
1769885696.744517,ADC1,1,servo_2,A,1.31
1769885696.7951174,ADC1,0,servo_1,A,0.633
1769885696.845912,ADC1,1,servo_2,A,1.181
1769885696.8967838,ADC2,0,bus_voltage,V,11.886
1769885696.9476342,ADC1,1,servo_2,A,1.511
1769885696.998696,ADC2,0,bus_voltage,V,11.043
1769885697.050355,ADC1,1,servo_2,A,2.27
1769885697.101231,ADC2,0,bus_voltage,V,11.977
1769885697.1518004,ADC1,0,servo_1,A,2.007
1769885697.2031832,ADC1,0,servo_1,A,2.016
1769885697.2558157,THERM,0,motor_temp,C,26.064
1769885697.3067856,THERM,0,motor_temp,C,58.2
1769885697.3572345,ADC1,1,servo_2,A,0.381
1769885697.4076567,ADC1,1,servo_2,A,0.882
1769885697.4580655,THERM,0,motor_temp,C,38.383
1769885697.508551,ADC1,1,servo_2,A,2.474
1769885697.559378,THERM,0,motor_temp,C,35.895
1769885697.6200304,THERM,0,motor_temp,C,45.287
1769885697.670701,ADC1,1,servo_2,A,1.493
1769885697.7276607,ADC2,0,bus_voltage,V,11.081
1769885697.7788754,ADC2,0,bus_voltage,V,12.312
1769885697.8389614,ADC1,0,servo_1,A,1.654
1769885697.8896654,THERM,0,motor_temp,C,60.809
1769885697.9402618,ADC1,0,servo_1,A,2.344
1769885697.9907358,ADC1,0,servo_1,A,0.423
1769885698.0415456,ADC1,1,servo_2,A,1.663
1769885698.093247,ADC1,0,servo_1,A,0.533
1769885698.1470482,ADC1,0,servo_1,A,0.48
1769885698.2001176,ADC1,0,servo_1,A,0.768
1769885698.2505455,ADC1,1,servo_2,A,0.492
1769885698.3011177,ADC1,1,servo_2,A,0.512
1769885698.3515058,ADC2,0,bus_voltage,V,10.985
1769885698.401845,ADC2,0,bus_voltage,V,11.877
1769885698.4527652,THERM,0,motor_temp,C,52.385
1769885698.5034094,THERM,0,motor_temp,C,67.015
1769885698.5544453,ADC2,0,bus_voltage,V,12.283
1769885698.6056936,THERM,0,motor_temp,C,69.854
1769885698.657775,ADC1,1,servo_2,A,0.582
1769885698.7084134,ADC1,0,servo_1,A,2.281
1769885698.7592628,THERM,0,motor_temp,C,50.712
1769885698.812466,ADC2,0,bus_voltage,V,11.215
1769885698.863434,ADC2,0,bus_voltage,V,10.245
1769885698.9145958,ADC1,0,servo_1,A,2.035
1769885698.9657052,THERM,0,motor_temp,C,31.07
1769885699.0164366,THERM,0,motor_temp,C,51.108
1769885699.066848,ADC2,0,bus_voltage,V,11.546
1769885699.117315,ADC2,0,bus_voltage,V,10.632
1769885699.1677964,ADC1,1,servo_2,A,1.413
1769885699.2181194,ADC2,0,bus_voltage,V,10.294
1769885699.2689018,THERM,0,motor_temp,C,48.898
1769885699.319403,ADC1,0,servo_1,A,1.663
1769885699.369834,THERM,0,motor_temp,C,31.645
1769885699.420244,ADC1,1,servo_2,A,1.203
1769885699.4709663,ADC1,0,servo_1,A,1.453
1769885699.521668,ADC1,0,servo_1,A,2.163
1769885699.5722919,ADC1,0,servo_1,A,1.419
1769885699.6231163,ADC1,0,servo_1,A,2.12
1769885699.6738706,ADC1,0,servo_1,A,2.492
1769885699.7244453,ADC1,1,servo_2,A,0.472
1769885699.7751734,ADC1,0,servo_1,A,0.674
1769885699.8259869,ADC1,1,servo_2,A,1.857
1769885699.876855,ADC1,0,servo_1,A,1.305
1769885699.9275444,ADC1,1,servo_2,A,0.841
1769885699.9783442,THERM,0,motor_temp,C,58.648
1769885700.0292528,ADC1,1,servo_2,A,1.984
1769885700.0806296,THERM,0,motor_temp,C,45.691
1769885700.1322336,THERM,0,motor_temp,C,27.059
1769885700.1837258,ADC1,1,servo_2,A,2.201
1769885700.2344525,ADC1,0,servo_1,A,2.343
1769885700.2848074,ADC1,1,servo_2,A,2.455
1769885700.3354034,ADC1,0,servo_1,A,0.638
1769885700.385961,ADC1,1,servo_2,A,0.645
1769885700.4365642,ADC1,0,servo_1,A,2.398
1769885700.4874454,ADC2,0,bus_voltage,V,10.855
1769885700.5512047,ADC1,1,servo_2,A,1.149
1769885700.6023107,ADC2,0,bus_voltage,V,10.105
1769885700.6529589,ADC2,0,bus_voltage,V,10.488
1769885700.703719,ADC1,0,servo_1,A,1.056
1769885700.7543726,ADC1,0,servo_1,A,2.047
1769885700.8049834,ADC1,0,servo_1,A,1.118
1769885700.8554811,ADC2,0,bus_voltage,V,12.354
1769885700.9058266,THERM,0,motor_temp,C,53.123
1769885700.9566495,THERM,0,motor_temp,C,68.632
1769885701.0072675,ADC2,0,bus_voltage,V,11.879
1769885701.0581284,ADC1,1,servo_2,A,1.456
1769885701.1088657,THERM,0,motor_temp,C,59.597
1769885701.1593227,ADC1,0,servo_1,A,1.753
1769885701.2100732,ADC2,0,bus_voltage,V,10.724
1769885701.260836,ADC1,0,servo_1,A,0.312
1769885701.311707,ADC2,0,bus_voltage,V,10.918
1769885701.3622625,ADC1,0,servo_1,A,2.323
1769885701.412797,ADC2,0,bus_voltage,V,11.961
1769885701.4651544,ADC1,1,servo_2,A,1.164
1769885701.516699,ADC1,0,servo_1,A,2.173
1769885701.570739,ADC1,1,servo_2,A,0.311
1769885701.621708,ADC1,0,servo_1,A,1.87
1769885701.6721888,THERM,0,motor_temp,C,45.357
1769885701.7228515,ADC2,0,bus_voltage,V,10.229
1769885701.7737815,ADC1,1,servo_2,A,0.752
1769885701.8251827,ADC1,1,servo_2,A,0.368
1769885701.875993,ADC2,0,bus_voltage,V,11.971
1769885701.9268653,ADC1,1,servo_2,A,2.265
1769885701.9777915,ADC2,0,bus_voltage,V,11.957
1769885702.0281534,ADC1,0,servo_1,A,0.406
1769885702.079306,ADC2,0,bus_voltage,V,10.577
1769885702.130502,ADC2,0,bus_voltage,V,11.733
1769885702.1815085,ADC1,0,servo_1,A,0.311
1769885702.2322576,ADC2,0,bus_voltage,V,11.853
1769885702.2831435,THERM,0,motor_temp,C,45.667
1769885702.3347492,THERM,0,motor_temp,C,45.244
1769885702.3852997,ADC1,1,servo_2,A,2.147
1769885702.4359033,THERM,0,motor_temp,C,56.324
1769885702.4865313,THERM,0,motor_temp,C,34.297
1769885702.5374086,THERM,0,motor_temp,C,58.737
1769885702.5972064,ADC1,0,servo_1,A,1.817
1769885702.6476905,ADC1,1,servo_2,A,1.314
1769885702.6991436,ADC1,0,servo_1,A,1.842
1769885702.7499988,ADC1,1,servo_2,A,0.582
1769885702.8008032,ADC1,1,servo_2,A,1.692
1769885702.852641,THERM,0,motor_temp,C,46.984
1769885702.9034123,ADC1,0,servo_1,A,2.175
1769885702.9567053,ADC2,0,bus_voltage,V,10.338
1769885703.0080023,ADC1,1,servo_2,A,1.663
1769885703.0587232,THERM,0,motor_temp,C,58.146
1769885703.110869,ADC1,1,servo_2,A,2.393
1769885703.1616533,ADC1,0,servo_1,A,0.821
1769885703.2128205,ADC1,1,servo_2,A,2.36
1769885703.2636683,ADC2,0,bus_voltage,V,12.062
1769885703.3206325,ADC1,0,servo_1,A,1.388
1769885703.3731444,ADC1,1,servo_2,A,2.162
1769885703.4283223,ADC1,0,servo_1,A,0.433
1769885703.4790459,ADC2,0,bus_voltage,V,12.216
1769885703.530393,ADC1,1,servo_2,A,0.884
1769885703.581407,THERM,0,motor_temp,C,32.183
1769885703.6355693,ADC1,0,servo_1,A,0.837
1769885703.6866555,ADC2,0,bus_voltage,V,11.293
1769885703.7376971,ADC1,0,servo_1,A,0.518
1769885703.7883432,THERM,0,motor_temp,C,42.368
1769885703.839384,ADC1,0,servo_1,A,2.44
1769885703.8902948,ADC2,0,bus_voltage,V,10.232
1769885703.9408574,THERM,0,motor_temp,C,67.305
1769885703.9913096,ADC1,1,servo_2,A,0.286
1769885704.0421376,ADC1,1,servo_2,A,0.856
1769885704.092781,ADC1,0,servo_1,A,1.009
1769885704.1435337,THERM,0,motor_temp,C,61.197
1769885704.1939511,THERM,0,motor_temp,C,63.057
1769885704.2447622,ADC2,0,bus_voltage,V,12.172
1769885704.295479,ADC1,1,servo_2,A,1.04
1769885704.3465362,ADC2,0,bus_voltage,V,11.537
1769885704.399628,THERM,0,motor_temp,C,63.424
1769885704.4501593,ADC1,1,servo_2,A,0.969
1769885704.5005686,THERM,0,motor_temp,C,34.724
1769885704.552063,ADC1,0,servo_1,A,0.733
1769885704.6029117,ADC1,0,servo_1,A,2.087
1769885704.6537478,ADC1,0,servo_1,A,2.23
1769885704.7059245,ADC1,0,servo_1,A,1.635
1769885704.7563956,THERM,0,motor_temp,C,64.347
1769885704.8069825,ADC1,0,servo_1,A,2.479
1769885704.8576255,THERM,0,motor_temp,C,61.611
1769885704.9084682,ADC1,1,servo_2,A,0.654
1769885704.9592097,ADC2,0,bus_voltage,V,10.553
1769885705.0101266,THERM,0,motor_temp,C,62.654
1769885705.0605097,ADC2,0,bus_voltage,V,10.231
1769885705.1111026,THERM,0,motor_temp,C,66.245
1769885705.1619387,ADC2,0,bus_voltage,V,11.502
1769885705.2139225,ADC1,0,servo_1,A,2.08
1769885705.264693,ADC1,0,servo_1,A,1.767
1769885705.3161159,ADC1,1,servo_2,A,0.467
1769885705.3667254,ADC1,0,servo_1,A,1.151
1769885705.4171228,THERM,0,motor_temp,C,69.865
1769885705.4675155,ADC2,0,bus_voltage,V,12.456
1769885705.5187528,ADC1,0,servo_1,A,1.52
1769885705.5697489,ADC2,0,bus_voltage,V,10.916
1769885705.6453812,ADC2,0,bus_voltage,V,12.221
1769885705.696249,THERM,0,motor_temp,C,69.135
1769885705.7470455,ADC1,0,servo_1,A,1.89
1769885705.7988741,THERM,0,motor_temp,C,66.132
1769885705.8494098,THERM,0,motor_temp,C,34.223
1769885705.9005015,ADC1,0,servo_1,A,1.052
1769885705.9510162,ADC1,1,servo_2,A,1.544
1769885706.0014608,ADC1,0,servo_1,A,2.475
1769885706.0520127,THERM,0,motor_temp,C,69.155
1769885706.1026897,THERM,0,motor_temp,C,27.974
1769885706.1537282,ADC2,0,bus_voltage,V,11.366
1769885706.2042058,ADC2,0,bus_voltage,V,10.284
1769885706.254671,ADC1,1,servo_2,A,1.648
1769885706.3051531,THERM,0,motor_temp,C,66.664
1769885706.3559146,THERM,0,motor_temp,C,60.469
1769885706.4063275,ADC2,0,bus_voltage,V,12.325
1769885706.456832,ADC2,0,bus_voltage,V,12.104
1769885706.5077858,ADC1,0,servo_1,A,1.395
1769885706.558471,ADC2,0,bus_voltage,V,11.505
1769885706.609109,ADC1,0,servo_1,A,1.601
1769885706.6599138,THERM,0,motor_temp,C,39.282
1769885706.7102923,ADC1,1,servo_2,A,2.202
1769885706.7618663,ADC1,1,servo_2,A,1.172
1769885706.8125393,ADC2,0,bus_voltage,V,11.224
1769885706.8632717,ADC1,0,servo_1,A,1.152
1769885706.9137726,ADC1,0,servo_1,A,1.48
1769885706.9645758,THERM,0,motor_temp,C,48.031
1769885707.0152502,ADC1,0,servo_1,A,1.442
1769885707.0661006,THERM,0,motor_temp,C,54.339
1769885707.1166148,ADC1,0,servo_1,A,0.886
1769885707.167187,ADC1,1,servo_2,A,1.472
1769885707.217599,THERM,0,motor_temp,C,42.503
1769885707.2683978,ADC1,1,servo_2,A,0.471
1769885707.3187191,ADC1,1,servo_2,A,2.375
1769885707.36912,ADC1,0,servo_1,A,2.326
1769885707.4196608,THERM,0,motor_temp,C,67.011
1769885707.4701796,ADC1,1,servo_2,A,2.223
1769885707.521169,ADC1,0,servo_1,A,2.157
1769885707.5716562,THERM,0,motor_temp,C,53.297
1769885707.6224499,THERM,0,motor_temp,C,29.245
1769885707.6731796,ADC1,0,servo_1,A,2.318
1769885707.7237487,THERM,0,motor_temp,C,37.076
1769885707.7741609,ADC2,0,bus_voltage,V,10.697
1769885707.824968,ADC1,1,servo_2,A,2.229
1769885707.8755744,ADC1,0,servo_1,A,0.628
1769885707.9259734,ADC1,1,servo_2,A,2.484
1769885707.9764974,ADC2,0,bus_voltage,V,12.019
1769885708.027222,ADC1,1,servo_2,A,1.033
1769885708.07802,ADC1,1,servo_2,A,0.753
1769885708.1289718,ADC1,0,servo_1,A,0.605
1769885708.1798518,THERM,0,motor_temp,C,63.617
1769885708.2303002,ADC1,1,servo_2,A,2.145
1769885708.2807584,ADC2,0,bus_voltage,V,10.169
1769885708.331249,ADC1,0,servo_1,A,1.794
1769885708.3822474,ADC2,0,bus_voltage,V,12.284
1769885708.4328375,ADC1,1,servo_2,A,2.492
1769885708.4834619,THERM,0,motor_temp,C,38.136
1769885708.5341854,THERM,0,motor_temp,C,67.659
1769885708.5845006,ADC2,0,bus_voltage,V,10.785
1769885708.6355126,THERM,0,motor_temp,C,41.186
1769885708.6861656,ADC2,0,bus_voltage,V,12.584
1769885708.7369256,ADC1,1,servo_2,A,2.466
1769885708.7937942,ADC1,0,servo_1,A,0.99
1769885708.8550222,ADC2,0,bus_voltage,V,10.456
1769885708.9060168,ADC1,1,servo_2,A,1.172
1769885708.95939,ADC2,0,bus_voltage,V,10.981
1769885709.0104742,ADC1,0,servo_1,A,0.736
1769885709.0616052,THERM,0,motor_temp,C,59.51
1769885709.114468,THERM,0,motor_temp,C,49.335
1769885709.1685336,THERM,0,motor_temp,C,25.896
1769885709.2194726,ADC1,0,servo_1,A,1.084
1769885709.2700994,THERM,0,motor_temp,C,42.791
1769885709.3205504,ADC1,1,servo_2,A,1.609
1769885709.3711636,THERM,0,motor_temp,C,63.532
1769885709.4220002,THERM,0,motor_temp,C,27.565
1769885709.472818,ADC2,0,bus_voltage,V,12.416
1769885709.5234456,THERM,0,motor_temp,C,35.537
1769885709.5744915,ADC1,0,servo_1,A,2.09
1769885709.625195,THERM,0,motor_temp,C,50.218
1769885709.6779792,ADC1,1,servo_2,A,0.475
1769885709.7360606,ADC1,0,servo_1,A,2.155
1769885709.796691,ADC1,1,servo_2,A,1.31
1769885709.8470662,ADC2,0,bus_voltage,V,10.565
1769885709.8977075,THERM,0,motor_temp,C,52.394
1769885709.9480593,ADC2,0,bus_voltage,V,10.893
1769885710.0009506,ADC1,0,servo_1,A,1.126
1769885710.0725503,ADC1,0,servo_1,A,1.519
1769885710.1271868,ADC1,0,servo_1,A,1.508
1769885710.177966,THERM,0,motor_temp,C,62.917
1769885710.228567,ADC2,0,bus_voltage,V,10.122
1769885710.2792401,ADC1,0,servo_1,A,2.073
1769885710.3300726,ADC1,0,servo_1,A,1.776
1769885710.3806796,THERM,0,motor_temp,C,62.181
1769885710.4313548,THERM,0,motor_temp,C,42.018
1769885710.4818084,ADC1,1,servo_2,A,1.543
1769885710.5325568,ADC1,1,servo_2,A,1.567
1769885710.5832906,ADC1,1,servo_2,A,2.34
1769885710.6366868,ADC1,0,servo_1,A,0.508
1769885710.6888182,THERM,0,motor_temp,C,40.067
1769885710.7393205,THERM,0,motor_temp,C,44.343
1769885710.7900443,ADC1,1,servo_2,A,0.91
1769885710.8414717,THERM,0,motor_temp,C,51.128
1769885710.8920515,ADC2,0,bus_voltage,V,11.644
1769885710.9427335,THERM,0,motor_temp,C,46.577
1769885710.993771,ADC1,0,servo_1,A,2.38
1769885711.044519,ADC1,1,servo_2,A,0.533
1769885711.0950649,ADC2,0,bus_voltage,V,10.438
1769885711.1458616,THERM,0,motor_temp,C,34.74
1769885711.1962638,ADC1,1,servo_2,A,1.848
1769885711.2471817,ADC1,0,servo_1,A,0.725
1769885711.2979693,ADC1,0,servo_1,A,0.699
1769885711.3489544,ADC1,1,servo_2,A,1.675
1769885711.3997211,ADC1,1,servo_2,A,2.003
1769885711.4504652,ADC1,1,servo_2,A,1.633
1769885711.5011017,ADC2,0,bus_voltage,V,12.405
1769885711.563393,ADC1,1,servo_2,A,1.363
1769885711.614439,THERM,0,motor_temp,C,30.152
1769885711.6654098,THERM,0,motor_temp,C,65.866
1769885711.717522,ADC1,1,servo_2,A,2.101
1769885711.7684462,ADC1,1,servo_2,A,1.175
1769885711.8191779,ADC1,1,servo_2,A,1.139
1769885711.871684,ADC1,1,servo_2,A,1.925
1769885711.9223065,ADC1,1,servo_2,A,1.853
1769885711.9728782,ADC2,0,bus_voltage,V,12.527
1769885712.0237458,ADC1,1,servo_2,A,1.42
1769885712.074817,THERM,0,motor_temp,C,62.728
1769885712.1259286,ADC1,0,servo_1,A,1.402
1769885712.1764095,ADC1,0,servo_1,A,0.211
1769885712.2273922,ADC1,1,servo_2,A,0.407
1769885712.278129,ADC2,0,bus_voltage,V,12.237
1769885712.3286645,THERM,0,motor_temp,C,31.066
1769885712.3812606,ADC2,0,bus_voltage,V,10.348
1769885712.4325619,ADC2,0,bus_voltage,V,12.479
1769885712.4860752,ADC1,0,servo_1,A,0.529
1769885712.5368116,ADC2,0,bus_voltage,V,11.344
1769885712.5876417,ADC1,1,servo_2,A,0.203
1769885712.6380186,THERM,0,motor_temp,C,29.663
1769885712.6889613,THERM,0,motor_temp,C,61.111
1769885712.7398384,THERM,0,motor_temp,C,42.863
1769885712.7907062,ADC2,0,bus_voltage,V,12.419
1769885712.8441813,ADC1,0,servo_1,A,2.132
1769885712.895357,ADC1,0,servo_1,A,0.618
1769885712.9467719,ADC1,1,servo_2,A,1.907
1769885712.9996834,THERM,0,motor_temp,C,53.445
1769885713.0506024,ADC1,0,servo_1,A,2.285
1769885713.1012447,ADC2,0,bus_voltage,V,11.649
1769885713.152003,THERM,0,motor_temp,C,65.912
1769885713.2029018,ADC1,1,servo_2,A,0.206
1769885713.2539837,ADC1,1,servo_2,A,1.637
1769885713.3054187,THERM,0,motor_temp,C,64.047
1769885713.3559332,ADC1,0,servo_1,A,0.838
1769885713.4069517,ADC1,1,servo_2,A,0.74
1769885713.4579005,THERM,0,motor_temp,C,51.795
1769885713.5088358,ADC1,1,servo_2,A,0.835
1769885713.559422,THERM,0,motor_temp,C,59.7
1769885713.6126235,ADC1,0,servo_1,A,2.058
1769885713.6770642,ADC2,0,bus_voltage,V,11.621
1769885713.7289932,THERM,0,motor_temp,C,29.878
1769885713.7801266,THERM,0,motor_temp,C,48.832
1769885713.8314788,ADC1,0,servo_1,A,2.391
1769885713.8870425,THERM,0,motor_temp,C,54.917
1769885713.9379313,THERM,0,motor_temp,C,66.148
1769885713.9886103,ADC1,1,servo_2,A,1.919
1769885714.0393238,ADC2,0,bus_voltage,V,10.652
1769885714.0898275,THERM,0,motor_temp,C,65.941
1769885714.1404428,ADC1,0,servo_1,A,1.754
1769885714.1912155,ADC1,1,servo_2,A,2.173
1769885714.2461736,ADC1,0,servo_1,A,2.144
1769885714.3006132,ADC1,0,servo_1,A,1.985
1769885714.3521552,THERM,0,motor_temp,C,48.732
1769885714.4029245,ADC1,0,servo_1,A,2.021
1769885714.4536133,THERM,0,motor_temp,C,47.575
1769885714.505679,ADC1,1,servo_2,A,0.697
1769885714.5572143,ADC1,0,servo_1,A,1.491
1769885714.6126354,ADC1,1,servo_2,A,0.731
1769885714.6644144,ADC2,0,bus_voltage,V,11.332
1769885714.7149312,ADC1,1,servo_2,A,1.092
1769885714.7668219,ADC1,1,servo_2,A,0.389
1769885714.8174865,THERM,0,motor_temp,C,42.012
1769885714.8678591,ADC1,1,servo_2,A,0.826
1769885714.9297867,THERM,0,motor_temp,C,26.599
1769885714.9809737,THERM,0,motor_temp,C,64.989
1769885715.0317917,ADC1,1,servo_2,A,0.947
1769885715.0828393,THERM,0,motor_temp,C,62.198
1769885715.133237,ADC2,0,bus_voltage,V,12.065
1769885715.1840668,ADC1,0,servo_1,A,0.695
1769885715.2365618,ADC1,0,servo_1,A,1.7
1769885715.287478,ADC1,0,servo_1,A,2.022
1769885715.3385293,THERM,0,motor_temp,C,45.611
1769885715.3894393,THERM,0,motor_temp,C,53.709
1769885715.4403663,ADC2,0,bus_voltage,V,12.551
1769885715.4910905,ADC1,1,servo_2,A,0.918
1769885715.5550988,ADC2,0,bus_voltage,V,11.91
1769885715.6061037,ADC1,1,servo_2,A,1.642
1769885715.657116,THERM,0,motor_temp,C,36.381
1769885715.7075803,ADC1,0,servo_1,A,0.803
1769885715.758582,THERM,0,motor_temp,C,39.903
1769885715.809723,THERM,0,motor_temp,C,33.133
1769885715.8604176,THERM,0,motor_temp,C,43.977
1769885715.9119256,ADC2,0,bus_voltage,V,10.024
1769885715.9632018,ADC1,0,servo_1,A,0.806
1769885716.0142953,ADC1,1,servo_2,A,1.912
1769885716.0652952,THERM,0,motor_temp,C,33.243
1769885716.1158116,ADC1,0,servo_1,A,1.365
1769885716.166761,ADC2,0,bus_voltage,V,11.816
1769885716.2175734,ADC2,0,bus_voltage,V,12.491
1769885716.2681706,ADC2,0,bus_voltage,V,12.381
1769885716.3190718,ADC1,1,servo_2,A,1.323
1769885716.3698807,ADC1,0,servo_1,A,1.154
1769885716.420674,ADC1,0,servo_1,A,2.046
1769885716.4712646,ADC2,0,bus_voltage,V,11.992
1769885716.5220726,ADC1,0,servo_1,A,1.89
1769885716.5728068,ADC1,1,servo_2,A,0.205
1769885716.6238177,THERM,0,motor_temp,C,33.128
1769885716.675726,ADC2,0,bus_voltage,V,11.774
1769885716.7265086,ADC1,0,servo_1,A,1.986
1769885716.7773764,ADC2,0,bus_voltage,V,11.255
1769885716.8281906,ADC1,0,servo_1,A,0.425
1769885716.879144,ADC2,0,bus_voltage,V,10.082
1769885716.930279,THERM,0,motor_temp,C,66.164
1769885716.9813468,ADC2,0,bus_voltage,V,11.857
1769885717.03235,ADC1,1,servo_2,A,2.413
1769885717.0832822,ADC2,0,bus_voltage,V,12.481
1769885717.1340446,ADC2,0,bus_voltage,V,11.483
1769885717.1844711,ADC2,0,bus_voltage,V,11.865
1769885717.2348862,ADC2,0,bus_voltage,V,10.603
1769885717.285904,ADC2,0,bus_voltage,V,12.529
1769885717.3370478,ADC1,1,servo_2,A,0.501
1769885717.3878064,ADC2,0,bus_voltage,V,10.117
1769885717.438731,ADC1,0,servo_1,A,1.664
1769885717.4894848,ADC1,1,servo_2,A,2.031
1769885717.539925,ADC1,0,servo_1,A,0.762
1769885717.5905504,ADC1,0,servo_1,A,2.017
1769885717.6487353,THERM,0,motor_temp,C,38.108
1769885717.699465,ADC2,0,bus_voltage,V,10.258
1769885717.749961,ADC1,1,servo_2,A,2.248
1769885717.8008332,THERM,0,motor_temp,C,69.091
1769885717.8528397,ADC1,0,servo_1,A,2.02
1769885717.9041142,ADC1,1,servo_2,A,0.368
1769885717.954656,ADC1,1,servo_2,A,2.142
1769885718.0058742,ADC1,0,servo_1,A,1.881
1769885718.056902,ADC1,0,servo_1,A,1.958
1769885718.111936,ADC1,1,servo_2,A,1.329
1769885718.1654015,ADC1,0,servo_1,A,1.602
1769885718.217544,ADC1,1,servo_2,A,1.008
1769885718.2698321,ADC2,0,bus_voltage,V,10.179
1769885718.3206341,ADC2,0,bus_voltage,V,10.333
1769885718.3714237,ADC1,1,servo_2,A,2.048
1769885718.4241128,THERM,0,motor_temp,C,54.024
1769885718.4752429,ADC1,1,servo_2,A,1.228
1769885718.5261576,ADC1,0,servo_1,A,0.529
1769885718.5774534,ADC1,0,servo_1,A,1.028
1769885718.628535,ADC2,0,bus_voltage,V,10.279
1769885718.6789477,ADC2,0,bus_voltage,V,11.558
1769885718.729606,THERM,0,motor_temp,C,65.703
1769885718.7805386,ADC1,0,servo_1,A,1.04
1769885718.831323,ADC2,0,bus_voltage,V,11.351
1769885718.8818378,ADC2,0,bus_voltage,V,10.48
1769885718.9325035,THERM,0,motor_temp,C,50.382
1769885718.9830966,ADC1,1,servo_2,A,2.312
1769885719.033726,ADC2,0,bus_voltage,V,12.286
1769885719.0848725,THERM,0,motor_temp,C,42.247
1769885719.151995,ADC1,1,servo_2,A,1.19
1769885719.2029397,ADC2,0,bus_voltage,V,11.853
1769885719.254054,THERM,0,motor_temp,C,51.829
1769885719.3053071,ADC2,0,bus_voltage,V,12.248
1769885719.3557155,ADC1,0,servo_1,A,0.987
1769885719.4062912,THERM,0,motor_temp,C,44.615
1769885719.4570951,THERM,0,motor_temp,C,45.005
1769885719.508543,ADC1,0,servo_1,A,1.706
1769885719.5608814,ADC1,0,servo_1,A,0.222
1769885719.61185,THERM,0,motor_temp,C,43.559
1769885719.6624846,ADC1,0,servo_1,A,1.233
1769885719.7149458,ADC2,0,bus_voltage,V,10.951
1769885719.7657132,ADC1,1,servo_2,A,0.711
1769885719.8166416,ADC1,1,servo_2,A,2.137
1769885719.8672833,THERM,0,motor_temp,C,42.371
1769885719.9198506,THERM,0,motor_temp,C,59.961
1769885719.9710264,ADC1,1,servo_2,A,2.472
1769885720.0233269,ADC2,0,bus_voltage,V,11.119
1769885720.07671,THERM,0,motor_temp,C,35.669
1769885720.1284595,ADC1,0,servo_1,A,1.645
1769885720.2117348,ADC1,0,servo_1,A,1.41
1769885720.2630174,ADC2,0,bus_voltage,V,10.247
1769885720.3136368,THERM,0,motor_temp,C,39.181
1769885720.36537,ADC2,0,bus_voltage,V,10.032
1769885720.4157941,ADC1,1,servo_2,A,1.751
1769885720.466197,THERM,0,motor_temp,C,30.789
1769885720.517094,ADC1,0,servo_1,A,0.378
1769885720.5679774,ADC2,0,bus_voltage,V,11.752
1769885720.6194077,ADC1,0,servo_1,A,1.053
1769885720.67914,ADC1,0,servo_1,A,0.465
1769885720.7318141,ADC1,1,servo_2,A,2.475
1769885720.784897,THERM,0,motor_temp,C,66.947
1769885720.8355522,ADC1,1,servo_2,A,2.051
1769885720.8861854,THERM,0,motor_temp,C,51.548
1769885720.9409297,ADC2,0,bus_voltage,V,10.993
1769885720.9920268,ADC2,0,bus_voltage,V,12.583
1769885721.0424726,THERM,0,motor_temp,C,55.999
1769885721.0930612,ADC2,0,bus_voltage,V,11.712
1769885721.1440735,ADC1,1,servo_2,A,1.988
1769885721.1948798,THERM,0,motor_temp,C,61.485
1769885721.245266,ADC2,0,bus_voltage,V,10.11
1769885721.2964642,ADC1,0,servo_1,A,0.382
1769885721.3471906,ADC1,1,servo_2,A,0.703
1769885721.3986335,ADC1,1,servo_2,A,0.327
1769885721.449218,THERM,0,motor_temp,C,52.721
1769885721.5002432,THERM,0,motor_temp,C,67.842
1769885721.5512173,ADC1,1,servo_2,A,0.564
1769885721.6021109,ADC1,1,servo_2,A,0.5
1769885721.6544428,ADC2,0,bus_voltage,V,11.478
1769885721.7055132,ADC1,0,servo_1,A,0.42
1769885721.7581978,ADC1,0,servo_1,A,1.43
1769885721.8092446,ADC1,0,servo_1,A,1.513
1769885721.8601768,THERM,0,motor_temp,C,51.071
1769885721.9111197,ADC1,1,servo_2,A,0.914
1769885721.9623203,ADC1,1,servo_2,A,1.534
1769885722.0150368,ADC1,1,servo_2,A,0.552
1769885722.066556,ADC2,0,bus_voltage,V,11.892
1769885722.1179357,ADC1,0,servo_1,A,0.228
1769885722.169843,ADC2,0,bus_voltage,V,10.68
1769885722.220403,ADC2,0,bus_voltage,V,12.529
1769885722.276595,ADC1,1,servo_2,A,0.256
1769885722.327392,ADC1,0,servo_1,A,1.021
1769885722.3784251,ADC2,0,bus_voltage,V,10.171
1769885722.453184,THERM,0,motor_temp,C,39.542
1769885722.507411,ADC1,1,servo_2,A,2.097
1769885722.5595977,ADC1,0,servo_1,A,2.445
1769885722.6104972,ADC1,0,servo_1,A,2.069
1769885722.661152,THERM,0,motor_temp,C,28.818
1769885722.71168,ADC1,1,servo_2,A,1.317
1769885722.7622664,ADC2,0,bus_voltage,V,11.825
1769885722.8141823,ADC1,0,servo_1,A,1.131
1769885722.8662124,ADC2,0,bus_voltage,V,11.841
1769885722.9172754,ADC1,1,servo_2,A,1.632
1769885722.9722018,ADC1,0,servo_1,A,1.454
1769885723.0242171,ADC1,0,servo_1,A,1.375
1769885723.0761094,ADC1,1,servo_2,A,1.127
1769885723.1275764,ADC2,0,bus_voltage,V,12.081
1769885723.1785433,THERM,0,motor_temp,C,48.366
1769885723.229712,ADC2,0,bus_voltage,V,12.447
1769885723.28077,ADC1,0,servo_1,A,0.441
1769885723.331258,THERM,0,motor_temp,C,52.759
1769885723.3820405,ADC2,0,bus_voltage,V,11.915
1769885723.433191,ADC1,1,servo_2,A,0.297
1769885723.4855192,ADC2,0,bus_voltage,V,11.921
1769885723.5404823,THERM,0,motor_temp,C,52.541
1769885723.5913136,THERM,0,motor_temp,C,55.767
1769885723.6420527,THERM,0,motor_temp,C,54.399
1769885723.692835,THERM,0,motor_temp,C,41.011
1769885723.743735,THERM,0,motor_temp,C,25.27
1769885723.79497,ADC2,0,bus_voltage,V,10.386
1769885723.8463032,ADC1,0,servo_1,A,0.921
1769885723.8969045,ADC2,0,bus_voltage,V,11.775
1769885723.9481966,ADC1,0,servo_1,A,1.409
1769885723.9997907,ADC1,0,servo_1,A,2.393
1769885724.0507593,ADC2,0,bus_voltage,V,12.531
1769885724.1015413,ADC1,1,servo_2,A,2.073
1769885724.1556764,ADC2,0,bus_voltage,V,10.368
1769885724.2068198,THERM,0,motor_temp,C,67.74
1769885724.2573028,THERM,0,motor_temp,C,33.996
1769885724.3080368,ADC1,1,servo_2,A,1.424
1769885724.3585112,ADC1,1,servo_2,A,0.95
1769885724.4091406,ADC1,1,servo_2,A,1.969
1769885724.459751,ADC2,0,bus_voltage,V,12.311
1769885724.5256753,ADC1,0,servo_1,A,1.579
1769885724.5784535,ADC1,1,servo_2,A,2.461
1769885724.6301916,THERM,0,motor_temp,C,31.859
1769885724.6811094,THERM,0,motor_temp,C,62.376
1769885724.7315881,THERM,0,motor_temp,C,56.113
1769885724.782566,ADC2,0,bus_voltage,V,12.375
1769885724.8335626,ADC1,1,servo_2,A,2.365
1769885724.8845186,ADC2,0,bus_voltage,V,12.345
1769885724.9350736,THERM,0,motor_temp,C,39.403
1769885724.9863183,ADC2,0,bus_voltage,V,12.13
1769885725.0371091,ADC2,0,bus_voltage,V,12.255
1769885725.0882828,THERM,0,motor_temp,C,64.557
1769885725.1391644,ADC1,0,servo_1,A,2.436
1769885725.1966782,THERM,0,motor_temp,C,51.328
1769885725.247481,ADC1,0,servo_1,A,1.071
1769885725.2981539,THERM,0,motor_temp,C,54.964
1769885725.3489907,ADC1,1,servo_2,A,1.665
1769885725.4000945,ADC2,0,bus_voltage,V,10.356
1769885725.4508772,ADC1,0,servo_1,A,0.711
1769885725.5016413,ADC1,0,servo_1,A,2.078
1769885725.5525882,ADC1,0,servo_1,A,1.442
1769885725.603845,ADC1,1,servo_2,A,1.016
1769885725.655104,ADC1,1,servo_2,A,1.232
1769885725.705875,THERM,0,motor_temp,C,25.687
1769885725.756989,ADC1,0,servo_1,A,1.94
1769885725.8081996,ADC1,0,servo_1,A,1.339
1769885725.8591611,ADC1,0,servo_1,A,0.282
1769885725.910003,ADC1,0,servo_1,A,2.103
1769885725.9607482,ADC1,0,servo_1,A,0.38
1769885726.0122955,ADC2,0,bus_voltage,V,10.244
1769885726.0633316,ADC2,0,bus_voltage,V,11.386
1769885726.11396,THERM,0,motor_temp,C,37.077
1769885726.1646035,ADC1,1,servo_2,A,2.46
1769885726.21514,ADC2,0,bus_voltage,V,12.535
1769885726.2658558,THERM,0,motor_temp,C,61.206
1769885726.3162298,ADC1,1,servo_2,A,1.097
1769885726.3669941,ADC1,0,servo_1,A,2.084
1769885726.4178274,ADC1,1,servo_2,A,1.354
1769885726.4687328,THERM,0,motor_temp,C,26.333
1769885726.5195518,ADC1,1,servo_2,A,1.508
1769885726.5701866,ADC2,0,bus_voltage,V,10.256
1769885726.6210382,ADC1,0,servo_1,A,1.792
1769885726.6722207,ADC2,0,bus_voltage,V,12.532
1769885726.7230947,ADC1,0,servo_1,A,0.64
1769885726.7737505,ADC1,0,servo_1,A,2.326
1769885726.8244886,ADC1,1,servo_2,A,0.789
1769885726.8749628,ADC2,0,bus_voltage,V,10.022
1769885726.9258223,ADC1,0,servo_1,A,0.952
1769885726.9768035,ADC1,0,servo_1,A,1.09
1769885727.0275178,THERM,0,motor_temp,C,33.509
1769885727.0784016,THERM,0,motor_temp,C,34.955
1769885727.1291625,ADC1,0,servo_1,A,1.203
1769885727.1808176,THERM,0,motor_temp,C,33.878
1769885727.2314565,ADC1,1,servo_2,A,0.873
1769885727.283519,THERM,0,motor_temp,C,32.137
1769885727.3418036,ADC1,1,servo_2,A,1.615
1769885727.3930228,ADC1,0,servo_1,A,0.524
1769885727.443472,ADC1,0,servo_1,A,1.994
1769885727.4943268,ADC1,0,servo_1,A,1.202
1769885727.5449321,ADC1,1,servo_2,A,0.255
1769885727.6018596,THERM,0,motor_temp,C,29.326
1769885727.6531072,ADC2,0,bus_voltage,V,12.456
1769885727.703577,ADC2,0,bus_voltage,V,10.486
1769885727.7548032,ADC2,0,bus_voltage,V,10.228
1769885727.8053787,ADC1,1,servo_2,A,1.1
1769885727.8564532,ADC2,0,bus_voltage,V,11.134
1769885727.9070027,ADC1,0,servo_1,A,1.157
1769885727.9583333,ADC1,1,servo_2,A,0.407
1769885728.0087078,ADC1,0,servo_1,A,0.587
1769885728.0595353,ADC1,0,servo_1,A,2.316
1769885728.1104703,ADC1,0,servo_1,A,2.096
1769885728.1618774,ADC2,0,bus_voltage,V,10.272
1769885728.2136226,ADC1,1,servo_2,A,0.737
1769885728.264927,ADC1,0,servo_1,A,1.232
1769885728.3166797,ADC2,0,bus_voltage,V,11.933
1769885728.367533,ADC2,0,bus_voltage,V,10.171
1769885728.4186332,THERM,0,motor_temp,C,67.204
1769885728.470876,THERM,0,motor_temp,C,49.922
1769885728.524394,THERM,0,motor_temp,C,66.737
1769885728.5764337,ADC2,0,bus_voltage,V,11.281
1769885728.628577,ADC2,0,bus_voltage,V,11.975
1769885728.679178,THERM,0,motor_temp,C,31.397
1769885728.7296581,ADC1,0,servo_1,A,1.887
1769885728.7805653,ADC1,1,servo_2,A,2.16
1769885728.8317552,ADC1,1,servo_2,A,1.832
1769885728.8828726,THERM,0,motor_temp,C,50.887
1769885728.9337015,ADC1,0,servo_1,A,2.462
1769885728.985993,THERM,0,motor_temp,C,50.514
1769885729.0406353,ADC2,0,bus_voltage,V,11.697
1769885729.094328,THERM,0,motor_temp,C,35.875
1769885729.1490574,THERM,0,motor_temp,C,45.656
1769885729.199952,ADC2,0,bus_voltage,V,11.39
1769885729.2504745,ADC2,0,bus_voltage,V,10.616
1769885729.301265,ADC1,1,servo_2,A,1.878
1769885729.3523018,THERM,0,motor_temp,C,45.109
1769885729.4031909,ADC1,0,servo_1,A,0.847
1769885729.4538789,ADC2,0,bus_voltage,V,10.362
1769885729.504522,ADC2,0,bus_voltage,V,11.673
1769885729.5553436,THERM,0,motor_temp,C,59.992
1769885729.6061628,ADC2,0,bus_voltage,V,12.562
1769885729.6576643,ADC1,1,servo_2,A,0.902
1769885729.7088308,ADC2,0,bus_voltage,V,10.324
1769885729.7599819,ADC2,0,bus_voltage,V,11.677
1769885729.8105783,THERM,0,motor_temp,C,60.082
1769885729.8610597,THERM,0,motor_temp,C,58.097
1769885729.9120276,ADC2,0,bus_voltage,V,11.782
1769885729.9628398,ADC1,0,servo_1,A,1.003
1769885730.0151513,ADC1,0,servo_1,A,2.127
1769885730.0663524,THERM,0,motor_temp,C,37.177
1769885730.1170475,ADC2,0,bus_voltage,V,11.694
1769885730.1684,THERM,0,motor_temp,C,51.233
1769885730.2194662,THERM,0,motor_temp,C,27.777
1769885730.2705715,ADC1,1,servo_2,A,2.145
1769885730.321683,ADC1,1,servo_2,A,1.985
1769885730.3820486,ADC1,1,servo_2,A,2.062
1769885730.4356,ADC1,1,servo_2,A,0.73
1769885730.4867382,ADC2,0,bus_voltage,V,11.722
1769885730.5374618,THERM,0,motor_temp,C,47.335
1769885730.587879,THERM,0,motor_temp,C,52.15
1769885730.641928,ADC1,1,servo_2,A,2.46
1769885730.6926446,THERM,0,motor_temp,C,37.103
1769885730.744864,THERM,0,motor_temp,C,52.695
1769885730.7959793,ADC1,0,servo_1,A,1.833
1769885730.8488011,ADC1,1,servo_2,A,0.69
1769885730.899832,ADC1,1,servo_2,A,0.624
1769885730.9627357,ADC1,1,servo_2,A,2.393
1769885731.0156188,ADC1,0,servo_1,A,1.312
1769885731.0668476,ADC1,1,servo_2,A,2.29
1769885731.1174364,ADC1,0,servo_1,A,1.096
1769885731.1684763,THERM,0,motor_temp,C,37.072
1769885731.2190847,ADC1,0,servo_1,A,2.078
1769885731.2789237,ADC2,0,bus_voltage,V,10.406
1769885731.3306787,ADC1,1,servo_2,A,2.172
1769885731.3845747,THERM,0,motor_temp,C,50.984
1769885731.4355373,ADC1,1,servo_2,A,0.55
1769885731.4863646,THERM,0,motor_temp,C,64.417
1769885731.5369577,THERM,0,motor_temp,C,41.677
1769885731.5876963,THERM,0,motor_temp,C,47.987
1769885731.6387296,ADC1,1,servo_2,A,0.88
1769885731.6898627,ADC1,1,servo_2,A,0.263
1769885731.7407515,ADC2,0,bus_voltage,V,12.294
1769885731.7916462,ADC1,0,servo_1,A,0.207
1769885731.842824,THERM,0,motor_temp,C,34.932
1769885731.893354,THERM,0,motor_temp,C,29.54
1769885731.9444249,ADC1,1,servo_2,A,1.411
1769885731.9954407,ADC1,0,servo_1,A,2.275
1769885732.0466368,THERM,0,motor_temp,C,59.677
1769885732.0973728,ADC1,0,servo_1,A,0.643
1769885732.1488066,ADC1,1,servo_2,A,2.055
1769885732.200073,ADC1,0,servo_1,A,1.842
1769885732.2528334,ADC1,1,servo_2,A,0.36
1769885732.3042548,THERM,0,motor_temp,C,59.075
1769885732.355952,ADC1,1,servo_2,A,0.552
1769885732.4074764,THERM,0,motor_temp,C,50.685
1769885732.458239,THERM,0,motor_temp,C,60.608
1769885732.5089755,THERM,0,motor_temp,C,45.366
1769885732.559827,ADC2,0,bus_voltage,V,12.423
1769885732.6104348,ADC1,0,servo_1,A,2.434
1769885732.6612158,ADC1,1,servo_2,A,2.21
1769885732.71249,ADC2,0,bus_voltage,V,10.588
1769885732.763204,ADC1,0,servo_1,A,1.531
1769885732.8140583,ADC2,0,bus_voltage,V,10.861
1769885732.8651276,THERM,0,motor_temp,C,29.36
1769885732.9156883,ADC1,1,servo_2,A,2.35
1769885732.9665105,ADC1,0,servo_1,A,0.686
1769885733.017378,THERM,0,motor_temp,C,39.913
1769885733.0681741,ADC1,1,servo_2,A,2.189
1769885733.119112,ADC2,0,bus_voltage,V,10.114
1769885733.1697147,ADC2,0,bus_voltage,V,10.899
1769885733.2211437,ADC2,0,bus_voltage,V,12.062
1769885733.2724578,THERM,0,motor_temp,C,25.955
1769885733.3244298,ADC1,1,servo_2,A,1.898
1769885733.3754492,THERM,0,motor_temp,C,32.929
1769885733.426613,ADC1,0,servo_1,A,0.282
1769885733.477334,ADC2,0,bus_voltage,V,11.035
1769885733.5282156,ADC1,1,servo_2,A,1.07
1769885733.5787454,ADC1,1,servo_2,A,0.833
1769885733.629544,ADC2,0,bus_voltage,V,12.065
1769885733.6818662,THERM,0,motor_temp,C,54.928
1769885733.7341044,THERM,0,motor_temp,C,64.659
1769885733.785371,ADC1,1,servo_2,A,1.636
1769885733.8504999,ADC2,0,bus_voltage,V,10.172
1769885733.9016762,THERM,0,motor_temp,C,43.081
1769885733.9527698,ADC1,1,servo_2,A,1.915
1769885734.0049741,ADC1,0,servo_1,A,2.14
1769885734.0555363,ADC1,0,servo_1,A,1.795
1769885734.1059356,ADC2,0,bus_voltage,V,10.329
1769885734.1566904,ADC1,0,servo_1,A,0.823
1769885734.2075994,ADC2,0,bus_voltage,V,12.396
1769885734.2583704,THERM,0,motor_temp,C,51.837
1769885734.3089433,ADC1,0,servo_1,A,0.922
1769885734.3596277,ADC1,0,servo_1,A,0.269
1769885734.410622,ADC1,0,servo_1,A,1.531
1769885734.4613812,ADC1,1,servo_2,A,1.818
1769885734.5118968,THERM,0,motor_temp,C,34.312
1769885734.5626135,ADC1,1,servo_2,A,2.159
1769885734.6132958,ADC1,0,servo_1,A,0.972
1769885734.6717372,ADC1,0,servo_1,A,0.25
1769885734.7226002,ADC1,0,servo_1,A,1.767
1769885734.7733626,THERM,0,motor_temp,C,36.072
1769885734.8244708,ADC2,0,bus_voltage,V,12.073
1769885734.875325,ADC1,1,servo_2,A,1.536
1769885734.9263806,ADC2,0,bus_voltage,V,11.191
1769885734.9773214,ADC1,1,servo_2,A,1.735
1769885735.0279238,ADC1,1,servo_2,A,0.637
1769885735.0789814,ADC2,0,bus_voltage,V,11.427
1769885735.1315203,ADC2,0,bus_voltage,V,12.51
1769885735.1825051,ADC1,1,servo_2,A,1.352
1769885735.2336051,ADC2,0,bus_voltage,V,10.42
1769885735.2843437,THERM,0,motor_temp,C,52.279
1769885735.3357732,ADC2,0,bus_voltage,V,11.979
1769885735.386307,ADC1,1,servo_2,A,1.686
1769885735.4370582,ADC1,1,servo_2,A,1.791
1769885735.487891,ADC2,0,bus_voltage,V,12.284
1769885735.539202,ADC1,0,servo_1,A,0.341
1769885735.5905116,THERM,0,motor_temp,C,57.694
1769885735.64156,THERM,0,motor_temp,C,52.164
1769885735.693858,THERM,0,motor_temp,C,40.738
1769885735.744586,ADC1,1,servo_2,A,0.26
1769885735.7970998,ADC2,0,bus_voltage,V,11.481
1769885735.8490295,ADC1,0,servo_1,A,0.733
1769885735.9002361,ADC1,1,servo_2,A,1.172
1769885735.9509363,ADC1,1,servo_2,A,2.256
1769885736.0018303,ADC1,0,servo_1,A,1.294
1769885736.0523696,ADC1,0,servo_1,A,1.173
1769885736.1045406,ADC1,0,servo_1,A,0.813
1769885736.1554255,ADC2,0,bus_voltage,V,11.422
1769885736.2061553,ADC1,1,servo_2,A,2.489
1769885736.256952,THERM,0,motor_temp,C,53.359
1769885736.3075743,ADC2,0,bus_voltage,V,11.525
1769885736.3581321,ADC2,0,bus_voltage,V,10.382
1769885736.4087665,ADC1,0,servo_1,A,1.361
1769885736.4595237,THERM,0,motor_temp,C,36.183
1769885736.509937,ADC1,1,servo_2,A,2.343
1769885736.5608158,ADC2,0,bus_voltage,V,10.248
1769885736.6113045,ADC2,0,bus_voltage,V,12.061
1769885736.6618967,ADC2,0,bus_voltage,V,11.661
1769885736.7124872,THERM,0,motor_temp,C,32.339
1769885736.7629342,ADC2,0,bus_voltage,V,10.758
1769885736.8134062,ADC1,0,servo_1,A,2.326
1769885736.8640802,ADC1,0,servo_1,A,1.59
1769885736.9146714,ADC1,0,servo_1,A,2.475
1769885736.9654784,ADC1,0,servo_1,A,1.887
1769885737.015843,ADC2,0,bus_voltage,V,10.337
1769885737.0666835,ADC2,0,bus_voltage,V,11.068
1769885737.1173217,ADC1,1,servo_2,A,0.795
1769885737.1679451,ADC1,1,servo_2,A,0.218
1769885737.218566,THERM,0,motor_temp,C,44.958
1769885737.268961,THERM,0,motor_temp,C,53.251
1769885737.319668,ADC2,0,bus_voltage,V,10.196
1769885737.3704174,ADC1,0,servo_1,A,0.311
1769885737.4211571,ADC1,0,servo_1,A,2.177
1769885737.471857,THERM,0,motor_temp,C,66.424
1769885737.5224664,ADC1,1,servo_2,A,0.481
1769885737.5732012,ADC1,1,servo_2,A,0.325
1769885737.623921,ADC1,0,servo_1,A,0.446
1769885737.674586,ADC1,1,servo_2,A,0.823
1769885737.7259903,ADC1,1,servo_2,A,2.196
1769885737.777126,ADC1,0,servo_1,A,1.662
1769885737.8279982,THERM,0,motor_temp,C,41.878
1769885737.8789499,ADC1,1,servo_2,A,2.02
1769885737.9295387,ADC2,0,bus_voltage,V,10.656
1769885737.980321,ADC1,1,servo_2,A,1.387
1769885738.030914,THERM,0,motor_temp,C,67.222
1769885738.0819082,ADC2,0,bus_voltage,V,11.922
1769885738.132899,ADC1,0,servo_1,A,0.653
1769885738.183578,ADC1,0,servo_1,A,0.406
1769885738.234439,ADC1,1,servo_2,A,1.159
1769885738.2851834,ADC2,0,bus_voltage,V,10.028
1769885738.3357244,THERM,0,motor_temp,C,67.264
1769885738.3865025,THERM,0,motor_temp,C,50.958
1769885738.4369228,ADC2,0,bus_voltage,V,11.96
1769885738.4878962,THERM,0,motor_temp,C,64.852
1769885738.5404875,ADC2,0,bus_voltage,V,10.986
1769885738.5912216,ADC1,1,servo_2,A,2.253
1769885738.646197,ADC2,0,bus_voltage,V,12.458
1769885738.6968207,ADC2,0,bus_voltage,V,12.243
1769885738.7473965,ADC1,1,servo_2,A,2.042
1769885738.8023937,ADC1,0,servo_1,A,2.069
1769885738.853159,ADC2,0,bus_voltage,V,10.222
1769885738.90357,ADC2,0,bus_voltage,V,10.289
1769885738.9545712,ADC2,0,bus_voltage,V,12.241
1769885739.005311,THERM,0,motor_temp,C,29.534
1769885739.0558953,ADC2,0,bus_voltage,V,11.274
1769885739.1081333,ADC1,1,servo_2,A,0.942
1769885739.159327,ADC1,0,servo_1,A,2.336
1769885739.2099411,ADC1,1,servo_2,A,1.387
1769885739.2612786,THERM,0,motor_temp,C,46.053
1769885739.3121781,ADC1,1,servo_2,A,1.685
1769885739.3630283,ADC1,0,servo_1,A,1.322
1769885739.4286044,ADC1,0,servo_1,A,0.382
1769885739.479352,ADC1,0,servo_1,A,0.696
1769885739.5304036,ADC1,1,servo_2,A,2.078
1769885739.5812612,ADC1,0,servo_1,A,1.505
1769885739.6325154,ADC1,1,servo_2,A,2.119
1769885739.6835928,THERM,0,motor_temp,C,48.862
1769885739.7345166,THERM,0,motor_temp,C,62.616
1769885739.785593,ADC1,1,servo_2,A,1.34
1769885739.8378026,THERM,0,motor_temp,C,69.705
1769885739.888269,ADC1,0,servo_1,A,0.269
1769885739.9387045,ADC2,0,bus_voltage,V,12.042
1769885739.989871,ADC1,0,servo_1,A,1.258
1769885740.0406723,ADC2,0,bus_voltage,V,10.43
1769885740.0917683,THERM,0,motor_temp,C,31.211
1769885740.1428213,THERM,0,motor_temp,C,52.822
1769885740.1932826,ADC2,0,bus_voltage,V,12.257
1769885740.243972,THERM,0,motor_temp,C,65.706
1769885740.2959902,ADC1,0,servo_1,A,0.232
1769885740.3480446,ADC1,0,servo_1,A,2.343
1769885740.408627,THERM,0,motor_temp,C,52.502
1769885740.461739,ADC1,0,servo_1,A,1.677
1769885740.5124683,ADC1,1,servo_2,A,1.302
1769885740.562889,ADC1,1,servo_2,A,2.063
1769885740.6149373,ADC2,0,bus_voltage,V,11.185
1769885740.6663945,THERM,0,motor_temp,C,27.46
1769885740.7182705,ADC1,0,servo_1,A,2.319
1769885740.7698686,ADC2,0,bus_voltage,V,12.24
1769885740.8222117,THERM,0,motor_temp,C,51.18
1769885740.873104,ADC2,0,bus_voltage,V,12.49
1769885740.924197,ADC2,0,bus_voltage,V,12.51
1769885740.9758313,ADC1,0,servo_1,A,0.928
1769885741.0273292,THERM,0,motor_temp,C,28.908
1769885741.0785418,THERM,0,motor_temp,C,26.269
1769885741.1291392,ADC1,0,servo_1,A,1.525
1769885741.1800888,ADC2,0,bus_voltage,V,10.659
1769885741.230622,ADC2,0,bus_voltage,V,10.129
1769885741.28121,THERM,0,motor_temp,C,35.666
1769885741.3318648,ADC1,1,servo_2,A,0.494
1769885741.3823519,THERM,0,motor_temp,C,39.22
1769885741.4334044,THERM,0,motor_temp,C,29.92
1769885741.485676,ADC1,0,servo_1,A,1.505
1769885741.5364404,THERM,0,motor_temp,C,67.525
1769885741.587761,ADC1,1,servo_2,A,0.693
1769885741.6386151,ADC2,0,bus_voltage,V,10.908
1769885741.6894102,ADC2,0,bus_voltage,V,10.027
1769885741.7403889,THERM,0,motor_temp,C,57.842
1769885741.7913513,THERM,0,motor_temp,C,29.731
1769885741.8429644,THERM,0,motor_temp,C,51.553
1769885741.8938894,THERM,0,motor_temp,C,46.791
1769885741.9447625,ADC2,0,bus_voltage,V,11.965
1769885741.9954314,ADC2,0,bus_voltage,V,11.882
1769885742.0463486,ADC1,0,servo_1,A,1.431
1769885742.0970662,THERM,0,motor_temp,C,35.915
1769885742.147462,ADC1,1,servo_2,A,2.009
1769885742.1980007,THERM,0,motor_temp,C,28.229
1769885742.248952,ADC1,0,servo_1,A,0.386
1769885742.2995813,ADC1,0,servo_1,A,0.988
1769885742.3503673,THERM,0,motor_temp,C,38.927
1769885742.4011579,ADC1,0,servo_1,A,1.75
1769885742.4518685,ADC1,1,servo_2,A,2.106
1769885742.5028687,ADC1,1,servo_2,A,2.042
1769885742.553914,ADC2,0,bus_voltage,V,11.366
1769885742.6045592,ADC2,0,bus_voltage,V,10.776
1769885742.6553373,ADC1,1,servo_2,A,0.219
1769885742.705718,ADC1,1,servo_2,A,0.57
1769885742.7560954,ADC1,0,servo_1,A,0.563
1769885742.806661,ADC2,0,bus_voltage,V,11.031
1769885742.8570707,ADC2,0,bus_voltage,V,11.476
1769885742.9076915,ADC1,0,servo_1,A,0.859
1769885742.9595554,ADC1,1,servo_2,A,1.804
1769885743.0110245,ADC1,0,servo_1,A,1.18
1769885743.062324,THERM,0,motor_temp,C,26.026
1769885743.11351,ADC2,0,bus_voltage,V,11.604
1769885743.165291,ADC1,1,servo_2,A,1.835
1769885743.2162983,THERM,0,motor_temp,C,30.339
1769885743.2667248,ADC1,1,servo_2,A,0.226
1769885743.3187666,ADC1,1,servo_2,A,0.71
1769885743.3697686,THERM,0,motor_temp,C,41.363
1769885743.4206576,ADC1,1,servo_2,A,1.476
1769885743.4717176,ADC2,0,bus_voltage,V,11.991
1769885743.5228007,THERM,0,motor_temp,C,48.187
1769885743.573792,ADC2,0,bus_voltage,V,10.921
1769885743.6241646,ADC1,0,servo_1,A,1.186
1769885743.676961,ADC2,0,bus_voltage,V,10.12
1769885743.7279944,ADC1,0,servo_1,A,1.593
1769885743.7789657,THERM,0,motor_temp,C,29.716
1769885743.829777,ADC2,0,bus_voltage,V,11.696
1769885743.8806424,ADC1,0,servo_1,A,0.252
1769885743.9316156,ADC1,0,servo_1,A,1.078
1769885743.9823506,ADC1,0,servo_1,A,2.319
1769885744.0332584,THERM,0,motor_temp,C,62.633
1769885744.0842576,THERM,0,motor_temp,C,63.36
1769885744.1368508,ADC2,0,bus_voltage,V,11.001
1769885744.188392,ADC1,0,servo_1,A,1.83
1769885744.2552521,ADC2,0,bus_voltage,V,10.582
1769885744.3059456,ADC2,0,bus_voltage,V,12.215
1769885744.361805,ADC1,1,servo_2,A,1.028
1769885744.4136393,ADC1,1,servo_2,A,0.815
1769885744.4644735,ADC1,1,servo_2,A,0.693
1769885744.5151532,ADC1,0,servo_1,A,1.725
1769885744.566328,ADC1,0,servo_1,A,0.408
1769885744.6202264,ADC1,1,servo_2,A,1.076
1769885744.6724634,THERM,0,motor_temp,C,46.481
1769885744.7236362,ADC1,1,servo_2,A,1.12
1769885744.775109,ADC2,0,bus_voltage,V,11.813
1769885744.8260982,ADC1,1,servo_2,A,0.316
1769885744.87748,THERM,0,motor_temp,C,67.925
1769885744.928016,THERM,0,motor_temp,C,51.592
1769885744.980427,ADC1,1,servo_2,A,2.409
1769885745.031319,ADC2,0,bus_voltage,V,11.455
1769885745.0817852,ADC2,0,bus_voltage,V,11.229
1769885745.1323538,ADC1,0,servo_1,A,1.629
1769885745.1830845,ADC2,0,bus_voltage,V,11.943
1769885745.2341278,THERM,0,motor_temp,C,34.621
1769885745.2847667,ADC2,0,bus_voltage,V,12.0
1769885745.3357599,ADC2,0,bus_voltage,V,10.95
1769885745.3863437,THERM,0,motor_temp,C,69.474
1769885745.4375553,ADC2,0,bus_voltage,V,10.981
1769885745.4879782,THERM,0,motor_temp,C,35.136
1769885745.5386055,ADC1,0,servo_1,A,0.463
1769885745.5892448,ADC1,1,servo_2,A,1.338
1769885745.640835,ADC1,0,servo_1,A,0.566
1769885745.6913693,ADC2,0,bus_voltage,V,11.252
1769885745.7423775,THERM,0,motor_temp,C,51.514
1769885745.7943456,ADC1,1,servo_2,A,1.374
1769885745.8451188,THERM,0,motor_temp,C,51.202
1769885745.8962932,THERM,0,motor_temp,C,26.975
1769885745.9471698,ADC1,1,servo_2,A,0.424
1769885745.9980078,ADC2,0,bus_voltage,V,12.482
1769885746.048632,ADC1,1,servo_2,A,0.708
1769885746.0994759,ADC1,0,servo_1,A,0.637
1769885746.1502535,ADC1,1,servo_2,A,0.367
1769885746.2007232,ADC1,0,servo_1,A,1.267
1769885746.2518518,ADC1,0,servo_1,A,1.354
1769885746.305647,THERM,0,motor_temp,C,30.132
1769885746.3565278,ADC1,0,servo_1,A,0.507
1769885746.407447,THERM,0,motor_temp,C,41.858
1769885746.457987,ADC1,1,servo_2,A,2.388
1769885746.509009,ADC1,1,servo_2,A,2.193
1769885746.559846,THERM,0,motor_temp,C,68.197
1769885746.6103122,ADC1,0,servo_1,A,1.903
1769885746.6611316,ADC1,0,servo_1,A,1.242
1769885746.7115805,THERM,0,motor_temp,C,62.518
1769885746.7625566,ADC1,0,servo_1,A,1.33
1769885746.8146498,THERM,0,motor_temp,C,64.909
1769885746.8656526,ADC1,1,servo_2,A,0.525
1769885746.916499,ADC2,0,bus_voltage,V,12.234
1769885746.9671981,ADC1,0,servo_1,A,0.521
1769885747.0176091,ADC2,0,bus_voltage,V,12.164
1769885747.068347,THERM,0,motor_temp,C,27.544
1769885747.118956,THERM,0,motor_temp,C,35.473
1769885747.1698508,ADC1,1,servo_2,A,1.594
1769885747.220656,ADC1,0,servo_1,A,1.926
1769885747.2711155,ADC1,0,servo_1,A,1.309
1769885747.3218865,ADC2,0,bus_voltage,V,11.039
1769885747.3725946,THERM,0,motor_temp,C,55.142
1769885747.4233644,ADC2,0,bus_voltage,V,11.215
1769885747.474152,ADC1,1,servo_2,A,0.634
1769885747.5247805,ADC1,1,servo_2,A,0.55
1769885747.5751562,ADC1,1,servo_2,A,1.224
1769885747.625895,ADC1,0,servo_1,A,2.375
1769885747.6781638,ADC2,0,bus_voltage,V,10.127
1769885747.72938,ADC2,0,bus_voltage,V,11.372
1769885747.7801619,ADC1,1,servo_2,A,0.341
1769885747.8311787,THERM,0,motor_temp,C,57.173
1769885747.8818333,THERM,0,motor_temp,C,34.222
1769885747.9330118,THERM,0,motor_temp,C,69.049
1769885747.984122,ADC1,1,servo_2,A,2.326
1769885748.034954,ADC2,0,bus_voltage,V,11.148
1769885748.0856762,ADC1,0,servo_1,A,2.062
1769885748.1363416,ADC2,0,bus_voltage,V,10.439
1769885748.1870482,ADC1,0,servo_1,A,1.115
1769885748.2376678,ADC1,0,servo_1,A,2.121
1769885748.2896507,ADC2,0,bus_voltage,V,10.829
1769885748.3404295,ADC1,0,servo_1,A,0.664
1769885748.391546,ADC1,0,servo_1,A,0.887
1769885748.4423168,ADC1,0,servo_1,A,1.848
1769885748.4992228,THERM,0,motor_temp,C,34.371
1769885748.5509074,ADC2,0,bus_voltage,V,11.844
1769885748.6018283,ADC2,0,bus_voltage,V,10.843
1769885748.654062,ADC1,1,servo_2,A,2.064
1769885748.7050734,THERM,0,motor_temp,C,38.547
1769885748.7559495,ADC2,0,bus_voltage,V,10.157
1769885748.8065543,ADC2,0,bus_voltage,V,10.903
1769885748.8570576,ADC1,0,servo_1,A,0.467
1769885748.9079812,ADC1,0,servo_1,A,0.382
1769885748.9601998,ADC1,0,servo_1,A,2.022
1769885749.011726,ADC2,0,bus_voltage,V,12.2
1769885749.0625997,ADC1,1,servo_2,A,0.203
1769885749.1133838,ADC1,0,servo_1,A,0.336
1769885749.1644278,ADC1,0,servo_1,A,2.434
1769885749.214872,ADC1,1,servo_2,A,0.868
1769885749.2656782,ADC1,1,servo_2,A,1.127
1769885749.3170905,ADC1,1,servo_2,A,0.651
1769885749.367647,ADC1,1,servo_2,A,2.211
1769885749.4201608,ADC1,0,servo_1,A,1.486
1769885749.4709015,ADC2,0,bus_voltage,V,10.904
1769885749.521621,ADC2,0,bus_voltage,V,12.268
1769885749.572475,ADC1,0,servo_1,A,2.099
1769885749.6234043,ADC2,0,bus_voltage,V,10.475
1769885749.6740334,ADC1,0,servo_1,A,1.032
1769885749.7245226,ADC2,0,bus_voltage,V,10.874
1769885749.7753685,ADC1,0,servo_1,A,1.788
1769885749.8534431,ADC2,0,bus_voltage,V,11.748
1769885749.9047773,ADC1,1,servo_2,A,1.431
1769885749.9555454,ADC1,0,servo_1,A,2.036
1769885750.0058553,ADC2,0,bus_voltage,V,11.513
1769885750.0572963,ADC1,0,servo_1,A,1.982
1769885750.108139,ADC2,0,bus_voltage,V,11.87
1769885750.1586573,ADC2,0,bus_voltage,V,11.461
1769885750.2094235,THERM,0,motor_temp,C,25.289
1769885750.261873,ADC2,0,bus_voltage,V,12.25
1769885750.3129122,ADC1,1,servo_2,A,1.083
1769885750.3707912,ADC1,1,servo_2,A,0.736
1769885750.4218898,THERM,0,motor_temp,C,34.466
1769885750.4745178,ADC1,1,servo_2,A,0.549
1769885750.5258393,ADC1,1,servo_2,A,1.193
1769885750.5768292,THERM,0,motor_temp,C,31.908
1769885750.6273692,ADC1,1,servo_2,A,1.394
1769885750.678292,THERM,0,motor_temp,C,59.632
1769885750.728922,THERM,0,motor_temp,C,64.229
1769885750.7794213,ADC1,0,servo_1,A,0.507
1769885750.83351,THERM,0,motor_temp,C,50.23
1769885750.8860865,ADC1,1,servo_2,A,0.809
1769885750.937204,THERM,0,motor_temp,C,58.242
1769885750.989933,ADC1,0,servo_1,A,0.566
1769885751.0410526,ADC1,1,servo_2,A,1.403
1769885751.0917804,ADC2,0,bus_voltage,V,11.653
1769885751.1490269,ADC1,0,servo_1,A,0.654
1769885751.2018907,ADC1,0,servo_1,A,1.614
1769885751.2533371,ADC2,0,bus_voltage,V,12.433
1769885751.3069572,THERM,0,motor_temp,C,63.461
1769885751.3601954,THERM,0,motor_temp,C,28.308
1769885751.410895,ADC1,1,servo_2,A,0.706
1769885751.4622216,THERM,0,motor_temp,C,65.293
1769885751.512896,ADC1,1,servo_2,A,0.892
1769885751.5636256,ADC2,0,bus_voltage,V,12.152
1769885751.6145658,ADC1,0,servo_1,A,2.33
1769885751.6684213,ADC2,0,bus_voltage,V,10.118
1769885751.7197464,ADC2,0,bus_voltage,V,10.29
1769885751.7705598,ADC1,1,servo_2,A,1.33
1769885751.821468,ADC1,1,servo_2,A,1.914
1769885751.8723812,ADC1,1,servo_2,A,1.866
1769885751.9234447,ADC1,1,servo_2,A,0.721
1769885751.9741297,ADC2,0,bus_voltage,V,11.366
1769885752.0251286,ADC1,1,servo_2,A,0.208
1769885752.079453,THERM,0,motor_temp,C,26.21
1769885752.132545,ADC1,0,servo_1,A,1.205
1769885752.1837454,ADC2,0,bus_voltage,V,11.438
1769885752.2356431,ADC2,0,bus_voltage,V,11.32
1769885752.2864106,ADC1,1,servo_2,A,1.92
1769885752.3374646,ADC2,0,bus_voltage,V,11.539
1769885752.388205,ADC1,1,servo_2,A,2.019
1769885752.4392447,ADC1,1,servo_2,A,1.818
1769885752.490037,ADC1,0,servo_1,A,0.656
1769885752.5407703,THERM,0,motor_temp,C,68.105
1769885752.5915456,ADC2,0,bus_voltage,V,10.951
1769885752.6425228,THERM,0,motor_temp,C,39.855
1769885752.6979668,ADC1,0,servo_1,A,2.234
1769885752.7489522,THERM,0,motor_temp,C,40.956
1769885752.7996695,THERM,0,motor_temp,C,44.038
1769885752.8503475,ADC1,0,servo_1,A,0.782
1769885752.9010415,ADC1,1,servo_2,A,0.885
1769885752.9517934,ADC2,0,bus_voltage,V,12.025
1769885753.0024855,ADC1,0,servo_1,A,0.608
1769885753.053302,THERM,0,motor_temp,C,28.344
1769885753.1040046,ADC1,0,servo_1,A,0.795
1769885753.1546793,THERM,0,motor_temp,C,31.894
1769885753.2054372,ADC1,0,servo_1,A,1.243
1769885753.256145,THERM,0,motor_temp,C,67.459
1769885753.3068247,THERM,0,motor_temp,C,46.66
1769885753.357288,ADC1,1,servo_2,A,1.608
1769885753.4078207,THERM,0,motor_temp,C,45.06
1769885753.4587114,ADC1,0,servo_1,A,1.57
1769885753.509465,ADC1,1,servo_2,A,0.495
1769885753.5606575,ADC1,0,servo_1,A,2.452
1769885753.6111867,ADC2,0,bus_voltage,V,12.081
1769885753.6618578,ADC2,0,bus_voltage,V,11.726
1769885753.712825,ADC1,0,servo_1,A,1.277
1769885753.7634437,ADC2,0,bus_voltage,V,10.483
1769885753.814141,ADC1,1,servo_2,A,1.564
1769885753.8650317,ADC1,0,servo_1,A,1.428
1769885753.9158597,ADC2,0,bus_voltage,V,10.733
1769885753.9665585,ADC1,1,servo_2,A,1.01
1769885754.017447,ADC2,0,bus_voltage,V,12.431
1769885754.0683296,ADC1,1,servo_2,A,1.246
1769885754.1193278,ADC1,0,servo_1,A,1.72
1769885754.1702707,ADC2,0,bus_voltage,V,11.566
1769885754.2210639,ADC1,1,servo_2,A,2.191
1769885754.2725234,ADC1,1,servo_2,A,0.252
1769885754.323463,THERM,0,motor_temp,C,68.888
1769885754.3740978,THERM,0,motor_temp,C,47.058
1769885754.4265518,ADC1,1,servo_2,A,1.503
1769885754.479522,ADC2,0,bus_voltage,V,10.15
1769885754.532355,ADC1,1,servo_2,A,1.639
1769885754.5835762,ADC2,0,bus_voltage,V,11.188
1769885754.6339478,ADC2,0,bus_voltage,V,10.092
1769885754.6844819,THERM,0,motor_temp,C,59.865
1769885754.7348623,ADC2,0,bus_voltage,V,11.684
1769885754.7859352,THERM,0,motor_temp,C,59.75
1769885754.837042,ADC1,0,servo_1,A,1.831
1769885754.8877766,ADC2,0,bus_voltage,V,10.362
1769885754.938496,ADC2,0,bus_voltage,V,11.96
1769885754.9894285,THERM,0,motor_temp,C,45.431
1769885755.0453978,ADC1,0,servo_1,A,0.259
1769885755.098175,ADC1,1,servo_2,A,0.404
1769885755.148957,ADC2,0,bus_voltage,V,10.195
1769885755.1996613,THERM,0,motor_temp,C,49.186
1769885755.2507286,ADC1,0,servo_1,A,0.691
1769885755.3011963,THERM,0,motor_temp,C,30.694
1769885755.3522015,ADC1,0,servo_1,A,2.025
1769885755.4059336,ADC2,0,bus_voltage,V,10.414
1769885755.4572618,ADC1,0,servo_1,A,1.911
1769885755.5084372,THERM,0,motor_temp,C,37.961
1769885755.5589592,ADC2,0,bus_voltage,V,10.257
1769885755.60983,ADC1,0,servo_1,A,1.391
1769885755.6604128,ADC2,0,bus_voltage,V,10.929
1769885755.7109358,ADC2,0,bus_voltage,V,12.598
1769885755.7620215,THERM,0,motor_temp,C,29.387
1769885755.8127794,ADC2,0,bus_voltage,V,11.382
1769885755.8632946,ADC1,0,servo_1,A,2.187
1769885755.913981,ADC1,0,servo_1,A,1.557
1769885755.9643886,THERM,0,motor_temp,C,55.411
1769885756.0148416,ADC1,0,servo_1,A,0.313
1769885756.0680895,THERM,0,motor_temp,C,28.42
1769885756.118928,ADC2,0,bus_voltage,V,10.292
1769885756.1697555,ADC2,0,bus_voltage,V,10.946
1769885756.2205024,THERM,0,motor_temp,C,61.409
1769885756.2714741,THERM,0,motor_temp,C,55.205
1769885756.32285,ADC1,1,servo_2,A,0.499
1769885756.3737576,THERM,0,motor_temp,C,28.632
1769885756.4244921,ADC1,0,servo_1,A,0.829
1769885756.4750276,THERM,0,motor_temp,C,44.277
1769885756.526043,ADC1,0,servo_1,A,1.361
1769885756.5767221,ADC1,0,servo_1,A,1.256
1769885756.6271915,THERM,0,motor_temp,C,46.738
1769885756.6777008,ADC1,0,servo_1,A,0.339
1769885756.728971,ADC1,1,servo_2,A,0.721
1769885756.7820196,ADC1,1,servo_2,A,2.352
1769885756.832631,ADC2,0,bus_voltage,V,12.088
1769885756.8830001,THERM,0,motor_temp,C,53.889
1769885756.9338036,ADC2,0,bus_voltage,V,12.489
1769885756.9841633,ADC2,0,bus_voltage,V,10.056
1769885757.03469,THERM,0,motor_temp,C,50.597
1769885757.0850508,ADC2,0,bus_voltage,V,10.458
1769885757.135932,ADC2,0,bus_voltage,V,11.208
1769885757.1862292,ADC1,0,servo_1,A,1.211
1769885757.2370365,ADC2,0,bus_voltage,V,11.177
1769885757.2876847,ADC1,1,servo_2,A,1.067
1769885757.3384206,THERM,0,motor_temp,C,28.864
1769885757.3889966,ADC1,1,servo_2,A,2.334
1769885757.4396145,ADC2,0,bus_voltage,V,12.156
1769885757.4928007,ADC2,0,bus_voltage,V,11.325
1769885757.543492,ADC1,0,servo_1,A,1.685
1769885757.5941062,THERM,0,motor_temp,C,44.579
1769885757.6444876,ADC1,0,servo_1,A,0.398
1769885757.6957717,ADC1,0,servo_1,A,2.195
1769885757.7467835,ADC1,1,servo_2,A,1.854
1769885757.797641,ADC1,0,servo_1,A,0.346
1769885757.848398,ADC1,1,servo_2,A,2.414
1769885757.8989706,ADC1,0,servo_1,A,2.049
1769885757.949797,ADC1,0,servo_1,A,1.379
1769885758.0003939,ADC2,0,bus_voltage,V,10.761
1769885758.0508177,THERM,0,motor_temp,C,45.659
1769885758.101548,THERM,0,motor_temp,C,30.949
1769885758.1523354,ADC1,1,servo_2,A,1.326
1769885758.2028637,THERM,0,motor_temp,C,66.95
1769885758.253582,ADC1,1,servo_2,A,2.254
1769885758.304525,ADC1,0,servo_1,A,1.523
1769885758.3551362,ADC2,0,bus_voltage,V,12.549
1769885758.4059305,ADC2,0,bus_voltage,V,12.321
1769885758.4564502,THERM,0,motor_temp,C,34.83
1769885758.5069227,ADC1,0,servo_1,A,2.402
1769885758.5575266,ADC2,0,bus_voltage,V,11.171
1769885758.608005,ADC1,0,servo_1,A,1.619
1769885758.6585784,ADC1,1,servo_2,A,1.503
1769885758.7096274,THERM,0,motor_temp,C,37.465
1769885758.7612681,ADC2,0,bus_voltage,V,10.951
1769885758.8119488,THERM,0,motor_temp,C,43.037
1769885758.862737,ADC1,0,servo_1,A,1.365
1769885758.9161413,ADC1,0,servo_1,A,1.086
1769885758.96734,ADC1,0,servo_1,A,2.138
1769885759.018741,ADC1,0,servo_1,A,1.392
1769885759.069504,ADC1,0,servo_1,A,0.277
1769885759.120395,THERM,0,motor_temp,C,65.631
1769885759.1711614,ADC2,0,bus_voltage,V,12.43
1769885759.2220047,ADC1,1,servo_2,A,0.972
1769885759.272413,ADC1,1,servo_2,A,1.048
1769885759.323054,ADC2,0,bus_voltage,V,11.315
1769885759.373455,ADC2,0,bus_voltage,V,10.253
1769885759.4243267,ADC1,0,servo_1,A,0.638
1769885759.4750223,ADC2,0,bus_voltage,V,11.012
1769885759.525606,ADC1,0,servo_1,A,0.821
1769885759.5760353,ADC2,0,bus_voltage,V,11.82
1769885759.626402,ADC1,0,servo_1,A,2.146
1769885759.677216,ADC1,1,servo_2,A,1.373
1769885759.7276678,ADC2,0,bus_voltage,V,10.123
1769885759.7783256,THERM,0,motor_temp,C,48.538
1769885759.8291852,ADC1,0,servo_1,A,1.797
1769885759.879742,THERM,0,motor_temp,C,62.982
1769885759.9303195,ADC2,0,bus_voltage,V,10.298
1769885759.9809718,THERM,0,motor_temp,C,37.904
1769885760.0315084,THERM,0,motor_temp,C,61.101
1769885760.0822139,ADC2,0,bus_voltage,V,10.934
1769885760.1326015,THERM,0,motor_temp,C,26.714
1769885760.1830804,THERM,0,motor_temp,C,38.687
1769885760.2334259,ADC2,0,bus_voltage,V,10.081
1769885760.2841806,ADC1,0,servo_1,A,1.435
1769885760.3347735,ADC1,0,servo_1,A,1.566
1769885760.385563,ADC1,0,servo_1,A,0.94
1769885760.436386,ADC1,0,servo_1,A,1.711
1769885760.4870157,ADC1,0,servo_1,A,1.119
1769885760.5377097,ADC2,0,bus_voltage,V,12.556
1769885760.588683,THERM,0,motor_temp,C,33.969
1769885760.6392484,ADC2,0,bus_voltage,V,11.893
1769885760.6900456,ADC1,1,servo_2,A,0.942
1769885760.7409842,ADC1,1,servo_2,A,1.765
1769885760.7914355,THERM,0,motor_temp,C,54.432
1769885760.8421795,ADC1,1,servo_2,A,0.939
1769885760.89297,ADC1,0,servo_1,A,0.922
1769885760.9437556,ADC1,1,servo_2,A,1.474
1769885760.9941134,THERM,0,motor_temp,C,37.173
1769885761.044725,ADC2,0,bus_voltage,V,10.006
1769885761.095051,ADC1,0,servo_1,A,1.166
1769885761.145515,ADC1,1,servo_2,A,0.734
1769885761.1961477,ADC1,1,servo_2,A,1.009
1769885761.24673,ADC1,0,servo_1,A,2.156
1769885761.2973855,ADC1,0,servo_1,A,1.581
1769885761.3481834,THERM,0,motor_temp,C,53.702
1769885761.3989117,ADC2,0,bus_voltage,V,10.929
1769885761.4494352,ADC1,0,servo_1,A,1.551
1769885761.4999597,ADC1,0,servo_1,A,1.871
1769885761.5510628,ADC1,1,servo_2,A,1.074
1769885761.602026,ADC1,0,servo_1,A,2.012
1769885761.652518,ADC1,0,servo_1,A,1.664
1769885761.7029579,THERM,0,motor_temp,C,26.043
1769885761.7537405,ADC1,1,servo_2,A,1.392
1769885761.8044019,THERM,0,motor_temp,C,53.117
1769885761.855151,THERM,0,motor_temp,C,59.903
1769885761.9058132,ADC1,0,servo_1,A,1.808
1769885761.9565854,ADC1,1,servo_2,A,0.951
1769885762.0073156,THERM,0,motor_temp,C,60.899
1769885762.0580702,ADC2,0,bus_voltage,V,11.761
1769885762.1097908,THERM,0,motor_temp,C,52.001
1769885762.1612325,ADC1,1,servo_2,A,0.374
1769885762.2120156,THERM,0,motor_temp,C,31.657
1769885762.2623823,ADC1,0,servo_1,A,1.77
1769885762.3131819,ADC1,0,servo_1,A,1.208
1769885762.3637464,ADC2,0,bus_voltage,V,11.96
1769885762.4146683,ADC1,0,servo_1,A,0.466
1769885762.4651718,ADC1,1,servo_2,A,0.862
1769885762.5157003,ADC2,0,bus_voltage,V,10.745
1769885762.565999,ADC1,1,servo_2,A,1.641
1769885762.6166103,ADC1,1,servo_2,A,0.981
1769885762.6675544,ADC2,0,bus_voltage,V,11.659
1769885762.718084,THERM,0,motor_temp,C,35.894
1769885762.7687545,ADC2,0,bus_voltage,V,12.579
1769885762.8192866,THERM,0,motor_temp,C,47.967
1769885762.8697317,ADC2,0,bus_voltage,V,10.68
1769885762.920663,ADC2,0,bus_voltage,V,10.06
1769885762.971099,ADC1,1,servo_2,A,2.492
1769885763.0215993,THERM,0,motor_temp,C,59.017
1769885763.0726628,THERM,0,motor_temp,C,30.265
1769885763.1232557,ADC1,0,servo_1,A,1.026
1769885763.1740925,ADC2,0,bus_voltage,V,11.035
1769885763.2252393,ADC1,0,servo_1,A,0.203
1769885763.2771308,ADC1,1,servo_2,A,0.613
1769885763.3343422,ADC2,0,bus_voltage,V,10.192
1769885763.3855102,ADC1,0,servo_1,A,1.672
1769885763.4360995,ADC1,1,servo_2,A,2.239
1769885763.4904392,ADC1,0,servo_1,A,0.97
1769885763.5411565,ADC1,1,servo_2,A,2.025
1769885763.591657,ADC1,1,servo_2,A,0.376
1769885763.642651,ADC1,0,servo_1,A,1.74
1769885763.693202,ADC1,1,servo_2,A,1.797
1769885763.74384,ADC1,0,servo_1,A,0.51
1769885763.7945187,THERM,0,motor_temp,C,52.126
1769885763.846428,ADC1,0,servo_1,A,1.783
1769885763.9011998,ADC1,1,servo_2,A,2.079
1769885763.9520278,ADC1,0,servo_1,A,1.168
1769885764.0026221,ADC1,1,servo_2,A,0.587
1769885764.0533106,ADC2,0,bus_voltage,V,10.296
1769885764.1039078,ADC1,1,servo_2,A,2.168
1769885764.1542497,ADC1,1,servo_2,A,0.462
1769885764.2050815,ADC2,0,bus_voltage,V,11.624
1769885764.2556062,ADC1,1,servo_2,A,0.328
1769885764.306367,ADC1,0,servo_1,A,0.606
1769885764.3570344,ADC1,0,servo_1,A,1.813
1769885764.4075105,ADC2,0,bus_voltage,V,12.567
1769885764.4586105,THERM,0,motor_temp,C,44.213
1769885764.5094247,ADC2,0,bus_voltage,V,12.371
1769885764.560302,THERM,0,motor_temp,C,47.877
1769885764.6112883,ADC2,0,bus_voltage,V,10.251
1769885764.661967,ADC1,1,servo_2,A,1.754
1769885764.7123766,ADC2,0,bus_voltage,V,10.125
1769885764.7630293,ADC1,1,servo_2,A,2.358
