ts,src,ch,name,unit,val
1770054563.5780156,THERM,0,motor_temp,C,26.372
1770054563.6288292,ADC2,0,bus_voltage,V,12.11
1770054563.6816072,ADC1,0,servo_1,A,0.485
1770054563.7330468,ADC2,0,bus_voltage,V,12.483
1770054563.787086,ADC1,0,servo_1,A,1.142
1770054563.8381922,ADC2,0,bus_voltage,V,11.646
1770054563.8887563,ADC2,0,bus_voltage,V,12.002
1770054563.9394944,ADC1,0,servo_1,A,1.143
1770054563.9900877,ADC1,1,servo_2,A,0.962
1770054564.040781,ADC2,0,bus_voltage,V,10.394
1770054564.0919251,ADC2,0,bus_voltage,V,11.404
1770054564.142176,ADC1,1,servo_2,A,0.675
1770054564.1928914,ADC1,0,servo_1,A,1.248
1770054564.2436335,ADC1,1,servo_2,A,0.305
1770054564.2941945,ADC2,0,bus_voltage,V,10.213
1770054564.3448129,THERM,0,motor_temp,C,32.098
1770054564.3962379,ADC1,1,servo_2,A,2.076
1770054564.4465075,ADC2,0,bus_voltage,V,12.269
1770054564.4975853,ADC2,0,bus_voltage,V,11.138
1770054564.5482097,ADC1,0,servo_1,A,0.338
1770054564.5996068,ADC2,0,bus_voltage,V,10.178
1770054564.6512628,THERM,0,motor_temp,C,43.017
1770054564.701866,THERM,0,motor_temp,C,44.893
1770054564.752818,ADC2,0,bus_voltage,V,10.284
1770054564.803957,THERM,0,motor_temp,C,35.38
1770054564.8547297,ADC2,0,bus_voltage,V,10.432
1770054564.9054594,THERM,0,motor_temp,C,40.98
1770054564.9561982,THERM,0,motor_temp,C,29.203
1770054565.0068293,ADC1,0,servo_1,A,1.776
1770054565.0576727,ADC1,0,servo_1,A,2.19
1770054565.1084163,THERM,0,motor_temp,C,58.9
1770054565.1589427,THERM,0,motor_temp,C,60.642
1770054565.209452,ADC1,1,servo_2,A,1.866
1770054565.2598255,THERM,0,motor_temp,C,51.383
1770054565.3104448,THERM,0,motor_temp,C,66.963
1770054565.361123,THERM,0,motor_temp,C,27.915
1770054565.4115613,THERM,0,motor_temp,C,39.343
1770054565.4623716,ADC1,1,servo_2,A,1.24
1770054565.5132043,ADC1,1,servo_2,A,2.471
1770054565.5642424,ADC1,1,servo_2,A,0.782
1770054565.615253,ADC1,0,servo_1,A,1.634
1770054565.665667,ADC1,1,servo_2,A,2.392
1770054565.7162192,ADC1,0,servo_1,A,1.035
1770054565.767275,ADC1,0,servo_1,A,1.332
1770054565.8179224,ADC1,1,servo_2,A,2.482
1770054565.8684247,ADC1,1,servo_2,A,1.937
1770054565.9192157,ADC1,0,servo_1,A,2.493
1770054565.9699068,ADC1,0,servo_1,A,1.968
1770054566.0203323,ADC1,1,servo_2,A,0.914
1770054566.0707223,ADC1,1,servo_2,A,0.822
1770054566.1215487,THERM,0,motor_temp,C,48.497
1770054566.172125,ADC1,1,servo_2,A,0.409
1770054566.222872,ADC1,0,servo_1,A,1.074
1770054566.2735784,ADC1,0,servo_1,A,1.398
1770054566.3242378,THERM,0,motor_temp,C,54.054
1770054566.3745852,ADC1,0,servo_1,A,1.15
1770054566.4249725,THERM,0,motor_temp,C,62.955
1770054566.4755416,THERM,0,motor_temp,C,28.749
1770054566.5300684,ADC2,0,bus_voltage,V,11.666
1770054566.581229,ADC1,0,servo_1,A,1.541
1770054566.6316898,ADC1,1,servo_2,A,1.784
1770054566.7010705,THERM,0,motor_temp,C,68.069
1770054566.752138,THERM,0,motor_temp,C,27.435
1770054566.802558,ADC1,1,servo_2,A,1.303
1770054566.853158,ADC2,0,bus_voltage,V,10.707
1770054566.9041011,ADC1,0,servo_1,A,0.853
1770054566.9549887,ADC1,0,servo_1,A,1.861
1770054567.0057325,ADC1,1,servo_2,A,0.485
1770054567.056419,THERM,0,motor_temp,C,57.097
1770054567.1070762,ADC2,0,bus_voltage,V,11.011
1770054567.1578424,ADC2,0,bus_voltage,V,12.07
1770054567.2089205,ADC1,0,servo_1,A,1.981
1770054567.2598677,THERM,0,motor_temp,C,34.484
1770054567.3104472,ADC1,0,servo_1,A,1.436
1770054567.3709555,ADC1,0,servo_1,A,0.509
1770054567.422849,ADC1,0,servo_1,A,1.994
1770054567.4734328,ADC2,0,bus_voltage,V,10.091
1770054567.523826,ADC1,1,servo_2,A,0.398
1770054567.5746415,ADC1,0,servo_1,A,0.597
1770054567.6249902,ADC2,0,bus_voltage,V,11.453
1770054567.6757126,ADC1,1,servo_2,A,0.628
1770054567.7261083,ADC1,0,servo_1,A,1.7
1770054567.7766886,ADC1,0,servo_1,A,1.162
1770054567.8271658,ADC1,1,servo_2,A,1.023
1770054567.8780358,THERM,0,motor_temp,C,45.876
1770054567.929537,ADC1,1,servo_2,A,1.243
1770054567.9801664,ADC1,0,servo_1,A,1.952
1770054568.030574,THERM,0,motor_temp,C,48.927
1770054568.0850194,THERM,0,motor_temp,C,31.695
1770054568.1355996,ADC1,0,servo_1,A,2.186
1770054568.186351,ADC2,0,bus_voltage,V,11.409
1770054568.2375357,ADC2,0,bus_voltage,V,11.781
1770054568.289134,THERM,0,motor_temp,C,67.704
1770054568.3420167,THERM,0,motor_temp,C,61.495
1770054568.392747,ADC1,0,servo_1,A,1.025
1770054568.4434934,ADC2,0,bus_voltage,V,10.951
1770054568.4937851,ADC1,1,servo_2,A,2.006
1770054568.5442696,THERM,0,motor_temp,C,32.022
1770054568.594901,ADC1,0,servo_1,A,1.721
1770054568.645359,ADC1,1,servo_2,A,2.338
1770054568.6959867,ADC1,0,servo_1,A,0.868
1770054568.746658,ADC1,1,servo_2,A,0.526
1770054568.7971835,ADC1,1,servo_2,A,2.109
1770054568.8478644,ADC2,0,bus_voltage,V,12.002
1770054568.8983116,ADC1,0,servo_1,A,0.754
1770054568.9523659,ADC2,0,bus_voltage,V,12.34
1770054569.0031075,ADC1,1,servo_2,A,2.276
1770054569.0567205,ADC1,0,servo_1,A,2.231
1770054569.1071236,ADC1,0,servo_1,A,2.091
1770054569.1579611,ADC1,0,servo_1,A,2.292
1770054569.2084599,ADC2,0,bus_voltage,V,11.341
1770054569.2592685,ADC2,0,bus_voltage,V,10.273
1770054569.3111644,THERM,0,motor_temp,C,34.179
1770054569.36244,ADC1,0,servo_1,A,0.544
1770054569.4134405,ADC1,0,servo_1,A,1.419
1770054569.4642448,ADC1,0,servo_1,A,0.358
1770054569.514956,ADC1,0,servo_1,A,1.943
1770054569.5655267,THERM,0,motor_temp,C,62.401
1770054569.6200123,ADC1,0,servo_1,A,2.48
1770054569.6918013,ADC1,1,servo_2,A,0.709
1770054569.743499,ADC1,1,servo_2,A,0.467
1770054569.795263,ADC2,0,bus_voltage,V,12.063
1770054569.8461654,ADC2,0,bus_voltage,V,11.605
1770054569.8965943,ADC1,0,servo_1,A,1.543
1770054569.9472594,ADC1,1,servo_2,A,1.841
1770054569.9981477,ADC1,1,servo_2,A,1.508
1770054570.0487468,ADC2,0,bus_voltage,V,11.751
1770054570.09955,ADC1,0,servo_1,A,1.156
1770054570.150076,ADC1,1,servo_2,A,2.071
1770054570.2026272,ADC2,0,bus_voltage,V,11.035
1770054570.253689,ADC1,1,servo_2,A,1.823
1770054570.3053367,ADC1,1,servo_2,A,2.469
1770054570.3775682,ADC1,0,servo_1,A,2.233
1770054570.42826,ADC1,1,servo_2,A,0.719
1770054570.4791315,THERM,0,motor_temp,C,34.688
1770054570.5294898,ADC1,0,servo_1,A,2.136
1770054570.5798316,ADC2,0,bus_voltage,V,12.546
1770054570.6313336,ADC1,1,servo_2,A,1.574
1770054570.6834114,ADC1,0,servo_1,A,1.44
1770054570.7342734,THERM,0,motor_temp,C,25.73
1770054570.7855797,ADC2,0,bus_voltage,V,11.891
1770054570.8363707,ADC1,0,servo_1,A,1.283
1770054570.8868032,ADC1,1,servo_2,A,2.018
1770054570.937342,ADC1,0,servo_1,A,2.024
1770054570.9884963,ADC1,1,servo_2,A,0.767
1770054571.0391114,THERM,0,motor_temp,C,43.171
1770054571.089543,THERM,0,motor_temp,C,64.113
1770054571.1399415,THERM,0,motor_temp,C,68.443
1770054571.1906378,ADC2,0,bus_voltage,V,11.646
1770054571.2409232,ADC1,0,servo_1,A,0.813
1770054571.2915356,ADC2,0,bus_voltage,V,11.833
1770054571.3431907,ADC2,0,bus_voltage,V,11.283
1770054571.3939734,ADC1,1,servo_2,A,0.56
1770054571.4445736,ADC1,0,servo_1,A,0.717
1770054571.4951003,THERM,0,motor_temp,C,65.641
1770054571.5455472,ADC1,0,servo_1,A,0.471
1770054571.596104,ADC1,1,servo_2,A,1.797
1770054571.6466684,THERM,0,motor_temp,C,36.883
1770054571.6993093,ADC1,1,servo_2,A,0.569
1770054571.7504675,ADC1,0,servo_1,A,0.513
1770054571.8010662,ADC1,0,servo_1,A,2.092
1770054571.8512878,ADC1,1,servo_2,A,1.382
1770054571.9019916,ADC1,1,servo_2,A,0.341
1770054571.9533327,ADC2,0,bus_voltage,V,10.031
1770054572.0040581,THERM,0,motor_temp,C,44.988
1770054572.0554247,ADC2,0,bus_voltage,V,11.227
1770054572.1060088,ADC1,0,servo_1,A,1.533
1770054572.156857,ADC1,0,servo_1,A,0.784
1770054572.2072513,THERM,0,motor_temp,C,31.811
1770054572.25796,ADC1,0,servo_1,A,0.38
1770054572.3082879,ADC2,0,bus_voltage,V,11.463
1770054572.3589869,ADC2,0,bus_voltage,V,12.23
1770054572.409804,ADC2,0,bus_voltage,V,12.077
1770054572.4606788,THERM,0,motor_temp,C,66.292
1770054572.511411,ADC2,0,bus_voltage,V,11.652
1770054572.5620124,ADC1,0,servo_1,A,0.413
1770054572.612631,ADC1,0,servo_1,A,2.156
1770054572.6631558,ADC1,0,servo_1,A,0.316
1770054572.7137334,ADC2,0,bus_voltage,V,10.753
1770054572.7641625,THERM,0,motor_temp,C,34.844
1770054572.8149307,ADC1,1,servo_2,A,1.989
1770054572.8652577,ADC1,0,servo_1,A,1.283
1770054572.9160473,ADC1,0,servo_1,A,2.097
1770054572.9665341,ADC2,0,bus_voltage,V,12.101
1770054573.0172234,THERM,0,motor_temp,C,52.224
1770054573.0676491,ADC1,0,servo_1,A,1.23
1770054573.1182551,ADC1,0,servo_1,A,1.338
1770054573.1691039,ADC2,0,bus_voltage,V,10.452
1770054573.219595,ADC1,0,servo_1,A,1.652
1770054573.2700176,THERM,0,motor_temp,C,64.076
1770054573.3206394,ADC1,0,servo_1,A,0.354
1770054573.3710961,ADC1,1,servo_2,A,1.341
1770054573.421888,ADC1,0,servo_1,A,1.044
1770054573.4728267,ADC1,0,servo_1,A,2.041
1770054573.5239234,ADC1,1,servo_2,A,1.506
1770054573.574288,ADC2,0,bus_voltage,V,10.566
1770054573.6248565,ADC2,0,bus_voltage,V,10.095
1770054573.675222,ADC1,1,servo_2,A,0.336
1770054573.7254899,ADC1,1,servo_2,A,0.316
1770054573.7760081,ADC1,1,servo_2,A,2.047
1770054573.8263314,ADC2,0,bus_voltage,V,11.431
1770054573.8772202,THERM,0,motor_temp,C,33.27
1770054573.927808,ADC1,1,servo_2,A,2.271
1770054573.9785483,THERM,0,motor_temp,C,43.735
1770054574.0289524,ADC2,0,bus_voltage,V,12.047
1770054574.0793543,ADC1,0,servo_1,A,2.165
1770054574.1299367,ADC1,0,servo_1,A,0.879
1770054574.1804006,ADC1,1,servo_2,A,2.099
1770054574.2308152,THERM,0,motor_temp,C,38.343
1770054574.2815535,ADC2,0,bus_voltage,V,11.561
1770054574.3322368,ADC1,0,servo_1,A,1.918
1770054574.383023,ADC1,0,servo_1,A,0.604
1770054574.435749,ADC1,0,servo_1,A,1.821
1770054574.486753,THERM,0,motor_temp,C,65.742
1770054574.5373785,ADC1,0,servo_1,A,2.409
1770054574.5878174,ADC1,1,servo_2,A,1.335
1770054574.6381621,ADC1,1,servo_2,A,0.623
1770054574.6887715,ADC1,1,servo_2,A,2.11
1770054574.7392638,ADC1,0,servo_1,A,1.475
1770054574.7897608,ADC1,0,servo_1,A,2.38
1770054574.8401163,ADC1,1,servo_2,A,0.701
1770054574.891001,ADC1,1,servo_2,A,1.235
1770054574.9416487,ADC1,1,servo_2,A,1.972
1770054574.9922526,THERM,0,motor_temp,C,55.197
1770054575.0426672,ADC2,0,bus_voltage,V,12.426
1770054575.0934854,ADC1,1,servo_2,A,1.788
1770054575.1438422,ADC2,0,bus_voltage,V,12.272
1770054575.194215,ADC1,1,servo_2,A,1.627
1770054575.2447805,ADC1,0,servo_1,A,0.829
1770054575.295289,THERM,0,motor_temp,C,26.194
1770054575.3459108,ADC1,0,servo_1,A,1.141
1770054575.3964362,ADC2,0,bus_voltage,V,11.549
1770054575.4469552,ADC1,0,servo_1,A,1.898
1770054575.4978034,ADC1,0,servo_1,A,2.421
1770054575.548363,ADC1,0,servo_1,A,0.595
1770054575.5992136,THERM,0,motor_temp,C,54.314
1770054575.6500015,ADC2,0,bus_voltage,V,11.425
1770054575.7005188,ADC2,0,bus_voltage,V,11.74
1770054575.7510955,ADC1,1,servo_2,A,1.112
1770054575.801717,ADC1,0,servo_1,A,1.567
1770054575.8524215,ADC1,1,servo_2,A,2.386
1770054575.9031951,ADC2,0,bus_voltage,V,12.103
1770054575.954041,ADC2,0,bus_voltage,V,10.954
1770054576.0048037,ADC2,0,bus_voltage,V,10.406
1770054576.0552988,ADC1,0,servo_1,A,1.611
1770054576.105849,THERM,0,motor_temp,C,41.509
1770054576.157092,ADC2,0,bus_voltage,V,11.138
1770054576.207715,ADC1,0,servo_1,A,0.504
1770054576.2623777,ADC1,0,servo_1,A,0.998
1770054576.3138044,ADC2,0,bus_voltage,V,12.207
1770054576.364685,THERM,0,motor_temp,C,32.434
1770054576.415905,ADC1,0,servo_1,A,1.904
1770054576.466656,THERM,0,motor_temp,C,48.136
1770054576.517347,ADC2,0,bus_voltage,V,11.164
1770054576.5678234,ADC1,1,servo_2,A,0.376
1770054576.6181777,ADC1,0,servo_1,A,2.186
1770054576.6693723,ADC2,0,bus_voltage,V,10.817
1770054576.7202597,ADC2,0,bus_voltage,V,12.389
1770054576.771135,ADC1,0,servo_1,A,1.588
1770054576.821866,ADC1,0,servo_1,A,1.058
1770054576.8725884,ADC2,0,bus_voltage,V,10.056
1770054576.9229836,ADC1,1,servo_2,A,2.032
1770054576.9738426,ADC2,0,bus_voltage,V,12.114
1770054577.0246024,THERM,0,motor_temp,C,69.628
1770054577.075382,ADC1,1,servo_2,A,1.99
1770054577.1260674,ADC2,0,bus_voltage,V,12.235
1770054577.1767826,ADC1,0,servo_1,A,1.641
1770054577.227253,ADC1,1,servo_2,A,1.096
1770054577.2775908,THERM,0,motor_temp,C,39.235
1770054577.3282547,ADC1,0,servo_1,A,1.691
1770054577.3786883,ADC1,1,servo_2,A,0.469
1770054577.4293354,ADC2,0,bus_voltage,V,11.178
1770054577.4806528,ADC1,0,servo_1,A,0.887
1770054577.531303,ADC1,1,servo_2,A,0.648
1770054577.5819845,ADC1,1,servo_2,A,0.518
1770054577.6325166,ADC1,1,servo_2,A,2.103
1770054577.6834068,ADC2,0,bus_voltage,V,10.807
1770054577.7340055,ADC2,0,bus_voltage,V,12.521
1770054577.786906,THERM,0,motor_temp,C,57.75
1770054577.840107,THERM,0,motor_temp,C,62.411
1770054577.8925865,ADC2,0,bus_voltage,V,11.777
1770054577.9430764,THERM,0,motor_temp,C,50.954
1770054577.993966,ADC1,0,servo_1,A,2.372
1770054578.044409,ADC2,0,bus_voltage,V,11.325
1770054578.0948825,ADC1,1,servo_2,A,0.567
1770054578.1451826,ADC1,0,servo_1,A,2.08
1770054578.195675,ADC1,1,servo_2,A,2.263
1770054578.2462988,THERM,0,motor_temp,C,46.829
1770054578.297024,ADC1,1,servo_2,A,0.948
1770054578.3475447,ADC1,1,servo_2,A,0.2
1770054578.3979244,ADC1,0,servo_1,A,2.125
1770054578.448866,ADC2,0,bus_voltage,V,10.968
1770054578.4996355,ADC1,1,servo_2,A,0.905
1770054578.5511503,ADC1,1,servo_2,A,0.937
1770054578.60226,ADC1,1,servo_2,A,1.141
1770054578.6526797,ADC1,1,servo_2,A,0.543
1770054578.7032704,ADC1,1,servo_2,A,2.015
1770054578.7546294,ADC1,0,servo_1,A,1.489
1770054578.806148,ADC2,0,bus_voltage,V,10.915
1770054578.8569462,THERM,0,motor_temp,C,26.054
1770054578.9076493,ADC1,1,servo_2,A,1.344
1770054578.9579916,ADC1,0,servo_1,A,1.415
1770054579.0087054,THERM,0,motor_temp,C,31.186
1770054579.0592284,ADC1,0,servo_1,A,1.183
1770054579.1099808,ADC2,0,bus_voltage,V,12.222
1770054579.1607924,THERM,0,motor_temp,C,32.639
1770054579.2115338,ADC2,0,bus_voltage,V,10.112
1770054579.2619476,THERM,0,motor_temp,C,66.287
1770054579.312462,ADC1,0,servo_1,A,1.484
1770054579.3631768,ADC1,0,servo_1,A,0.944
1770054579.4134538,THERM,0,motor_temp,C,66.225
1770054579.4640422,ADC1,1,servo_2,A,1.427
1770054579.5146801,ADC1,1,servo_2,A,1.024
1770054579.5650988,THERM,0,motor_temp,C,43.39
1770054579.6155205,ADC1,0,servo_1,A,0.961
1770054579.6665962,ADC1,1,servo_2,A,1.672
1770054579.7177334,ADC2,0,bus_voltage,V,11.765
1770054579.7786546,ADC1,1,servo_2,A,2.389
1770054579.8293889,THERM,0,motor_temp,C,26.251
1770054579.8799417,ADC2,0,bus_voltage,V,10.395
1770054579.9304132,ADC2,0,bus_voltage,V,12.525
1770054579.9808414,ADC1,0,servo_1,A,1.265
1770054580.0319896,ADC1,1,servo_2,A,2.269
1770054580.0825062,THERM,0,motor_temp,C,41.834
1770054580.132991,ADC1,1,servo_2,A,2.046
1770054580.185486,ADC1,1,servo_2,A,1.536
1770054580.2360542,ADC1,1,servo_2,A,2.498
1770054580.2864819,THERM,0,motor_temp,C,36.788
1770054580.337183,ADC1,1,servo_2,A,0.42
1770054580.3879073,ADC1,1,servo_2,A,2.486
1770054580.4383764,THERM,0,motor_temp,C,53.118
1770054580.4888723,ADC1,1,servo_2,A,1.532
1770054580.5395718,THERM,0,motor_temp,C,66.442
1770054580.590232,THERM,0,motor_temp,C,52.178
1770054580.642255,THERM,0,motor_temp,C,59.121
1770054580.6945748,ADC1,1,servo_2,A,2.246
1770054580.746203,ADC1,0,servo_1,A,2.056
1770054580.7970216,ADC1,1,servo_2,A,0.341
1770054580.8477056,ADC1,1,servo_2,A,0.409
1770054580.898495,ADC1,0,servo_1,A,2.053
1770054580.949354,ADC1,1,servo_2,A,1.137
1770054581.0001624,ADC1,1,servo_2,A,1.607
1770054581.0517762,ADC1,0,servo_1,A,1.878
1770054581.1027634,ADC1,0,servo_1,A,1.424
1770054581.155934,ADC1,1,servo_2,A,1.597
1770054581.2067108,ADC2,0,bus_voltage,V,11.55
1770054581.2571802,ADC2,0,bus_voltage,V,11.085
1770054581.308054,ADC2,0,bus_voltage,V,10.651
1770054581.3594086,ADC2,0,bus_voltage,V,11.26
1770054581.410438,ADC1,0,servo_1,A,1.67
1770054581.4620755,ADC2,0,bus_voltage,V,11.444
1770054581.5127842,ADC2,0,bus_voltage,V,12.072
1770054581.5644848,THERM,0,motor_temp,C,68.916
1770054581.615484,ADC2,0,bus_voltage,V,11.759
1770054581.6662605,ADC1,0,servo_1,A,1.847
1770054581.716894,ADC1,0,servo_1,A,1.275
1770054581.7673378,ADC1,0,servo_1,A,0.583
1770054581.817928,THERM,0,motor_temp,C,43.573
1770054581.8683937,ADC1,0,servo_1,A,0.327
1770054581.9191525,THERM,0,motor_temp,C,68.062
1770054581.9694579,ADC1,1,servo_2,A,1.282
1770054582.0202951,ADC1,1,servo_2,A,1.026
1770054582.0711598,ADC2,0,bus_voltage,V,10.714
1770054582.1217916,THERM,0,motor_temp,C,46.976
1770054582.1724179,THERM,0,motor_temp,C,39.492
1770054582.2228346,ADC1,1,servo_2,A,0.238
1770054582.2733426,ADC1,1,servo_2,A,0.589
1770054582.323872,ADC2,0,bus_voltage,V,11.001
1770054582.374216,ADC1,0,servo_1,A,2.006
1770054582.424833,ADC1,0,servo_1,A,2.063
1770054582.4754035,ADC1,0,servo_1,A,0.426
1770054582.5261946,ADC1,0,servo_1,A,1.164
1770054582.5768628,ADC1,0,servo_1,A,0.33
1770054582.627705,THERM,0,motor_temp,C,49.968
1770054582.678426,ADC1,0,servo_1,A,1.145
1770054582.729948,ADC1,1,servo_2,A,1.548
1770054582.7808776,THERM,0,motor_temp,C,33.384
1770054582.8314602,ADC2,0,bus_voltage,V,10.559
1770054582.8819146,ADC1,0,servo_1,A,1.527
1770054582.9324458,ADC1,1,servo_2,A,2.305
1770054582.983139,ADC1,1,servo_2,A,1.626
1770054583.0344355,ADC1,1,servo_2,A,2.143
1770054583.0853982,ADC1,0,servo_1,A,1.205
1770054583.1357915,ADC2,0,bus_voltage,V,12.114
1770054583.187097,THERM,0,motor_temp,C,50.01
1770054583.2378151,THERM,0,motor_temp,C,34.969
1770054583.288547,THERM,0,motor_temp,C,36.267
1770054583.339039,THERM,0,motor_temp,C,66.778
1770054583.389854,THERM,0,motor_temp,C,68.385
1770054583.4435222,THERM,0,motor_temp,C,56.257
1770054583.4949183,THERM,0,motor_temp,C,65.27
1770054583.5487962,ADC1,1,servo_2,A,0.216
1770054583.6004016,THERM,0,motor_temp,C,30.191
1770054583.6515214,ADC1,1,servo_2,A,0.601
1770054583.702341,ADC1,1,servo_2,A,1.629
1770054583.753989,ADC1,0,servo_1,A,1.148
1770054583.8048303,ADC1,1,servo_2,A,1.854
1770054583.855365,ADC1,0,servo_1,A,2.206
1770054583.9063933,ADC1,0,servo_1,A,1.286
1770054583.957082,ADC1,0,servo_1,A,2.494
1770054584.0081747,ADC1,1,servo_2,A,2.366
1770054584.0600362,ADC1,0,servo_1,A,1.981
1770054584.1129704,ADC1,0,servo_1,A,1.68
1770054584.1643872,ADC1,1,servo_2,A,0.52
1770054584.2153838,ADC1,1,servo_2,A,1.852
1770054584.266092,ADC1,1,servo_2,A,0.827
1770054584.3167913,THERM,0,motor_temp,C,67.332
1770054584.3674524,THERM,0,motor_temp,C,68.481
1770054584.4182613,ADC1,0,servo_1,A,0.565
1770054584.4690974,ADC2,0,bus_voltage,V,11.621
1770054584.5197196,ADC1,1,servo_2,A,0.314
1770054584.5704806,ADC1,1,servo_2,A,1.863
1770054584.6216674,ADC2,0,bus_voltage,V,10.001
1770054584.6722903,ADC1,0,servo_1,A,1.382
1770054584.723343,ADC1,1,servo_2,A,2.454
1770054584.7738595,ADC1,1,servo_2,A,2.29
1770054584.8244834,ADC2,0,bus_voltage,V,10.565
1770054584.8753104,ADC1,0,servo_1,A,1.815
1770054584.9259934,ADC2,0,bus_voltage,V,10.037
1770054584.976768,THERM,0,motor_temp,C,35.201
1770054585.0271883,ADC1,0,servo_1,A,1.114
1770054585.077938,ADC1,0,servo_1,A,0.517
1770054585.1287732,ADC1,1,servo_2,A,0.249
1770054585.1795285,ADC1,0,servo_1,A,1.412
1770054585.2298977,ADC2,0,bus_voltage,V,11.506
1770054585.2804935,ADC1,0,servo_1,A,0.878
1770054585.3312867,ADC1,1,servo_2,A,1.313
1770054585.3830318,ADC1,0,servo_1,A,1.324
1770054585.43584,ADC1,0,servo_1,A,2.254
1770054585.4862094,ADC1,0,servo_1,A,1.118
1770054585.5368311,THERM,0,motor_temp,C,40.25
1770054585.587583,ADC1,0,servo_1,A,2.047
1770054585.6382847,ADC1,1,servo_2,A,1.38
1770054585.6898472,THERM,0,motor_temp,C,58.852
1770054585.7406547,ADC2,0,bus_voltage,V,10.765
1770054585.7916434,ADC1,1,servo_2,A,1.35
1770054585.842298,ADC1,0,servo_1,A,1.488
1770054585.8934917,ADC1,0,servo_1,A,0.467
1770054585.943854,ADC1,0,servo_1,A,0.356
1770054585.9980276,THERM,0,motor_temp,C,25.37
1770054586.0543022,ADC2,0,bus_voltage,V,11.625
1770054586.1051435,THERM,0,motor_temp,C,68.921
1770054586.1556304,THERM,0,motor_temp,C,41.538
1770054586.2063718,THERM,0,motor_temp,C,68.115
1770054586.2569726,THERM,0,motor_temp,C,29.385
1770054586.3073592,ADC2,0,bus_voltage,V,11.328
1770054586.357837,ADC2,0,bus_voltage,V,10.341
1770054586.4085133,ADC1,1,servo_2,A,1.448
1770054586.459243,ADC2,0,bus_voltage,V,12.475
1770054586.509589,ADC1,1,servo_2,A,1.788
1770054586.5599704,ADC1,1,servo_2,A,1.733
1770054586.610325,ADC1,0,servo_1,A,1.245
1770054586.6609986,ADC1,1,servo_2,A,1.43
1770054586.711393,THERM,0,motor_temp,C,54.016
1770054586.762812,ADC2,0,bus_voltage,V,10.217
1770054586.8147645,ADC2,0,bus_voltage,V,10.668
1770054586.8666258,ADC1,0,servo_1,A,0.959
1770054586.9172337,ADC1,1,servo_2,A,1.166
1770054586.968024,THERM,0,motor_temp,C,58.132
1770054587.0185285,ADC1,0,servo_1,A,1.36
1770054587.0689242,ADC1,0,servo_1,A,0.563
1770054587.1211605,ADC2,0,bus_voltage,V,11.63
1770054587.171589,ADC2,0,bus_voltage,V,12.497
1770054587.222012,ADC1,0,servo_1,A,1.283
1770054587.272738,THERM,0,motor_temp,C,64.768
1770054587.324169,ADC1,1,servo_2,A,2.476
1770054587.3747804,ADC2,0,bus_voltage,V,12.155
1770054587.425255,THERM,0,motor_temp,C,48.282
1770054587.475792,ADC1,1,servo_2,A,2.254
1770054587.5264668,ADC1,0,servo_1,A,1.602
1770054587.576913,ADC1,1,servo_2,A,1.013
1770054587.6271856,ADC1,0,servo_1,A,1.201
1770054587.6780822,ADC2,0,bus_voltage,V,10.323
1770054587.728626,ADC1,0,servo_1,A,2.117
1770054587.7792737,ADC2,0,bus_voltage,V,10.877
1770054587.8299277,ADC1,0,servo_1,A,1.853
1770054587.880297,ADC2,0,bus_voltage,V,10.867
1770054587.9307692,ADC1,1,servo_2,A,0.741
1770054587.9811554,ADC1,1,servo_2,A,2.039
1770054588.0318813,ADC1,1,servo_2,A,0.46
1770054588.0827997,ADC1,0,servo_1,A,1.618
1770054588.133578,THERM,0,motor_temp,C,40.842
1770054588.1851459,ADC2,0,bus_voltage,V,10.114
1770054588.2359116,ADC1,1,servo_2,A,1.628
1770054588.2866473,ADC2,0,bus_voltage,V,11.46
1770054588.337087,ADC1,0,servo_1,A,1.003
1770054588.3877378,ADC2,0,bus_voltage,V,10.717
1770054588.4387941,THERM,0,motor_temp,C,38.473
1770054588.4894414,ADC1,0,servo_1,A,0.983
1770054588.5402675,THERM,0,motor_temp,C,67.712
1770054588.5909007,ADC1,1,servo_2,A,1.302
1770054588.641622,THERM,0,motor_temp,C,44.265
1770054588.6923277,THERM,0,motor_temp,C,25.797
1770054588.742926,ADC1,0,servo_1,A,0.693
1770054588.7933612,THERM,0,motor_temp,C,65.024
1770054588.844056,ADC1,0,servo_1,A,1.125
1770054588.8945513,ADC1,1,servo_2,A,0.972
1770054588.9450228,ADC1,1,servo_2,A,0.624
1770054588.995727,ADC1,1,servo_2,A,0.25
1770054589.0476015,THERM,0,motor_temp,C,34.506
1770054589.0994177,THERM,0,motor_temp,C,29.866
1770054589.1503384,ADC2,0,bus_voltage,V,11.299
1770054589.201077,ADC1,0,servo_1,A,1.739
1770054589.2516308,ADC1,1,servo_2,A,2.38
1770054589.3022816,ADC1,0,servo_1,A,0.386
1770054589.3536217,THERM,0,motor_temp,C,67.105
1770054589.404345,THERM,0,motor_temp,C,57.661
1770054589.4548945,THERM,0,motor_temp,C,33.291
1770054589.5051463,ADC1,0,servo_1,A,1.088
1770054589.5555727,ADC1,0,servo_1,A,1.944
1770054589.6063826,ADC1,0,servo_1,A,2.109
1770054589.6570852,THERM,0,motor_temp,C,25.22
1770054589.707651,ADC1,0,servo_1,A,0.802
1770054589.7584615,THERM,0,motor_temp,C,46.668
1770054589.8090925,ADC1,1,servo_2,A,2.149
1770054589.8595946,ADC1,0,servo_1,A,1.25
1770054589.9100437,THERM,0,motor_temp,C,66.477
1770054589.960796,ADC1,0,servo_1,A,2.175
1770054590.0110703,ADC2,0,bus_voltage,V,11.881
1770054590.0617335,ADC1,1,servo_2,A,1.163
1770054590.1124408,ADC1,0,servo_1,A,0.684
1770054590.163333,THERM,0,motor_temp,C,57.537
1770054590.2142239,THERM,0,motor_temp,C,59.709
1770054590.2646945,THERM,0,motor_temp,C,25.861
1770054590.315027,ADC1,1,servo_2,A,1.061
1770054590.365529,ADC2,0,bus_voltage,V,11.034
1770054590.4160624,ADC1,1,servo_2,A,0.231
1770054590.466651,THERM,0,motor_temp,C,67.728
1770054590.5170765,ADC1,1,servo_2,A,1.387
1770054590.567719,THERM,0,motor_temp,C,60.969
1770054590.6181898,ADC1,1,servo_2,A,1.015
1770054590.6691377,ADC1,0,servo_1,A,0.868
1770054590.7195702,ADC1,1,servo_2,A,0.575
1770054590.770297,THERM,0,motor_temp,C,46.113
1770054590.820962,THERM,0,motor_temp,C,34.053
1770054590.8713372,THERM,0,motor_temp,C,51.064
1770054590.9221196,THERM,0,motor_temp,C,34.574
1770054590.972556,THERM,0,motor_temp,C,38.622
1770054591.0232308,ADC1,1,servo_2,A,0.781
1770054591.0739398,ADC1,1,servo_2,A,0.392
1770054591.1242697,ADC2,0,bus_voltage,V,11.505
1770054591.1748228,ADC1,0,servo_1,A,0.958
1770054591.2256258,ADC1,1,servo_2,A,0.219
1770054591.2762513,ADC1,0,servo_1,A,0.28
1770054591.3269014,ADC1,1,servo_2,A,1.34
1770054591.37721,THERM,0,motor_temp,C,51.108
1770054591.4280767,ADC1,0,servo_1,A,2.275
1770054591.4784558,THERM,0,motor_temp,C,27.535
1770054591.528956,ADC1,0,servo_1,A,2.227
1770054591.5797057,ADC1,1,servo_2,A,0.252
1770054591.6302576,ADC1,0,servo_1,A,1.323
1770054591.6807644,THERM,0,motor_temp,C,68.454
1770054591.731346,ADC1,1,servo_2,A,2.306
1770054591.78185,THERM,0,motor_temp,C,55.893
1770054591.8321714,ADC1,1,servo_2,A,1.834
1770054591.8824754,ADC1,0,servo_1,A,2.183
1770054591.9332666,ADC2,0,bus_voltage,V,10.167
1770054591.9840138,ADC1,1,servo_2,A,1.844
1770054592.0346603,ADC1,1,servo_2,A,1.915
1770054592.0853152,THERM,0,motor_temp,C,66.231
1770054592.1357238,ADC1,0,servo_1,A,0.68
1770054592.1861799,ADC2,0,bus_voltage,V,11.57
1770054592.236587,ADC1,0,servo_1,A,2.305
1770054592.2869394,ADC1,1,servo_2,A,0.662
1770054592.3376203,ADC2,0,bus_voltage,V,11.61
1770054592.388256,ADC1,0,servo_1,A,1.99
1770054592.43896,THERM,0,motor_temp,C,40.122
1770054592.489493,ADC2,0,bus_voltage,V,11.728
1770054592.5402908,THERM,0,motor_temp,C,32.278
1770054592.5906801,ADC1,1,servo_2,A,0.292
1770054592.6414967,THERM,0,motor_temp,C,38.376
1770054592.692015,ADC1,1,servo_2,A,2.49
1770054592.7425838,ADC2,0,bus_voltage,V,10.671
1770054592.7934263,ADC1,1,servo_2,A,1.49
1770054592.844085,THERM,0,motor_temp,C,49.051
1770054592.8946128,ADC2,0,bus_voltage,V,12.213
1770054592.945343,ADC1,1,servo_2,A,0.352
1770054592.9959667,THERM,0,motor_temp,C,55.03
1770054593.0463104,ADC1,1,servo_2,A,1.59
1770054593.0969076,ADC1,1,servo_2,A,2.444
1770054593.1475832,ADC1,1,servo_2,A,0.444
1770054593.198076,ADC1,0,servo_1,A,1.285
1770054593.2485068,ADC2,0,bus_voltage,V,12.388
1770054593.299052,THERM,0,motor_temp,C,51.227
1770054593.352088,ADC1,1,servo_2,A,1.848
1770054593.4024115,THERM,0,motor_temp,C,25.586
1770054593.4528177,ADC1,0,servo_1,A,0.826
1770054593.503541,THERM,0,motor_temp,C,31.385
1770054593.5538707,ADC2,0,bus_voltage,V,10.554
1770054593.6044164,ADC2,0,bus_voltage,V,11.144
1770054593.655042,ADC1,1,servo_2,A,0.472
1770054593.7055838,ADC1,0,servo_1,A,1.061
1770054593.7560868,ADC1,0,servo_1,A,2.36
1770054593.8065794,ADC1,1,servo_2,A,1.619
1770054593.8571637,ADC1,0,servo_1,A,1.296
1770054593.907634,ADC2,0,bus_voltage,V,12.414
1770054593.9583886,ADC1,0,servo_1,A,1.085
1770054594.0091903,THERM,0,motor_temp,C,65.679
1770054594.0597394,THERM,0,motor_temp,C,44.716
1770054594.1103137,ADC1,0,servo_1,A,0.77
1770054594.1611156,ADC2,0,bus_voltage,V,11.73
1770054594.2118907,THERM,0,motor_temp,C,40.524
1770054594.262275,ADC1,1,servo_2,A,2.09
1770054594.3138738,ADC1,1,servo_2,A,1.361
1770054594.364398,THERM,0,motor_temp,C,32.372
1770054594.4151435,THERM,0,motor_temp,C,31.057
1770054594.4657023,ADC1,1,servo_2,A,0.727
1770054594.5163345,ADC1,1,servo_2,A,1.612
1770054594.567049,ADC2,0,bus_voltage,V,11.709
1770054594.617541,THERM,0,motor_temp,C,66.545
1770054594.6687372,THERM,0,motor_temp,C,65.928
1770054594.7194831,ADC1,1,servo_2,A,1.389
1770054594.7701643,ADC2,0,bus_voltage,V,11.975
1770054594.8213084,THERM,0,motor_temp,C,50.056
1770054594.871921,ADC1,0,servo_1,A,0.529
1770054594.9228647,ADC2,0,bus_voltage,V,11.948
1770054594.9733725,THERM,0,motor_temp,C,52.52
1770054595.0236793,ADC1,0,servo_1,A,1.103
1770054595.0742989,THERM,0,motor_temp,C,66.739
1770054595.1286564,ADC1,0,servo_1,A,1.774
1770054595.1800518,THERM,0,motor_temp,C,44.398
1770054595.230832,ADC1,1,servo_2,A,0.927
1770054595.281762,ADC1,0,servo_1,A,1.249
1770054595.3326664,ADC1,0,servo_1,A,2.217
1770054595.383311,ADC2,0,bus_voltage,V,11.056
1770054595.4341073,THERM,0,motor_temp,C,50.511
1770054595.484666,THERM,0,motor_temp,C,46.641
1770054595.535316,ADC1,1,servo_2,A,2.397
1770054595.5860817,ADC1,0,servo_1,A,1.659
1770054595.636816,THERM,0,motor_temp,C,46.265
1770054595.689419,THERM,0,motor_temp,C,42.007
1770054595.7398212,THERM,0,motor_temp,C,44.273
1770054595.7903435,ADC2,0,bus_voltage,V,11.955
1770054595.841103,ADC1,1,servo_2,A,1.02
1770054595.8919091,ADC2,0,bus_voltage,V,11.006
1770054595.9423466,THERM,0,motor_temp,C,32.99
1770054595.992805,ADC1,0,servo_1,A,1.094
1770054596.0434258,THERM,0,motor_temp,C,66.522
1770054596.0948164,THERM,0,motor_temp,C,29.136
1770054596.1452484,ADC1,1,servo_2,A,0.882
1770054596.197426,ADC1,1,servo_2,A,0.649
1770054596.2481737,THERM,0,motor_temp,C,58.926
1770054596.2987068,ADC1,0,servo_1,A,0.932
1770054596.3493555,THERM,0,motor_temp,C,39.964
1770054596.399777,ADC2,0,bus_voltage,V,11.731
1770054596.450489,ADC1,1,servo_2,A,0.483
1770054596.5008843,THERM,0,motor_temp,C,62.297
1770054596.5512867,THERM,0,motor_temp,C,66.305
1770054596.6059155,THERM,0,motor_temp,C,58.198
1770054596.6569037,THERM,0,motor_temp,C,40.171
1770054596.7075646,ADC1,1,servo_2,A,1.309
1770054596.7580867,ADC2,0,bus_voltage,V,11.622
1770054596.8086622,THERM,0,motor_temp,C,46.56
1770054596.859318,THERM,0,motor_temp,C,38.022
1770054596.909987,ADC1,1,servo_2,A,0.85
1770054596.9608116,THERM,0,motor_temp,C,35.921
1770054597.011345,ADC1,0,servo_1,A,0.461
1770054597.062027,ADC1,1,servo_2,A,1.311
1770054597.1124098,ADC1,0,servo_1,A,1.43
1770054597.162983,ADC1,0,servo_1,A,2.273
1770054597.2134926,ADC1,0,servo_1,A,0.679
1770054597.264015,ADC1,0,servo_1,A,1.839
1770054597.3146656,ADC1,1,servo_2,A,0.379
1770054597.3653324,ADC1,1,servo_2,A,0.69
1770054597.4161334,THERM,0,motor_temp,C,54.251
1770054597.4668474,THERM,0,motor_temp,C,27.535
1770054597.51731,ADC2,0,bus_voltage,V,10.534
1770054597.5680614,THERM,0,motor_temp,C,69.066
1770054597.619401,ADC1,0,servo_1,A,1.585
1770054597.6701293,ADC1,1,servo_2,A,1.803
1770054597.7207978,ADC2,0,bus_voltage,V,10.941
1770054597.7711391,ADC1,1,servo_2,A,2.316
1770054597.821501,ADC2,0,bus_voltage,V,11.768
1770054597.8722727,ADC1,0,servo_1,A,0.453
1770054597.9243982,ADC1,1,servo_2,A,1.203
1770054597.974634,ADC1,1,servo_2,A,0.299
1770054598.0249646,ADC1,0,servo_1,A,2.103
1770054598.0755627,ADC1,0,servo_1,A,2.479
1770054598.1285622,ADC1,1,servo_2,A,2.028
1770054598.1797428,ADC2,0,bus_voltage,V,11.155
1770054598.230346,ADC1,0,servo_1,A,2.453
1770054598.281897,ADC1,1,servo_2,A,2.306
1770054598.332984,ADC2,0,bus_voltage,V,11.206
1770054598.3847172,ADC1,0,servo_1,A,1.149
1770054598.4353209,ADC2,0,bus_voltage,V,10.054
1770054598.4860907,ADC1,1,servo_2,A,0.309
1770054598.5366392,ADC1,1,servo_2,A,1.71
1770054598.5870328,ADC1,1,servo_2,A,0.842
1770054598.6405878,ADC2,0,bus_voltage,V,10.146
1770054598.691101,ADC1,0,servo_1,A,2.447
1770054598.7453768,THERM,0,motor_temp,C,49.703
1770054598.7962308,ADC1,0,servo_1,A,1.486
1770054598.846826,ADC1,1,servo_2,A,1.308
1770054598.8992267,THERM,0,motor_temp,C,26.021
1770054598.9507065,ADC1,0,servo_1,A,1.588
1770054599.004175,THERM,0,motor_temp,C,54.461
1770054599.0546093,ADC2,0,bus_voltage,V,10.686
1770054599.1052687,ADC1,1,servo_2,A,2.118
1770054599.1559296,ADC2,0,bus_voltage,V,11.222
1770054599.2072973,ADC1,0,servo_1,A,0.317
1770054599.258091,THERM,0,motor_temp,C,32.782
1770054599.308733,ADC1,1,servo_2,A,0.851
1770054599.3596013,ADC2,0,bus_voltage,V,10.595
1770054599.4104471,ADC1,1,servo_2,A,1.547
1770054599.461228,ADC1,0,servo_1,A,0.511
1770054599.512026,ADC2,0,bus_voltage,V,10.239
1770054599.56256,ADC1,1,servo_2,A,0.521
1770054599.6133711,THERM,0,motor_temp,C,56.729
1770054599.6640882,ADC1,1,servo_2,A,1.227
1770054599.714858,ADC1,0,servo_1,A,1.185
1770054599.765224,ADC1,1,servo_2,A,0.312
1770054599.8181102,ADC1,0,servo_1,A,0.466
1770054599.8705523,ADC2,0,bus_voltage,V,11.757
1770054599.9213703,ADC1,0,servo_1,A,1.368
1770054599.9718602,ADC1,1,servo_2,A,0.34
1770054600.0224495,ADC2,0,bus_voltage,V,11.532
1770054600.0731695,THERM,0,motor_temp,C,53.498
1770054600.124931,ADC2,0,bus_voltage,V,10.449
1770054600.1754487,ADC1,1,servo_2,A,1.335
1770054600.2261636,THERM,0,motor_temp,C,59.804
1770054600.2765596,ADC2,0,bus_voltage,V,10.863
1770054600.3273711,ADC1,1,servo_2,A,1.054
1770054600.3777287,ADC1,1,servo_2,A,1.339
1770054600.4280615,ADC1,0,servo_1,A,0.359
1770054600.4786208,ADC1,0,servo_1,A,0.257
1770054600.5291147,ADC1,1,servo_2,A,2.281
1770054600.5799184,ADC1,0,servo_1,A,0.594
1770054600.6304493,ADC1,0,servo_1,A,1.593
1770054600.680907,ADC1,0,servo_1,A,1.254
1770054600.731565,THERM,0,motor_temp,C,37.798
1770054600.7839668,THERM,0,motor_temp,C,29.569
1770054600.8344867,ADC1,1,servo_2,A,1.198
1770054600.8852777,ADC1,0,servo_1,A,0.939
1770054600.9358141,ADC2,0,bus_voltage,V,10.808
1770054600.986406,ADC1,1,servo_2,A,0.287
1770054601.0367386,ADC2,0,bus_voltage,V,12.266
1770054601.0871499,ADC2,0,bus_voltage,V,10.749
1770054601.1374776,THERM,0,motor_temp,C,44.579
1770054601.1888566,THERM,0,motor_temp,C,65.721
1770054601.2393258,ADC1,0,servo_1,A,0.564
1770054601.28998,THERM,0,motor_temp,C,58.905
1770054601.3408043,ADC1,0,servo_1,A,0.87
1770054601.3912523,ADC1,1,servo_2,A,1.308
1770054601.4418418,THERM,0,motor_temp,C,46.238
1770054601.492437,ADC1,0,servo_1,A,1.993
1770054601.5428019,ADC1,0,servo_1,A,0.776
1770054601.5932603,ADC1,0,servo_1,A,1.39
1770054601.6437938,ADC1,1,servo_2,A,1.348
1770054601.6945567,ADC2,0,bus_voltage,V,11.482
1770054601.7451549,ADC1,0,servo_1,A,1.779
1770054601.7955966,ADC1,1,servo_2,A,1.731
1770054601.8460588,ADC1,1,servo_2,A,0.279
1770054601.8964992,ADC1,1,servo_2,A,1.985
1770054601.9471178,THERM,0,motor_temp,C,66.144
1770054601.9978626,THERM,0,motor_temp,C,48.987
1770054602.0486994,ADC2,0,bus_voltage,V,10.279
1770054602.099144,ADC2,0,bus_voltage,V,11.043
1770054602.1502743,ADC2,0,bus_voltage,V,10.152
1770054602.2011058,ADC1,1,servo_2,A,1.563
1770054602.251824,ADC1,1,servo_2,A,1.936
1770054602.3022664,ADC1,1,servo_2,A,2.043
1770054602.35286,ADC2,0,bus_voltage,V,11.541
1770054602.4044175,ADC1,0,servo_1,A,2.342
1770054602.4549148,ADC1,1,servo_2,A,1.847
1770054602.5056593,ADC1,0,servo_1,A,0.568
1770054602.5562224,ADC2,0,bus_voltage,V,10.169
1770054602.6067827,THERM,0,motor_temp,C,54.153
1770054602.6573243,ADC1,0,servo_1,A,0.775
1770054602.7090602,ADC1,1,servo_2,A,2.054
1770054602.75973,ADC2,0,bus_voltage,V,10.655
1770054602.8103058,ADC1,1,servo_2,A,2.384
1770054602.8609276,THERM,0,motor_temp,C,31.057
1770054602.9113076,ADC2,0,bus_voltage,V,10.031
1770054602.9620883,ADC2,0,bus_voltage,V,10.653
1770054603.0124907,ADC1,1,servo_2,A,0.874
1770054603.0628626,ADC1,1,servo_2,A,1.691
1770054603.1136005,ADC1,1,servo_2,A,1.933
1770054603.1646016,THERM,0,motor_temp,C,45.905
1770054603.2152169,THERM,0,motor_temp,C,53.597
1770054603.2658253,ADC1,1,servo_2,A,1.132
1770054603.3162107,ADC2,0,bus_voltage,V,10.89
1770054603.3666625,ADC1,1,servo_2,A,1.979
1770054603.4170399,ADC1,1,servo_2,A,0.816
1770054603.4674883,THERM,0,motor_temp,C,46.505
1770054603.5180936,ADC1,0,servo_1,A,0.431
1770054603.5687578,ADC2,0,bus_voltage,V,10.218
1770054603.6197007,THERM,0,motor_temp,C,37.285
1770054603.6705494,THERM,0,motor_temp,C,45.518
1770054603.7215135,ADC2,0,bus_voltage,V,12.515
1770054603.7720516,ADC2,0,bus_voltage,V,10.816
1770054603.822336,ADC1,1,servo_2,A,0.936
1770054603.872897,ADC2,0,bus_voltage,V,12.548
1770054603.923419,THERM,0,motor_temp,C,67.268
1770054603.9739287,ADC2,0,bus_voltage,V,12.039
1770054604.0244255,ADC1,1,servo_2,A,2.273
1770054604.0748231,ADC1,0,servo_1,A,1.329
1770054604.1252122,ADC1,0,servo_1,A,0.466
1770054604.1758835,ADC1,1,servo_2,A,2.458
1770054604.2266755,ADC1,1,servo_2,A,1.294
1770054604.2774215,ADC2,0,bus_voltage,V,11.881
1770054604.3281755,THERM,0,motor_temp,C,44.842
1770054604.3786573,ADC2,0,bus_voltage,V,12.359
1770054604.4305272,ADC1,1,servo_2,A,1.405
1770054604.4812963,ADC2,0,bus_voltage,V,10.413
1770054604.5316236,ADC1,1,servo_2,A,1.396
1770054604.582235,ADC1,0,servo_1,A,1.532
1770054604.632994,THERM,0,motor_temp,C,53.69
1770054604.6833987,THERM,0,motor_temp,C,57.556
1770054604.7340853,THERM,0,motor_temp,C,68.132
1770054604.7848873,ADC1,0,servo_1,A,1.514
1770054604.8355863,ADC1,1,servo_2,A,1.725
1770054604.8861485,ADC1,1,servo_2,A,1.801
1770054604.9367142,ADC1,0,servo_1,A,0.864
1770054604.9874017,ADC1,1,servo_2,A,0.43
1770054605.0381677,ADC1,0,servo_1,A,1.125
1770054605.0887978,ADC1,0,servo_1,A,1.646
1770054605.1395578,ADC2,0,bus_voltage,V,11.116
1770054605.1902838,ADC1,0,servo_1,A,1.284
1770054605.2415562,THERM,0,motor_temp,C,68.192
1770054605.2923193,ADC1,0,servo_1,A,0.5
1770054605.3427,ADC1,0,servo_1,A,2.453
1770054605.3933232,THERM,0,motor_temp,C,35.345
1770054605.4448838,ADC1,1,servo_2,A,2.224
1770054605.495434,ADC1,1,servo_2,A,1.629
1770054605.5461662,ADC1,1,servo_2,A,1.862
1770054605.596559,ADC1,0,servo_1,A,1.791
1770054605.6469426,ADC2,0,bus_voltage,V,11.905
1770054605.6974957,ADC2,0,bus_voltage,V,10.131
1770054605.7482724,ADC1,1,servo_2,A,0.906
1770054605.7988634,ADC1,0,servo_1,A,1.439
1770054605.8494627,ADC2,0,bus_voltage,V,11.234
1770054605.9000778,ADC1,1,servo_2,A,2.191
1770054605.9508498,ADC1,1,servo_2,A,2.47
1770054606.0025198,ADC1,1,servo_2,A,1.02
1770054606.052989,ADC2,0,bus_voltage,V,11.891
1770054606.1034257,ADC1,0,servo_1,A,1.174
1770054606.1537216,ADC1,1,servo_2,A,2.048
1770054606.2044258,ADC2,0,bus_voltage,V,10.151
1770054606.2553275,ADC2,0,bus_voltage,V,10.562
1770054606.3059058,ADC2,0,bus_voltage,V,10.908
1770054606.3564136,ADC2,0,bus_voltage,V,10.426
1770054606.4072464,ADC1,1,servo_2,A,2.291
1770054606.4594831,THERM,0,motor_temp,C,25.072
1770054606.5099015,THERM,0,motor_temp,C,25.081
1770054606.5604887,ADC1,1,servo_2,A,0.431
1770054606.61117,ADC2,0,bus_voltage,V,10.314
1770054606.6615946,THERM,0,motor_temp,C,56.08
1770054606.7121184,ADC1,0,servo_1,A,0.929
1770054606.7625127,ADC2,0,bus_voltage,V,11.819
1770054606.813156,THERM,0,motor_temp,C,41.965
1770054606.8641896,ADC2,0,bus_voltage,V,10.246
1770054606.9147978,ADC2,0,bus_voltage,V,10.112
1770054606.965594,ADC1,0,servo_1,A,2.072
1770054607.0163734,THERM,0,motor_temp,C,52.684
1770054607.0669212,THERM,0,motor_temp,C,59.777
1770054607.1176457,ADC1,0,servo_1,A,2.335
1770054607.1681693,ADC1,0,servo_1,A,2.017
1770054607.218471,ADC2,0,bus_voltage,V,12.425
1770054607.2689476,THERM,0,motor_temp,C,57.129
1770054607.3193893,ADC1,1,servo_2,A,1.216
1770054607.370227,THERM,0,motor_temp,C,45.53
1770054607.4206781,THERM,0,motor_temp,C,27.338
1770054607.4710548,ADC1,1,servo_2,A,1.672
1770054607.521568,ADC1,1,servo_2,A,1.766
1770054607.5724196,THERM,0,motor_temp,C,67.258
1770054607.622951,THERM,0,motor_temp,C,58.805
1770054607.6733267,ADC1,0,servo_1,A,0.801
1770054607.7236624,ADC2,0,bus_voltage,V,11.495
1770054607.7744515,ADC2,0,bus_voltage,V,11.15
1770054607.8250387,ADC2,0,bus_voltage,V,10.039
1770054607.8759441,ADC1,0,servo_1,A,0.518
1770054607.9263868,ADC1,1,servo_2,A,1.12
1770054607.977069,ADC2,0,bus_voltage,V,11.781
1770054608.027824,ADC1,1,servo_2,A,1.238
1770054608.0782342,ADC1,0,servo_1,A,1.934
1770054608.1286879,ADC2,0,bus_voltage,V,12.245
1770054608.1791787,ADC1,0,servo_1,A,1.698
1770054608.2296348,THERM,0,motor_temp,C,66.253
1770054608.2802112,ADC1,0,servo_1,A,0.481
1770054608.330658,ADC1,0,servo_1,A,2.093
1770054608.381079,THERM,0,motor_temp,C,37.685
1770054608.4316275,THERM,0,motor_temp,C,30.191
1770054608.4822354,ADC1,0,servo_1,A,1.556
1770054608.532766,ADC1,1,servo_2,A,0.441
1770054608.5833082,ADC1,0,servo_1,A,2.188
1770054608.6338696,ADC1,1,servo_2,A,1.598
1770054608.6846995,ADC1,1,servo_2,A,1.447
1770054608.7355824,ADC1,0,servo_1,A,1.936
1770054608.7860956,ADC2,0,bus_voltage,V,11.888
1770054608.8366117,ADC2,0,bus_voltage,V,10.798
1770054608.8873897,ADC1,1,servo_2,A,0.427
1770054608.9377203,THERM,0,motor_temp,C,47.583
1770054608.9884412,ADC1,1,servo_2,A,1.032
1770054609.0392046,ADC1,0,servo_1,A,1.503
1770054609.0896146,THERM,0,motor_temp,C,33.637
1770054609.1399775,THERM,0,motor_temp,C,26.245
1770054609.190804,THERM,0,motor_temp,C,50.081
1770054609.2414362,ADC1,0,servo_1,A,1.11
1770054609.2929242,ADC2,0,bus_voltage,V,12.235
1770054609.3448117,ADC2,0,bus_voltage,V,10.79
1770054609.3954937,ADC1,0,servo_1,A,1.551
1770054609.446023,ADC2,0,bus_voltage,V,10.356
1770054609.4966211,ADC1,1,servo_2,A,1.55
1770054609.54816,THERM,0,motor_temp,C,59.261
1770054609.598666,ADC1,0,servo_1,A,0.217
1770054609.6494846,ADC2,0,bus_voltage,V,11.721
1770054609.7001815,THERM,0,motor_temp,C,32.194
1770054609.7507296,ADC1,0,servo_1,A,1.875
1770054609.8012874,ADC1,0,servo_1,A,2.185
1770054609.852132,THERM,0,motor_temp,C,54.959
1770054609.9026055,THERM,0,motor_temp,C,33.533
1770054609.9533515,ADC2,0,bus_voltage,V,11.372
1770054610.0038693,ADC2,0,bus_voltage,V,10.914
1770054610.0542886,ADC1,0,servo_1,A,1.419
1770054610.1048234,ADC1,1,servo_2,A,1.756
1770054610.1554315,ADC2,0,bus_voltage,V,11.134
1770054610.206017,THERM,0,motor_temp,C,27.223
1770054610.256813,ADC2,0,bus_voltage,V,12.474
1770054610.3075147,ADC1,0,servo_1,A,0.766
1770054610.3578987,ADC1,1,servo_2,A,0.978
1770054610.4083977,THERM,0,motor_temp,C,46.787
1770054610.4590993,ADC1,1,servo_2,A,2.113
1770054610.5095363,ADC1,0,servo_1,A,1.705
1770054610.560037,ADC2,0,bus_voltage,V,11.66
1770054610.6105263,ADC1,1,servo_2,A,1.98
1770054610.6624718,ADC2,0,bus_voltage,V,12.345
1770054610.7141123,ADC1,1,servo_2,A,2.033
1770054610.7646387,ADC2,0,bus_voltage,V,10.894
1770054610.8152435,ADC2,0,bus_voltage,V,12.266
1770054610.866847,THERM,0,motor_temp,C,30.922
1770054610.9175265,ADC1,1,servo_2,A,1.494
1770054610.9680896,ADC2,0,bus_voltage,V,12.406
1770054611.0189683,ADC1,0,servo_1,A,0.202
1770054611.0698133,ADC1,1,servo_2,A,0.209
1770054611.121255,ADC1,0,servo_1,A,2.321
1770054611.17194,ADC2,0,bus_voltage,V,11.184
1770054611.2224352,ADC2,0,bus_voltage,V,11.966
1770054611.2731335,ADC2,0,bus_voltage,V,10.102
1770054611.323921,ADC1,1,servo_2,A,0.568
1770054611.374193,ADC1,0,servo_1,A,1.968
1770054611.4247153,ADC2,0,bus_voltage,V,11.192
1770054611.4755213,THERM,0,motor_temp,C,69.854
1770054611.5258574,ADC2,0,bus_voltage,V,10.588
1770054611.5772662,THERM,0,motor_temp,C,28.036
1770054611.6283274,ADC1,0,servo_1,A,1.486
1770054611.6788182,ADC1,1,servo_2,A,1.138
1770054611.7291589,ADC1,1,servo_2,A,0.718
1770054611.7795384,THERM,0,motor_temp,C,59.04
1770054611.8301356,ADC2,0,bus_voltage,V,12.099
1770054611.8865588,THERM,0,motor_temp,C,65.641
1770054611.940394,ADC1,1,servo_2,A,2.215
1770054611.9920526,ADC2,0,bus_voltage,V,11.396
1770054612.042368,ADC1,1,servo_2,A,2.323
1770054612.093074,ADC1,0,servo_1,A,0.866
1770054612.1434324,ADC1,1,servo_2,A,1.66
1770054612.1942062,ADC1,0,servo_1,A,1.772
1770054612.2448246,ADC1,1,servo_2,A,1.83
1770054612.2957902,ADC2,0,bus_voltage,V,10.156
1770054612.3480256,THERM,0,motor_temp,C,44.648
1770054612.3985357,THERM,0,motor_temp,C,68.903
1770054612.4489374,ADC1,0,servo_1,A,2.146
1770054612.49927,ADC2,0,bus_voltage,V,11.458
1770054612.549802,THERM,0,motor_temp,C,69.657
1770054612.6002536,ADC1,0,servo_1,A,1.048
1770054612.6509755,ADC1,1,servo_2,A,1.937
1770054612.7017412,ADC1,0,servo_1,A,0.493
1770054612.7525527,ADC1,1,servo_2,A,0.788
1770054612.8030643,THERM,0,motor_temp,C,42.051
1770054612.8534524,ADC2,0,bus_voltage,V,10.946
1770054612.9042206,ADC1,1,servo_2,A,0.896
1770054612.955118,THERM,0,motor_temp,C,32.647
1770054613.0054984,ADC1,1,servo_2,A,1.838
1770054613.0558863,ADC1,0,servo_1,A,1.725
1770054613.1063485,ADC2,0,bus_voltage,V,11.443
1770054613.1572492,ADC1,1,servo_2,A,0.246
1770054613.2078211,THERM,0,motor_temp,C,39.372
1770054613.258235,ADC1,1,servo_2,A,1.435
1770054613.3096304,ADC2,0,bus_voltage,V,11.588
1770054613.3600242,ADC1,0,servo_1,A,1.488
1770054613.4106014,ADC1,0,servo_1,A,1.976
1770054613.4613767,ADC2,0,bus_voltage,V,12.154
1770054613.512032,ADC1,0,servo_1,A,2.075
1770054613.56276,THERM,0,motor_temp,C,66.783
1770054613.6134868,ADC1,1,servo_2,A,1.355
1770054613.6641004,ADC2,0,bus_voltage,V,11.088
1770054613.714825,ADC1,0,servo_1,A,1.903
1770054613.7655416,ADC1,1,servo_2,A,1.821
1770054613.8198295,ADC2,0,bus_voltage,V,10.407
1770054613.8724406,ADC1,1,servo_2,A,0.971
1770054613.9251041,THERM,0,motor_temp,C,27.865
1770054613.9766214,ADC2,0,bus_voltage,V,11.763
1770054614.0276668,ADC1,0,servo_1,A,2.49
1770054614.078231,ADC1,1,servo_2,A,1.567
1770054614.1287813,ADC2,0,bus_voltage,V,11.081
1770054614.1795716,ADC1,0,servo_1,A,0.298
1770054614.2302895,ADC2,0,bus_voltage,V,11.717
1770054614.282872,THERM,0,motor_temp,C,61.487
1770054614.3334754,THERM,0,motor_temp,C,25.794
1770054614.3841558,ADC1,0,servo_1,A,1.998
1770054614.4348001,ADC1,1,servo_2,A,1.036
1770054614.485235,THERM,0,motor_temp,C,55.838
1770054614.5358598,ADC2,0,bus_voltage,V,12.54
1770054614.5865057,ADC1,0,servo_1,A,0.905
1770054614.6373134,ADC1,0,servo_1,A,1.808
1770054614.6878784,ADC1,1,servo_2,A,0.485
1770054614.7383745,ADC2,0,bus_voltage,V,11.878
1770054614.788822,ADC2,0,bus_voltage,V,10.316
1770054614.8394697,ADC2,0,bus_voltage,V,10.337
1770054614.8909795,THERM,0,motor_temp,C,42.388
1770054614.9418166,ADC2,0,bus_voltage,V,11.503
1770054614.9925776,ADC2,0,bus_voltage,V,11.985
1770054615.0432465,ADC1,0,servo_1,A,0.396
1770054615.0959442,ADC2,0,bus_voltage,V,10.367
1770054615.146639,ADC1,0,servo_1,A,1.572
1770054615.1971443,ADC1,1,servo_2,A,0.409
1770054615.2477715,ADC2,0,bus_voltage,V,10.118
1770054615.2981348,THERM,0,motor_temp,C,65.899
1770054615.348725,ADC1,1,servo_2,A,0.203
1770054615.3993301,THERM,0,motor_temp,C,58.823
1770054615.449829,ADC1,1,servo_2,A,1.291
1770054615.5005476,ADC1,1,servo_2,A,0.693
1770054615.5512197,THERM,0,motor_temp,C,28.601
1770054615.6020663,ADC1,1,servo_2,A,2.114
1770054615.6525736,THERM,0,motor_temp,C,60.635
1770054615.7030551,THERM,0,motor_temp,C,36.875
1770054615.7537313,ADC1,0,servo_1,A,1.033
1770054615.8045807,ADC2,0,bus_voltage,V,11.599
1770054615.855284,ADC2,0,bus_voltage,V,11.148
1770054615.9057543,THERM,0,motor_temp,C,51.755
1770054615.9562013,ADC2,0,bus_voltage,V,12.276
1770054616.0067968,ADC2,0,bus_voltage,V,11.699
1770054616.057144,THERM,0,motor_temp,C,59.401
1770054616.1079543,ADC1,1,servo_2,A,1.067
1770054616.1585882,ADC2,0,bus_voltage,V,10.058
1770054616.2089987,ADC1,1,servo_2,A,1.857
1770054616.259353,ADC1,0,servo_1,A,2.49
1770054616.310036,ADC1,1,servo_2,A,0.739
1770054616.3605757,ADC1,0,servo_1,A,0.872
1770054616.4109325,ADC1,1,servo_2,A,0.484
1770054616.4614162,ADC2,0,bus_voltage,V,12.263
1770054616.5139909,ADC1,0,servo_1,A,1.475
1770054616.5644276,ADC1,0,servo_1,A,2.305
1770054616.6159828,ADC1,1,servo_2,A,2.224
1770054616.6673021,ADC1,1,servo_2,A,2.111
1770054616.718122,ADC2,0,bus_voltage,V,10.508
1770054616.7686088,THERM,0,motor_temp,C,37.797
1770054616.819257,ADC1,1,servo_2,A,0.57
1770054616.8696306,THERM,0,motor_temp,C,28.762
1770054616.926101,THERM,0,motor_temp,C,29.289
1770054616.9770637,ADC2,0,bus_voltage,V,11.365
1770054617.0278323,ADC1,0,servo_1,A,0.654
1770054617.078623,ADC1,1,servo_2,A,2.388
1770054617.1292624,ADC1,1,servo_2,A,0.933
1770054617.179771,ADC1,0,servo_1,A,2.003
1770054617.230181,ADC2,0,bus_voltage,V,10.145
1770054617.281846,ADC1,1,servo_2,A,2.279
1770054617.3332849,THERM,0,motor_temp,C,47.971
1770054617.383977,ADC1,1,servo_2,A,1.261
1770054617.4348028,THERM,0,motor_temp,C,52.653
1770054617.4851933,THERM,0,motor_temp,C,61.743
1770054617.5355227,ADC2,0,bus_voltage,V,11.695
1770054617.5861328,ADC1,1,servo_2,A,1.181
1770054617.6368732,THERM,0,motor_temp,C,28.188
1770054617.687619,ADC1,1,servo_2,A,0.389
1770054617.7384226,ADC2,0,bus_voltage,V,10.681
1770054617.789223,ADC1,1,servo_2,A,0.884
1770054617.8400645,ADC1,1,servo_2,A,1.418
1770054617.8908608,ADC2,0,bus_voltage,V,12.295
1770054617.9417257,ADC1,0,servo_1,A,1.692
1770054617.9922197,ADC1,1,servo_2,A,1.063
1770054618.042725,ADC2,0,bus_voltage,V,10.756
1770054618.0931485,ADC2,0,bus_voltage,V,12.094
1770054618.1439006,ADC1,0,servo_1,A,0.535
1770054618.1943982,ADC1,1,servo_2,A,2.366
1770054618.244992,THERM,0,motor_temp,C,45.391
1770054618.2957108,THERM,0,motor_temp,C,57.228
1770054618.3465447,THERM,0,motor_temp,C,68.043
1770054618.3973157,ADC1,0,servo_1,A,2.084
1770054618.4479082,ADC2,0,bus_voltage,V,11.513
1770054618.4983048,ADC2,0,bus_voltage,V,10.165
1770054618.5491674,ADC2,0,bus_voltage,V,11.915
1770054618.5995507,ADC1,0,servo_1,A,1.543
1770054618.6503844,ADC2,0,bus_voltage,V,10.64
1770054618.7011328,ADC1,1,servo_2,A,1.88
1770054618.7517698,ADC1,0,servo_1,A,2.353
1770054618.8021245,ADC2,0,bus_voltage,V,11.531
1770054618.8525507,ADC1,1,servo_2,A,0.995
1770054618.9032161,ADC2,0,bus_voltage,V,12.379
1770054618.9541156,ADC1,1,servo_2,A,1.565
1770054619.0047708,THERM,0,motor_temp,C,68.871
1770054619.0554464,ADC1,1,servo_2,A,1.98
1770054619.1060252,THERM,0,motor_temp,C,35.143
1770054619.1567852,ADC1,1,servo_2,A,0.294
1770054619.2072566,ADC2,0,bus_voltage,V,10.674
1770054619.25805,ADC1,0,servo_1,A,0.911
1770054619.3089526,ADC1,0,servo_1,A,0.391
1770054619.3596032,THERM,0,motor_temp,C,62.564
1770054619.4098756,ADC1,1,servo_2,A,2.327
1770054619.4603891,ADC2,0,bus_voltage,V,11.309
1770054619.5108237,ADC1,0,servo_1,A,1.387
1770054619.5612917,ADC2,0,bus_voltage,V,12.516
1770054619.6118834,ADC2,0,bus_voltage,V,11.626
1770054619.6627266,ADC1,1,servo_2,A,1.155
1770054619.7133787,ADC2,0,bus_voltage,V,11.017
1770054619.7640839,ADC1,0,servo_1,A,0.212
1770054619.8150237,ADC2,0,bus_voltage,V,12.497
1770054619.865861,THERM,0,motor_temp,C,61.196
1770054619.916418,THERM,0,motor_temp,C,29.216
1770054619.9669633,ADC2,0,bus_voltage,V,10.651
1770054620.0177004,ADC1,1,servo_2,A,1.395
1770054620.0713475,THERM,0,motor_temp,C,38.01
1770054620.1223133,ADC2,0,bus_voltage,V,11.19
1770054620.1731017,ADC2,0,bus_voltage,V,11.041
1770054620.2238362,ADC1,0,servo_1,A,0.89
1770054620.2748923,ADC1,1,servo_2,A,0.691
1770054620.3252687,ADC1,0,servo_1,A,0.553
1770054620.3758852,ADC1,1,servo_2,A,2.197
1770054620.4262843,ADC1,0,servo_1,A,2.221
1770054620.4766524,ADC1,0,servo_1,A,1.43
1770054620.5270016,ADC2,0,bus_voltage,V,10.228
1770054620.577734,ADC1,1,servo_2,A,0.531
1770054620.6283789,THERM,0,motor_temp,C,34.119
1770054620.6787207,THERM,0,motor_temp,C,59.699
1770054620.7292283,ADC1,1,servo_2,A,1.762
1770054620.7798228,THERM,0,motor_temp,C,60.069
1770054620.8312225,THERM,0,motor_temp,C,44.756
1770054620.881745,THERM,0,motor_temp,C,52.791
1770054620.932274,ADC2,0,bus_voltage,V,10.417
1770054620.9829419,ADC1,0,servo_1,A,1.665
1770054621.033639,ADC2,0,bus_voltage,V,10.059
1770054621.0840175,ADC1,1,servo_2,A,1.928
1770054621.1361444,ADC1,0,servo_1,A,1.455
1770054621.186884,ADC1,0,servo_1,A,1.583
1770054621.2376401,ADC1,1,servo_2,A,0.853
1770054621.2882302,THERM,0,motor_temp,C,27.442
1770054621.3387005,THERM,0,motor_temp,C,66.68
1770054621.3891928,ADC1,1,servo_2,A,1.069
1770054621.4398959,ADC2,0,bus_voltage,V,12.018
1770054621.4905694,ADC2,0,bus_voltage,V,12.226
1770054621.541054,THERM,0,motor_temp,C,48.276
1770054621.5917869,ADC1,0,servo_1,A,0.665
1770054621.6424117,ADC1,1,servo_2,A,1.257
1770054621.6928868,ADC2,0,bus_voltage,V,11.775
1770054621.743465,ADC1,0,servo_1,A,2.437
1770054621.7948549,ADC1,0,servo_1,A,1.221
1770054621.8454235,ADC2,0,bus_voltage,V,12.065
1770054621.896006,THERM,0,motor_temp,C,63.399
1770054621.9468477,THERM,0,motor_temp,C,59.921
1770054621.9978411,ADC1,1,servo_2,A,1.493
1770054622.048351,ADC1,0,servo_1,A,0.411
1770054622.0991235,ADC2,0,bus_voltage,V,11.117
1770054622.1496305,ADC2,0,bus_voltage,V,11.135
1770054622.2009385,ADC1,1,servo_2,A,2.077
1770054622.2514641,ADC1,1,servo_2,A,1.086
1770054622.3020742,ADC1,0,servo_1,A,0.594
1770054622.3528545,ADC1,1,servo_2,A,0.561
1770054622.403443,THERM,0,motor_temp,C,68.018
1770054622.4538655,ADC2,0,bus_voltage,V,10.68
1770054622.5045528,ADC2,0,bus_voltage,V,12.375
1770054622.5553722,ADC1,0,servo_1,A,0.778
1770054622.6058068,ADC1,1,servo_2,A,0.681
1770054622.6567175,THERM,0,motor_temp,C,52.838
1770054622.7073393,THERM,0,motor_temp,C,36.084
1770054622.758045,THERM,0,motor_temp,C,68.566
1770054622.8090003,THERM,0,motor_temp,C,28.01
1770054622.8595405,THERM,0,motor_temp,C,61.281
1770054622.9099658,THERM,0,motor_temp,C,50.878
1770054622.9606752,ADC1,1,servo_2,A,0.392
1770054623.0112245,ADC1,1,servo_2,A,2.241
1770054623.0620134,ADC1,1,servo_2,A,0.838
1770054623.1129057,THERM,0,motor_temp,C,66.182
1770054623.163298,ADC1,1,servo_2,A,0.538
1770054623.2136683,THERM,0,motor_temp,C,42.981
1770054623.2639632,ADC2,0,bus_voltage,V,12.061
1770054623.3145676,THERM,0,motor_temp,C,55.894
1770054623.3649652,ADC1,0,servo_1,A,0.272
1770054623.4155269,ADC1,1,servo_2,A,0.552
1770054623.4662797,ADC1,0,servo_1,A,2.259
1770054623.5167465,ADC2,0,bus_voltage,V,11.207
1770054623.567215,ADC1,1,servo_2,A,1.599
1770054623.618023,ADC2,0,bus_voltage,V,10.468
1770054623.6685667,ADC1,1,servo_2,A,2.337
1770054623.7191005,ADC2,0,bus_voltage,V,12.544
1770054623.769858,ADC1,1,servo_2,A,0.704
1770054623.8203917,ADC1,1,servo_2,A,2.103
1770054623.870927,ADC1,0,servo_1,A,1.451
1770054623.9213727,ADC2,0,bus_voltage,V,10.331
1770054623.971762,THERM,0,motor_temp,C,59.116
1770054624.0224745,ADC1,1,servo_2,A,1.567
1770054624.0728998,ADC1,0,servo_1,A,1.882
1770054624.1233437,THERM,0,motor_temp,C,25.302
1770054624.173829,ADC1,1,servo_2,A,0.322
1770054624.224174,ADC1,1,servo_2,A,2.086
1770054624.2746997,THERM,0,motor_temp,C,57.891
1770054624.3252745,ADC1,0,servo_1,A,0.454
1770054624.3756013,ADC1,1,servo_2,A,1.86
1770054624.4261293,ADC1,0,servo_1,A,2.216
1770054624.4766982,ADC1,1,servo_2,A,1.924
1770054624.5274675,ADC2,0,bus_voltage,V,10.726
1770054624.5779762,ADC1,0,servo_1,A,1.389
1770054624.628644,ADC1,0,servo_1,A,1.265
1770054624.679095,ADC1,1,servo_2,A,1.303
1770054624.7298396,THERM,0,motor_temp,C,47.577
1770054624.7803245,THERM,0,motor_temp,C,56.142
1770054624.8307416,ADC1,0,servo_1,A,0.96
1770054624.8817894,ADC1,0,servo_1,A,2.108
1770054624.9322803,ADC1,0,servo_1,A,0.208
1770054624.983058,ADC2,0,bus_voltage,V,10.636
1770054625.033781,ADC1,0,servo_1,A,1.454
1770054625.0849674,THERM,0,motor_temp,C,52.434
1770054625.135454,ADC2,0,bus_voltage,V,12.395
1770054625.1859517,ADC1,1,servo_2,A,0.655
1770054625.236544,THERM,0,motor_temp,C,35.097
1770054625.2872717,THERM,0,motor_temp,C,67.323
1770054625.3397493,ADC1,0,servo_1,A,0.964
1770054625.3904836,ADC1,0,servo_1,A,1.647
1770054625.4409134,ADC1,1,servo_2,A,2.437
1770054625.4913573,ADC1,1,servo_2,A,2.104
1770054625.5423393,THERM,0,motor_temp,C,69.308
1770054625.5931745,ADC2,0,bus_voltage,V,12.283
1770054625.6438043,THERM,0,motor_temp,C,33.833
1770054625.6943986,ADC2,0,bus_voltage,V,11.694
1770054625.7452044,ADC2,0,bus_voltage,V,10.161
1770054625.795834,THERM,0,motor_temp,C,61.766
1770054625.846571,ADC2,0,bus_voltage,V,10.55
1770054625.896995,THERM,0,motor_temp,C,25.188
1770054625.947681,THERM,0,motor_temp,C,31.893
1770054625.9980953,ADC2,0,bus_voltage,V,10.649
1770054626.048565,THERM,0,motor_temp,C,67.715
1770054626.099387,ADC2,0,bus_voltage,V,11.428
1770054626.150091,ADC2,0,bus_voltage,V,10.789
1770054626.200817,ADC2,0,bus_voltage,V,11.857
1770054626.2512345,THERM,0,motor_temp,C,59.619
1770054626.301846,THERM,0,motor_temp,C,46.365
1770054626.3522127,THERM,0,motor_temp,C,49.612
1770054626.402818,ADC1,1,servo_2,A,2.397
1770054626.4532137,ADC1,0,servo_1,A,1.754
1770054626.5039299,ADC1,0,servo_1,A,2.403
1770054626.5547192,ADC2,0,bus_voltage,V,11.715
1770054626.6055248,ADC1,0,servo_1,A,2.433
1770054626.6559453,ADC2,0,bus_voltage,V,11.261
1770054626.7063603,ADC1,0,servo_1,A,1.777
1770054626.757176,THERM,0,motor_temp,C,55.931
1770054626.8080587,ADC1,1,servo_2,A,1.853
1770054626.8586454,ADC2,0,bus_voltage,V,12.462
1770054626.9089859,ADC1,0,servo_1,A,0.661
1770054626.9594984,THERM,0,motor_temp,C,48.497
1770054627.0103135,ADC1,1,servo_2,A,1.398
1770054627.0609534,THERM,0,motor_temp,C,51.816
1770054627.1115804,ADC1,1,servo_2,A,0.492
1770054627.1627378,ADC1,0,servo_1,A,1.738
1770054627.2135167,ADC2,0,bus_voltage,V,12.378
1770054627.2642803,THERM,0,motor_temp,C,28.195
1770054627.3149257,ADC1,1,servo_2,A,2.489
1770054627.3652394,ADC1,0,servo_1,A,0.303
1770054627.4157152,ADC2,0,bus_voltage,V,11.074
1770054627.466045,ADC1,1,servo_2,A,0.902
1770054627.5165875,THERM,0,motor_temp,C,59.761
1770054627.5671666,ADC2,0,bus_voltage,V,11.161
1770054627.6177912,ADC2,0,bus_voltage,V,11.811
1770054627.668457,ADC2,0,bus_voltage,V,11.312
1770054627.718957,ADC1,0,servo_1,A,1.546
1770054627.7693143,ADC1,1,servo_2,A,0.324
1770054627.8196695,ADC1,0,servo_1,A,0.462
1770054627.8704624,ADC1,1,servo_2,A,1.137
1770054627.9210625,THERM,0,motor_temp,C,55.027
1770054627.9716554,ADC1,1,servo_2,A,0.878
1770054628.0223126,ADC1,1,servo_2,A,0.286
1770054628.0728412,ADC1,0,servo_1,A,2.397
1770054628.123611,ADC1,1,servo_2,A,1.598
1770054628.1744566,ADC1,1,servo_2,A,2.264
1770054628.225138,ADC1,1,servo_2,A,0.642
1770054628.2755446,ADC2,0,bus_voltage,V,11.231
1770054628.3259346,ADC2,0,bus_voltage,V,10.171
1770054628.3763735,ADC1,1,servo_2,A,0.347
1770054628.427207,ADC1,1,servo_2,A,0.931
1770054628.4777026,ADC1,1,servo_2,A,1.403
1770054628.528452,ADC2,0,bus_voltage,V,10.67
1770054628.578902,ADC2,0,bus_voltage,V,11.472
1770054628.6296828,THERM,0,motor_temp,C,37.846
1770054628.680064,ADC1,1,servo_2,A,0.643
1770054628.7304482,ADC2,0,bus_voltage,V,10.514
1770054628.7808053,ADC1,1,servo_2,A,1.264
1770054628.8313344,ADC2,0,bus_voltage,V,10.567
1770054628.8828404,ADC1,1,servo_2,A,0.803
1770054628.9343,ADC2,0,bus_voltage,V,12.527
1770054628.9851217,THERM,0,motor_temp,C,27.696
1770054629.0359416,ADC1,0,servo_1,A,1.367
1770054629.0863721,ADC2,0,bus_voltage,V,12.57
1770054629.1380403,ADC1,0,servo_1,A,1.526
1770054629.1888325,THERM,0,motor_temp,C,69.051
1770054629.2395835,ADC1,0,servo_1,A,0.833
1770054629.2903392,ADC1,0,servo_1,A,2.494
1770054629.341098,THERM,0,motor_temp,C,63.326
1770054629.3913853,THERM,0,motor_temp,C,48.2
1770054629.4421144,ADC1,1,servo_2,A,2.175
1770054629.4924123,ADC1,0,servo_1,A,0.494
1770054629.5428102,THERM,0,motor_temp,C,48.309
1770054629.593426,ADC1,1,servo_2,A,1.174
1770054629.6441073,ADC1,0,servo_1,A,1.125
1770054629.6944134,THERM,0,motor_temp,C,66.447
1770054629.7450492,ADC1,0,servo_1,A,0.685
1770054629.7953455,THERM,0,motor_temp,C,65.102
1770054629.845975,ADC1,0,servo_1,A,0.735
1770054629.8965044,ADC2,0,bus_voltage,V,11.855
1770054629.9470093,ADC1,1,servo_2,A,0.818
1770054629.9976394,ADC1,1,servo_2,A,1.323
1770054630.0485363,THERM,0,motor_temp,C,51.676
1770054630.0991168,THERM,0,motor_temp,C,41.242
1770054630.1496015,ADC1,1,servo_2,A,0.936
1770054630.2000883,ADC2,0,bus_voltage,V,11.286
1770054630.2504275,THERM,0,motor_temp,C,45.415
1770054630.3009624,ADC1,0,servo_1,A,1.241
1770054630.3514764,ADC2,0,bus_voltage,V,11.597
1770054630.4018538,ADC1,0,servo_1,A,1.293
1770054630.4523206,ADC1,0,servo_1,A,0.968
1770054630.5027893,ADC2,0,bus_voltage,V,11.473
1770054630.5533028,THERM,0,motor_temp,C,69.388
1770054630.6040761,ADC2,0,bus_voltage,V,11.477
1770054630.654525,THERM,0,motor_temp,C,48.64
1770054630.7061996,ADC1,0,servo_1,A,2.259
1770054630.7568438,THERM,0,motor_temp,C,38.881
1770054630.8076298,ADC1,0,servo_1,A,1.483
1770054630.8584394,THERM,0,motor_temp,C,40.948
1770054630.90908,THERM,0,motor_temp,C,33.26
1770054630.9597812,THERM,0,motor_temp,C,45.172
1770054631.0104005,ADC2,0,bus_voltage,V,10.08
1770054631.0612037,ADC2,0,bus_voltage,V,12.339
1770054631.1115968,ADC1,0,servo_1,A,0.418
1770054631.162377,ADC1,1,servo_2,A,1.461
1770054631.212922,ADC2,0,bus_voltage,V,11.994
1770054631.2638035,ADC1,1,servo_2,A,2.19
1770054631.314511,ADC1,0,servo_1,A,0.945
1770054631.364965,ADC1,0,servo_1,A,1.127
1770054631.4153898,THERM,0,motor_temp,C,51.843
1770054631.4659853,THERM,0,motor_temp,C,66.653
1770054631.5166523,ADC1,0,servo_1,A,1.81
1770054631.5670729,ADC1,1,servo_2,A,1.905
1770054631.6177864,ADC1,1,servo_2,A,1.455
1770054631.6685643,ADC1,0,servo_1,A,1.852
1770054631.7193415,ADC2,0,bus_voltage,V,11.411
1770054631.770051,ADC2,0,bus_voltage,V,11.902
1770054631.8206475,ADC1,0,servo_1,A,0.78
1770054631.871242,THERM,0,motor_temp,C,67.53
1770054631.9218576,THERM,0,motor_temp,C,58.688
1770054631.9726522,THERM,0,motor_temp,C,55.001
1770054632.0231757,ADC1,1,servo_2,A,0.932
1770054632.0737822,ADC1,0,servo_1,A,2.476
1770054632.124395,THERM,0,motor_temp,C,62.582
1770054632.1752703,ADC2,0,bus_voltage,V,10.994
1770054632.2260137,THERM,0,motor_temp,C,47.941
1770054632.276577,ADC1,1,servo_2,A,1.14
1770054632.3271804,ADC2,0,bus_voltage,V,10.321
1770054632.377654,ADC1,1,servo_2,A,0.66
1770054632.428368,ADC1,0,servo_1,A,1.125
1770054632.4790385,ADC1,1,servo_2,A,2.088
1770054632.5294652,THERM,0,motor_temp,C,27.352
1770054632.579825,THERM,0,motor_temp,C,43.268
1770054632.630489,ADC1,1,servo_2,A,1.618
1770054632.6813228,ADC2,0,bus_voltage,V,12.174
1770054632.7321017,ADC1,1,servo_2,A,1.799
1770054632.7828453,THERM,0,motor_temp,C,56.234
1770054632.8336017,ADC1,0,servo_1,A,0.554
1770054632.884262,ADC1,1,servo_2,A,2.169
1770054632.934892,THERM,0,motor_temp,C,26.423
1770054632.9855785,THERM,0,motor_temp,C,57.307
1770054633.036172,THERM,0,motor_temp,C,41.571
1770054633.0871048,ADC2,0,bus_voltage,V,10.601
1770054633.137524,ADC1,1,servo_2,A,1.741
1770054633.187927,ADC1,0,servo_1,A,0.262
1770054633.238618,ADC1,0,servo_1,A,1.925
1770054633.2889388,ADC2,0,bus_voltage,V,10.582
1770054633.3393948,ADC1,0,servo_1,A,1.368
1770054633.3901253,THERM,0,motor_temp,C,48.225
1770054633.4407523,THERM,0,motor_temp,C,66.01
1770054633.4912145,THERM,0,motor_temp,C,68.655
1770054633.5418427,ADC2,0,bus_voltage,V,10.374
1770054633.5925877,THERM,0,motor_temp,C,55.276
1770054633.642938,ADC1,1,servo_2,A,2.44
1770054633.6932075,THERM,0,motor_temp,C,38.95
1770054633.743702,ADC2,0,bus_voltage,V,11.52
1770054633.7942357,THERM,0,motor_temp,C,53.089
1770054633.8447013,ADC1,0,servo_1,A,2.329
1770054633.8953583,ADC1,0,servo_1,A,1.444
1770054633.947526,ADC1,1,servo_2,A,1.913
1770054633.9997706,ADC1,1,servo_2,A,0.435
1770054634.050268,THERM,0,motor_temp,C,26.88
1770054634.100876,THERM,0,motor_temp,C,30.966
1770054634.1516418,ADC1,1,servo_2,A,1.252
1770054634.2022076,ADC2,0,bus_voltage,V,10.891
1770054634.2530417,ADC1,0,servo_1,A,1.473
1770054634.3034637,ADC1,0,servo_1,A,1.642
1770054634.3539994,ADC2,0,bus_voltage,V,11.095
1770054634.404881,ADC1,1,servo_2,A,0.725
1770054634.4555445,ADC1,0,servo_1,A,0.88
1770054634.5061421,ADC2,0,bus_voltage,V,11.344
1770054634.5568428,THERM,0,motor_temp,C,42.337
1770054634.6081583,THERM,0,motor_temp,C,62.698
1770054634.6587489,THERM,0,motor_temp,C,38.538
1770054634.7094085,THERM,0,motor_temp,C,54.009
1770054634.7605882,ADC2,0,bus_voltage,V,12.588
1770054634.8113294,ADC2,0,bus_voltage,V,10.291
1770054634.8623838,ADC1,1,servo_2,A,1.691
1770054634.9130733,THERM,0,motor_temp,C,51.673
1770054634.96364,ADC1,0,servo_1,A,0.942
1770054635.0143554,ADC1,1,servo_2,A,0.597
1770054635.0649211,ADC1,1,servo_2,A,1.632
1770054635.1153605,ADC1,0,servo_1,A,2.492
1770054635.1661065,ADC2,0,bus_voltage,V,10.917
1770054635.2169552,ADC2,0,bus_voltage,V,12.311
1770054635.267879,ADC1,1,servo_2,A,2.325
1770054635.3185978,ADC1,0,servo_1,A,1.796
1770054635.3689907,ADC1,0,servo_1,A,1.282
1770054635.4198236,ADC2,0,bus_voltage,V,11.707
1770054635.4713902,ADC1,1,servo_2,A,1.201
1770054635.5224807,THERM,0,motor_temp,C,55.239
1770054635.5731657,ADC1,0,servo_1,A,0.836
1770054635.623609,THERM,0,motor_temp,C,56.993
1770054635.674268,ADC1,0,servo_1,A,0.328
1770054635.7250981,ADC1,0,servo_1,A,0.562
1770054635.775611,ADC2,0,bus_voltage,V,11.036
1770054635.8260021,THERM,0,motor_temp,C,58.677
1770054635.8764653,ADC1,1,servo_2,A,1.804
1770054635.9271076,ADC1,0,servo_1,A,1.237
1770054635.9777057,THERM,0,motor_temp,C,38.491
1770054636.0283399,THERM,0,motor_temp,C,34.274
1770054636.0787601,ADC1,1,servo_2,A,1.062
1770054636.1295066,ADC1,0,servo_1,A,0.681
1770054636.1805055,ADC2,0,bus_voltage,V,10.236
1770054636.2311592,ADC2,0,bus_voltage,V,12.355
1770054636.2816448,ADC1,0,servo_1,A,0.685
1770054636.3324177,ADC1,0,servo_1,A,2.28
1770054636.3829887,ADC1,0,servo_1,A,2.434
1770054636.4394963,THERM,0,motor_temp,C,69.468
1770054636.4897113,THERM,0,motor_temp,C,25.355
1770054636.5407686,ADC1,1,servo_2,A,0.535
1770054636.591181,ADC2,0,bus_voltage,V,10.928
1770054636.6424048,ADC2,0,bus_voltage,V,11.96
1770054636.6929743,THERM,0,motor_temp,C,69.641
1770054636.7442443,THERM,0,motor_temp,C,53.554
1770054636.7945518,ADC2,0,bus_voltage,V,11.225
1770054636.8449993,ADC2,0,bus_voltage,V,10.819
1770054636.895778,THERM,0,motor_temp,C,48.39
1770054636.9474747,ADC1,0,servo_1,A,0.542
1770054636.997979,ADC2,0,bus_voltage,V,11.63
1770054637.0484755,ADC1,1,servo_2,A,0.922
1770054637.0989492,ADC1,0,servo_1,A,1.587
1770054637.1497881,THERM,0,motor_temp,C,55.671
1770054637.2004852,ADC1,0,servo_1,A,2.41
1770054637.2511177,ADC1,1,servo_2,A,0.808
1770054637.3017635,ADC2,0,bus_voltage,V,12.29
1770054637.35237,ADC1,0,servo_1,A,1.127
1770054637.4030712,ADC1,1,servo_2,A,2.095
1770054637.4534912,THERM,0,motor_temp,C,30.075
1770054637.5072412,ADC1,1,servo_2,A,0.341
1770054637.5578327,ADC2,0,bus_voltage,V,12.2
1770054637.6084135,ADC1,0,servo_1,A,1.688
1770054637.6595945,THERM,0,motor_temp,C,50.364
1770054637.7099037,ADC1,1,servo_2,A,0.888
1770054637.76041,THERM,0,motor_temp,C,32.182
1770054637.8109736,ADC1,1,servo_2,A,1.364
1770054637.8613374,ADC2,0,bus_voltage,V,11.887
1770054637.9120488,ADC1,1,servo_2,A,0.487
1770054637.9626675,ADC2,0,bus_voltage,V,10.822
1770054638.0135508,ADC1,0,servo_1,A,2.278
1770054638.0640676,ADC1,0,servo_1,A,1.657
1770054638.1149116,ADC1,0,servo_1,A,2.391
1770054638.1653771,ADC2,0,bus_voltage,V,12.503
1770054638.216303,ADC2,0,bus_voltage,V,10.133
1770054638.2667994,ADC1,1,servo_2,A,0.472
1770054638.3171988,ADC1,1,servo_2,A,1.841
1770054638.3677995,ADC2,0,bus_voltage,V,10.956
1770054638.4182575,ADC2,0,bus_voltage,V,10.966
1770054638.4688382,THERM,0,motor_temp,C,62.06
1770054638.5196276,ADC1,1,servo_2,A,2.258
1770054638.5704532,THERM,0,motor_temp,C,69.924
1770054638.6211812,THERM,0,motor_temp,C,44.64
1770054638.6717155,THERM,0,motor_temp,C,62.638
1770054638.722428,THERM,0,motor_temp,C,64.516
1770054638.7729125,THERM,0,motor_temp,C,50.931
1770054638.8236904,THERM,0,motor_temp,C,63.902
1770054638.8744314,THERM,0,motor_temp,C,49.401
1770054638.9249008,ADC1,1,servo_2,A,0.733
1770054638.9754274,ADC1,0,servo_1,A,0.414
1770054639.0259676,THERM,0,motor_temp,C,45.875
1770054639.0763476,ADC1,1,servo_2,A,0.458
1770054639.1280005,ADC2,0,bus_voltage,V,10.48
1770054639.178664,ADC1,0,servo_1,A,1.64
1770054639.228963,ADC2,0,bus_voltage,V,10.737
1770054639.2796335,ADC1,0,servo_1,A,1.209
1770054639.3304691,ADC1,1,servo_2,A,0.608
1770054639.3812873,THERM,0,motor_temp,C,57.061
1770054639.431655,ADC1,1,servo_2,A,1.194
1770054639.4821324,ADC1,0,servo_1,A,2.386
1770054639.5326436,ADC1,1,servo_2,A,2.469
1770054639.5834327,ADC1,1,servo_2,A,0.807
1770054639.6337905,ADC1,0,servo_1,A,0.401
1770054639.684057,ADC2,0,bus_voltage,V,11.208
1770054639.7349024,ADC2,0,bus_voltage,V,10.98
1770054639.7852411,THERM,0,motor_temp,C,62.982
1770054639.8360171,ADC2,0,bus_voltage,V,12.482
1770054639.8864322,ADC2,0,bus_voltage,V,11.44
1770054639.9373577,THERM,0,motor_temp,C,37.517
1770054639.9877906,ADC2,0,bus_voltage,V,11.91
1770054640.038509,ADC2,0,bus_voltage,V,10.08
1770054640.0889409,ADC1,0,servo_1,A,0.333
1770054640.1395905,ADC1,0,servo_1,A,0.641
1770054640.1901734,ADC1,0,servo_1,A,0.281
1770054640.2405317,THERM,0,motor_temp,C,68.555
1770054640.291173,THERM,0,motor_temp,C,56.275
1770054640.3418596,ADC1,0,servo_1,A,0.606
1770054640.3928149,ADC1,1,servo_2,A,1.824
1770054640.4432466,ADC1,0,servo_1,A,1.928
1770054640.4937901,ADC1,0,servo_1,A,1.92
1770054640.5442426,ADC1,1,servo_2,A,0.845
1770054640.5948923,ADC1,0,servo_1,A,0.944
1770054640.6455526,ADC1,0,servo_1,A,0.89
1770054640.6962335,ADC1,1,servo_2,A,2.042
1770054640.7468603,ADC1,0,servo_1,A,1.494
1770054640.7977338,ADC2,0,bus_voltage,V,12.045
1770054640.848423,THERM,0,motor_temp,C,53.876
1770054640.8989081,ADC1,1,servo_2,A,1.811
1770054640.9498613,ADC1,0,servo_1,A,2.277
1770054641.000339,THERM,0,motor_temp,C,46.454
1770054641.0511482,ADC1,1,servo_2,A,1.187
1770054641.1018202,ADC1,1,servo_2,A,1.17
1770054641.152307,ADC1,1,servo_2,A,2.226
1770054641.2029836,THERM,0,motor_temp,C,41.51
1770054641.2534006,ADC2,0,bus_voltage,V,12.255
1770054641.3037133,ADC2,0,bus_voltage,V,12.291
1770054641.3544254,ADC2,0,bus_voltage,V,12.314
1770054641.4049718,ADC2,0,bus_voltage,V,11.203
1770054641.4555337,ADC1,1,servo_2,A,1.887
1770054641.5060148,THERM,0,motor_temp,C,62.274
1770054641.5564878,ADC2,0,bus_voltage,V,10.947
1770054641.6068547,ADC1,1,servo_2,A,1.796
1770054641.6573148,ADC1,0,servo_1,A,0.729
1770054641.7080092,THERM,0,motor_temp,C,43.894
1770054641.758609,ADC2,0,bus_voltage,V,11.119
1770054641.8091578,ADC1,1,servo_2,A,1.187
1770054641.8598826,ADC1,1,servo_2,A,2.176
1770054641.9106176,THERM,0,motor_temp,C,55.45
1770054641.9621544,ADC2,0,bus_voltage,V,10.803
1770054642.012783,THERM,0,motor_temp,C,35.573
1770054642.0635788,ADC1,1,servo_2,A,0.338
1770054642.1139874,ADC1,0,servo_1,A,1.742
1770054642.1645777,ADC1,0,servo_1,A,1.623
1770054642.2153366,ADC1,0,servo_1,A,1.204
1770054642.2663293,ADC1,1,servo_2,A,1.972
1770054642.316907,THERM,0,motor_temp,C,49.44
1770054642.36762,THERM,0,motor_temp,C,61.778
1770054642.418468,THERM,0,motor_temp,C,63.917
1770054642.4690378,ADC1,1,servo_2,A,0.802
1770054642.519783,ADC2,0,bus_voltage,V,10.532
1770054642.570582,ADC2,0,bus_voltage,V,11.745
1770054642.6209633,THERM,0,motor_temp,C,28.401
1770054642.6714482,ADC1,1,servo_2,A,2.221
1770054642.7218523,ADC2,0,bus_voltage,V,11.651
1770054642.7725554,ADC1,1,servo_2,A,0.449
1770054642.8230171,ADC1,0,servo_1,A,2.459
1770054642.8733706,ADC1,1,servo_2,A,1.954
1770054642.923876,ADC2,0,bus_voltage,V,11.497
1770054642.97441,THERM,0,motor_temp,C,43.051
1770054643.0248733,THERM,0,motor_temp,C,45.968
1770054643.0756633,ADC1,0,servo_1,A,2.089
1770054643.1272664,ADC1,0,servo_1,A,2.05
1770054643.1783793,THERM,0,motor_temp,C,49.818
1770054643.22871,ADC2,0,bus_voltage,V,11.384
1770054643.279454,THERM,0,motor_temp,C,45.077
1770054643.3300667,ADC2,0,bus_voltage,V,12.251
1770054643.380903,ADC2,0,bus_voltage,V,11.789
1770054643.4314606,ADC1,1,servo_2,A,1.429
1770054643.4821615,THERM,0,motor_temp,C,43.924
1770054643.5326178,THERM,0,motor_temp,C,43.36
1770054643.5832324,ADC1,0,servo_1,A,1.151
1770054643.6336553,ADC1,1,servo_2,A,1.07
1770054643.6841085,ADC1,1,servo_2,A,0.412
1770054643.735715,ADC1,0,servo_1,A,1.559
1770054643.786485,ADC2,0,bus_voltage,V,12.058
1770054643.837011,ADC1,0,servo_1,A,1.69
1770054643.8897452,ADC1,1,servo_2,A,1.195
1770054643.941334,ADC2,0,bus_voltage,V,10.389
1770054643.991769,ADC1,0,servo_1,A,1.877
1770054644.0425034,ADC1,0,servo_1,A,0.843
1770054644.0929735,THERM,0,motor_temp,C,55.26
1770054644.143846,ADC2,0,bus_voltage,V,11.514
1770054644.1945715,ADC1,1,servo_2,A,0.869
1770054644.2452676,ADC1,0,servo_1,A,2.474
1770054644.295762,ADC2,0,bus_voltage,V,11.275
1770054644.3461792,ADC1,1,servo_2,A,0.641
1770054644.3967621,THERM,0,motor_temp,C,45.853
1770054644.4474747,ADC1,0,servo_1,A,1.769
1770054644.498066,ADC1,0,servo_1,A,1.694
1770054644.5488558,THERM,0,motor_temp,C,34.783
1770054644.6002998,THERM,0,motor_temp,C,50.047
1770054644.651102,ADC2,0,bus_voltage,V,10.662
1770054644.7013972,ADC1,1,servo_2,A,1.848
1770054644.7518582,ADC1,1,servo_2,A,0.572
1770054644.8024647,ADC2,0,bus_voltage,V,12.121
1770054644.8531094,ADC1,0,servo_1,A,2.209
1770054644.9037652,ADC1,0,servo_1,A,2.273
1770054644.9543848,ADC1,0,servo_1,A,1.096
1770054645.0047505,ADC2,0,bus_voltage,V,10.598
1770054645.0565581,ADC2,0,bus_voltage,V,12.182
1770054645.1069627,THERM,0,motor_temp,C,35.176
1770054645.1575947,ADC2,0,bus_voltage,V,10.189
1770054645.2080352,ADC2,0,bus_voltage,V,10.352
1770054645.258666,ADC1,1,servo_2,A,2.287
1770054645.309011,ADC1,1,servo_2,A,0.826
1770054645.359847,ADC2,0,bus_voltage,V,10.493
1770054645.4102395,THERM,0,motor_temp,C,42.068
1770054645.4606762,ADC1,0,servo_1,A,0.227
1770054645.5111651,ADC2,0,bus_voltage,V,10.492
1770054645.5620365,ADC1,0,servo_1,A,1.113
1770054645.6129646,ADC2,0,bus_voltage,V,10.996
1770054645.6637344,ADC1,0,servo_1,A,1.382
1770054645.714299,ADC1,1,servo_2,A,1.444
1770054645.7648783,THERM,0,motor_temp,C,33.704
1770054645.8155477,ADC2,0,bus_voltage,V,10.415
1770054645.8660612,ADC1,0,servo_1,A,1.344
1770054645.9170556,ADC1,0,servo_1,A,1.045
1770054645.967975,ADC1,0,servo_1,A,0.857
1770054646.0183325,ADC2,0,bus_voltage,V,10.601
1770054646.0686674,ADC1,0,servo_1,A,0.454
1770054646.119358,ADC1,1,servo_2,A,2.471
1770054646.1700182,THERM,0,motor_temp,C,66.509
1770054646.2205005,ADC1,1,servo_2,A,0.737
1770054646.2713223,ADC1,1,servo_2,A,0.645
1770054646.3217473,ADC1,0,servo_1,A,0.541
1770054646.3724785,ADC1,1,servo_2,A,2.184
1770054646.4232514,ADC1,1,servo_2,A,0.851
1770054646.4743924,THERM,0,motor_temp,C,36.194
1770054646.5250247,ADC1,0,servo_1,A,0.55
1770054646.575559,ADC1,0,servo_1,A,1.59
1770054646.6264262,ADC1,1,servo_2,A,0.306
1770054646.6773136,ADC1,0,servo_1,A,2.054
1770054646.7278783,THERM,0,motor_temp,C,54.643
1770054646.7783391,ADC1,1,servo_2,A,0.948
1770054646.8295949,THERM,0,motor_temp,C,32.128
1770054646.8804982,ADC2,0,bus_voltage,V,10.827
1770054646.931412,ADC1,0,servo_1,A,2.335
1770054646.981772,ADC1,0,servo_1,A,1.412
1770054647.0323727,ADC2,0,bus_voltage,V,12.42
1770054647.082766,THERM,0,motor_temp,C,35.233
1770054647.1332514,THERM,0,motor_temp,C,48.934
1770054647.1839516,ADC1,0,servo_1,A,1.333
1770054647.2344987,THERM,0,motor_temp,C,53.28
1770054647.2861316,ADC2,0,bus_voltage,V,11.604
1770054647.3368897,ADC1,1,servo_2,A,2.269
1770054647.3881607,ADC1,1,servo_2,A,2.139
1770054647.4386072,ADC1,0,servo_1,A,1.498
1770054647.4895089,ADC1,0,servo_1,A,1.259
1770054647.5402572,ADC1,1,servo_2,A,1.343
1770054647.5907896,THERM,0,motor_temp,C,46.884
1770054647.6412122,ADC1,0,servo_1,A,0.61
1770054647.6918168,ADC2,0,bus_voltage,V,11.743
1770054647.7425108,ADC1,0,servo_1,A,2.087
1770054647.793138,ADC1,1,servo_2,A,1.335
1770054647.843805,ADC2,0,bus_voltage,V,11.859
1770054647.894303,ADC1,1,servo_2,A,0.893
1770054647.944745,ADC1,1,servo_2,A,0.924
1770054647.9955168,ADC1,0,servo_1,A,0.67
1770054648.0458114,ADC2,0,bus_voltage,V,10.026
1770054648.0962708,ADC1,1,servo_2,A,0.253
1770054648.1468086,THERM,0,motor_temp,C,50.842
1770054648.1976476,ADC1,0,servo_1,A,2.004
1770054648.2484508,THERM,0,motor_temp,C,67.088
1770054648.2989757,THERM,0,motor_temp,C,52.837
1770054648.3502014,ADC1,0,servo_1,A,0.747
1770054648.400851,ADC1,1,servo_2,A,2.328
1770054648.4519768,THERM,0,motor_temp,C,65.511
1770054648.5025177,THERM,0,motor_temp,C,55.539
1770054648.5533173,ADC1,1,servo_2,A,1.778
1770054648.6038187,THERM,0,motor_temp,C,56.065
1770054648.6545742,ADC1,0,servo_1,A,1.207
1770054648.7050529,THERM,0,motor_temp,C,60.003
1770054648.7557,ADC2,0,bus_voltage,V,11.232
1770054648.806329,ADC2,0,bus_voltage,V,11.623
1770054648.8570044,ADC2,0,bus_voltage,V,10.48
1770054648.907516,ADC2,0,bus_voltage,V,10.106
1770054648.9594934,ADC1,0,servo_1,A,0.264
1770054649.0098205,ADC2,0,bus_voltage,V,11.705
1770054649.0602539,ADC1,1,servo_2,A,0.251
1770054649.1107473,THERM,0,motor_temp,C,54.168
1770054649.16118,ADC1,0,servo_1,A,2.009
1770054649.2116308,ADC1,0,servo_1,A,0.923
1770054649.2623246,ADC1,1,servo_2,A,0.564
1770054649.3129454,ADC1,0,servo_1,A,2.311
1770054649.3635345,ADC2,0,bus_voltage,V,10.525
1770054649.4142323,ADC1,1,servo_2,A,0.79
1770054649.4649572,ADC1,1,servo_2,A,0.365
1770054649.5157814,ADC2,0,bus_voltage,V,10.984
1770054649.5664856,ADC1,0,servo_1,A,0.253
1770054649.6170757,THERM,0,motor_temp,C,48.394
1770054649.6678464,ADC2,0,bus_voltage,V,11.688
1770054649.718658,THERM,0,motor_temp,C,51.071
1770054649.7695394,ADC2,0,bus_voltage,V,10.353
1770054649.8203638,ADC2,0,bus_voltage,V,12.46
1770054649.8710713,ADC1,1,servo_2,A,1.571
1770054649.9218082,ADC1,1,servo_2,A,2.274
1770054649.9722767,ADC2,0,bus_voltage,V,10.067
1770054650.0227456,ADC1,0,servo_1,A,0.728
1770054650.0731227,ADC2,0,bus_voltage,V,11.171
1770054650.1235046,ADC2,0,bus_voltage,V,11.961
1770054650.1745043,THERM,0,motor_temp,C,56.862
1770054650.2250922,ADC2,0,bus_voltage,V,10.932
1770054650.2755125,ADC2,0,bus_voltage,V,10.497
1770054650.326386,ADC1,0,servo_1,A,1.445
1770054650.3768773,ADC1,0,servo_1,A,1.009
1770054650.427506,ADC1,0,servo_1,A,0.476
1770054650.4781506,ADC1,1,servo_2,A,0.503
1770054650.529227,ADC2,0,bus_voltage,V,11.836
1770054650.580074,ADC1,0,servo_1,A,1.935
1770054650.6312428,THERM,0,motor_temp,C,44.683
1770054650.6817396,ADC1,0,servo_1,A,1.277
1770054650.7322423,ADC1,0,servo_1,A,2.385
1770054650.7831006,ADC1,0,servo_1,A,2.499
1770054650.833933,ADC2,0,bus_voltage,V,11.852
1770054650.8844106,ADC2,0,bus_voltage,V,11.192
1770054650.9348483,ADC1,1,servo_2,A,1.706
1770054650.9854069,ADC1,1,servo_2,A,2.197
1770054651.0362015,THERM,0,motor_temp,C,59.185
1770054651.0868266,ADC1,1,servo_2,A,1.595
1770054651.137455,ADC2,0,bus_voltage,V,11.916
1770054651.1878443,THERM,0,motor_temp,C,35.397
1770054651.2385788,ADC2,0,bus_voltage,V,12.229
1770054651.2889984,ADC1,1,servo_2,A,0.825
1770054651.3402984,ADC2,0,bus_voltage,V,11.489
1770054651.3907404,THERM,0,motor_temp,C,59.289
1770054651.441502,ADC2,0,bus_voltage,V,12.179
1770054651.4922245,ADC1,1,servo_2,A,1.258
1770054651.5429459,THERM,0,motor_temp,C,65.52
1770054651.5947154,THERM,0,motor_temp,C,37.939
1770054651.6453834,ADC2,0,bus_voltage,V,11.977
1770054651.696552,ADC1,1,servo_2,A,1.388
1770054651.7473814,ADC1,1,servo_2,A,1.848
1770054651.7981212,ADC1,0,servo_1,A,0.25
1770054651.8485558,ADC1,1,servo_2,A,0.506
1770054651.8993912,ADC1,0,servo_1,A,0.75
1770054651.9497802,ADC1,0,servo_1,A,0.922
1770054652.0005162,THERM,0,motor_temp,C,42.884
1770054652.051113,ADC1,1,servo_2,A,1.364
1770054652.101465,ADC1,0,servo_1,A,2.027
1770054652.1525998,ADC2,0,bus_voltage,V,10.495
1770054652.2030385,THERM,0,motor_temp,C,56.691
1770054652.2533886,ADC2,0,bus_voltage,V,10.148
1770054652.3059683,ADC1,1,servo_2,A,0.482
1770054652.3590808,THERM,0,motor_temp,C,31.605
1770054652.409901,ADC1,1,servo_2,A,0.287
1770054652.4605803,ADC1,1,servo_2,A,0.371
1770054652.511104,ADC1,1,servo_2,A,1.193
1770054652.5617461,THERM,0,motor_temp,C,35.114
1770054652.6126301,ADC1,0,servo_1,A,0.572
1770054652.6634564,ADC1,0,servo_1,A,1.988
1770054652.714241,THERM,0,motor_temp,C,38.796
1770054652.766284,ADC1,0,servo_1,A,0.464
1770054652.8170686,THERM,0,motor_temp,C,31.673
1770054652.8678176,ADC1,1,servo_2,A,0.803
1770054652.9186103,ADC1,1,servo_2,A,0.31
1770054652.9694295,ADC2,0,bus_voltage,V,10.204
1770054653.0202172,THERM,0,motor_temp,C,47.322
1770054653.0729444,ADC1,1,servo_2,A,2.264
1770054653.1285517,ADC1,1,servo_2,A,1.02
1770054653.179224,ADC1,1,servo_2,A,2.15
1770054653.2297766,THERM,0,motor_temp,C,44.111
1770054653.2802935,ADC2,0,bus_voltage,V,11.551
1770054653.3307602,ADC1,0,servo_1,A,1.387
1770054653.3810403,ADC1,0,servo_1,A,2.373
1770054653.4316757,THERM,0,motor_temp,C,55.254
1770054653.482347,THERM,0,motor_temp,C,57.504
1770054653.533138,ADC1,1,servo_2,A,0.204
1770054653.5843487,THERM,0,motor_temp,C,48.005
1770054653.6350503,ADC2,0,bus_voltage,V,10.952
1770054653.6856554,ADC2,0,bus_voltage,V,12.283
1770054653.7360673,ADC2,0,bus_voltage,V,10.39
1770054653.7864482,ADC2,0,bus_voltage,V,12.175
1770054653.837003,ADC1,0,servo_1,A,2.015
1770054653.8879075,THERM,0,motor_temp,C,41.763
1770054653.9384894,ADC2,0,bus_voltage,V,12.399
1770054653.9890013,THERM,0,motor_temp,C,48.718
1770054654.0395296,ADC2,0,bus_voltage,V,11.498
1770054654.0899286,ADC1,0,servo_1,A,0.602
1770054654.1403909,ADC1,1,servo_2,A,1.363
1770054654.1946707,ADC2,0,bus_voltage,V,10.842
1770054654.2456574,ADC2,0,bus_voltage,V,11.324
1770054654.2964373,ADC1,1,servo_2,A,1.53
1770054654.3472307,THERM,0,motor_temp,C,62.147
1770054654.3977172,THERM,0,motor_temp,C,41.762
1770054654.4483356,ADC1,0,servo_1,A,0.764
1770054654.4993784,THERM,0,motor_temp,C,51.142
1770054654.550263,ADC1,0,servo_1,A,0.544
1770054654.6011412,ADC2,0,bus_voltage,V,12.59
1770054654.6516356,THERM,0,motor_temp,C,43.198
1770054654.7024748,ADC1,1,servo_2,A,1.01
1770054654.7546923,ADC1,0,servo_1,A,1.901
1770054654.8050122,ADC2,0,bus_voltage,V,11.438
1770054654.8555865,ADC2,0,bus_voltage,V,11.722
1770054654.9063623,ADC1,0,servo_1,A,1.059
1770054654.9569397,THERM,0,motor_temp,C,63.914
1770054655.0075543,ADC1,1,servo_2,A,1.349
1770054655.0581145,ADC2,0,bus_voltage,V,11.063
1770054655.1089838,ADC2,0,bus_voltage,V,10.634
1770054655.1605241,ADC1,0,servo_1,A,0.726
1770054655.2111526,ADC1,1,servo_2,A,0.827
1770054655.2615628,ADC1,0,servo_1,A,0.902
1770054655.3123848,ADC1,1,servo_2,A,1.817
1770054655.3631,ADC2,0,bus_voltage,V,12.136
1770054655.4134455,ADC2,0,bus_voltage,V,11.915
1770054655.4639604,ADC1,0,servo_1,A,1.537
1770054655.514856,ADC2,0,bus_voltage,V,10.985
1770054655.5653741,THERM,0,motor_temp,C,49.634
1770054655.6160207,ADC2,0,bus_voltage,V,10.387
1770054655.6664407,ADC1,0,servo_1,A,1.489
1770054655.716811,ADC1,1,servo_2,A,1.355
1770054655.7676096,THERM,0,motor_temp,C,62.525
1770054655.8182745,ADC1,1,servo_2,A,1.725
1770054655.8690312,THERM,0,motor_temp,C,27.439
1770054655.919944,ADC1,1,servo_2,A,1.873
1770054655.9703946,ADC2,0,bus_voltage,V,10.211
1770054656.0211613,ADC1,1,servo_2,A,1.841
1770054656.0714958,ADC2,0,bus_voltage,V,12.013
1770054656.1222842,ADC2,0,bus_voltage,V,12.357
1770054656.1729395,ADC2,0,bus_voltage,V,10.035
1770054656.2237349,ADC1,1,servo_2,A,1.727
1770054656.2742689,ADC1,0,servo_1,A,0.834
1770054656.3248837,ADC1,1,servo_2,A,2.477
1770054656.375552,ADC1,1,servo_2,A,2.407
1770054656.4262125,THERM,0,motor_temp,C,27.738
1770054656.476779,THERM,0,motor_temp,C,60.616
1770054656.5276072,THERM,0,motor_temp,C,47.634
1770054656.5782244,ADC1,1,servo_2,A,0.557
1770054656.6288505,ADC1,0,servo_1,A,1.533
1770054656.6797938,ADC2,0,bus_voltage,V,10.03
1770054656.7303936,THERM,0,motor_temp,C,31.812
1770054656.7808192,ADC1,1,servo_2,A,1.017
1770054656.831796,THERM,0,motor_temp,C,65.26
1770054656.882182,ADC1,0,servo_1,A,1.556
1770054656.9327135,ADC1,0,servo_1,A,1.401
1770054656.9830945,ADC2,0,bus_voltage,V,10.072
1770054657.033725,ADC2,0,bus_voltage,V,10.042
1770054657.084342,ADC2,0,bus_voltage,V,11.807
1770054657.135067,ADC1,0,servo_1,A,2.005
1770054657.1858532,ADC1,0,servo_1,A,1.881
1770054657.2365804,THERM,0,motor_temp,C,47.939
1770054657.287187,ADC1,0,servo_1,A,0.36
1770054657.337638,ADC2,0,bus_voltage,V,10.718
1770054657.3884375,ADC2,0,bus_voltage,V,12.246
1770054657.439204,ADC1,0,servo_1,A,1.763
1770054657.4899826,ADC2,0,bus_voltage,V,12.521
1770054657.5409012,ADC1,0,servo_1,A,0.259
1770054657.5916586,ADC1,1,servo_2,A,2.367
1770054657.6424043,THERM,0,motor_temp,C,69.904
1770054657.6931765,THERM,0,motor_temp,C,30.031
1770054657.7442768,ADC1,1,servo_2,A,1.734
1770054657.7947974,ADC1,1,servo_2,A,1.83
1770054657.845707,ADC1,1,servo_2,A,0.245
1770054657.896164,ADC1,0,servo_1,A,2.077
1770054657.9467788,THERM,0,motor_temp,C,41.442
1770054657.9975114,ADC1,0,servo_1,A,0.562
1770054658.0480862,THERM,0,motor_temp,C,33.349
1770054658.098563,ADC1,0,servo_1,A,0.752
1770054658.1491375,ADC1,0,servo_1,A,1.072
1770054658.1997495,ADC2,0,bus_voltage,V,11.407
1770054658.2500741,ADC2,0,bus_voltage,V,10.886
1770054658.3007808,ADC1,1,servo_2,A,1.524
1770054658.3512287,THERM,0,motor_temp,C,44.582
1770054658.4018753,THERM,0,motor_temp,C,33.585
1770054658.4525888,ADC1,0,servo_1,A,0.562
1770054658.5032747,ADC1,1,servo_2,A,1.443
1770054658.553944,ADC1,1,servo_2,A,0.868
1770054658.6045625,ADC1,1,servo_2,A,2.128
1770054658.6553454,ADC2,0,bus_voltage,V,12.18
1770054658.7061706,ADC1,0,servo_1,A,1.055
1770054658.7570598,ADC1,0,servo_1,A,1.092
1770054658.807545,THERM,0,motor_temp,C,27.921
1770054658.8582048,ADC1,1,servo_2,A,1.597
1770054658.9088752,ADC1,1,servo_2,A,1.884
1770054658.959347,ADC1,0,servo_1,A,1.396
1770054659.0104735,ADC2,0,bus_voltage,V,10.816
1770054659.0611944,ADC1,0,servo_1,A,2.096
1770054659.1117892,ADC1,1,servo_2,A,1.22
1770054659.162497,ADC2,0,bus_voltage,V,11.283
1770054659.213251,THERM,0,motor_temp,C,50.856
1770054659.2638264,ADC2,0,bus_voltage,V,10.377
1770054659.3142655,ADC2,0,bus_voltage,V,12.335
1770054659.3647308,ADC2,0,bus_voltage,V,10.067
1770054659.41506,ADC2,0,bus_voltage,V,12.025
1770054659.46581,ADC1,1,servo_2,A,0.282
1770054659.5162141,ADC2,0,bus_voltage,V,10.347
1770054659.566678,ADC1,0,servo_1,A,2.008
1770054659.6172698,ADC1,0,servo_1,A,1.413
1770054659.6681736,ADC1,1,servo_2,A,1.651
1770054659.7191074,THERM,0,motor_temp,C,39.921
1770054659.7698462,ADC1,0,servo_1,A,1.388
1770054659.8203464,ADC2,0,bus_voltage,V,11.58
1770054659.8709042,ADC1,0,servo_1,A,0.741
1770054659.9214835,ADC2,0,bus_voltage,V,11.85
1770054659.9720485,THERM,0,motor_temp,C,33.361
1770054660.0226889,ADC2,0,bus_voltage,V,10.299
1770054660.0730498,ADC2,0,bus_voltage,V,10.323
1770054660.124537,ADC1,1,servo_2,A,1.236
1770054660.1753724,ADC1,0,servo_1,A,0.998
1770054660.2260327,THERM,0,motor_temp,C,42.476
1770054660.2763937,ADC1,1,servo_2,A,0.489
1770054660.3267374,ADC2,0,bus_voltage,V,10.157
1770054660.3784466,THERM,0,motor_temp,C,63.953
1770054660.4297898,ADC1,0,servo_1,A,2.006
1770054660.4803793,ADC1,1,servo_2,A,1.775
1770054660.5308132,ADC1,0,servo_1,A,1.696
1770054660.5812302,ADC2,0,bus_voltage,V,12.592
1770054660.6317902,THERM,0,motor_temp,C,64.833
1770054660.6827338,ADC1,1,servo_2,A,1.654
1770054660.7333858,ADC1,1,servo_2,A,0.398
1770054660.7843978,THERM,0,motor_temp,C,38.014
1770054660.8351917,THERM,0,motor_temp,C,46.435
1770054660.8857706,THERM,0,motor_temp,C,46.13
1770054660.936533,ADC2,0,bus_voltage,V,10.096
1770054660.987199,THERM,0,motor_temp,C,31.817
1770054661.0376797,ADC1,1,servo_2,A,1.146
1770054661.0882657,THERM,0,motor_temp,C,26.137
1770054661.1391072,ADC1,0,servo_1,A,1.391
1770054661.189734,THERM,0,motor_temp,C,30.328
1770054661.2405581,THERM,0,motor_temp,C,26.359
1770054661.2913177,THERM,0,motor_temp,C,25.195
1770054661.3424828,ADC1,0,servo_1,A,0.429
1770054661.3934436,THERM,0,motor_temp,C,55.384
1770054661.4438903,THERM,0,motor_temp,C,40.951
1770054661.4942505,THERM,0,motor_temp,C,57.821
1770054661.544866,ADC1,1,servo_2,A,1.594
1770054661.5952406,ADC1,0,servo_1,A,1.079
1770054661.6455753,ADC1,1,servo_2,A,1.886
1770054661.6962273,ADC1,1,servo_2,A,1.403
1770054661.7465398,ADC1,1,servo_2,A,0.819
1770054661.7973576,ADC1,1,servo_2,A,0.746
1770054661.8479743,THERM,0,motor_temp,C,41.105
1770054661.89858,ADC2,0,bus_voltage,V,10.979
1770054661.949011,ADC2,0,bus_voltage,V,10.893
1770054661.9996042,THERM,0,motor_temp,C,35.268
1770054662.0501544,THERM,0,motor_temp,C,46.435
1770054662.1008482,ADC1,1,servo_2,A,0.294
1770054662.1518567,THERM,0,motor_temp,C,53.359
1770054662.2028124,ADC2,0,bus_voltage,V,12.394
1770054662.2535481,THERM,0,motor_temp,C,65.206
1770054662.3044014,ADC1,0,servo_1,A,1.492
1770054662.354939,ADC1,0,servo_1,A,1.045
1770054662.4056203,THERM,0,motor_temp,C,49.306
1770054662.4563076,ADC2,0,bus_voltage,V,10.838
1770054662.5070682,ADC2,0,bus_voltage,V,10.965
1770054662.5578127,ADC2,0,bus_voltage,V,10.177
1770054662.60841,ADC2,0,bus_voltage,V,10.597
1770054662.6590304,ADC2,0,bus_voltage,V,11.232
1770054662.709416,THERM,0,motor_temp,C,44.85
1770054662.7602463,ADC2,0,bus_voltage,V,12.439
1770054662.8108542,ADC1,0,servo_1,A,0.923
1770054662.8617594,ADC1,0,servo_1,A,1.615
1770054662.9121695,ADC2,0,bus_voltage,V,10.807
1770054662.9629395,ADC1,0,servo_1,A,1.977
1770054663.0133934,ADC1,1,servo_2,A,2.112
1770054663.0637667,THERM,0,motor_temp,C,25.879
1770054663.1142728,ADC1,0,servo_1,A,0.83
1770054663.1648333,ADC1,0,servo_1,A,1.363
1770054663.215432,ADC1,1,servo_2,A,2.222
1770054663.2659416,ADC2,0,bus_voltage,V,11.12
1770054663.3162954,ADC1,1,servo_2,A,1.611
1770054663.3668094,ADC2,0,bus_voltage,V,11.097
1770054663.4172091,THERM,0,motor_temp,C,57.091
1770054663.4677286,ADC2,0,bus_voltage,V,10.309
1770054663.5186114,ADC1,0,servo_1,A,0.444
1770054663.569069,ADC1,0,servo_1,A,0.361
1770054663.6193392,THERM,0,motor_temp,C,29.777
1770054663.6699295,ADC2,0,bus_voltage,V,10.951
1770054663.720824,ADC1,1,servo_2,A,2.421
1770054663.7713845,THERM,0,motor_temp,C,64.759
1770054663.8221946,ADC1,0,servo_1,A,0.296
1770054663.8730884,THERM,0,motor_temp,C,36.845
1770054663.9236596,ADC1,1,servo_2,A,1.026
1770054663.9740644,ADC1,0,servo_1,A,1.868
1770054664.0246828,ADC1,0,servo_1,A,0.804
1770054664.075168,ADC1,0,servo_1,A,0.776
1770054664.1256933,ADC1,0,servo_1,A,2.16
1770054664.1764932,THERM,0,motor_temp,C,49.5
1770054664.2272384,ADC1,0,servo_1,A,2.202
1770054664.277715,ADC1,0,servo_1,A,1.124
1770054664.3281422,ADC1,1,servo_2,A,1.56
1770054664.3786833,ADC2,0,bus_voltage,V,10.566
1770054664.4289887,THERM,0,motor_temp,C,69.527
1770054664.4797144,THERM,0,motor_temp,C,31.085
1770054664.5300283,ADC1,0,servo_1,A,2.295
1770054664.580605,ADC1,0,servo_1,A,1.795
1770054664.630951,ADC1,0,servo_1,A,2.054
1770054664.681649,ADC1,0,servo_1,A,0.631
1770054664.7322478,ADC1,1,servo_2,A,0.938
1770054664.7826886,ADC1,0,servo_1,A,1.596
1770054664.8332937,THERM,0,motor_temp,C,53.596
1770054664.8836515,ADC2,0,bus_voltage,V,10.671
1770054664.9340158,ADC2,0,bus_voltage,V,12.483
1770054664.9847383,ADC1,0,servo_1,A,0.779
1770054665.0353894,THERM,0,motor_temp,C,25.523
1770054665.0857198,ADC1,1,servo_2,A,1.613
1770054665.1364853,ADC1,1,servo_2,A,1.618
1770054665.1872973,ADC2,0,bus_voltage,V,12.557
1770054665.2387016,ADC1,0,servo_1,A,1.465
1770054665.2891762,ADC1,1,servo_2,A,1.787
1770054665.3396301,THERM,0,motor_temp,C,37.028
1770054665.390335,ADC1,1,servo_2,A,1.55
1770054665.4409938,THERM,0,motor_temp,C,50.212
1770054665.4918177,THERM,0,motor_temp,C,68.722
1770054665.542239,THERM,0,motor_temp,C,66.588
1770054665.5929859,THERM,0,motor_temp,C,65.948
1770054665.6432867,ADC1,0,servo_1,A,0.776
1770054665.69365,THERM,0,motor_temp,C,37.703
1770054665.7443,ADC1,0,servo_1,A,2.182
1770054665.7948227,ADC1,1,servo_2,A,0.735
1770054665.8453622,THERM,0,motor_temp,C,25.556
1770054665.8957126,ADC1,0,servo_1,A,1.475
1770054665.9478843,ADC1,0,servo_1,A,0.607
1770054665.9986656,ADC1,0,servo_1,A,0.71
1770054666.0495384,ADC1,1,servo_2,A,0.854
1770054666.1002977,ADC2,0,bus_voltage,V,10.103
1770054666.1510072,ADC1,1,servo_2,A,0.98
1770054666.2031877,ADC1,1,servo_2,A,1.971
1770054666.25353,ADC1,1,servo_2,A,0.592
1770054666.3041623,THERM,0,motor_temp,C,41.677
1770054666.3546615,ADC1,0,servo_1,A,1.723
1770054666.4053428,ADC1,1,servo_2,A,2.252
1770054666.4561186,ADC1,0,servo_1,A,2.072
1770054666.5066793,ADC2,0,bus_voltage,V,11.628
1770054666.557105,ADC2,0,bus_voltage,V,10.902
1770054666.607501,ADC2,0,bus_voltage,V,10.232
1770054666.6578856,ADC1,1,servo_2,A,0.559
1770054666.708526,ADC1,0,servo_1,A,2.359
1770054666.759277,ADC2,0,bus_voltage,V,11.964
1770054666.8098936,ADC1,1,servo_2,A,1.865
1770054666.8607607,THERM,0,motor_temp,C,35.542
1770054666.9123707,THERM,0,motor_temp,C,38.67
1770054666.9629343,ADC1,1,servo_2,A,0.378
1770054667.0146286,ADC1,1,servo_2,A,2.366
1770054667.0656233,ADC2,0,bus_voltage,V,10.147
1770054667.1165154,ADC1,0,servo_1,A,1.604
1770054667.1672838,ADC1,0,servo_1,A,1.907
1770054667.2194707,ADC1,1,servo_2,A,0.834
1770054667.2698762,ADC1,1,servo_2,A,0.492
1770054667.320279,THERM,0,motor_temp,C,27.047
1770054667.3707461,ADC1,1,servo_2,A,1.886
1770054667.4210873,THERM,0,motor_temp,C,44.277
1770054667.4714825,ADC1,0,servo_1,A,0.263
1770054667.5222225,ADC1,1,servo_2,A,2.069
1770054667.572654,ADC2,0,bus_voltage,V,10.675
1770054667.6229603,THERM,0,motor_temp,C,41.1
1770054667.6738355,ADC1,0,servo_1,A,1.023
1770054667.7246501,ADC1,0,servo_1,A,0.217
1770054667.77537,ADC2,0,bus_voltage,V,12.156
1770054667.826145,THERM,0,motor_temp,C,44.257
1770054667.8768613,ADC1,1,servo_2,A,0.928
1770054667.9276042,THERM,0,motor_temp,C,52.213
1770054667.978354,ADC1,1,servo_2,A,0.401
1770054668.0292444,THERM,0,motor_temp,C,33.251
1770054668.0798643,THERM,0,motor_temp,C,42.759
1770054668.1306279,ADC2,0,bus_voltage,V,10.276
1770054668.1811094,ADC1,0,servo_1,A,0.292
1770054668.2328439,ADC1,1,servo_2,A,0.709
1770054668.2831488,ADC2,0,bus_voltage,V,10.934
1770054668.3336413,THERM,0,motor_temp,C,42.712
1770054668.3844888,ADC1,1,servo_2,A,0.248
1770054668.4350631,ADC1,0,servo_1,A,1.361
1770054668.4855175,THERM,0,motor_temp,C,46.988
1770054668.5360458,THERM,0,motor_temp,C,54.637
1770054668.586906,ADC2,0,bus_voltage,V,12.204
1770054668.6380186,ADC2,0,bus_voltage,V,10.478
1770054668.6886466,ADC2,0,bus_voltage,V,12.191
1770054668.7394147,ADC1,0,servo_1,A,0.819
1770054668.7901275,ADC1,0,servo_1,A,1.494
1770054668.8409097,ADC1,0,servo_1,A,2.079
1770054668.8913298,ADC1,1,servo_2,A,1.213
1770054668.9420016,ADC1,0,servo_1,A,0.97
1770054668.9923723,THERM,0,motor_temp,C,35.589
1770054669.0431466,ADC2,0,bus_voltage,V,10.016
1770054669.0935488,ADC1,1,servo_2,A,0.595
1770054669.1442075,ADC1,1,servo_2,A,1.836
1770054669.1946802,ADC2,0,bus_voltage,V,10.131
1770054669.245158,ADC2,0,bus_voltage,V,12.293
1770054669.2959495,THERM,0,motor_temp,C,37.816
1770054669.3469434,ADC1,0,servo_1,A,2.054
1770054669.3977556,ADC2,0,bus_voltage,V,11.907
1770054669.4480877,ADC2,0,bus_voltage,V,12.486
1770054669.4986424,THERM,0,motor_temp,C,66.781
1770054669.5493689,ADC1,0,servo_1,A,2.188
1770054669.600139,ADC2,0,bus_voltage,V,11.285
1770054669.6506517,ADC2,0,bus_voltage,V,11.82
1770054669.701045,ADC2,0,bus_voltage,V,11.1
1770054669.7518127,ADC2,0,bus_voltage,V,12.323
1770054669.8023806,ADC1,0,servo_1,A,0.775
1770054669.8529327,ADC1,0,servo_1,A,1.053
1770054669.9035234,ADC2,0,bus_voltage,V,11.268
1770054669.9540887,ADC2,0,bus_voltage,V,10.242
1770054670.0048935,THERM,0,motor_temp,C,30.093
1770054670.062522,ADC2,0,bus_voltage,V,10.898
1770054670.1131678,ADC1,0,servo_1,A,2.033
1770054670.1638284,ADC2,0,bus_voltage,V,10.28
1770054670.2144446,ADC2,0,bus_voltage,V,10.486
1770054670.2651746,ADC2,0,bus_voltage,V,11.942
1770054670.3159132,ADC1,0,servo_1,A,2.429
1770054670.3666787,ADC2,0,bus_voltage,V,12.315
1770054670.417409,ADC1,0,servo_1,A,0.539
1770054670.4678316,ADC2,0,bus_voltage,V,12.011
1770054670.5189645,ADC1,0,servo_1,A,1.862
1770054670.5695188,ADC2,0,bus_voltage,V,12.232
1770054670.6211638,ADC1,1,servo_2,A,1.886
1770054670.671611,ADC1,0,servo_1,A,0.867
1770054670.7223895,ADC1,1,servo_2,A,2.051
1770054670.7732646,THERM,0,motor_temp,C,40.435
1770054670.8237405,ADC2,0,bus_voltage,V,11.675
1770054670.8753538,ADC1,1,servo_2,A,0.501
1770054670.9262564,THERM,0,motor_temp,C,65.094
1770054670.9766524,ADC1,1,servo_2,A,1.689
1770054671.0272434,ADC1,0,servo_1,A,0.587
1770054671.0783324,ADC1,1,servo_2,A,1.556
1770054671.1288269,THERM,0,motor_temp,C,41.466
1770054671.1792607,ADC1,0,servo_1,A,1.505
1770054671.234049,THERM,0,motor_temp,C,48.401
1770054671.2852418,THERM,0,motor_temp,C,28.196
1770054671.33573,THERM,0,motor_temp,C,41.28
1770054671.386689,ADC1,1,servo_2,A,1.838
1770054671.43749,ADC2,0,bus_voltage,V,11.121
1770054671.4878154,ADC1,1,servo_2,A,1.148
1770054671.5387595,ADC1,1,servo_2,A,2.025
1770054671.589326,ADC1,1,servo_2,A,0.398
1770054671.6403627,THERM,0,motor_temp,C,42.895
1770054671.6908953,ADC1,1,servo_2,A,0.737
1770054671.7414892,ADC1,1,servo_2,A,1.566
1770054671.7918696,ADC2,0,bus_voltage,V,11.748
1770054671.842241,ADC1,0,servo_1,A,0.239
1770054671.8929992,ADC2,0,bus_voltage,V,10.123
1770054671.9434636,THERM,0,motor_temp,C,54.027
1770054671.9940972,ADC1,1,servo_2,A,2.033
1770054672.0446937,ADC1,0,servo_1,A,1.759
1770054672.0951893,ADC1,0,servo_1,A,0.384
1770054672.1458964,THERM,0,motor_temp,C,65.063
1770054672.1962943,ADC1,1,servo_2,A,1.462
1770054672.2472813,ADC1,0,servo_1,A,1.424
1770054672.297845,THERM,0,motor_temp,C,60.461
1770054672.3485422,THERM,0,motor_temp,C,38.945
1770054672.4011097,ADC2,0,bus_voltage,V,11.011
1770054672.4516902,ADC2,0,bus_voltage,V,12.136
1770054672.5024266,ADC1,1,servo_2,A,1.793
1770054672.5529354,THERM,0,motor_temp,C,48.91
1770054672.6039867,ADC1,1,servo_2,A,0.501
1770054672.654664,THERM,0,motor_temp,C,64.773
1770054672.7050862,ADC2,0,bus_voltage,V,10.927
1770054672.7555397,ADC2,0,bus_voltage,V,12.595
1770054672.806092,THERM,0,motor_temp,C,60.766
1770054672.8568525,ADC2,0,bus_voltage,V,11.35
1770054672.9075975,ADC1,1,servo_2,A,2.092
1770054672.958287,THERM,0,motor_temp,C,36.585
1770054673.009063,ADC2,0,bus_voltage,V,10.52
1770054673.0594263,ADC1,0,servo_1,A,0.239
1770054673.1100292,THERM,0,motor_temp,C,50.068
1770054673.1608572,ADC1,0,servo_1,A,1.325
1770054673.2112994,THERM,0,motor_temp,C,41.98
1770054673.2620392,ADC1,1,servo_2,A,0.772
1770054673.3125837,ADC1,1,servo_2,A,2.074
1770054673.3630853,THERM,0,motor_temp,C,64.166
1770054673.4137285,ADC2,0,bus_voltage,V,11.904
1770054673.4642315,ADC1,0,servo_1,A,2.38
1770054673.514802,ADC1,0,servo_1,A,2.198
1770054673.5653558,ADC1,1,servo_2,A,0.696
1770054673.6162975,THERM,0,motor_temp,C,57.589
1770054673.6667397,THERM,0,motor_temp,C,41.683
1770054673.7173653,ADC2,0,bus_voltage,V,11.071
1770054673.7680182,THERM,0,motor_temp,C,60.746
1770054673.8187711,THERM,0,motor_temp,C,46.443
1770054673.8694024,ADC1,1,servo_2,A,2.399
1770054673.9200397,ADC1,1,servo_2,A,1.434
1770054673.9707549,ADC1,1,servo_2,A,1.147
1770054674.0233939,ADC1,1,servo_2,A,0.261
1770054674.0741193,ADC2,0,bus_voltage,V,10.266
1770054674.1249127,ADC1,1,servo_2,A,0.843
1770054674.1753314,ADC1,1,servo_2,A,0.81
1770054674.228634,ADC1,0,servo_1,A,1.883
1770054674.2791996,ADC1,1,servo_2,A,1.904
1770054674.329778,ADC1,1,servo_2,A,1.415
1770054674.3802392,ADC2,0,bus_voltage,V,10.035
1770054674.431737,THERM,0,motor_temp,C,42.055
1770054674.4823203,ADC2,0,bus_voltage,V,12.013
1770054674.5331316,ADC2,0,bus_voltage,V,12.446
1770054674.5839827,ADC2,0,bus_voltage,V,11.707
1770054674.634563,ADC1,0,servo_1,A,1.002
1770054674.6851554,THERM,0,motor_temp,C,27.92
1770054674.7354827,ADC1,0,servo_1,A,0.648
1770054674.7859845,ADC1,0,servo_1,A,1.351
1770054674.8370128,ADC1,0,servo_1,A,1.45
1770054674.8877928,ADC2,0,bus_voltage,V,11.4
1770054674.9384112,ADC1,1,servo_2,A,1.885
1770054674.9891086,ADC1,1,servo_2,A,1.871
1770054675.039621,ADC2,0,bus_voltage,V,11.022
1770054675.0903127,ADC1,0,servo_1,A,0.854
1770054675.140851,ADC2,0,bus_voltage,V,11.008
1770054675.1913338,ADC2,0,bus_voltage,V,11.037
1770054675.2417917,ADC2,0,bus_voltage,V,10.494
1770054675.2926986,THERM,0,motor_temp,C,56.128
1770054675.3435922,ADC1,1,servo_2,A,2.333
1770054675.394229,ADC1,0,servo_1,A,1.289
1770054675.4447963,THERM,0,motor_temp,C,53.757
1770054675.495249,ADC1,1,servo_2,A,1.333
1770054675.5458865,ADC1,1,servo_2,A,1.223
1770054675.5965877,ADC2,0,bus_voltage,V,10.776
1770054675.647278,ADC2,0,bus_voltage,V,10.352
1770054675.6990325,ADC1,0,servo_1,A,2.181
1770054675.7498085,ADC2,0,bus_voltage,V,11.346
1770054675.8005233,ADC1,0,servo_1,A,1.1
1770054675.8511534,THERM,0,motor_temp,C,34.382
1770054675.9016829,THERM,0,motor_temp,C,44.047
1770054675.9521828,ADC2,0,bus_voltage,V,10.779
1770054676.0030007,THERM,0,motor_temp,C,50.504
1770054676.0535233,THERM,0,motor_temp,C,55.433
1770054676.1041794,ADC2,0,bus_voltage,V,11.828
1770054676.155135,ADC1,1,servo_2,A,1.529
1770054676.2060132,ADC2,0,bus_voltage,V,12.286
1770054676.2566218,ADC1,0,servo_1,A,0.995
1770054676.3070116,ADC1,1,servo_2,A,1.115
1770054676.357955,THERM,0,motor_temp,C,68.739
1770054676.4086363,ADC2,0,bus_voltage,V,11.19
1770054676.459486,ADC1,1,servo_2,A,0.66
1770054676.510587,THERM,0,motor_temp,C,60.95
1770054676.5610766,ADC2,0,bus_voltage,V,11.078
1770054676.611746,ADC1,1,servo_2,A,1.311
1770054676.662399,ADC2,0,bus_voltage,V,10.591
1770054676.713013,THERM,0,motor_temp,C,33.94
1770054676.7635362,ADC1,0,servo_1,A,2.427
1770054676.8140106,ADC2,0,bus_voltage,V,11.423
1770054676.8647425,THERM,0,motor_temp,C,30.968
1770054676.9151874,THERM,0,motor_temp,C,42.495
1770054676.966093,ADC1,1,servo_2,A,2.434
1770054677.016474,ADC1,0,servo_1,A,0.577
1770054677.066981,ADC1,0,servo_1,A,1.59
1770054677.1173544,ADC1,1,servo_2,A,1.228
1770054677.1682954,ADC2,0,bus_voltage,V,10.434
1770054677.219114,ADC2,0,bus_voltage,V,12.001
1770054677.2699697,ADC1,0,servo_1,A,1.537
1770054677.3204057,ADC1,1,servo_2,A,1.58
1770054677.3710544,ADC2,0,bus_voltage,V,10.171
1770054677.4215713,ADC2,0,bus_voltage,V,11.305
1770054677.4720635,ADC2,0,bus_voltage,V,11.0
1770054677.5226324,ADC2,0,bus_voltage,V,10.129
1770054677.5732186,THERM,0,motor_temp,C,68.815
1770054677.6236672,ADC2,0,bus_voltage,V,11.645
1770054677.6742008,THERM,0,motor_temp,C,50.807
1770054677.7247322,THERM,0,motor_temp,C,59.451
1770054677.775338,ADC2,0,bus_voltage,V,10.086
1770054677.8259106,ADC1,1,servo_2,A,1.645
1770054677.876224,ADC2,0,bus_voltage,V,10.615
1770054677.9266942,ADC2,0,bus_voltage,V,12.444
1770054677.9772787,ADC2,0,bus_voltage,V,10.741
1770054678.0279849,ADC1,0,servo_1,A,2.038
1770054678.0786529,ADC1,1,servo_2,A,2.445
1770054678.1293554,THERM,0,motor_temp,C,46.386
1770054678.1802053,ADC1,1,servo_2,A,0.766
1770054678.230651,ADC1,0,servo_1,A,2.261
1770054678.2813451,ADC1,1,servo_2,A,0.412
1770054678.331773,ADC1,1,servo_2,A,1.496
1770054678.3825855,THERM,0,motor_temp,C,35.239
1770054678.4331756,ADC1,1,servo_2,A,2.286
1770054678.483584,ADC1,1,servo_2,A,1.028
1770054678.534109,THERM,0,motor_temp,C,69.485
1770054678.5849154,ADC1,0,servo_1,A,0.574
1770054678.6360242,ADC1,1,servo_2,A,1.892
1770054678.6868193,THERM,0,motor_temp,C,40.008
1770054678.7372983,ADC1,1,servo_2,A,0.247
1770054678.7880926,ADC1,1,servo_2,A,0.649
1770054678.8384638,THERM,0,motor_temp,C,50.439
1770054678.8890574,ADC1,1,servo_2,A,2.287
1770054678.9395454,THERM,0,motor_temp,C,69.951
1770054678.9903214,ADC1,1,servo_2,A,1.441
1770054679.0442002,ADC1,0,servo_1,A,0.852
1770054679.0952973,ADC1,1,servo_2,A,0.317
1770054679.1459064,THERM,0,motor_temp,C,67.287
1770054679.1966689,ADC1,1,servo_2,A,0.371
1770054679.247138,ADC1,1,servo_2,A,0.923
1770054679.2977617,ADC1,1,servo_2,A,1.824
1770054679.3483894,ADC1,1,servo_2,A,1.973
1770054679.3992836,THERM,0,motor_temp,C,41.662
1770054679.4503527,THERM,0,motor_temp,C,58.325
1770054679.50102,ADC2,0,bus_voltage,V,10.996
1770054679.552044,ADC1,1,servo_2,A,0.861
1770054679.6039882,ADC1,1,servo_2,A,2.327
1770054679.6652515,ADC2,0,bus_voltage,V,10.02
1770054679.7177722,ADC1,1,servo_2,A,1.998
1770054679.7686286,ADC1,1,servo_2,A,0.672
1770054679.8191254,THERM,0,motor_temp,C,60.071
1770054679.8696663,ADC1,0,servo_1,A,2.494
1770054679.920225,ADC1,0,servo_1,A,0.255
1770054679.970783,ADC2,0,bus_voltage,V,12.592
1770054680.0212703,ADC1,1,servo_2,A,2.463
1770054680.071976,ADC1,1,servo_2,A,1.153
1770054680.1226478,ADC1,0,servo_1,A,2.355
1770054680.1732316,THERM,0,motor_temp,C,62.873
1770054680.2236838,THERM,0,motor_temp,C,64.286
1770054680.274482,ADC1,0,servo_1,A,0.542
1770054680.327035,ADC1,1,servo_2,A,1.12
1770054680.379237,ADC1,1,servo_2,A,0.434
1770054680.4337826,ADC2,0,bus_voltage,V,11.252
1770054680.4844332,ADC1,0,servo_1,A,2.175
1770054680.5350595,ADC2,0,bus_voltage,V,12.382
1770054680.5854154,ADC2,0,bus_voltage,V,12.269
1770054680.6361575,ADC2,0,bus_voltage,V,11.082
1770054680.686901,ADC1,0,servo_1,A,0.518
1770054680.7375667,ADC1,1,servo_2,A,2.061
1770054680.788063,ADC1,0,servo_1,A,1.956
1770054680.8385134,ADC2,0,bus_voltage,V,10.949
1770054680.8893147,ADC1,0,servo_1,A,0.99
1770054680.9398718,ADC1,0,servo_1,A,1.304
1770054680.990546,THERM,0,motor_temp,C,25.255
1770054681.0410407,THERM,0,motor_temp,C,36.644
1770054681.091784,ADC1,1,servo_2,A,1.671
1770054681.142421,ADC2,0,bus_voltage,V,11.009
1770054681.192916,ADC2,0,bus_voltage,V,10.55
1770054681.2433496,ADC1,0,servo_1,A,0.538
1770054681.2940183,THERM,0,motor_temp,C,30.46
1770054681.3446376,ADC1,1,servo_2,A,0.227
1770054681.3954473,ADC1,1,servo_2,A,2.308
1770054681.4460702,THERM,0,motor_temp,C,53.258
1770054681.4969,ADC2,0,bus_voltage,V,10.148
1770054681.547777,THERM,0,motor_temp,C,26.402
1770054681.598246,THERM,0,motor_temp,C,26.564
1770054681.6489897,ADC1,1,servo_2,A,1.194
1770054681.6994684,ADC1,1,servo_2,A,1.722
1770054681.750075,ADC1,0,servo_1,A,1.904
1770054681.8005974,THERM,0,motor_temp,C,35.468
1770054681.851136,ADC1,0,servo_1,A,0.794
1770054681.9016907,THERM,0,motor_temp,C,27.926
1770054681.952357,ADC1,0,servo_1,A,1.699
1770054682.0030034,ADC1,1,servo_2,A,1.339
1770054682.0543637,ADC1,1,servo_2,A,1.013
1770054682.1052048,ADC1,0,servo_1,A,1.732
1770054682.1558552,ADC2,0,bus_voltage,V,10.689
1770054682.206416,THERM,0,motor_temp,C,41.209
1770054682.2567964,THERM,0,motor_temp,C,29.621
1770054682.307339,ADC1,0,servo_1,A,1.1
1770054682.3580256,ADC1,0,servo_1,A,0.756
1770054682.4087987,THERM,0,motor_temp,C,65.81
1770054682.459456,ADC1,0,servo_1,A,2.158
1770054682.5099947,ADC1,1,servo_2,A,0.407
1770054682.5604742,ADC1,1,servo_2,A,1.862
1770054682.6112351,ADC1,1,servo_2,A,0.755
1770054682.662305,THERM,0,motor_temp,C,68.3
1770054682.713015,ADC2,0,bus_voltage,V,10.748
1770054682.7635367,ADC1,0,servo_1,A,1.643
1770054682.814197,THERM,0,motor_temp,C,68.47
1770054682.8646812,ADC1,0,servo_1,A,1.658
1770054682.915182,ADC2,0,bus_voltage,V,11.377
1770054682.965901,THERM,0,motor_temp,C,69.481
1770054683.0163395,THERM,0,motor_temp,C,50.298
1770054683.0666702,THERM,0,motor_temp,C,27.906
1770054683.1170359,ADC1,1,servo_2,A,0.547
1770054683.1674242,ADC2,0,bus_voltage,V,11.839
1770054683.2178922,ADC1,0,servo_1,A,1.94
1770054683.2683687,ADC1,0,servo_1,A,2.084
1770054683.3191125,THERM,0,motor_temp,C,38.455
1770054683.3695343,ADC2,0,bus_voltage,V,10.885
1770054683.4204915,THERM,0,motor_temp,C,33.21
1770054683.4712322,ADC1,1,servo_2,A,0.555
1770054683.5219772,ADC1,1,servo_2,A,0.647
1770054683.5724137,ADC1,0,servo_1,A,1.37
1770054683.6228082,THERM,0,motor_temp,C,42.499
1770054683.6731946,ADC1,0,servo_1,A,2.055
1770054683.7236266,ADC2,0,bus_voltage,V,10.54
1770054683.7745097,ADC2,0,bus_voltage,V,11.32
1770054683.8249848,ADC1,1,servo_2,A,1.893
1770054683.8757308,ADC2,0,bus_voltage,V,10.861
1770054683.9263551,ADC1,1,servo_2,A,1.955
1770054683.976935,ADC1,0,servo_1,A,1.768
1770054684.0275629,ADC1,1,servo_2,A,1.311
1770054684.0782518,THERM,0,motor_temp,C,46.642
1770054684.1292093,ADC2,0,bus_voltage,V,11.142
1770054684.1797152,ADC1,1,servo_2,A,1.553
1770054684.2305808,ADC1,0,servo_1,A,0.409
1770054684.2812154,THERM,0,motor_temp,C,63.137
1770054684.3319693,ADC1,0,servo_1,A,0.437
1770054684.3826578,ADC2,0,bus_voltage,V,11.256
1770054684.433055,ADC1,0,servo_1,A,0.893
1770054684.483797,THERM,0,motor_temp,C,28.245
1770054684.5345418,ADC1,1,servo_2,A,1.715
1770054684.5852385,THERM,0,motor_temp,C,39.24
1770054684.6360433,ADC1,1,servo_2,A,0.518
1770054684.6865373,THERM,0,motor_temp,C,48.528
1770054684.7369242,ADC2,0,bus_voltage,V,11.874
1770054684.787686,THERM,0,motor_temp,C,51.178
1770054684.838286,ADC2,0,bus_voltage,V,12.377
1770054684.8886523,ADC1,0,servo_1,A,0.787
1770054684.9392064,ADC1,0,servo_1,A,2.247
1770054684.989874,ADC2,0,bus_voltage,V,10.262
1770054685.040512,ADC2,0,bus_voltage,V,10.784
1770054685.0910335,THERM,0,motor_temp,C,34.619
1770054685.1415792,ADC2,0,bus_voltage,V,10.645
1770054685.192189,ADC1,0,servo_1,A,0.567
1770054685.2426798,THERM,0,motor_temp,C,60.4
1770054685.2933993,THERM,0,motor_temp,C,49.583
1770054685.3437283,ADC1,1,servo_2,A,2.349
1770054685.3943152,ADC1,0,servo_1,A,0.858
1770054685.4446416,ADC1,1,servo_2,A,1.944
1770054685.4950278,THERM,0,motor_temp,C,65.346
1770054685.5456822,ADC1,1,servo_2,A,1.753
1770054685.5962465,ADC1,1,servo_2,A,2.162
1770054685.646985,ADC1,0,servo_1,A,0.224
1770054685.6973639,ADC1,0,servo_1,A,0.925
1770054685.7482283,ADC2,0,bus_voltage,V,11.536
1770054685.7985747,ADC2,0,bus_voltage,V,11.187
1770054685.84905,THERM,0,motor_temp,C,43.219
1770054685.8998222,ADC1,0,servo_1,A,1.466
1770054685.9505162,ADC2,0,bus_voltage,V,11.052
1770054686.0010161,ADC1,1,servo_2,A,2.448
1770054686.0514102,ADC1,1,servo_2,A,0.845
1770054686.1019695,ADC1,1,servo_2,A,0.587
1770054686.1526208,THERM,0,motor_temp,C,57.188
1770054686.2032983,THERM,0,motor_temp,C,30.075
1770054686.2537057,ADC2,0,bus_voltage,V,10.346
1770054686.3044047,ADC1,1,servo_2,A,2.173
1770054686.3548932,THERM,0,motor_temp,C,42.525
1770054686.4055052,ADC1,1,servo_2,A,1.991
1770054686.4562109,ADC2,0,bus_voltage,V,12.173
1770054686.5065877,ADC2,0,bus_voltage,V,11.743
1770054686.5569887,ADC1,0,servo_1,A,2.303
1770054686.607345,ADC1,0,servo_1,A,2.079
1770054686.65781,THERM,0,motor_temp,C,59.873
1770054686.708239,THERM,0,motor_temp,C,55.242
1770054686.7590063,ADC2,0,bus_voltage,V,11.499
1770054686.8094532,ADC1,1,servo_2,A,1.877
1770054686.8600395,ADC1,0,servo_1,A,2.055
1770054686.9108176,THERM,0,motor_temp,C,52.908
1770054686.9612656,THERM,0,motor_temp,C,59.128
1770054687.0117092,ADC1,0,servo_1,A,2.275
1770054687.062283,ADC2,0,bus_voltage,V,11.666
1770054687.1128447,THERM,0,motor_temp,C,64.234
1770054687.1635764,ADC1,1,servo_2,A,0.217
1770054687.2138739,ADC1,0,servo_1,A,1.052
1770054687.2644513,ADC1,0,servo_1,A,1.549
1770054687.3148468,ADC1,1,servo_2,A,0.598
1770054687.3654375,THERM,0,motor_temp,C,58.882
1770054687.4163535,ADC2,0,bus_voltage,V,11.693
1770054687.4670546,ADC2,0,bus_voltage,V,11.939
1770054687.5177736,ADC1,1,servo_2,A,1.644
1770054687.5682151,ADC1,1,servo_2,A,1.105
1770054687.6186836,THERM,0,motor_temp,C,33.649
1770054687.669196,ADC1,1,servo_2,A,0.434
1770054687.7195013,THERM,0,motor_temp,C,68.45
1770054687.770196,ADC1,0,servo_1,A,0.844
1770054687.820969,ADC1,1,servo_2,A,0.238
1770054687.8716605,ADC1,0,servo_1,A,1.086
1770054687.9222574,ADC1,0,servo_1,A,2.274
1770054687.9729931,ADC1,1,servo_2,A,0.207
1770054688.0237656,ADC1,1,servo_2,A,1.536
1770054688.0741882,ADC2,0,bus_voltage,V,11.355
1770054688.1250196,ADC1,0,servo_1,A,0.724
1770054688.1756585,ADC1,1,servo_2,A,2.472
1770054688.2263186,ADC1,1,servo_2,A,0.315
1770054688.277062,THERM,0,motor_temp,C,52.905
1770054688.327751,ADC1,1,servo_2,A,0.664
1770054688.3783295,THERM,0,motor_temp,C,32.262
1770054688.4290342,ADC1,0,servo_1,A,0.636
1770054688.4794407,ADC1,1,servo_2,A,0.515
1770054688.529837,ADC1,0,servo_1,A,0.535
1770054688.5804005,THERM,0,motor_temp,C,41.157
1770054688.6309736,ADC1,1,servo_2,A,1.723
1770054688.6816356,THERM,0,motor_temp,C,62.311
1770054688.7319725,ADC1,1,servo_2,A,1.789
1770054688.782484,ADC2,0,bus_voltage,V,12.048
1770054688.8328693,ADC2,0,bus_voltage,V,10.278
1770054688.883522,THERM,0,motor_temp,C,28.915
1770054688.934152,ADC1,1,servo_2,A,2.464
1770054688.9847105,ADC2,0,bus_voltage,V,10.797
1770054689.0352657,ADC1,1,servo_2,A,2.403
1770054689.0857723,ADC1,1,servo_2,A,0.999
1770054689.1364565,ADC1,1,servo_2,A,1.925
1770054689.1869845,ADC1,1,servo_2,A,0.656
1770054689.237475,ADC1,0,servo_1,A,1.775
1770054689.2882452,ADC1,0,servo_1,A,0.283
1770054689.338718,ADC1,1,servo_2,A,1.31
1770054689.389215,THERM,0,motor_temp,C,57.656
1770054689.4395614,ADC2,0,bus_voltage,V,11.608
1770054689.49008,ADC1,0,servo_1,A,1.648
1770054689.5406857,ADC1,1,servo_2,A,1.598
1770054689.5911682,THERM,0,motor_temp,C,26.947
1770054689.6419468,ADC2,0,bus_voltage,V,10.506
1770054689.6924279,ADC2,0,bus_voltage,V,11.064
1770054689.7428565,THERM,0,motor_temp,C,46.422
1770054689.7935932,ADC1,1,servo_2,A,0.45
1770054689.8442056,ADC1,1,servo_2,A,0.202
1770054689.8948,ADC2,0,bus_voltage,V,12.103
1770054689.9454644,ADC2,0,bus_voltage,V,12.115
1770054689.9959106,ADC2,0,bus_voltage,V,10.848
1770054690.0466807,ADC1,0,servo_1,A,1.032
1770054690.0976868,THERM,0,motor_temp,C,47.923
1770054690.1485655,ADC1,1,servo_2,A,0.777
1770054690.199398,ADC1,0,servo_1,A,0.295
1770054690.2498276,ADC1,0,servo_1,A,0.658
1770054690.3003843,ADC1,1,servo_2,A,0.244
1770054690.3508823,THERM,0,motor_temp,C,61.792
1770054690.4014158,ADC2,0,bus_voltage,V,10.902
1770054690.4518626,ADC1,0,servo_1,A,1.824
1770054690.5022156,ADC2,0,bus_voltage,V,10.699
1770054690.5527325,ADC1,1,servo_2,A,1.257
1770054690.6033604,THERM,0,motor_temp,C,26.688
1770054690.654014,ADC1,1,servo_2,A,1.525
1770054690.704423,ADC1,1,servo_2,A,1.61
1770054690.7548928,THERM,0,motor_temp,C,65.808
1770054690.8056512,ADC1,1,servo_2,A,2.46
1770054690.8562286,ADC2,0,bus_voltage,V,12.465
1770054690.9067585,ADC1,1,servo_2,A,1.538
1770054690.9575782,THERM,0,motor_temp,C,26.887
1770054691.0082335,THERM,0,motor_temp,C,66.224
1770054691.0590367,ADC1,0,servo_1,A,1.512
1770054691.1095662,ADC2,0,bus_voltage,V,11.229
1770054691.160153,THERM,0,motor_temp,C,41.39
1770054691.2105684,ADC1,1,servo_2,A,1.988
1770054691.2611895,ADC2,0,bus_voltage,V,11.185
1770054691.311652,ADC1,0,servo_1,A,1.25
1770054691.3623726,ADC1,1,servo_2,A,1.823
1770054691.41307,ADC1,1,servo_2,A,1.828
1770054691.463833,ADC2,0,bus_voltage,V,10.525
1770054691.514516,THERM,0,motor_temp,C,43.9
1770054691.5650795,ADC1,1,servo_2,A,1.927
1770054691.6153872,ADC2,0,bus_voltage,V,10.471
1770054691.6657927,ADC1,0,servo_1,A,2.125
1770054691.716219,THERM,0,motor_temp,C,58.985
1770054691.7669573,ADC1,1,servo_2,A,1.776
1770054691.817599,THERM,0,motor_temp,C,51.152
1770054691.8681614,ADC1,1,servo_2,A,1.389
1770054691.9187846,THERM,0,motor_temp,C,59.675
1770054691.9692988,ADC2,0,bus_voltage,V,12.497
1770054692.020092,ADC1,0,servo_1,A,1.345
1770054692.070886,ADC2,0,bus_voltage,V,11.85
1770054692.1214068,ADC1,0,servo_1,A,0.781
1770054692.171762,THERM,0,motor_temp,C,31.656
1770054692.2225373,ADC2,0,bus_voltage,V,10.17
1770054692.2733371,ADC1,1,servo_2,A,0.99
1770054692.324083,THERM,0,motor_temp,C,63.206
1770054692.3748152,ADC1,1,servo_2,A,0.625
1770054692.4251423,THERM,0,motor_temp,C,26.502
1770054692.475474,THERM,0,motor_temp,C,26.499
1770054692.5262585,ADC2,0,bus_voltage,V,12.2
1770054692.5770826,ADC2,0,bus_voltage,V,11.218
1770054692.6275551,ADC1,0,servo_1,A,1.845
1770054692.678173,ADC1,1,servo_2,A,2.449
1770054692.7286234,ADC2,0,bus_voltage,V,12.115
1770054692.7789776,ADC1,1,servo_2,A,1.21
1770054692.8297648,ADC1,0,servo_1,A,1.787
1770054692.8804152,THERM,0,motor_temp,C,48.939
1770054692.9310658,ADC1,0,servo_1,A,1.323
1770054692.9818947,ADC1,1,servo_2,A,1.729
1770054693.0325706,ADC2,0,bus_voltage,V,11.284
1770054693.083137,ADC2,0,bus_voltage,V,12.322
1770054693.1339219,THERM,0,motor_temp,C,53.79
1770054693.1842697,ADC1,1,servo_2,A,1.565
1770054693.2351096,ADC1,0,servo_1,A,0.784
1770054693.2859306,ADC2,0,bus_voltage,V,10.17
1770054693.3362517,ADC1,0,servo_1,A,1.348
1770054693.3868175,ADC1,0,servo_1,A,0.372
1770054693.4370558,ADC1,0,servo_1,A,0.797
1770054693.4878569,ADC2,0,bus_voltage,V,12.099
1770054693.538385,ADC2,0,bus_voltage,V,12.38
1770054693.5891147,ADC2,0,bus_voltage,V,11.05
1770054693.6397102,ADC1,0,servo_1,A,1.557
1770054693.690102,THERM,0,motor_temp,C,45.546
1770054693.7405186,ADC1,0,servo_1,A,1.565
1770054693.7914176,ADC1,0,servo_1,A,0.494
1770054693.841861,ADC1,0,servo_1,A,0.492
1770054693.892412,ADC1,1,servo_2,A,0.531
1770054693.9429796,ADC2,0,bus_voltage,V,11.712
1770054693.9936755,ADC1,0,servo_1,A,1.356
1770054694.0440395,THERM,0,motor_temp,C,33.062
1770054694.0948377,THERM,0,motor_temp,C,43.191
1770054694.145375,THERM,0,motor_temp,C,39.438
1770054694.1959455,ADC2,0,bus_voltage,V,10.948
1770054694.2466204,ADC1,1,servo_2,A,0.504
1770054694.2973197,ADC1,0,servo_1,A,1.048
1770054694.3481283,THERM,0,motor_temp,C,49.29
1770054694.3987195,ADC2,0,bus_voltage,V,11.752
1770054694.4496167,ADC1,0,servo_1,A,1.932
1770054694.5001235,ADC2,0,bus_voltage,V,12.434
1770054694.550845,ADC1,0,servo_1,A,2.037
1770054694.6014044,ADC2,0,bus_voltage,V,12.597
1770054694.6520147,THERM,0,motor_temp,C,59.198
1770054694.7024531,ADC1,1,servo_2,A,1.947
1770054694.7530396,THERM,0,motor_temp,C,46.634
1770054694.8036551,ADC1,1,servo_2,A,1.536
1770054694.8540173,ADC1,1,servo_2,A,1.974
1770054694.9046767,ADC1,0,servo_1,A,1.388
1770054694.9553418,THERM,0,motor_temp,C,36.074
1770054695.005892,ADC1,1,servo_2,A,2.354
1770054695.0565681,ADC1,0,servo_1,A,1.384
1770054695.1072104,ADC1,1,servo_2,A,2.041
1770054695.1579683,ADC1,0,servo_1,A,0.894
1770054695.2083511,ADC1,0,servo_1,A,0.42
1770054695.2588265,ADC2,0,bus_voltage,V,12.184
1770054695.3095288,ADC2,0,bus_voltage,V,10.648
1770054695.35988,ADC1,0,servo_1,A,0.312
1770054695.410542,THERM,0,motor_temp,C,44.118
1770054695.4612482,ADC1,0,servo_1,A,1.307
1770054695.511588,ADC2,0,bus_voltage,V,11.334
1770054695.5622485,ADC1,1,servo_2,A,0.938
1770054695.6127057,ADC1,0,servo_1,A,1.291
1770054695.66339,ADC2,0,bus_voltage,V,10.093
1770054695.7137837,ADC2,0,bus_voltage,V,10.333
1770054695.764155,THERM,0,motor_temp,C,31.757
1770054695.8147855,ADC1,1,servo_2,A,0.461
1770054695.8650968,ADC2,0,bus_voltage,V,12.141
1770054695.9155636,THERM,0,motor_temp,C,67.855
1770054695.9662447,ADC1,1,servo_2,A,0.848
1770054696.0167046,ADC1,1,servo_2,A,2.313
1770054696.067502,ADC2,0,bus_voltage,V,10.312
1770054696.1180894,ADC1,1,servo_2,A,1.59
1770054696.1686015,THERM,0,motor_temp,C,44.822
1770054696.2194228,ADC2,0,bus_voltage,V,12.499
1770054696.270006,ADC1,0,servo_1,A,2.201
1770054696.3206377,THERM,0,motor_temp,C,59.373
1770054696.3711963,ADC1,0,servo_1,A,1.411
1770054696.4218433,ADC2,0,bus_voltage,V,12.416
1770054696.4721942,THERM,0,motor_temp,C,61.278
1770054696.5226183,ADC1,0,servo_1,A,2.089
1770054696.5733676,THERM,0,motor_temp,C,34.808
1770054696.6241355,ADC1,0,servo_1,A,2.201
1770054696.6746657,ADC1,0,servo_1,A,0.734
1770054696.7252827,ADC1,0,servo_1,A,1.622
1770054696.776042,ADC1,0,servo_1,A,0.473
1770054696.826823,ADC1,0,servo_1,A,0.244
1770054696.8773644,ADC1,0,servo_1,A,1.75
1770054696.927764,ADC1,0,servo_1,A,0.403
1770054696.978268,ADC2,0,bus_voltage,V,12.507
1770054697.0290184,ADC1,0,servo_1,A,1.562
1770054697.0795648,ADC1,0,servo_1,A,0.622
1770054697.1303809,ADC2,0,bus_voltage,V,10.644
1770054697.181066,ADC1,1,servo_2,A,2.35
1770054697.2315392,THERM,0,motor_temp,C,49.91
1770054697.282138,ADC2,0,bus_voltage,V,10.258
1770054697.3327045,THERM,0,motor_temp,C,25.02
1770054697.3831627,ADC2,0,bus_voltage,V,11.521
1770054697.4338422,ADC1,0,servo_1,A,0.787
1770054697.4842932,ADC2,0,bus_voltage,V,10.563
1770054697.534977,ADC1,1,servo_2,A,1.481
1770054697.5856714,ADC1,1,servo_2,A,0.488
1770054697.6363606,ADC2,0,bus_voltage,V,10.12
1770054697.6870267,ADC2,0,bus_voltage,V,11.996
1770054697.7377312,THERM,0,motor_temp,C,36.9
1770054697.7883103,ADC1,0,servo_1,A,1.659
1770054697.839133,THERM,0,motor_temp,C,67.073
1770054697.889761,THERM,0,motor_temp,C,42.707
1770054697.9404702,THERM,0,motor_temp,C,28.722
1770054697.991212,THERM,0,motor_temp,C,25.484
1770054698.0418286,ADC2,0,bus_voltage,V,11.86
1770054698.0922625,ADC2,0,bus_voltage,V,11.191
1770054698.1427553,ADC2,0,bus_voltage,V,10.969
1770054698.1932163,ADC2,0,bus_voltage,V,10.052
1770054698.244038,ADC1,1,servo_2,A,2.201
1770054698.294829,ADC2,0,bus_voltage,V,11.687
1770054698.3455153,ADC2,0,bus_voltage,V,12.384
1770054698.3961804,THERM,0,motor_temp,C,52.418
1770054698.4469056,ADC2,0,bus_voltage,V,11.565
1770054698.4977994,ADC1,1,servo_2,A,1.677
1770054698.5485494,ADC2,0,bus_voltage,V,12.042
1770054698.5989375,ADC1,0,servo_1,A,2.336
1770054698.6495364,ADC1,0,servo_1,A,2.228
1770054698.7000086,THERM,0,motor_temp,C,25.181
1770054698.7504752,THERM,0,motor_temp,C,34.513
1770054698.8011022,ADC1,0,servo_1,A,0.351
1770054698.8517814,ADC2,0,bus_voltage,V,12.099
1770054698.9023619,THERM,0,motor_temp,C,29.007
1770054698.952784,ADC1,1,servo_2,A,1.308
1770054699.0032551,ADC1,0,servo_1,A,1.808
1770054699.0535989,ADC1,1,servo_2,A,0.572
1770054699.10399,ADC2,0,bus_voltage,V,11.896
1770054699.1543684,THERM,0,motor_temp,C,69.36
1770054699.2050111,ADC1,0,servo_1,A,1.474
1770054699.2554336,THERM,0,motor_temp,C,34.498
1770054699.3059852,ADC1,0,servo_1,A,2.299
1770054699.3568292,ADC2,0,bus_voltage,V,11.563
1770054699.407495,ADC2,0,bus_voltage,V,10.469
1770054699.4580503,ADC1,1,servo_2,A,2.286
1770054699.5086324,ADC1,0,servo_1,A,1.609
1770054699.5594797,ADC1,0,servo_1,A,0.634
1770054699.610022,ADC1,0,servo_1,A,1.798
1770054699.6604989,ADC2,0,bus_voltage,V,11.801
1770054699.710826,ADC2,0,bus_voltage,V,11.843
1770054699.7613792,ADC2,0,bus_voltage,V,10.934
1770054699.8119767,ADC1,1,servo_2,A,1.719
1770054699.8624215,ADC1,1,servo_2,A,0.34
1770054699.9130566,ADC1,1,servo_2,A,0.264
1770054699.9633894,ADC1,0,servo_1,A,0.417
1770054700.0137727,ADC1,1,servo_2,A,0.356
1770054700.064466,ADC1,1,servo_2,A,1.283
1770054700.115124,ADC1,0,servo_1,A,2.233
1770054700.165852,ADC1,0,servo_1,A,2.14
1770054700.2165504,ADC2,0,bus_voltage,V,10.575
1770054700.2669392,ADC1,0,servo_1,A,1.214
1770054700.3173764,ADC1,1,servo_2,A,2.211
1770054700.3679924,THERM,0,motor_temp,C,57.814
1770054700.4188082,THERM,0,motor_temp,C,27.155
1770054700.469592,THERM,0,motor_temp,C,64.533
1770054700.5200815,THERM,0,motor_temp,C,59.228
1770054700.570496,THERM,0,motor_temp,C,55.353
1770054700.6211543,ADC1,0,servo_1,A,2.259
1770054700.6719863,ADC2,0,bus_voltage,V,10.13
1770054700.722693,ADC1,0,servo_1,A,2.389
1770054700.773188,ADC1,0,servo_1,A,1.342
1770054700.8238149,THERM,0,motor_temp,C,36.018
1770054700.8744564,THERM,0,motor_temp,C,40.188
1770054700.9251637,ADC1,0,servo_1,A,1.337
1770054700.9756615,ADC1,1,servo_2,A,1.57
1770054701.0259938,THERM,0,motor_temp,C,62.284
1770054701.0768316,ADC1,1,servo_2,A,1.536
1770054701.1272302,THERM,0,motor_temp,C,50.269
1770054701.1777453,ADC2,0,bus_voltage,V,11.592
1770054701.2284272,ADC1,0,servo_1,A,1.389
1770054701.2791529,ADC1,0,servo_1,A,1.328
1770054701.329613,THERM,0,motor_temp,C,63.627
1770054701.380481,ADC1,0,servo_1,A,1.533
1770054701.4312456,ADC1,1,servo_2,A,1.535
1770054701.482,ADC2,0,bus_voltage,V,11.007
1770054701.5326917,THERM,0,motor_temp,C,35.535
1770054701.583549,THERM,0,motor_temp,C,25.703
1770054701.6339762,ADC1,0,servo_1,A,1.451
1770054701.6846259,ADC1,0,servo_1,A,0.951
1770054701.7351673,ADC1,0,servo_1,A,2.002
1770054701.785638,ADC2,0,bus_voltage,V,11.783
1770054701.8362036,THERM,0,motor_temp,C,54.378
1770054701.8867598,THERM,0,motor_temp,C,35.838
1770054701.9374676,THERM,0,motor_temp,C,28.526
1770054701.987822,THERM,0,motor_temp,C,29.001
1770054702.038154,ADC1,0,servo_1,A,0.932
1770054702.0888379,THERM,0,motor_temp,C,47.332
1770054702.1396463,ADC1,1,servo_2,A,2.012
1770054702.1902254,ADC2,0,bus_voltage,V,11.911
1770054702.2407207,ADC2,0,bus_voltage,V,11.774
1770054702.2914844,ADC1,1,servo_2,A,1.16
1770054702.3420691,ADC1,1,servo_2,A,0.796
1770054702.3924744,THERM,0,motor_temp,C,38.381
1770054702.4428387,ADC1,0,servo_1,A,0.523
1770054702.4935122,THERM,0,motor_temp,C,40.86
1770054702.544072,ADC1,1,servo_2,A,2.39
1770054702.5944269,ADC2,0,bus_voltage,V,10.757
1770054702.6452131,ADC1,1,servo_2,A,0.646
1770054702.695814,THERM,0,motor_temp,C,58.425
1770054702.7462256,ADC1,1,servo_2,A,0.675
1770054702.7968795,ADC1,1,servo_2,A,1.864
1770054702.8473797,ADC1,0,servo_1,A,2.018
1770054702.897687,THERM,0,motor_temp,C,25.19
1770054702.9482682,ADC2,0,bus_voltage,V,10.339
1770054702.9990168,ADC1,1,servo_2,A,0.816
1770054703.0496066,ADC1,0,servo_1,A,1.241
1770054703.099904,THERM,0,motor_temp,C,39.506
1770054703.1504238,ADC1,0,servo_1,A,2.347
1770054703.200939,ADC1,0,servo_1,A,1.462
1770054703.2512982,THERM,0,motor_temp,C,28.348
1770054703.3016117,THERM,0,motor_temp,C,28.283
1770054703.3520474,ADC1,0,servo_1,A,1.649
1770054703.4027863,THERM,0,motor_temp,C,37.395
1770054703.4536219,ADC1,1,servo_2,A,1.422
1770054703.504312,ADC1,0,servo_1,A,1.337
1770054703.5548315,ADC2,0,bus_voltage,V,11.159
1770054703.6057205,ADC1,1,servo_2,A,1.006
1770054703.6565347,THERM,0,motor_temp,C,64.273
1770054703.7070994,THERM,0,motor_temp,C,55.254
1770054703.7574444,ADC1,1,servo_2,A,0.949
1770054703.8079233,ADC2,0,bus_voltage,V,10.782
1770054703.8586783,ADC2,0,bus_voltage,V,10.433
1770054703.9093487,ADC1,1,servo_2,A,2.219
1770054703.9599774,THERM,0,motor_temp,C,31.939
1770054704.0106938,THERM,0,motor_temp,C,36.642
1770054704.0614846,ADC2,0,bus_voltage,V,11.876
1770054704.112352,THERM,0,motor_temp,C,55.966
1770054704.1638713,ADC1,1,servo_2,A,0.529
1770054704.2150116,ADC1,1,servo_2,A,2.158
1770054704.2655876,THERM,0,motor_temp,C,35.963
1770054704.3162923,THERM,0,motor_temp,C,33.43
1770054704.3670318,ADC1,0,servo_1,A,1.234
1770054704.4175246,THERM,0,motor_temp,C,54.974
1770054704.468214,ADC1,1,servo_2,A,2.468
1770054704.5186048,ADC1,0,servo_1,A,2.16
1770054704.5690627,THERM,0,motor_temp,C,57.608
1770054704.6194258,ADC1,0,servo_1,A,1.917
1770054704.670108,ADC1,0,servo_1,A,0.636
1770054704.7207222,ADC1,1,servo_2,A,1.725
1770054704.7713633,ADC2,0,bus_voltage,V,10.18
1770054704.8217995,ADC1,0,servo_1,A,2.09
1770054704.8724413,ADC1,1,servo_2,A,2.216
1770054704.9231234,ADC1,0,servo_1,A,1.9
1770054704.9738576,ADC1,0,servo_1,A,0.627
1770054705.0246217,ADC1,0,servo_1,A,1.866
1770054705.0749824,ADC1,1,servo_2,A,1.774
1770054705.1254995,ADC1,0,servo_1,A,1.879
1770054705.1758645,ADC2,0,bus_voltage,V,10.72
1770054705.2265203,ADC1,0,servo_1,A,0.493
1770054705.2770545,ADC1,0,servo_1,A,0.615
1770054705.3277197,ADC1,0,servo_1,A,2.096
1770054705.3784554,THERM,0,motor_temp,C,40.668
1770054705.429023,ADC1,0,servo_1,A,2.486
1770054705.4794528,ADC1,1,servo_2,A,1.188
1770054705.5303674,ADC1,0,servo_1,A,1.824
1770054705.5812113,ADC1,1,servo_2,A,2.145
1770054705.6315792,ADC1,0,servo_1,A,1.415
1770054705.6827285,ADC2,0,bus_voltage,V,11.865
1770054705.7331817,ADC2,0,bus_voltage,V,11.296
1770054705.783751,ADC1,0,servo_1,A,0.734
1770054705.8343956,THERM,0,motor_temp,C,44.945
1770054705.8849876,ADC2,0,bus_voltage,V,10.921
1770054705.9356732,ADC1,1,servo_2,A,2.435
1770054705.9862144,THERM,0,motor_temp,C,37.293
1770054706.0369518,THERM,0,motor_temp,C,41.581
1770054706.087462,THERM,0,motor_temp,C,28.438
1770054706.138182,ADC2,0,bus_voltage,V,10.24
1770054706.1886764,ADC2,0,bus_voltage,V,12.217
1770054706.2390816,ADC1,0,servo_1,A,1.841
1770054706.289402,ADC1,1,servo_2,A,0.68
1770054706.3397248,ADC2,0,bus_voltage,V,12.539
1770054706.3906608,THERM,0,motor_temp,C,43.296
1770054706.4413025,ADC1,1,servo_2,A,0.855
1770054706.491961,ADC2,0,bus_voltage,V,10.009
1770054706.5428033,ADC2,0,bus_voltage,V,10.85
1770054706.5935829,THERM,0,motor_temp,C,62.47
1770054706.644185,ADC1,1,servo_2,A,1.038
1770054706.694699,ADC2,0,bus_voltage,V,12.284
1770054706.745574,ADC2,0,bus_voltage,V,10.647
1770054706.7963474,ADC1,0,servo_1,A,0.385
1770054706.8470936,ADC2,0,bus_voltage,V,10.886
1770054706.8976336,ADC1,0,servo_1,A,0.361
1770054706.9479716,ADC2,0,bus_voltage,V,12.218
1770054706.998629,ADC1,0,servo_1,A,1.32
1770054707.0491831,ADC2,0,bus_voltage,V,11.72
1770054707.0995712,ADC1,0,servo_1,A,0.73
1770054707.1499722,ADC2,0,bus_voltage,V,12.348
1770054707.2007396,ADC1,1,servo_2,A,1.683
1770054707.251312,ADC2,0,bus_voltage,V,11.974
1770054707.301846,ADC1,0,servo_1,A,2.034
1770054707.3521786,THERM,0,motor_temp,C,48.462
1770054707.4025362,ADC1,1,servo_2,A,0.784
1770054707.4532063,THERM,0,motor_temp,C,30.006
1770054707.5038211,ADC2,0,bus_voltage,V,12.269
1770054707.5546827,ADC1,0,servo_1,A,2.246
1770054707.6051524,ADC1,0,servo_1,A,0.979
1770054707.6556532,ADC1,0,servo_1,A,1.307
1770054707.70631,THERM,0,motor_temp,C,69.166
1770054707.7570467,THERM,0,motor_temp,C,42.607
1770054707.807703,ADC2,0,bus_voltage,V,10.789
1770054707.8584814,ADC2,0,bus_voltage,V,10.518
1770054707.9092536,THERM,0,motor_temp,C,51.21
1770054707.9596474,THERM,0,motor_temp,C,55.874
1770054708.0101337,THERM,0,motor_temp,C,25.868
1770054708.0605905,ADC2,0,bus_voltage,V,12.362
1770054708.111132,THERM,0,motor_temp,C,44.454
1770054708.1615598,ADC1,1,servo_2,A,1.535
1770054708.2122564,THERM,0,motor_temp,C,44.016
1770054708.2627032,ADC2,0,bus_voltage,V,10.129
1770054708.3130713,THERM,0,motor_temp,C,32.982
1770054708.3635337,ADC1,0,servo_1,A,2.136
1770054708.414,ADC2,0,bus_voltage,V,10.317
1770054708.4647489,ADC2,0,bus_voltage,V,11.688
1770054708.5153058,THERM,0,motor_temp,C,59.384
1770054708.565653,ADC1,0,servo_1,A,1.39
1770054708.6162176,ADC1,1,servo_2,A,0.568
1770054708.6665907,THERM,0,motor_temp,C,57.357
1770054708.717537,ADC1,0,servo_1,A,0.647
1770054708.7683759,ADC1,1,servo_2,A,2.228
1770054708.8187292,THERM,0,motor_temp,C,30.044
1770054708.8693986,ADC1,0,servo_1,A,1.638
1770054708.919771,ADC1,1,servo_2,A,0.972
1770054708.9703493,THERM,0,motor_temp,C,69.264
1770054709.0216827,THERM,0,motor_temp,C,43.872
1770054709.072394,ADC1,1,servo_2,A,1.456
1770054709.1228106,THERM,0,motor_temp,C,61.784
1770054709.1735291,ADC1,1,servo_2,A,0.419
1770054709.2241676,THERM,0,motor_temp,C,55.151
1770054709.2746484,ADC2,0,bus_voltage,V,10.679
1770054709.3250916,THERM,0,motor_temp,C,68.788
1770054709.3754876,THERM,0,motor_temp,C,54.737
1770054709.4262393,ADC1,0,servo_1,A,0.311
1770054709.4768898,ADC2,0,bus_voltage,V,10.765
1770054709.5275369,THERM,0,motor_temp,C,26.431
1770054709.578051,ADC2,0,bus_voltage,V,10.048
1770054709.628521,ADC2,0,bus_voltage,V,12.585
1770054709.6789608,ADC1,0,servo_1,A,0.564
1770054709.7293468,ADC1,0,servo_1,A,1.361
1770054709.7801883,ADC1,0,servo_1,A,1.757
1770054709.830805,ADC1,1,servo_2,A,0.69
1770054709.881158,ADC1,1,servo_2,A,1.881
1770054709.9316838,ADC2,0,bus_voltage,V,11.131
1770054709.9822524,THERM,0,motor_temp,C,39.198
1770054710.0330522,ADC1,1,servo_2,A,1.066
1770054710.0832849,ADC2,0,bus_voltage,V,11.82
1770054710.1340597,ADC2,0,bus_voltage,V,11.836
1770054710.184697,THERM,0,motor_temp,C,51.717
1770054710.2354887,THERM,0,motor_temp,C,34.116
1770054710.2860653,THERM,0,motor_temp,C,28.287
1770054710.3364127,ADC1,0,servo_1,A,1.766
1770054710.3867588,ADC1,0,servo_1,A,1.559
1770054710.4376054,THERM,0,motor_temp,C,63.376
1770054710.4882116,ADC2,0,bus_voltage,V,10.235
1770054710.5385885,THERM,0,motor_temp,C,45.608
1770054710.5891478,ADC1,0,servo_1,A,1.893
1770054710.6398509,THERM,0,motor_temp,C,66.47
1770054710.6902807,ADC2,0,bus_voltage,V,10.889
1770054710.7411227,ADC2,0,bus_voltage,V,12.547
1770054710.791727,THERM,0,motor_temp,C,26.12
1770054710.842486,THERM,0,motor_temp,C,44.822
1770054710.893316,THERM,0,motor_temp,C,40.61
1770054710.943735,ADC1,1,servo_2,A,1.046
1770054710.9944978,ADC2,0,bus_voltage,V,12.052
1770054711.0452914,THERM,0,motor_temp,C,62.16
1770054711.0957112,ADC1,0,servo_1,A,1.202
1770054711.146493,ADC1,1,servo_2,A,2.43
1770054711.1972291,THERM,0,motor_temp,C,27.606
1770054711.248019,THERM,0,motor_temp,C,41.847
1770054711.298382,ADC1,0,servo_1,A,0.964
1770054711.348797,THERM,0,motor_temp,C,33.773
1770054711.399165,ADC2,0,bus_voltage,V,11.415
1770054711.4496043,ADC1,1,servo_2,A,1.162
1770054711.5000787,ADC1,1,servo_2,A,2.386
1770054711.5509195,THERM,0,motor_temp,C,67.342
1770054711.601636,ADC1,1,servo_2,A,1.878
1770054711.6521554,THERM,0,motor_temp,C,50.004
1770054711.7026634,THERM,0,motor_temp,C,28.302
1770054711.7533302,ADC2,0,bus_voltage,V,11.487
1770054711.8039763,ADC1,0,servo_1,A,0.457
1770054711.854597,THERM,0,motor_temp,C,46.94
1770054711.9052732,ADC1,1,servo_2,A,1.874
1770054711.955619,ADC1,0,servo_1,A,0.706
1770054712.0061548,ADC1,0,servo_1,A,1.746
1770054712.056784,ADC1,0,servo_1,A,1.591
1770054712.107202,ADC1,1,servo_2,A,1.993
1770054712.1579618,THERM,0,motor_temp,C,40.781
1770054712.208368,ADC1,0,servo_1,A,0.959
1770054712.2589276,ADC1,0,servo_1,A,0.309
1770054712.3093603,ADC1,0,servo_1,A,1.904
1770054712.3599644,ADC1,0,servo_1,A,1.807
1770054712.4104507,ADC1,0,servo_1,A,0.226
1770054712.4611661,ADC1,0,servo_1,A,1.489
1770054712.5116858,ADC1,0,servo_1,A,0.435
1770054712.5620306,ADC2,0,bus_voltage,V,11.237
1770054712.612533,ADC2,0,bus_voltage,V,12.055
1770054712.663019,ADC1,1,servo_2,A,2.411
1770054712.7141578,ADC2,0,bus_voltage,V,10.452
1770054712.7648458,ADC2,0,bus_voltage,V,10.391
1770054712.8155112,ADC1,0,servo_1,A,2.384
1770054712.8663733,THERM,0,motor_temp,C,36.586
1770054712.9171808,ADC1,1,servo_2,A,1.576
1770054712.967865,ADC2,0,bus_voltage,V,10.629
1770054713.0186226,ADC1,0,servo_1,A,2.25
1770054713.06909,ADC2,0,bus_voltage,V,12.034
1770054713.1198077,THERM,0,motor_temp,C,27.059
1770054713.1706526,ADC2,0,bus_voltage,V,10.409
1770054713.2212849,ADC2,0,bus_voltage,V,11.808
1770054713.272106,THERM,0,motor_temp,C,52.445
1770054713.3229024,ADC2,0,bus_voltage,V,10.704
1770054713.373375,THERM,0,motor_temp,C,31.868
1770054713.4237506,ADC1,1,servo_2,A,0.41
1770054713.4745333,ADC1,0,servo_1,A,0.811
1770054713.5249555,ADC1,0,servo_1,A,1.852
1770054713.5754256,ADC1,1,servo_2,A,0.543
1770054713.6260922,THERM,0,motor_temp,C,31.697
1770054713.6767023,THERM,0,motor_temp,C,68.176
1770054713.7279341,ADC2,0,bus_voltage,V,12.366
1770054713.778338,ADC1,1,servo_2,A,2.047
1770054713.8287828,ADC2,0,bus_voltage,V,12.283
1770054713.8795288,THERM,0,motor_temp,C,40.362
1770054713.9300306,ADC1,0,servo_1,A,2.255
1770054713.980496,ADC2,0,bus_voltage,V,10.838
1770054714.031162,ADC2,0,bus_voltage,V,12.231
1770054714.0819237,ADC2,0,bus_voltage,V,10.874
1770054714.1326184,ADC1,0,servo_1,A,2.385
1770054714.183227,THERM,0,motor_temp,C,53.338
1770054714.2341993,THERM,0,motor_temp,C,64.088
1770054714.284967,ADC1,1,servo_2,A,0.307
1770054714.335285,ADC2,0,bus_voltage,V,11.332
1770054714.3860705,THERM,0,motor_temp,C,31.983
1770054714.4365084,ADC1,1,servo_2,A,0.231
1770054714.4871614,ADC2,0,bus_voltage,V,11.828
1770054714.5378916,ADC2,0,bus_voltage,V,10.117
1770054714.588346,ADC1,1,servo_2,A,0.539
1770054714.639035,THERM,0,motor_temp,C,29.173
1770054714.6893253,ADC1,1,servo_2,A,1.344
1770054714.7397556,ADC1,1,servo_2,A,0.886
1770054714.790271,ADC2,0,bus_voltage,V,12.37
1770054714.8410954,ADC2,0,bus_voltage,V,11.1
1770054714.891572,ADC1,1,servo_2,A,1.005
1770054714.9424372,ADC1,0,servo_1,A,1.259
1770054714.992906,ADC1,1,servo_2,A,1.741
1770054715.043587,ADC1,1,servo_2,A,1.327
1770054715.0941496,ADC1,0,servo_1,A,1.102
1770054715.1447985,THERM,0,motor_temp,C,47.758
1770054715.195428,ADC1,0,servo_1,A,1.373
1770054715.2458968,ADC2,0,bus_voltage,V,12.226
1770054715.296554,ADC2,0,bus_voltage,V,10.891
1770054715.3471253,ADC2,0,bus_voltage,V,12.266
1770054715.397741,ADC1,1,servo_2,A,1.702
1770054715.4484859,THERM,0,motor_temp,C,25.928
1770054715.4990468,THERM,0,motor_temp,C,36.432
1770054715.5498006,THERM,0,motor_temp,C,36.428
1770054715.6001823,ADC1,0,servo_1,A,0.836
1770054715.6505399,ADC1,1,servo_2,A,0.923
1770054715.700997,ADC1,0,servo_1,A,1.278
1770054715.7516313,ADC1,1,servo_2,A,2.392
1770054715.8021653,THERM,0,motor_temp,C,35.486
1770054715.8525405,ADC1,1,servo_2,A,0.886
1770054715.903352,ADC1,1,servo_2,A,1.349
1770054715.9538782,ADC1,0,servo_1,A,0.348
1770054716.0045593,ADC2,0,bus_voltage,V,12.122
1770054716.0552979,THERM,0,motor_temp,C,67.023
1770054716.1057122,ADC2,0,bus_voltage,V,11.982
1770054716.1565444,ADC1,1,servo_2,A,0.467
1770054716.2071981,ADC1,0,servo_1,A,1.592
1770054716.2580261,ADC1,0,servo_1,A,1.606
1770054716.3083897,ADC1,0,servo_1,A,1.895
1770054716.358851,ADC1,0,servo_1,A,0.354
1770054716.4093072,ADC2,0,bus_voltage,V,11.931
1770054716.4596503,ADC1,1,servo_2,A,1.527
1770054716.5101557,ADC1,1,servo_2,A,1.882
1770054716.5610075,ADC1,1,servo_2,A,0.927
1770054716.6116297,THERM,0,motor_temp,C,50.341
1770054716.6619334,ADC1,1,servo_2,A,2.451
1770054716.712665,THERM,0,motor_temp,C,57.52
1770054716.763388,THERM,0,motor_temp,C,36.883
1770054716.8136535,THERM,0,motor_temp,C,31.384
1770054716.863971,ADC1,0,servo_1,A,0.614
1770054716.9147334,THERM,0,motor_temp,C,32.439
1770054716.9654655,ADC1,0,servo_1,A,1.016
1770054717.0160408,ADC2,0,bus_voltage,V,11.529
1770054717.0663702,ADC1,0,servo_1,A,0.732
1770054717.1170726,ADC1,1,servo_2,A,1.37
1770054717.1676621,ADC1,1,servo_2,A,2.002
1770054717.2184906,THERM,0,motor_temp,C,30.865
1770054717.2691772,ADC2,0,bus_voltage,V,12.491
1770054717.3197422,ADC1,1,servo_2,A,1.015
1770054717.3702118,ADC1,0,servo_1,A,0.855
1770054717.4207191,ADC1,0,servo_1,A,2.02
1770054717.4712253,ADC1,1,servo_2,A,1.636
1770054717.5219686,ADC2,0,bus_voltage,V,12.486
1770054717.5724497,ADC1,1,servo_2,A,0.367
1770054717.6232717,ADC1,0,servo_1,A,1.147
1770054717.6739802,ADC1,0,servo_1,A,2.108
1770054717.724545,THERM,0,motor_temp,C,51.488
1770054717.7751188,ADC2,0,bus_voltage,V,11.632
1770054717.8256497,ADC2,0,bus_voltage,V,12.436
1770054717.8763938,ADC1,0,servo_1,A,1.914
1770054717.9272091,ADC1,1,servo_2,A,2.411
1770054717.9797785,ADC1,1,servo_2,A,2.152
1770054718.0306962,ADC2,0,bus_voltage,V,12.434
1770054718.081474,ADC2,0,bus_voltage,V,11.313
1770054718.1325057,ADC1,0,servo_1,A,1.189
1770054718.1832771,ADC1,1,servo_2,A,0.238
1770054718.2337182,ADC1,1,servo_2,A,0.603
1770054718.2843187,THERM,0,motor_temp,C,36.944
1770054718.3348813,THERM,0,motor_temp,C,40.616
1770054718.385351,ADC2,0,bus_voltage,V,12.337
1770054718.436106,ADC1,0,servo_1,A,0.464
1770054718.4866698,ADC1,0,servo_1,A,0.314
1770054718.5369704,ADC2,0,bus_voltage,V,10.424
1770054718.5877013,THERM,0,motor_temp,C,33.048
1770054718.6383708,ADC2,0,bus_voltage,V,11.207
1770054718.689042,ADC1,0,servo_1,A,0.944
1770054718.7394414,THERM,0,motor_temp,C,65.366
1770054718.7900302,THERM,0,motor_temp,C,63.576
1770054718.840808,ADC2,0,bus_voltage,V,11.968
1770054718.8911495,THERM,0,motor_temp,C,65.43
1770054718.9415343,ADC2,0,bus_voltage,V,12.123
1770054718.9920151,ADC1,1,servo_2,A,1.394
1770054719.0426962,ADC1,0,servo_1,A,2.124
1770054719.0934448,ADC2,0,bus_voltage,V,11.218
1770054719.1440566,ADC1,0,servo_1,A,1.76
1770054719.1947308,THERM,0,motor_temp,C,33.927
1770054719.2451103,ADC1,1,servo_2,A,0.709
1770054719.2955377,THERM,0,motor_temp,C,43.017
1770054719.3462348,ADC1,0,servo_1,A,1.323
1770054719.3970332,ADC1,0,servo_1,A,0.994
1770054719.4474895,THERM,0,motor_temp,C,68.127
1770054719.4981909,ADC1,0,servo_1,A,2.293
1770054719.548932,THERM,0,motor_temp,C,63.538
1770054719.5997877,ADC1,1,servo_2,A,0.612
1770054719.6503077,THERM,0,motor_temp,C,57.653
1770054719.7009904,ADC1,0,servo_1,A,0.25
1770054719.7516735,ADC1,1,servo_2,A,2.097
1770054719.802177,ADC1,0,servo_1,A,0.495
1770054719.8525295,THERM,0,motor_temp,C,44.46
1770054719.903141,ADC1,0,servo_1,A,2.353
1770054719.9537473,ADC1,0,servo_1,A,0.9
1770054720.0041451,ADC2,0,bus_voltage,V,10.012
1770054720.0546842,ADC1,0,servo_1,A,0.876
1770054720.105551,ADC1,1,servo_2,A,0.963
1770054720.156294,ADC2,0,bus_voltage,V,10.279
1770054720.2066832,ADC1,1,servo_2,A,1.147
1770054720.257073,ADC1,1,servo_2,A,2.142
1770054720.307748,THERM,0,motor_temp,C,27.706
1770054720.3583376,THERM,0,motor_temp,C,48.551
1770054720.4088442,ADC2,0,bus_voltage,V,12.582
1770054720.4596486,ADC1,1,servo_2,A,1.143
1770054720.5103629,ADC1,1,servo_2,A,2.437
1770054720.5609746,THERM,0,motor_temp,C,28.938
1770054720.6117427,THERM,0,motor_temp,C,54.705
1770054720.662408,ADC1,0,servo_1,A,2.428
1770054720.712826,ADC1,0,servo_1,A,1.493
1770054720.7634065,ADC1,1,servo_2,A,1.835
1770054720.814812,ADC2,0,bus_voltage,V,12.561
1770054720.8660555,ADC1,0,servo_1,A,0.839
1770054720.9165707,ADC1,1,servo_2,A,2.01
1770054720.9670494,THERM,0,motor_temp,C,60.663
1770054721.0176432,THERM,0,motor_temp,C,52.032
1770054721.068243,ADC1,1,servo_2,A,1.522
1770054721.1189015,ADC1,1,servo_2,A,2.09
1770054721.1696618,ADC1,0,servo_1,A,0.804
1770054721.2203643,THERM,0,motor_temp,C,31.869
1770054721.2711406,ADC1,0,servo_1,A,1.314
1770054721.3219497,ADC2,0,bus_voltage,V,11.548
1770054721.3723083,ADC1,1,servo_2,A,0.64
1770054721.42298,ADC2,0,bus_voltage,V,11.611
1770054721.4734707,THERM,0,motor_temp,C,53.229
1770054721.524293,THERM,0,motor_temp,C,26.531
1770054721.5751557,THERM,0,motor_temp,C,25.706
1770054721.6258376,THERM,0,motor_temp,C,51.139
1770054721.676594,THERM,0,motor_temp,C,25.077
1770054721.7273598,ADC1,1,servo_2,A,1.249
1770054721.7780664,ADC1,1,servo_2,A,0.704
1770054721.8284013,ADC2,0,bus_voltage,V,11.14
1770054721.8788936,ADC2,0,bus_voltage,V,11.54
1770054721.9293513,THERM,0,motor_temp,C,58.491
1770054721.9800777,ADC1,1,servo_2,A,1.065
1770054722.0307171,ADC1,0,servo_1,A,1.571
1770054722.081465,ADC2,0,bus_voltage,V,11.599
1770054722.1326656,ADC1,1,servo_2,A,2.048
1770054722.1836164,ADC1,0,servo_1,A,1.737
1770054722.2343323,ADC1,1,servo_2,A,0.901
1770054722.2850971,THERM,0,motor_temp,C,43.614
1770054722.3359802,ADC1,0,servo_1,A,1.604
1770054722.386421,ADC2,0,bus_voltage,V,10.34
1770054722.4370985,ADC2,0,bus_voltage,V,10.824
1770054722.487871,ADC1,0,servo_1,A,0.436
1770054722.5386312,ADC1,0,servo_1,A,1.617
1770054722.5893073,ADC1,1,servo_2,A,0.515
1770054722.6403346,THERM,0,motor_temp,C,67.595
1770054722.691167,ADC1,1,servo_2,A,0.324
1770054722.7420106,THERM,0,motor_temp,C,61.072
1770054722.7925067,ADC2,0,bus_voltage,V,11.166
1770054722.8429866,ADC2,0,bus_voltage,V,11.688
1770054722.8933575,ADC2,0,bus_voltage,V,11.366
1770054722.944008,ADC2,0,bus_voltage,V,11.66
1770054722.9943757,THERM,0,motor_temp,C,29.568
1770054723.044759,THERM,0,motor_temp,C,35.04
1770054723.095486,ADC1,0,servo_1,A,0.529
1770054723.1460967,ADC1,0,servo_1,A,1.348
1770054723.1968188,ADC2,0,bus_voltage,V,12.276
1770054723.2472568,ADC1,0,servo_1,A,2.062
1770054723.2980258,ADC1,0,servo_1,A,1.584
1770054723.348917,ADC1,1,servo_2,A,1.039
1770054723.3997352,THERM,0,motor_temp,C,50.876
1770054723.4506738,ADC2,0,bus_voltage,V,11.949
1770054723.5011501,ADC1,1,servo_2,A,1.332
1770054723.5520282,ADC1,1,servo_2,A,1.575
1770054723.6025739,THERM,0,motor_temp,C,41.073
1770054723.6534214,THERM,0,motor_temp,C,47.976
1770054723.7041028,THERM,0,motor_temp,C,50.63
1770054723.7544622,ADC1,1,servo_2,A,1.03
1770054723.8049555,ADC1,0,servo_1,A,1.803
1770054723.8557916,ADC1,0,servo_1,A,1.146
1770054723.9064577,ADC2,0,bus_voltage,V,11.327
1770054723.956804,THERM,0,motor_temp,C,28.091
1770054724.0073874,ADC2,0,bus_voltage,V,10.297
1770054724.0580366,THERM,0,motor_temp,C,26.929
1770054724.1086473,ADC2,0,bus_voltage,V,10.328
1770054724.1589494,ADC1,0,servo_1,A,1.502
1770054724.2093878,ADC2,0,bus_voltage,V,11.382
1770054724.2598722,ADC2,0,bus_voltage,V,12.519
1770054724.310397,ADC1,0,servo_1,A,0.831
1770054724.3609746,ADC2,0,bus_voltage,V,11.701
1770054724.4113317,ADC1,1,servo_2,A,1.741
1770054724.4621243,ADC1,1,servo_2,A,0.312
1770054724.5130076,ADC2,0,bus_voltage,V,10.676
1770054724.563604,ADC1,1,servo_2,A,0.512
1770054724.6143734,THERM,0,motor_temp,C,45.378
1770054724.6659086,ADC1,1,servo_2,A,0.357
1770054724.7164078,THERM,0,motor_temp,C,53.783
1770054724.7675061,ADC1,1,servo_2,A,0.997
1770054724.8182843,ADC2,0,bus_voltage,V,12.221
1770054724.869005,ADC2,0,bus_voltage,V,12.141
1770054724.9198325,ADC1,0,servo_1,A,0.495
1770054724.9705944,ADC1,1,servo_2,A,2.097
1770054725.0210502,ADC1,1,servo_2,A,2.138
1770054725.0717888,ADC1,1,servo_2,A,1.799
1770054725.1225996,ADC1,1,servo_2,A,0.239
1770054725.173443,THERM,0,motor_temp,C,42.169
1770054725.2237859,ADC1,1,servo_2,A,1.954
1770054725.2742126,ADC1,0,servo_1,A,1.387
1770054725.3246393,ADC1,0,servo_1,A,0.626
1770054725.3753037,ADC1,1,servo_2,A,0.318
1770054725.4258122,ADC2,0,bus_voltage,V,10.703
1770054725.476508,THERM,0,motor_temp,C,37.124
1770054725.5269475,ADC1,1,servo_2,A,0.75
1770054725.577631,ADC2,0,bus_voltage,V,12.473
1770054725.6281228,ADC1,0,servo_1,A,1.202
1770054725.6789258,ADC1,1,servo_2,A,2.003
1770054725.729288,ADC1,1,servo_2,A,2.19
1770054725.7801356,ADC2,0,bus_voltage,V,10.822
1770054725.830591,THERM,0,motor_temp,C,50.51
1770054725.8811107,ADC2,0,bus_voltage,V,11.421
1770054725.932031,ADC1,0,servo_1,A,0.807
1770054725.9823067,ADC1,1,servo_2,A,1.264
1770054726.032775,ADC2,0,bus_voltage,V,10.977
1770054726.0833566,THERM,0,motor_temp,C,69.688
1770054726.134088,ADC2,0,bus_voltage,V,10.442
1770054726.1848028,ADC1,1,servo_2,A,0.739
1770054726.2351794,THERM,0,motor_temp,C,64.504
1770054726.2858796,THERM,0,motor_temp,C,56.747
1770054726.3364596,THERM,0,motor_temp,C,55.511
1770054726.3871884,THERM,0,motor_temp,C,39.864
1770054726.4377756,ADC2,0,bus_voltage,V,12.049
1770054726.4886587,THERM,0,motor_temp,C,29.565
1770054726.5394433,ADC2,0,bus_voltage,V,11.088
1770054726.589864,THERM,0,motor_temp,C,43.557
1770054726.640514,ADC2,0,bus_voltage,V,12.378
1770054726.691362,ADC1,0,servo_1,A,0.797
1770054726.7419944,ADC2,0,bus_voltage,V,11.702
1770054726.7925305,ADC1,0,servo_1,A,0.731
1770054726.8429108,ADC1,0,servo_1,A,0.953
1770054726.8934016,ADC1,1,servo_2,A,1.424
1770054726.9439328,ADC1,1,servo_2,A,1.158
1770054726.9946692,THERM,0,motor_temp,C,27.541
1770054727.0451233,THERM,0,motor_temp,C,56.259
1770054727.0958743,THERM,0,motor_temp,C,55.263
1770054727.1466413,ADC1,1,servo_2,A,2.374
1770054727.197341,ADC1,1,servo_2,A,1.413
1770054727.24804,ADC1,1,servo_2,A,1.852
1770054727.2989004,ADC1,0,servo_1,A,0.274
1770054727.3492732,ADC1,0,servo_1,A,2.06
1770054727.4001164,ADC1,0,servo_1,A,1.264
1770054727.4505563,THERM,0,motor_temp,C,46.871
1770054727.5014646,ADC1,1,servo_2,A,1.546
1770054727.551916,ADC1,1,servo_2,A,2.322
1770054727.6025488,THERM,0,motor_temp,C,52.264
1770054727.653076,ADC1,0,servo_1,A,2.246
1770054727.7035232,THERM,0,motor_temp,C,46.133
1770054727.7539942,ADC1,1,servo_2,A,1.281
1770054727.8044622,ADC1,1,servo_2,A,1.943
1770054727.8552096,THERM,0,motor_temp,C,60.935
1770054727.9059722,THERM,0,motor_temp,C,28.148
1770054727.956476,THERM,0,motor_temp,C,61.657
1770054728.0069659,ADC2,0,bus_voltage,V,11.764
1770054728.0575461,THERM,0,motor_temp,C,69.482
1770054728.108202,ADC1,1,servo_2,A,2.305
1770054728.1584527,ADC2,0,bus_voltage,V,12.183
1770054728.2090812,ADC2,0,bus_voltage,V,10.511
1770054728.2594888,ADC1,1,servo_2,A,0.871
1770054728.3099108,THERM,0,motor_temp,C,29.74
1770054728.3605223,ADC1,1,servo_2,A,1.78
1770054728.411164,ADC1,1,servo_2,A,0.265
1770054728.4617884,ADC2,0,bus_voltage,V,10.862
1770054728.512165,ADC2,0,bus_voltage,V,11.229
1770054728.5626397,ADC2,0,bus_voltage,V,12.537
1770054728.6135345,ADC2,0,bus_voltage,V,12.46
1770054728.664354,ADC1,1,servo_2,A,1.399
1770054728.715254,THERM,0,motor_temp,C,37.227
1770054728.7658997,ADC2,0,bus_voltage,V,11.638
1770054728.8166876,THERM,0,motor_temp,C,35.391
1770054728.8671339,ADC2,0,bus_voltage,V,10.037
1770054728.9177058,ADC2,0,bus_voltage,V,11.059
1770054728.9684863,ADC1,0,servo_1,A,0.62
1770054729.018989,ADC1,0,servo_1,A,2.12
1770054729.0694916,THERM,0,motor_temp,C,33.763
1770054729.1200624,ADC2,0,bus_voltage,V,11.57
1770054729.1707976,ADC2,0,bus_voltage,V,11.553
1770054729.2214465,ADC2,0,bus_voltage,V,12.389
1770054729.271849,THERM,0,motor_temp,C,49.632
1770054729.3228612,ADC2,0,bus_voltage,V,11.816
1770054729.373413,ADC1,0,servo_1,A,2.396
1770054729.4237797,ADC2,0,bus_voltage,V,12.159
1770054729.474463,THERM,0,motor_temp,C,58.483
1770054729.5249164,ADC1,1,servo_2,A,1.151
1770054729.5754082,THERM,0,motor_temp,C,33.698
1770054729.6262684,ADC1,0,servo_1,A,1.875
1770054729.6768503,THERM,0,motor_temp,C,55.943
1770054729.727724,ADC1,1,servo_2,A,1.502
1770054729.7782683,ADC1,0,servo_1,A,2.479
1770054729.8288171,ADC1,0,servo_1,A,1.381
1770054729.8796124,ADC2,0,bus_voltage,V,11.392
1770054729.9299536,ADC2,0,bus_voltage,V,12.079
1770054729.9803658,ADC1,1,servo_2,A,2.157
1770054730.03134,ADC1,1,servo_2,A,1.24
1770054730.0822272,THERM,0,motor_temp,C,68.624
1770054730.1330068,THERM,0,motor_temp,C,26.506
1770054730.1835148,ADC2,0,bus_voltage,V,12.16
1770054730.2343032,ADC1,0,servo_1,A,0.949
1770054730.2846658,THERM,0,motor_temp,C,55.258
1770054730.335267,THERM,0,motor_temp,C,66.173
1770054730.3859236,THERM,0,motor_temp,C,46.338
1770054730.436488,THERM,0,motor_temp,C,47.801
1770054730.4871907,THERM,0,motor_temp,C,42.389
1770054730.5376801,ADC1,0,servo_1,A,1.13
1770054730.588039,ADC2,0,bus_voltage,V,11.341
1770054730.6385474,ADC2,0,bus_voltage,V,11.249
1770054730.6890874,ADC2,0,bus_voltage,V,11.344
1770054730.7396653,ADC1,1,servo_2,A,2.277
1770054730.7901435,ADC1,0,servo_1,A,2.269
1770054730.840677,THERM,0,motor_temp,C,40.911
1770054730.8912795,ADC2,0,bus_voltage,V,10.973
1770054730.9419305,ADC1,1,servo_2,A,1.538
1770054730.9927518,THERM,0,motor_temp,C,45.976
1770054731.0434215,ADC1,0,servo_1,A,1.388
1770054731.0940511,ADC1,1,servo_2,A,0.206
1770054731.1447146,THERM,0,motor_temp,C,55.654
1770054731.1951447,ADC1,1,servo_2,A,1.224
1770054731.2455435,ADC1,0,servo_1,A,1.843
1770054731.2961261,ADC2,0,bus_voltage,V,12.286
1770054731.3468275,ADC1,1,servo_2,A,1.365
1770054731.397155,ADC1,0,servo_1,A,0.48
1770054731.4475896,ADC2,0,bus_voltage,V,10.189
1770054731.4981322,ADC1,1,servo_2,A,2.105
1770054731.5487924,THERM,0,motor_temp,C,29.895
1770054731.599233,THERM,0,motor_temp,C,29.034
1770054731.6497436,THERM,0,motor_temp,C,43.301
1770054731.7004037,ADC1,0,servo_1,A,0.685
1770054731.7510827,ADC1,0,servo_1,A,2.039
1770054731.801527,ADC1,1,servo_2,A,1.71
1770054731.8521554,ADC2,0,bus_voltage,V,10.746
1770054731.9029217,THERM,0,motor_temp,C,25.003
1770054731.953693,ADC1,1,servo_2,A,0.386
1770054732.004479,ADC2,0,bus_voltage,V,12.477
1770054732.05496,ADC1,0,servo_1,A,2.12
1770054732.1054232,ADC1,0,servo_1,A,0.705
1770054732.1559558,ADC2,0,bus_voltage,V,11.772
1770054732.2065017,ADC1,1,servo_2,A,0.317
1770054732.2572076,ADC2,0,bus_voltage,V,11.654
1770054732.3077216,THERM,0,motor_temp,C,47.845
1770054732.3581665,ADC1,0,servo_1,A,0.376
1770054732.408627,ADC1,0,servo_1,A,0.343
1770054732.4594765,ADC2,0,bus_voltage,V,11.52
1770054732.5099041,THERM,0,motor_temp,C,59.814
1770054732.5604916,ADC1,1,servo_2,A,1.978
1770054732.611208,ADC1,1,servo_2,A,2.068
1770054732.6616273,ADC1,0,servo_1,A,1.771
1770054732.7121787,THERM,0,motor_temp,C,51.578
1770054732.7626889,ADC1,0,servo_1,A,2.325
1770054732.813083,ADC2,0,bus_voltage,V,10.379
1770054732.8636541,ADC2,0,bus_voltage,V,10.788
1770054732.9146938,ADC1,0,servo_1,A,2.115
1770054732.9653652,THERM,0,motor_temp,C,36.06
1770054733.016215,ADC2,0,bus_voltage,V,11.302
1770054733.0668108,ADC1,0,servo_1,A,0.254
1770054733.1176815,ADC1,1,servo_2,A,1.627
1770054733.168497,ADC1,1,servo_2,A,0.856
1770054733.2189393,ADC1,0,servo_1,A,1.264
1770054733.269641,ADC1,1,servo_2,A,2.035
1770054733.3204265,ADC1,1,servo_2,A,1.579
1770054733.371214,ADC1,1,servo_2,A,1.528
1770054733.4219582,ADC2,0,bus_voltage,V,10.955
1770054733.4727843,ADC1,0,servo_1,A,1.745
1770054733.5231907,ADC1,1,servo_2,A,0.257
1770054733.573872,ADC1,1,servo_2,A,1.984
1770054733.624577,ADC1,0,servo_1,A,0.492
1770054733.6752267,ADC1,0,servo_1,A,0.207
1770054733.726002,ADC1,0,servo_1,A,0.993
1770054733.776484,THERM,0,motor_temp,C,39.082
1770054733.8269293,ADC1,0,servo_1,A,1.491
1770054733.8774009,THERM,0,motor_temp,C,32.608
1770054733.928085,ADC1,0,servo_1,A,2.245
1770054733.9789438,THERM,0,motor_temp,C,35.491
1770054734.0295305,ADC1,1,servo_2,A,1.928
1770054734.0800824,ADC1,0,servo_1,A,1.979
1770054734.1304915,THERM,0,motor_temp,C,35.077
1770054734.1810448,THERM,0,motor_temp,C,53.239
1770054734.2319777,ADC1,0,servo_1,A,2.351
1770054734.2824988,ADC1,1,servo_2,A,0.42
1770054734.3333828,THERM,0,motor_temp,C,56.304
1770054734.3841677,ADC1,0,servo_1,A,0.737
1770054734.4345531,ADC1,1,servo_2,A,0.55
1770054734.4850693,THERM,0,motor_temp,C,40.288
1770054734.5354698,ADC1,1,servo_2,A,0.903
1770054734.5859008,ADC1,1,servo_2,A,1.593
1770054734.63652,ADC2,0,bus_voltage,V,12.433
1770054734.6869612,ADC1,1,servo_2,A,2.36
1770054734.7373316,ADC2,0,bus_voltage,V,10.605
1770054734.7878504,THERM,0,motor_temp,C,68.375
1770054734.8385484,ADC2,0,bus_voltage,V,12.189
1770054734.889308,ADC1,0,servo_1,A,0.344
1770054734.9399657,ADC1,0,servo_1,A,0.815
1770054734.9903808,ADC1,0,servo_1,A,1.621
1770054735.0408895,ADC1,1,servo_2,A,1.723
1770054735.091381,ADC2,0,bus_voltage,V,12.106
1770054735.1431994,ADC1,1,servo_2,A,0.424
1770054735.1937332,ADC1,0,servo_1,A,2.223
1770054735.2442167,THERM,0,motor_temp,C,43.422
1770054735.2949653,ADC1,1,servo_2,A,2.429
1770054735.3453882,ADC1,0,servo_1,A,1.684
1770054735.396047,ADC1,1,servo_2,A,2.146
1770054735.4465384,ADC2,0,bus_voltage,V,10.982
1770054735.4969025,ADC1,0,servo_1,A,1.059
1770054735.5474458,ADC2,0,bus_voltage,V,12.244
1770054735.5978773,ADC1,0,servo_1,A,1.075
1770054735.648312,ADC2,0,bus_voltage,V,10.936
1770054735.6990106,ADC2,0,bus_voltage,V,10.039
1770054735.7495565,ADC2,0,bus_voltage,V,10.102
1770054735.8000767,ADC2,0,bus_voltage,V,11.46
1770054735.8507428,ADC2,0,bus_voltage,V,11.006
1770054735.9010582,ADC1,1,servo_2,A,2.052
1770054735.951626,ADC1,0,servo_1,A,1.788
1770054736.002419,THERM,0,motor_temp,C,59.99
1770054736.0529263,ADC2,0,bus_voltage,V,11.815
1770054736.1033523,ADC1,1,servo_2,A,0.925
1770054736.153772,ADC1,0,servo_1,A,1.446
1770054736.204537,ADC2,0,bus_voltage,V,11.33
1770054736.2551863,ADC1,0,servo_1,A,1.806
1770054736.305812,ADC1,1,servo_2,A,1.546
1770054736.3563442,THERM,0,motor_temp,C,54.858
1770054736.4068503,THERM,0,motor_temp,C,64.639
1770054736.4574118,ADC1,1,servo_2,A,0.655
1770054736.5083,ADC1,0,servo_1,A,2.373
1770054736.5591543,ADC1,1,servo_2,A,2.391
1770054736.609597,ADC1,0,servo_1,A,2.086
1770054736.6599493,ADC1,1,servo_2,A,2.2
1770054736.7105148,ADC1,0,servo_1,A,2.016
1770054736.7611282,ADC1,1,servo_2,A,0.535
1770054736.81165,ADC1,1,servo_2,A,0.535
1770054736.8624167,ADC2,0,bus_voltage,V,11.261
1770054736.9130943,ADC1,1,servo_2,A,2.057
1770054736.963824,ADC1,1,servo_2,A,1.875
1770054737.0144827,ADC1,0,servo_1,A,0.254
1770054737.0649729,THERM,0,motor_temp,C,61.321
1770054737.1156087,ADC1,0,servo_1,A,0.617
1770054737.1660972,THERM,0,motor_temp,C,34.993
1770054737.216681,ADC2,0,bus_voltage,V,10.757
1770054737.267169,ADC1,0,servo_1,A,0.389
1770054737.3176036,ADC1,0,servo_1,A,2.374
1770054737.3679974,ADC1,1,servo_2,A,1.503
1770054737.418714,ADC2,0,bus_voltage,V,12.548
1770054737.4689858,ADC2,0,bus_voltage,V,12.385
1770054737.5194561,ADC1,1,servo_2,A,0.415
1770054737.569977,ADC1,0,servo_1,A,1.749
1770054737.6204824,ADC1,0,servo_1,A,0.948
1770054737.671056,ADC1,1,servo_2,A,1.229
1770054737.7215645,ADC1,1,servo_2,A,1.685
1770054737.7721298,ADC1,0,servo_1,A,2.42
1770054737.8226058,ADC1,1,servo_2,A,1.037
1770054737.873141,THERM,0,motor_temp,C,57.456
1770054737.9238253,ADC1,1,servo_2,A,1.176
1770054737.9740791,ADC1,0,servo_1,A,1.861
1770054738.0246093,THERM,0,motor_temp,C,68.38
1770054738.0750706,ADC2,0,bus_voltage,V,11.065
1770054738.1257136,ADC1,0,servo_1,A,2.032
1770054738.176374,ADC1,0,servo_1,A,0.922
1770054738.2266924,THERM,0,motor_temp,C,44.623
1770054738.2775178,ADC2,0,bus_voltage,V,11.901
1770054738.3281772,ADC1,0,servo_1,A,0.325
1770054738.3786747,THERM,0,motor_temp,C,55.091
1770054738.4293754,ADC2,0,bus_voltage,V,10.938
1770054738.4800103,ADC1,1,servo_2,A,1.718
1770054738.5307605,ADC2,0,bus_voltage,V,10.306
1770054738.5813632,ADC2,0,bus_voltage,V,10.401
1770054738.6318963,ADC2,0,bus_voltage,V,11.646
1770054738.6828196,THERM,0,motor_temp,C,69.922
1770054738.7334287,THERM,0,motor_temp,C,57.219
1770054738.784095,ADC1,1,servo_2,A,1.857
1770054738.8344178,THERM,0,motor_temp,C,63.843
1770054738.884962,ADC1,1,servo_2,A,0.936
1770054738.9357,ADC1,1,servo_2,A,1.935
1770054738.9871626,ADC1,0,servo_1,A,0.746
1770054739.0376985,THERM,0,motor_temp,C,25.342
1770054739.0880206,ADC1,1,servo_2,A,0.646
1770054739.1384072,ADC2,0,bus_voltage,V,10.707
1770054739.1890926,ADC2,0,bus_voltage,V,12.282
1770054739.2395349,ADC2,0,bus_voltage,V,11.474
1770054739.2902565,ADC2,0,bus_voltage,V,11.752
1770054739.3409245,THERM,0,motor_temp,C,42.936
1770054739.3916526,ADC1,1,servo_2,A,1.361
1770054739.4424696,ADC1,0,servo_1,A,0.217
1770054739.4929645,THERM,0,motor_temp,C,31.321
1770054739.5434895,ADC2,0,bus_voltage,V,11.043
1770054739.5942512,ADC1,1,servo_2,A,0.814
1770054739.6448689,ADC1,0,servo_1,A,0.555
1770054739.695349,ADC1,1,servo_2,A,2.318
1770054739.7459967,ADC2,0,bus_voltage,V,10.648
1770054739.7963223,ADC1,0,servo_1,A,0.399
1770054739.846982,ADC2,0,bus_voltage,V,10.02
1770054739.8974023,ADC1,1,servo_2,A,1.866
1770054739.9480298,ADC1,0,servo_1,A,0.847
1770054739.9986784,ADC1,0,servo_1,A,0.246
1770054740.049472,ADC1,1,servo_2,A,1.36
1770054740.099895,ADC2,0,bus_voltage,V,12.442
1770054740.1506352,ADC1,0,servo_1,A,0.268
1770054740.2014062,THERM,0,motor_temp,C,66.432
1770054740.2519286,ADC1,1,servo_2,A,0.986
1770054740.3024883,THERM,0,motor_temp,C,59.621
1770054740.353017,ADC1,0,servo_1,A,0.942
1770054740.403707,THERM,0,motor_temp,C,40.472
1770054740.4543235,ADC1,0,servo_1,A,0.324
1770054740.5048275,ADC1,1,servo_2,A,1.42
1770054740.555506,THERM,0,motor_temp,C,56.727
1770054740.6058803,ADC2,0,bus_voltage,V,10.343
1770054740.6564937,ADC1,1,servo_2,A,1.345
1770054740.7073994,ADC1,0,servo_1,A,1.288
1770054740.7579622,THERM,0,motor_temp,C,46.242
1770054740.8086987,ADC1,1,servo_2,A,2.279
1770054740.8593485,THERM,0,motor_temp,C,41.455
1770054740.9099677,THERM,0,motor_temp,C,30.419
1770054740.9606962,ADC2,0,bus_voltage,V,10.472
1770054741.0113883,ADC1,1,servo_2,A,0.378
1770054741.0618198,THERM,0,motor_temp,C,63.444
1770054741.1134014,ADC1,1,servo_2,A,0.565
1770054741.164001,ADC2,0,bus_voltage,V,12.202
1770054741.2144887,ADC1,1,servo_2,A,2.39
1770054741.2649882,THERM,0,motor_temp,C,67.031
1770054741.3155725,ADC2,0,bus_voltage,V,11.712
1770054741.3664484,ADC1,1,servo_2,A,1.501
1770054741.4174364,THERM,0,motor_temp,C,59.033
1770054741.467996,THERM,0,motor_temp,C,27.825
1770054741.5189092,ADC1,0,servo_1,A,1.322
1770054741.569798,THERM,0,motor_temp,C,36.39
1770054741.6204891,ADC1,1,servo_2,A,2.306
1770054741.6711662,THERM,0,motor_temp,C,43.078
1770054741.7217443,ADC1,1,servo_2,A,2.11
1770054741.7723548,THERM,0,motor_temp,C,57.641
1770054741.8230102,ADC1,1,servo_2,A,1.373
1770054741.873537,ADC2,0,bus_voltage,V,10.72
1770054741.924264,ADC2,0,bus_voltage,V,11.94
1770054741.9746933,THERM,0,motor_temp,C,26.835
1770054742.0253088,THERM,0,motor_temp,C,25.155
1770054742.0759914,THERM,0,motor_temp,C,30.399
1770054742.1264133,THERM,0,motor_temp,C,27.083
1770054742.1771894,ADC2,0,bus_voltage,V,10.276
1770054742.227903,ADC1,1,servo_2,A,1.279
1770054742.2786522,ADC1,0,servo_1,A,0.514
1770054742.3292105,ADC1,0,servo_1,A,1.419
1770054742.3802037,ADC1,1,servo_2,A,0.864
1770054742.4308994,ADC2,0,bus_voltage,V,12.529
1770054742.4816804,ADC1,0,servo_1,A,0.77
1770054742.532538,THERM,0,motor_temp,C,29.665
1770054742.5833623,ADC1,1,servo_2,A,0.79
1770054742.6341724,ADC1,0,servo_1,A,0.428
1770054742.6848116,ADC1,1,servo_2,A,1.037
1770054742.7353508,ADC1,1,servo_2,A,1.472
1770054742.786321,ADC2,0,bus_voltage,V,10.23
1770054742.837147,ADC1,0,servo_1,A,1.767
1770054742.8878133,THERM,0,motor_temp,C,54.821
1770054742.938279,ADC1,0,servo_1,A,1.466
1770054742.9887438,ADC2,0,bus_voltage,V,12.22
1770054743.0391953,ADC2,0,bus_voltage,V,10.554
1770054743.089541,THERM,0,motor_temp,C,52.036
1770054743.1401076,THERM,0,motor_temp,C,56.166
1770054743.1908472,ADC1,1,servo_2,A,0.786
1770054743.2414706,ADC1,1,servo_2,A,0.532
1770054743.2919798,ADC2,0,bus_voltage,V,11.161
1770054743.3425567,ADC1,0,servo_1,A,0.4
1770054743.393072,THERM,0,motor_temp,C,34.318
1770054743.4437134,ADC1,0,servo_1,A,0.501
1770054743.4944115,THERM,0,motor_temp,C,49.443
1770054743.545114,THERM,0,motor_temp,C,34.151
1770054743.5958526,ADC1,0,servo_1,A,2.433
1770054743.646603,ADC1,1,servo_2,A,1.932
1770054743.6973166,ADC2,0,bus_voltage,V,10.461
1770054743.747879,ADC1,0,servo_1,A,2.428
1770054743.798721,ADC2,0,bus_voltage,V,10.186
1770054743.8494914,THERM,0,motor_temp,C,25.917
1770054743.900073,THERM,0,motor_temp,C,34.124
1770054743.950898,ADC1,0,servo_1,A,2.406
1770054744.0014062,THERM,0,motor_temp,C,59.765
1770054744.0522099,ADC1,1,servo_2,A,1.134
1770054744.1028283,ADC1,1,servo_2,A,2.262
1770054744.1532047,ADC1,1,servo_2,A,1.212
1770054744.2039754,ADC1,1,servo_2,A,0.344
1770054744.254744,THERM,0,motor_temp,C,42.439
1770054744.305117,ADC1,1,servo_2,A,1.418
1770054744.3557262,ADC1,0,servo_1,A,0.599
1770054744.4065137,ADC2,0,bus_voltage,V,12.587
1770054744.4571712,ADC2,0,bus_voltage,V,10.715
1770054744.50797,ADC1,0,servo_1,A,1.69
1770054744.5584662,ADC1,0,servo_1,A,1.845
1770054744.6089957,ADC1,1,servo_2,A,0.361
1770054744.6599188,ADC1,1,servo_2,A,0.866
1770054744.7107594,ADC1,0,servo_1,A,0.745
1770054744.7612665,ADC1,1,servo_2,A,1.004
1770054744.811999,ADC2,0,bus_voltage,V,11.81
1770054744.8628829,ADC1,1,servo_2,A,0.708
1770054744.9134212,THERM,0,motor_temp,C,55.562
1770054744.9638653,ADC1,0,servo_1,A,1.332
1770054745.014909,ADC1,0,servo_1,A,0.59
1770054745.065452,THERM,0,motor_temp,C,58.861
1770054745.1158671,ADC1,0,servo_1,A,1.947
1770054745.1663756,ADC1,1,servo_2,A,2.097
1770054745.2168415,ADC2,0,bus_voltage,V,10.447
1770054745.2675035,ADC1,1,servo_2,A,0.705
1770054745.3180714,ADC1,1,servo_2,A,0.211
1770054745.368651,ADC1,0,servo_1,A,2.364
1770054745.419002,ADC1,1,servo_2,A,1.91
1770054745.4695613,ADC1,1,servo_2,A,2.297
1770054745.5200174,ADC2,0,bus_voltage,V,11.545
1770054745.5707467,ADC1,1,servo_2,A,2.102
1770054745.6214921,ADC1,0,servo_1,A,1.493
1770054745.6720123,ADC1,1,servo_2,A,0.428
1770054745.7227836,ADC2,0,bus_voltage,V,12.099
1770054745.7733066,ADC2,0,bus_voltage,V,10.464
1770054745.8240814,THERM,0,motor_temp,C,25.241
1770054745.8747826,ADC2,0,bus_voltage,V,12.154
1770054745.9254377,ADC1,1,servo_2,A,1.896
1770054745.975939,ADC2,0,bus_voltage,V,11.793
1770054746.0265079,ADC1,1,servo_2,A,1.293
1770054746.0769944,ADC2,0,bus_voltage,V,11.822
1770054746.1277637,THERM,0,motor_temp,C,48.684
1770054746.178446,ADC1,0,servo_1,A,2.108
1770054746.228825,ADC1,0,servo_1,A,1.152
1770054746.2796042,ADC1,0,servo_1,A,1.193
1770054746.329954,ADC1,0,servo_1,A,2.399
1770054746.3807118,ADC1,0,servo_1,A,0.838
1770054746.4309902,ADC1,0,servo_1,A,1.265
1770054746.4819343,ADC2,0,bus_voltage,V,10.664
1770054746.5324926,ADC1,1,servo_2,A,0.445
1770054746.5832942,THERM,0,motor_temp,C,54.662
1770054746.6340797,ADC2,0,bus_voltage,V,12.565
1770054746.684906,ADC1,0,servo_1,A,0.399
1770054746.7356124,ADC1,1,servo_2,A,2.125
1770054746.7863584,ADC2,0,bus_voltage,V,12.098
1770054746.8378518,ADC2,0,bus_voltage,V,12.468
1770054746.8887014,ADC1,0,servo_1,A,1.631
1770054746.939465,ADC2,0,bus_voltage,V,10.451
1770054746.990246,ADC1,1,servo_2,A,1.061
1770054747.04109,ADC1,0,servo_1,A,1.535
1770054747.0916655,ADC2,0,bus_voltage,V,11.213
1770054747.1424077,ADC2,0,bus_voltage,V,11.649
1770054747.1931434,ADC2,0,bus_voltage,V,12.246
1770054747.2437847,ADC2,0,bus_voltage,V,10.069
1770054747.294398,ADC1,1,servo_2,A,2.012
1770054747.3451564,ADC2,0,bus_voltage,V,11.017
1770054747.395679,ADC1,0,servo_1,A,1.863
1770054747.4462414,ADC1,0,servo_1,A,0.516
1770054747.4967406,ADC1,0,servo_1,A,1.225
1770054747.5473988,THERM,0,motor_temp,C,58.607
1770054747.5979006,THERM,0,motor_temp,C,41.622
1770054747.6487684,ADC2,0,bus_voltage,V,11.756
1770054747.6992636,ADC1,1,servo_2,A,1.72
1770054747.7500677,THERM,0,motor_temp,C,68.745
1770054747.800774,THERM,0,motor_temp,C,37.279
1770054747.8513453,ADC1,1,servo_2,A,2.4
1770054747.9022555,ADC1,0,servo_1,A,0.619
1770054747.9535015,ADC2,0,bus_voltage,V,11.719
1770054748.0042095,ADC1,1,servo_2,A,1.534
1770054748.0547018,THERM,0,motor_temp,C,44.4
1770054748.105502,ADC2,0,bus_voltage,V,11.652
1770054748.1562786,ADC1,0,servo_1,A,0.298
1770054748.2067926,ADC1,0,servo_1,A,0.713
1770054748.2573762,ADC2,0,bus_voltage,V,10.813
1770054748.3078446,ADC2,0,bus_voltage,V,10.559
1770054748.3585474,ADC1,1,servo_2,A,1.298
1770054748.4091907,ADC1,1,servo_2,A,1.469
1770054748.459616,ADC2,0,bus_voltage,V,11.184
1770054748.5103476,ADC1,1,servo_2,A,1.17
1770054748.5608964,ADC2,0,bus_voltage,V,10.936
1770054748.6114862,ADC1,1,servo_2,A,1.837
1770054748.6622982,THERM,0,motor_temp,C,28.352
1770054748.7127452,THERM,0,motor_temp,C,69.57
1770054748.7633047,ADC1,1,servo_2,A,1.065
1770054748.813901,THERM,0,motor_temp,C,43.504
1770054748.8643894,ADC2,0,bus_voltage,V,11.173
1770054748.914895,ADC1,1,servo_2,A,0.478
1770054748.9653883,ADC2,0,bus_voltage,V,11.316
1770054749.0161328,ADC2,0,bus_voltage,V,10.52
1770054749.066749,ADC1,0,servo_1,A,0.522
1770054749.117265,ADC1,0,servo_1,A,0.212
1770054749.16769,ADC2,0,bus_voltage,V,11.06
1770054749.2182417,ADC1,1,servo_2,A,1.965
1770054749.2686746,ADC2,0,bus_voltage,V,10.785
1770054749.3192348,ADC1,0,servo_1,A,1.906
1770054749.3696854,ADC2,0,bus_voltage,V,12.342
1770054749.4203525,ADC1,0,servo_1,A,0.919
1770054749.470777,ADC1,0,servo_1,A,1.672
1770054749.5215876,THERM,0,motor_temp,C,42.887
1770054749.5723658,ADC1,1,servo_2,A,1.112
1770054749.6230147,THERM,0,motor_temp,C,31.583
1770054749.6737757,ADC1,1,servo_2,A,0.711
1770054749.7246048,THERM,0,motor_temp,C,26.181
1770054749.7750149,ADC1,0,servo_1,A,2.02
1770054749.8255358,ADC2,0,bus_voltage,V,10.07
1770054749.8765035,ADC2,0,bus_voltage,V,12.495
1770054749.9271476,THERM,0,motor_temp,C,35.187
1770054749.9775958,ADC1,0,servo_1,A,1.265
1770054750.028149,ADC1,1,servo_2,A,1.809
1770054750.0786667,ADC1,0,servo_1,A,0.551
1770054750.1293323,ADC1,1,servo_2,A,0.257
1770054750.1800928,THERM,0,motor_temp,C,32.432
1770054750.2307692,ADC1,1,servo_2,A,1.89
1770054750.281956,ADC1,0,servo_1,A,2.019
1770054750.3326473,ADC1,0,servo_1,A,0.256
1770054750.3830242,ADC1,0,servo_1,A,1.115
1770054750.433747,ADC2,0,bus_voltage,V,11.977
1770054750.4841173,ADC1,0,servo_1,A,0.216
1770054750.5344462,ADC1,0,servo_1,A,1.218
1770054750.5851243,ADC1,0,servo_1,A,1.756
1770054750.6358829,THERM,0,motor_temp,C,40.205
1770054750.6863725,THERM,0,motor_temp,C,54.843
1770054750.737128,ADC2,0,bus_voltage,V,11.845
1770054750.7875764,ADC1,0,servo_1,A,1.677
1770054750.8379855,ADC1,0,servo_1,A,1.87
1770054750.8884785,ADC2,0,bus_voltage,V,12.339
1770054750.9391477,THERM,0,motor_temp,C,55.409
1770054750.9896395,ADC1,1,servo_2,A,1.471
1770054751.0405242,ADC1,0,servo_1,A,1.853
1770054751.0914044,THERM,0,motor_temp,C,34.558
1770054751.14217,ADC2,0,bus_voltage,V,10.11
1770054751.1928425,ADC2,0,bus_voltage,V,10.244
1770054751.2432535,THERM,0,motor_temp,C,29.411
1770054751.2936587,THERM,0,motor_temp,C,60.706
1770054751.3444738,THERM,0,motor_temp,C,38.068
1770054751.3951755,ADC1,0,servo_1,A,0.897
1770054751.4457288,ADC1,1,servo_2,A,0.746
1770054751.4964306,THERM,0,motor_temp,C,55.221
1770054751.5470593,ADC1,1,servo_2,A,1.741
1770054751.5977197,ADC1,0,servo_1,A,1.177
1770054751.648152,THERM,0,motor_temp,C,33.027
1770054751.6989317,ADC1,0,servo_1,A,0.718
1770054751.7496538,THERM,0,motor_temp,C,57.057
1770054751.8005533,ADC1,1,servo_2,A,2.019
1770054751.8510742,ADC2,0,bus_voltage,V,11.401
1770054751.9019313,ADC1,1,servo_2,A,2.121
1770054751.9528096,ADC1,1,servo_2,A,1.368
1770054752.0036614,ADC1,1,servo_2,A,0.398
1770054752.0545356,ADC1,0,servo_1,A,2.349
1770054752.1049643,ADC2,0,bus_voltage,V,11.39
1770054752.155745,ADC1,1,servo_2,A,0.659
1770054752.206413,ADC1,0,servo_1,A,0.397
1770054752.2570565,ADC2,0,bus_voltage,V,11.237
1770054752.307787,ADC2,0,bus_voltage,V,11.356
1770054752.3582659,ADC1,0,servo_1,A,2.363
1770054752.4088483,ADC1,1,servo_2,A,0.297
1770054752.4594727,ADC1,1,servo_2,A,2.431
1770054752.5098426,ADC1,1,servo_2,A,1.023
1770054752.5604894,ADC1,0,servo_1,A,0.726
1770054752.6110933,THERM,0,motor_temp,C,27.511
1770054752.661677,THERM,0,motor_temp,C,47.809
1770054752.71212,ADC2,0,bus_voltage,V,10.523
1770054752.76246,ADC2,0,bus_voltage,V,12.077
1770054752.812948,ADC1,0,servo_1,A,0.993
1770054752.8635035,ADC1,1,servo_2,A,0.516
1770054752.914091,ADC1,1,servo_2,A,1.127
1770054752.964936,ADC2,0,bus_voltage,V,11.149
1770054753.0157864,ADC2,0,bus_voltage,V,11.262
1770054753.066558,ADC1,1,servo_2,A,0.268
1770054753.117249,THERM,0,motor_temp,C,65.903
1770054753.1681035,ADC2,0,bus_voltage,V,10.852
1770054753.2186842,ADC1,1,servo_2,A,0.433
1770054753.269378,ADC2,0,bus_voltage,V,10.85
1770054753.3199096,ADC1,1,servo_2,A,1.339
1770054753.3704152,THERM,0,motor_temp,C,29.122
1770054753.4210718,THERM,0,motor_temp,C,53.461
1770054753.4717622,ADC1,1,servo_2,A,1.881
1770054753.5224686,ADC1,1,servo_2,A,1.322
1770054753.5732164,ADC1,1,servo_2,A,0.316
1770054753.6236458,ADC2,0,bus_voltage,V,10.436
1770054753.6743617,ADC1,0,servo_1,A,2.256
1770054753.7250762,THERM,0,motor_temp,C,63.504
1770054753.7758157,ADC2,0,bus_voltage,V,10.611
1770054753.8261957,THERM,0,motor_temp,C,53.543
1770054753.8769202,ADC1,1,servo_2,A,1.947
1770054753.9272969,THERM,0,motor_temp,C,68.099
1770054753.9778433,ADC2,0,bus_voltage,V,10.442
1770054754.0283616,ADC2,0,bus_voltage,V,10.071
1770054754.0790977,ADC2,0,bus_voltage,V,10.731
1770054754.130013,THERM,0,motor_temp,C,38.786
1770054754.180613,ADC1,1,servo_2,A,1.072
1770054754.2311862,THERM,0,motor_temp,C,51.553
1770054754.281794,ADC1,1,servo_2,A,1.079
1770054754.3326092,ADC2,0,bus_voltage,V,12.567
1770054754.383215,ADC2,0,bus_voltage,V,10.772
1770054754.433682,ADC2,0,bus_voltage,V,12.476
1770054754.4845655,THERM,0,motor_temp,C,25.749
1770054754.5353203,ADC2,0,bus_voltage,V,10.199
1770054754.585724,ADC1,0,servo_1,A,2.082
1770054754.6363187,ADC2,0,bus_voltage,V,12.034
1770054754.687066,THERM,0,motor_temp,C,38.605
1770054754.7377381,ADC1,1,servo_2,A,1.046
1770054754.7881489,THERM,0,motor_temp,C,33.003
1770054754.838855,ADC2,0,bus_voltage,V,11.528
1770054754.8896837,THERM,0,motor_temp,C,34.217
1770054754.9400535,ADC1,0,servo_1,A,1.442
1770054754.9907024,ADC1,0,servo_1,A,0.835
1770054755.0412884,ADC1,1,servo_2,A,0.227
1770054755.0918775,ADC1,1,servo_2,A,1.013
1770054755.1426642,ADC1,1,servo_2,A,1.124
1770054755.193112,ADC1,0,servo_1,A,1.934
1770054755.2436736,ADC1,0,servo_1,A,1.191
1770054755.2944493,ADC2,0,bus_voltage,V,11.215
1770054755.344889,THERM,0,motor_temp,C,43.397
1770054755.3955262,ADC2,0,bus_voltage,V,12.225
1770054755.4458964,ADC2,0,bus_voltage,V,10.732
1770054755.4966798,ADC1,1,servo_2,A,1.891
1770054755.547295,ADC1,0,servo_1,A,0.483
1770054755.5978117,ADC1,1,servo_2,A,0.978
1770054755.648369,ADC2,0,bus_voltage,V,11.508
1770054755.6989698,THERM,0,motor_temp,C,64.976
1770054755.7497835,ADC1,1,servo_2,A,1.896
1770054755.8002286,THERM,0,motor_temp,C,25.54
1770054755.8508222,THERM,0,motor_temp,C,62.56
1770054755.901319,ADC1,1,servo_2,A,1.234
1770054755.9518447,THERM,0,motor_temp,C,39.231
1770054756.002467,ADC1,0,servo_1,A,0.452
1770054756.0528758,ADC1,1,servo_2,A,0.812
1770054756.1033432,ADC2,0,bus_voltage,V,11.106
1770054756.1541426,ADC2,0,bus_voltage,V,11.598
1770054756.2046115,ADC1,0,servo_1,A,0.302
1770054756.2554739,ADC2,0,bus_voltage,V,10.836
1770054756.306017,ADC1,0,servo_1,A,2.333
1770054756.356562,ADC1,0,servo_1,A,0.829
1770054756.4071512,ADC2,0,bus_voltage,V,11.595
1770054756.4579637,THERM,0,motor_temp,C,54.812
1770054756.5087392,ADC1,1,servo_2,A,0.826
1770054756.5594819,THERM,0,motor_temp,C,59.641
1770054756.6099577,ADC1,0,servo_1,A,1.169
1770054756.6605942,ADC2,0,bus_voltage,V,11.713
1770054756.7113,ADC1,1,servo_2,A,1.038
1770054756.7619762,ADC1,1,servo_2,A,1.885
1770054756.812997,ADC2,0,bus_voltage,V,11.835
1770054756.8636587,ADC1,1,servo_2,A,0.282
1770054756.9142575,ADC1,0,servo_1,A,0.958
1770054756.9650571,THERM,0,motor_temp,C,67.773
1770054757.0162714,THERM,0,motor_temp,C,63.542
1770054757.0667577,ADC1,0,servo_1,A,1.958
1770054757.1172473,ADC1,1,servo_2,A,1.564
1770054757.168034,ADC2,0,bus_voltage,V,11.581
1770054757.218817,ADC1,0,servo_1,A,0.399
1770054757.2698789,ADC1,1,servo_2,A,1.347
1770054757.3207324,ADC1,1,servo_2,A,0.645
1770054757.3714683,ADC1,1,servo_2,A,0.374
1770054757.4221835,ADC1,1,servo_2,A,1.977
1770054757.4728372,ADC1,0,servo_1,A,2.231
1770054757.5235999,ADC1,1,servo_2,A,1.318
1770054757.5743234,ADC2,0,bus_voltage,V,11.65
1770054757.6247807,ADC1,0,servo_1,A,2.18
1770054757.675444,ADC1,1,servo_2,A,1.184
1770054757.7260122,ADC2,0,bus_voltage,V,11.934
1770054757.7766068,ADC2,0,bus_voltage,V,12.292
1770054757.8269796,ADC2,0,bus_voltage,V,10.282
1770054757.8774073,ADC1,1,servo_2,A,2.289
1770054757.9279292,ADC2,0,bus_voltage,V,12.298
1770054757.9784687,THERM,0,motor_temp,C,26.594
1770054758.02907,ADC1,0,servo_1,A,0.385
1770054758.0797627,ADC2,0,bus_voltage,V,11.038
1770054758.130178,ADC1,0,servo_1,A,0.845
1770054758.1810982,ADC1,0,servo_1,A,2.364
1770054758.2316504,ADC1,0,servo_1,A,0.877
1770054758.282453,ADC2,0,bus_voltage,V,12.026
1770054758.3332505,ADC1,1,servo_2,A,1.492
1770054758.3837092,ADC2,0,bus_voltage,V,12.547
1770054758.4343393,ADC2,0,bus_voltage,V,10.383
1770054758.4851637,ADC1,1,servo_2,A,0.799
1770054758.5360007,THERM,0,motor_temp,C,31.181
1770054758.5865707,ADC2,0,bus_voltage,V,11.114
1770054758.6369781,ADC2,0,bus_voltage,V,10.107
1770054758.6873977,ADC2,0,bus_voltage,V,10.213
1770054758.7382264,ADC1,1,servo_2,A,1.712
1770054758.7889822,ADC1,1,servo_2,A,0.368
1770054758.8395667,THERM,0,motor_temp,C,55.085
1770054758.8899896,ADC2,0,bus_voltage,V,10.463
1770054758.9406261,ADC2,0,bus_voltage,V,12.118
1770054758.991105,ADC1,1,servo_2,A,1.058
1770054759.0419655,ADC1,0,servo_1,A,0.613
1770054759.0923858,ADC1,1,servo_2,A,1.661
1770054759.142685,ADC1,1,servo_2,A,1.107
1770054759.1934795,ADC1,0,servo_1,A,1.339
1770054759.2439988,ADC1,1,servo_2,A,2.121
1770054759.2948544,ADC1,0,servo_1,A,2.375
1770054759.3453753,ADC1,0,servo_1,A,0.968
1770054759.3957636,ADC1,1,servo_2,A,0.543
1770054759.4467351,THERM,0,motor_temp,C,52.307
1770054759.4973505,THERM,0,motor_temp,C,42.207
1770054759.5488226,ADC1,1,servo_2,A,2.152
1770054759.5998628,THERM,0,motor_temp,C,63.233
1770054759.6502285,ADC1,0,servo_1,A,0.897
1770054759.7010245,THERM,0,motor_temp,C,57.005
1770054759.7516382,THERM,0,motor_temp,C,36.462
1770054759.8020048,ADC1,0,servo_1,A,1.868
1770054759.852965,ADC1,1,servo_2,A,2.377
1770054759.9034708,THERM,0,motor_temp,C,61.522
1770054759.9542158,ADC1,1,servo_2,A,1.473
1770054760.0047739,THERM,0,motor_temp,C,39.121
1770054760.0553036,ADC1,0,servo_1,A,1.625
1770054760.1056657,ADC1,0,servo_1,A,1.365
1770054760.156137,ADC1,1,servo_2,A,2.444
1770054760.2066927,THERM,0,motor_temp,C,67.058
1770054760.2574716,THERM,0,motor_temp,C,67.539
1770054760.3084042,ADC1,0,servo_1,A,2.488
1770054760.359086,ADC1,1,servo_2,A,1.84
1770054760.4098706,ADC1,0,servo_1,A,2.394
1770054760.460664,ADC1,1,servo_2,A,0.3
1770054760.5114431,ADC1,0,servo_1,A,1.11
1770054760.5620723,ADC1,1,servo_2,A,1.537
1770054760.612946,ADC1,1,servo_2,A,2.412
1770054760.6637611,ADC1,1,servo_2,A,1.858
1770054760.7143617,ADC1,0,servo_1,A,0.655
1770054760.764844,ADC1,1,servo_2,A,2.257
1770054760.8154318,ADC2,0,bus_voltage,V,10.54
1770054760.8662868,THERM,0,motor_temp,C,27.6
1770054760.9170964,ADC2,0,bus_voltage,V,11.981
1770054760.9678698,ADC1,0,servo_1,A,0.473
1770054761.0182343,THERM,0,motor_temp,C,66.102
1770054761.0688562,ADC1,0,servo_1,A,1.004
1770054761.1195872,ADC1,0,servo_1,A,1.709
1770054761.1700113,THERM,0,motor_temp,C,50.384
1770054761.220705,THERM,0,motor_temp,C,61.611
1770054761.2712345,ADC1,1,servo_2,A,0.647
1770054761.3222325,ADC1,0,servo_1,A,0.878
1770054761.3728096,ADC1,0,servo_1,A,1.591
1770054761.423549,THERM,0,motor_temp,C,61.3
1770054761.4743361,THERM,0,motor_temp,C,67.634
1770054761.5249176,THERM,0,motor_temp,C,46.731
1770054761.5756834,THERM,0,motor_temp,C,66.365
1770054761.626282,THERM,0,motor_temp,C,41.643
1770054761.6771715,THERM,0,motor_temp,C,69.498
1770054761.7278748,ADC2,0,bus_voltage,V,10.292
1770054761.7787404,ADC1,1,servo_2,A,2.249
1770054761.8292882,ADC1,1,servo_2,A,2.15
1770054761.8801727,ADC1,0,servo_1,A,2.131
1770054761.930739,THERM,0,motor_temp,C,59.862
1770054761.9814692,THERM,0,motor_temp,C,60.46
1770054762.0318956,ADC1,0,servo_1,A,1.364
1770054762.0826638,ADC1,1,servo_2,A,1.223
1770054762.1332293,THERM,0,motor_temp,C,64.892
1770054762.1837978,THERM,0,motor_temp,C,41.088
1770054762.2342417,ADC1,1,servo_2,A,2.166
1770054762.2848122,ADC1,0,servo_1,A,2.45
1770054762.3354197,ADC2,0,bus_voltage,V,12.246
1770054762.3859274,THERM,0,motor_temp,C,57.785
1770054762.4366431,ADC1,0,servo_1,A,0.644
1770054762.4874136,ADC1,0,servo_1,A,1.755
1770054762.538126,ADC1,0,servo_1,A,0.292
1770054762.5887775,THERM,0,motor_temp,C,57.762
1770054762.6394546,ADC2,0,bus_voltage,V,12.434
1770054762.690092,ADC2,0,bus_voltage,V,12.376
1770054762.7407598,ADC1,1,servo_2,A,1.569
1770054762.7915726,ADC1,1,servo_2,A,2.35
1770054762.8422983,ADC1,1,servo_2,A,0.491
1770054762.8931727,THERM,0,motor_temp,C,65.4
1770054762.9435859,ADC1,1,servo_2,A,1.481
1770054762.994127,ADC1,0,servo_1,A,1.824
1770054763.0445223,ADC1,1,servo_2,A,0.608
1770054763.0954437,ADC1,1,servo_2,A,1.362
1770054763.1460364,ADC1,0,servo_1,A,0.527
1770054763.1970975,ADC1,0,servo_1,A,2.431
1770054763.2477798,ADC1,0,servo_1,A,2.18
1770054763.298432,ADC1,1,servo_2,A,1.509
1770054763.3490748,ADC1,0,servo_1,A,2.066
1770054763.3997178,ADC1,0,servo_1,A,1.457
1770054763.450497,ADC1,0,servo_1,A,1.478
1770054763.501084,ADC1,1,servo_2,A,1.362
1770054763.5516741,ADC1,1,servo_2,A,1.171
1770054763.6024299,ADC2,0,bus_voltage,V,11.557
1770054763.6529484,THERM,0,motor_temp,C,68.264
1770054763.7039847,ADC1,0,servo_1,A,1.189
1770054763.7544396,ADC1,1,servo_2,A,1.935
1770054763.805062,THERM,0,motor_temp,C,53.885
1770054763.8557272,ADC2,0,bus_voltage,V,10.465
1770054763.906367,ADC1,1,servo_2,A,1.474
1770054763.9571228,ADC1,1,servo_2,A,1.14
1770054764.0079527,ADC2,0,bus_voltage,V,10.657
1770054764.0587916,THERM,0,motor_temp,C,52.466
1770054764.1091676,ADC1,0,servo_1,A,1.518
1770054764.1598752,ADC1,1,servo_2,A,1.269
1770054764.2105389,ADC2,0,bus_voltage,V,11.88
1770054764.2613134,ADC1,0,servo_1,A,1.441
1770054764.3116977,ADC1,0,servo_1,A,1.531
1770054764.3622153,THERM,0,motor_temp,C,54.269
1770054764.412851,ADC1,1,servo_2,A,2.016
1770054764.463246,ADC1,0,servo_1,A,1.621
1770054764.5138738,THERM,0,motor_temp,C,36.17
1770054764.5642443,ADC1,1,servo_2,A,1.069
1770054764.6148016,ADC1,0,servo_1,A,1.085
1770054764.6657848,ADC2,0,bus_voltage,V,10.185
1770054764.71655,ADC1,0,servo_1,A,0.293
1770054764.7672393,ADC1,0,servo_1,A,1.767
1770054764.8177059,ADC1,0,servo_1,A,1.313
1770054764.868219,ADC2,0,bus_voltage,V,11.599
1770054764.9189584,ADC1,0,servo_1,A,2.027
1770054764.969537,ADC1,0,servo_1,A,1.909
1770054765.0198648,ADC2,0,bus_voltage,V,10.421
1770054765.0703208,ADC1,1,servo_2,A,1.664
1770054765.1208208,THERM,0,motor_temp,C,44.228
1770054765.1712584,THERM,0,motor_temp,C,43.428
1770054765.2217693,ADC2,0,bus_voltage,V,11.523
1770054765.2726567,THERM,0,motor_temp,C,50.611
1770054765.3233123,THERM,0,motor_temp,C,32.175
1770054765.3739474,ADC2,0,bus_voltage,V,12.212
1770054765.4244235,ADC1,1,servo_2,A,1.062
1770054765.4748244,ADC2,0,bus_voltage,V,11.368
1770054765.525579,THERM,0,motor_temp,C,51.998
1770054765.5760393,THERM,0,motor_temp,C,50.717
1770054765.626722,ADC2,0,bus_voltage,V,10.684
1770054765.6772408,ADC1,1,servo_2,A,0.571
1770054765.7280416,THERM,0,motor_temp,C,46.992
1770054765.7786953,ADC1,1,servo_2,A,1.407
1770054765.8293257,ADC2,0,bus_voltage,V,11.869
1770054765.8798108,THERM,0,motor_temp,C,63.07
1770054765.9301834,ADC1,0,servo_1,A,2.048
1770054765.9808016,ADC2,0,bus_voltage,V,11.18
1770054766.0314016,THERM,0,motor_temp,C,50.18
1770054766.0818164,ADC1,0,servo_1,A,1.719
1770054766.1325436,ADC1,1,servo_2,A,0.402
1770054766.183093,ADC2,0,bus_voltage,V,11.654
1770054766.2336264,THERM,0,motor_temp,C,31.385
1770054766.2843654,THERM,0,motor_temp,C,68.126
1770054766.3350506,ADC1,1,servo_2,A,1.946
1770054766.3857014,ADC2,0,bus_voltage,V,11.658
1770054766.4361246,ADC2,0,bus_voltage,V,12.111
1770054766.4864955,ADC1,0,servo_1,A,2.281
1770054766.5371342,ADC1,0,servo_1,A,2.102
1770054766.5876615,ADC2,0,bus_voltage,V,11.573
1770054766.6384668,THERM,0,motor_temp,C,38.476
1770054766.6889672,ADC1,0,servo_1,A,1.884
1770054766.7399445,ADC1,1,servo_2,A,0.293
1770054766.7906075,THERM,0,motor_temp,C,31.189
1770054766.8410728,ADC2,0,bus_voltage,V,10.874
1770054766.8919637,ADC2,0,bus_voltage,V,12.447
1770054766.9424925,ADC1,0,servo_1,A,0.735
1770054766.9929276,ADC1,1,servo_2,A,2.292
1770054767.0438209,ADC1,0,servo_1,A,1.051
1770054767.094665,THERM,0,motor_temp,C,26.02
1770054767.1452599,ADC2,0,bus_voltage,V,11.668
1770054767.195585,ADC2,0,bus_voltage,V,11.026
1770054767.2459745,ADC2,0,bus_voltage,V,12.351
1770054767.2967,ADC1,0,servo_1,A,1.032
1770054767.347151,THERM,0,motor_temp,C,64.614
1770054767.3977108,ADC1,1,servo_2,A,1.482
1770054767.4481692,ADC1,0,servo_1,A,1.13
1770054767.4992764,ADC1,0,servo_1,A,0.447
1770054767.5501838,THERM,0,motor_temp,C,25.961
1770054767.6011791,ADC2,0,bus_voltage,V,10.417
1770054767.6520388,ADC1,0,servo_1,A,1.387
1770054767.702882,ADC2,0,bus_voltage,V,12.024
1770054767.7532983,THERM,0,motor_temp,C,69.125
1770054767.8038547,ADC1,0,servo_1,A,1.69
1770054767.8542612,ADC1,1,servo_2,A,2.293
1770054767.904779,ADC1,1,servo_2,A,0.692
1770054767.9552042,THERM,0,motor_temp,C,52.508
1770054768.006054,ADC1,0,servo_1,A,2.309
1770054768.0565512,ADC2,0,bus_voltage,V,11.077
1770054768.1071453,ADC1,1,servo_2,A,1.758
1770054768.157838,ADC1,0,servo_1,A,0.825
1770054768.2084796,ADC1,1,servo_2,A,2.175
1770054768.2589445,ADC1,0,servo_1,A,0.501
1770054768.3095753,ADC1,1,servo_2,A,1.59
1770054768.3603575,ADC2,0,bus_voltage,V,10.494
1770054768.4106848,THERM,0,motor_temp,C,26.615
1770054768.4612527,ADC2,0,bus_voltage,V,10.642
1770054768.5120842,ADC2,0,bus_voltage,V,10.973
1770054768.5625887,ADC1,1,servo_2,A,0.886
1770054768.6133513,ADC1,1,servo_2,A,0.941
1770054768.6640644,THERM,0,motor_temp,C,35.286
1770054768.7144716,ADC2,0,bus_voltage,V,10.411
1770054768.7649584,ADC2,0,bus_voltage,V,11.564
1770054768.815661,ADC1,0,servo_1,A,0.205
1770054768.8664832,ADC1,1,servo_2,A,0.606
1770054768.917224,ADC1,0,servo_1,A,0.247
1770054768.9678974,ADC1,0,servo_1,A,2.199
1770054769.0184696,ADC2,0,bus_voltage,V,10.061
1770054769.069051,THERM,0,motor_temp,C,53.857
1770054769.119721,ADC1,0,servo_1,A,1.474
1770054769.1700847,ADC1,1,servo_2,A,1.817
1770054769.2207003,ADC1,1,servo_2,A,0.59
1770054769.2713888,ADC2,0,bus_voltage,V,12.309
1770054769.3228402,ADC1,0,servo_1,A,1.458
1770054769.3736758,ADC1,1,servo_2,A,2.079
1770054769.4239597,THERM,0,motor_temp,C,57.398
1770054769.4747117,ADC1,1,servo_2,A,0.833
1770054769.5254145,ADC1,0,servo_1,A,1.39
1770054769.575995,ADC2,0,bus_voltage,V,11.951
1770054769.6277838,THERM,0,motor_temp,C,65.911
1770054769.6784928,ADC2,0,bus_voltage,V,10.464
1770054769.7291682,ADC1,1,servo_2,A,0.641
1770054769.7799737,ADC1,0,servo_1,A,0.449
1770054769.8307738,ADC1,1,servo_2,A,0.363
1770054769.881397,ADC1,1,servo_2,A,1.055
1770054769.9321125,ADC1,0,servo_1,A,0.986
1770054769.9831495,ADC2,0,bus_voltage,V,11.781
1770054770.0337858,THERM,0,motor_temp,C,40.644
1770054770.0851111,ADC1,1,servo_2,A,1.661
1770054770.1356654,THERM,0,motor_temp,C,41.346
1770054770.1870646,THERM,0,motor_temp,C,40.948
1770054770.2378788,ADC1,1,servo_2,A,0.626
1770054770.2887409,THERM,0,motor_temp,C,57.989
1770054770.3392937,THERM,0,motor_temp,C,45.036
1770054770.3898542,THERM,0,motor_temp,C,60.875
1770054770.4402828,ADC2,0,bus_voltage,V,11.57
1770054770.490595,ADC1,0,servo_1,A,0.303
1770054770.541257,ADC2,0,bus_voltage,V,11.333
1770054770.5917482,ADC1,1,servo_2,A,1.152
1770054770.642369,ADC2,0,bus_voltage,V,11.33
1770054770.6931722,ADC2,0,bus_voltage,V,11.491
1770054770.743676,ADC2,0,bus_voltage,V,10.969
1770054770.7942238,ADC2,0,bus_voltage,V,12.322
1770054770.8449938,ADC1,1,servo_2,A,1.113
1770054770.895413,ADC1,0,servo_1,A,1.725
1770054770.9459345,ADC1,1,servo_2,A,0.844
1770054770.9965026,ADC2,0,bus_voltage,V,10.703
1770054771.0470252,ADC1,1,servo_2,A,0.482
1770054771.097813,THERM,0,motor_temp,C,47.037
1770054771.1483452,ADC2,0,bus_voltage,V,12.059
1770054771.199916,ADC2,0,bus_voltage,V,11.743
1770054771.2506409,ADC1,0,servo_1,A,2.266
1770054771.3014154,ADC2,0,bus_voltage,V,11.374
1770054771.3521874,ADC1,1,servo_2,A,0.613
1770054771.4028146,ADC2,0,bus_voltage,V,10.059
1770054771.4531095,THERM,0,motor_temp,C,43.012
1770054771.503821,ADC2,0,bus_voltage,V,12.443
1770054771.5545175,ADC1,0,servo_1,A,1.716
1770054771.605235,ADC1,1,servo_2,A,0.343
1770054771.6560383,ADC1,0,servo_1,A,2.295
1770054771.7077994,ADC1,1,servo_2,A,1.742
1770054771.7584484,ADC1,1,servo_2,A,0.741
1770054771.8090734,ADC1,1,servo_2,A,2.061
1770054771.8596036,THERM,0,motor_temp,C,65.187
1770054771.910416,ADC1,0,servo_1,A,2.44
1770054771.96125,ADC1,1,servo_2,A,0.91
1770054772.0121963,ADC1,1,servo_2,A,0.648
1770054772.0628166,ADC2,0,bus_voltage,V,10.383
1770054772.113749,ADC2,0,bus_voltage,V,11.92
1770054772.164574,ADC1,0,servo_1,A,0.684
1770054772.215125,THERM,0,motor_temp,C,67.922
1770054772.2659352,ADC1,0,servo_1,A,1.132
1770054772.3165197,THERM,0,motor_temp,C,26.641
1770054772.3670237,ADC2,0,bus_voltage,V,10.383
1770054772.4178665,ADC2,0,bus_voltage,V,11.208
1770054772.4684634,ADC1,0,servo_1,A,0.67
1770054772.5191233,ADC2,0,bus_voltage,V,11.283
1770054772.5694613,ADC2,0,bus_voltage,V,11.599
1770054772.6200297,ADC1,0,servo_1,A,0.846
1770054772.670477,THERM,0,motor_temp,C,66.887
1770054772.7211432,ADC1,1,servo_2,A,2.066
1770054772.7718172,ADC2,0,bus_voltage,V,12.559
1770054772.822514,ADC1,0,servo_1,A,0.329
1770054772.8728826,THERM,0,motor_temp,C,27.945
1770054772.9232996,ADC2,0,bus_voltage,V,10.78
1770054772.9739747,ADC1,1,servo_2,A,1.885
1770054773.024435,ADC1,0,servo_1,A,1.774
1770054773.0750146,THERM,0,motor_temp,C,31.453
1770054773.1257994,ADC2,0,bus_voltage,V,12.549
1770054773.1766846,ADC1,1,servo_2,A,1.829
1770054773.22729,THERM,0,motor_temp,C,59.588
1770054773.2780783,ADC2,0,bus_voltage,V,10.733
1770054773.328816,THERM,0,motor_temp,C,36.669
1770054773.379607,ADC1,0,servo_1,A,2.277
1770054773.430486,ADC1,1,servo_2,A,1.641
1770054773.481107,THERM,0,motor_temp,C,49.916
1770054773.5316494,THERM,0,motor_temp,C,59.115
1770054773.5823388,THERM,0,motor_temp,C,51.808
1770054773.632903,THERM,0,motor_temp,C,26.184
1770054773.683666,ADC2,0,bus_voltage,V,12.588
1770054773.7340696,ADC1,1,servo_2,A,1.534
1770054773.7848866,ADC1,0,servo_1,A,1.101
1770054773.8357208,ADC2,0,bus_voltage,V,11.0
1770054773.886192,THERM,0,motor_temp,C,40.667
1770054773.9368882,ADC1,0,servo_1,A,2.428
1770054773.9875975,ADC1,0,servo_1,A,0.813
1770054774.0381765,ADC2,0,bus_voltage,V,11.284
1770054774.0887501,ADC1,1,servo_2,A,0.648
1770054774.1394253,ADC1,0,servo_1,A,0.228
1770054774.1899147,ADC2,0,bus_voltage,V,12.398
1770054774.240466,ADC1,0,servo_1,A,2.027
1770054774.2911906,ADC2,0,bus_voltage,V,12.177
1770054774.3416653,ADC1,0,servo_1,A,1.845
1770054774.392229,ADC2,0,bus_voltage,V,10.987
1770054774.442797,ADC1,1,servo_2,A,2.5
1770054774.4936361,THERM,0,motor_temp,C,43.882
1770054774.544176,ADC1,1,servo_2,A,0.237
1770054774.5948997,ADC2,0,bus_voltage,V,10.709
1770054774.645407,ADC1,1,servo_2,A,1.068
1770054774.6959484,ADC1,1,servo_2,A,1.384
1770054774.7468867,THERM,0,motor_temp,C,65.138
1770054774.7977047,ADC1,0,servo_1,A,1.612
1770054774.848329,ADC2,0,bus_voltage,V,12.261
1770054774.8987234,ADC2,0,bus_voltage,V,11.866
1770054774.949415,THERM,0,motor_temp,C,69.543
1770054775.0000596,THERM,0,motor_temp,C,41.913
1770054775.0504987,THERM,0,motor_temp,C,31.978
1770054775.1011465,THERM,0,motor_temp,C,27.318
1770054775.1515956,THERM,0,motor_temp,C,54.359
1770054775.2023194,ADC1,0,servo_1,A,1.598
1770054775.2530994,THERM,0,motor_temp,C,45.681
1770054775.3038373,ADC1,1,servo_2,A,1.57
1770054775.3546362,THERM,0,motor_temp,C,25.685
1770054775.4062421,ADC1,1,servo_2,A,2.072
1770054775.4569824,ADC2,0,bus_voltage,V,10.919
1770054775.5078142,THERM,0,motor_temp,C,59.701
1770054775.5584302,ADC1,1,servo_2,A,0.286
1770054775.608907,THERM,0,motor_temp,C,48.908
1770054775.6592906,ADC1,0,servo_1,A,2.315
1770054775.7102258,THERM,0,motor_temp,C,67.388
1770054775.7609148,ADC1,1,servo_2,A,0.866
1770054775.8112502,THERM,0,motor_temp,C,47.073
1770054775.8616164,THERM,0,motor_temp,C,68.585
1770054775.9121802,ADC2,0,bus_voltage,V,11.331
1770054775.9626029,ADC1,0,servo_1,A,1.736
1770054776.0134192,ADC2,0,bus_voltage,V,12.426
1770054776.0641437,THERM,0,motor_temp,C,39.397
1770054776.1148741,THERM,0,motor_temp,C,52.736
1770054776.1657398,ADC1,0,servo_1,A,1.161
1770054776.2163281,ADC2,0,bus_voltage,V,11.556
1770054776.2668436,THERM,0,motor_temp,C,52.965
1770054776.3172927,ADC1,1,servo_2,A,2.371
1770054776.3680832,ADC1,0,servo_1,A,0.206
1770054776.4185984,ADC1,0,servo_1,A,2.249
1770054776.4693804,ADC1,0,servo_1,A,2.293
1770054776.5199697,ADC2,0,bus_voltage,V,11.668
1770054776.5715985,THERM,0,motor_temp,C,33.2
1770054776.6221278,ADC2,0,bus_voltage,V,11.551
1770054776.6725852,THERM,0,motor_temp,C,46.572
1770054776.723264,ADC1,0,servo_1,A,1.617
1770054776.7739582,THERM,0,motor_temp,C,59.165
1770054776.8246136,ADC1,0,servo_1,A,1.72
1770054776.8750482,THERM,0,motor_temp,C,36.797
1770054776.925601,ADC2,0,bus_voltage,V,11.267
1770054776.976032,ADC1,0,servo_1,A,1.297
1770054777.0264814,ADC1,1,servo_2,A,2.284
1770054777.0770228,ADC1,0,servo_1,A,2.147
1770054777.1275094,THERM,0,motor_temp,C,64.502
1770054777.178098,ADC2,0,bus_voltage,V,11.529
1770054777.2288713,THERM,0,motor_temp,C,58.404
1770054777.2793543,THERM,0,motor_temp,C,50.733
1770054777.3301768,THERM,0,motor_temp,C,48.325
1770054777.380946,ADC1,0,servo_1,A,1.68
1770054777.4316254,THERM,0,motor_temp,C,28.221
1770054777.4826598,ADC2,0,bus_voltage,V,11.254
1770054777.5331283,THERM,0,motor_temp,C,66.288
1770054777.5836406,THERM,0,motor_temp,C,67.74
1770054777.634284,ADC1,0,servo_1,A,2.368
1770054777.6847134,ADC1,0,servo_1,A,2.01
1770054777.7355385,ADC2,0,bus_voltage,V,12.048
1770054777.786169,ADC1,0,servo_1,A,2.03
1770054777.8367214,ADC2,0,bus_voltage,V,11.764
1770054777.8872857,THERM,0,motor_temp,C,42.848
1770054777.9377303,THERM,0,motor_temp,C,57.718
1770054777.9883149,ADC1,0,servo_1,A,0.376
1770054778.0389137,ADC2,0,bus_voltage,V,10.517
1770054778.0895548,ADC2,0,bus_voltage,V,10.431
1770054778.139876,ADC2,0,bus_voltage,V,10.584
1770054778.1905258,ADC1,1,servo_2,A,2.072
1770054778.2412295,ADC1,1,servo_2,A,2.318
1770054778.2919312,ADC1,1,servo_2,A,1.783
1770054778.3423946,ADC1,1,servo_2,A,0.688
1770054778.3933523,ADC1,0,servo_1,A,2.061
1770054778.4441993,ADC1,1,servo_2,A,2.422
1770054778.4948087,ADC2,0,bus_voltage,V,11.727
1770054778.5455844,ADC1,0,servo_1,A,0.52
1770054778.5959918,ADC2,0,bus_voltage,V,11.04
1770054778.646791,ADC1,1,servo_2,A,0.849
1770054778.69741,ADC1,0,servo_1,A,1.966
1770054778.7483213,ADC1,1,servo_2,A,1.391
1770054778.7992606,ADC1,1,servo_2,A,1.471
1770054778.8498282,THERM,0,motor_temp,C,38.709
1770054778.900634,ADC2,0,bus_voltage,V,11.451
1770054778.9514189,THERM,0,motor_temp,C,53.738
1770054779.001938,THERM,0,motor_temp,C,36.506
1770054779.0525792,THERM,0,motor_temp,C,69.476
1770054779.103164,ADC1,0,servo_1,A,2.185
1770054779.1538737,ADC2,0,bus_voltage,V,12.588
1770054779.2043355,ADC2,0,bus_voltage,V,11.163
1770054779.2552404,ADC1,0,servo_1,A,0.532
1770054779.3060179,ADC1,1,servo_2,A,1.413
1770054779.3566065,ADC1,0,servo_1,A,0.592
1770054779.4072514,ADC1,1,servo_2,A,0.234
1770054779.457934,ADC1,1,servo_2,A,0.567
1770054779.508629,ADC1,1,servo_2,A,1.236
1770054779.5591245,ADC1,0,servo_1,A,1.41
1770054779.6099532,THERM,0,motor_temp,C,27.896
1770054779.660415,ADC2,0,bus_voltage,V,12.218
1770054779.7113152,ADC1,0,servo_1,A,2.018
1770054779.7620435,ADC1,0,servo_1,A,1.333
1770054779.8128064,ADC2,0,bus_voltage,V,10.28
1770054779.863499,ADC2,0,bus_voltage,V,12.238
1770054779.914075,THERM,0,motor_temp,C,53.685
1770054779.9648309,ADC1,1,servo_2,A,0.456
1770054780.0156896,ADC1,0,servo_1,A,0.272
1770054780.0661511,ADC2,0,bus_voltage,V,11.46
1770054780.116708,ADC1,1,servo_2,A,2.339
1770054780.167164,ADC2,0,bus_voltage,V,10.125
1770054780.217846,ADC1,1,servo_2,A,2.373
1770054780.268517,ADC1,1,servo_2,A,0.451
1770054780.3189707,ADC2,0,bus_voltage,V,10.253
1770054780.3693948,ADC2,0,bus_voltage,V,11.815
1770054780.419795,ADC1,1,servo_2,A,1.925
1770054780.4704723,ADC2,0,bus_voltage,V,10.026
1770054780.5211542,THERM,0,motor_temp,C,25.501
1770054780.5717056,ADC2,0,bus_voltage,V,11.67
1770054780.6226652,ADC1,0,servo_1,A,1.482
1770054780.6733544,THERM,0,motor_temp,C,54.145
1770054780.7242143,THERM,0,motor_temp,C,65.992
1770054780.7745802,THERM,0,motor_temp,C,29.372
1770054780.8250864,THERM,0,motor_temp,C,38.826
1770054780.8757606,THERM,0,motor_temp,C,57.822
1770054780.9264023,ADC2,0,bus_voltage,V,11.924
1770054780.9771135,ADC1,0,servo_1,A,1.563
1770054781.0279155,ADC1,0,servo_1,A,1.124
1770054781.0784383,THERM,0,motor_temp,C,37.92
1770054781.1291647,ADC1,0,servo_1,A,2.294
1770054781.1796987,ADC1,1,servo_2,A,0.801
1770054781.2303278,ADC1,0,servo_1,A,1.12
1770054781.2808778,ADC1,0,servo_1,A,2.369
1770054781.3315835,THERM,0,motor_temp,C,44.793
1770054781.3825507,ADC1,1,servo_2,A,0.76
1770054781.433301,THERM,0,motor_temp,C,29.996
1770054781.4839864,ADC1,0,servo_1,A,0.408
1770054781.5348532,ADC2,0,bus_voltage,V,11.519
1770054781.5894997,ADC2,0,bus_voltage,V,10.453
1770054781.6461334,ADC2,0,bus_voltage,V,10.312
1770054781.6973197,ADC2,0,bus_voltage,V,11.028
1770054781.7481053,ADC1,1,servo_2,A,1.082
1770054781.7989485,ADC2,0,bus_voltage,V,11.437
1770054781.849778,THERM,0,motor_temp,C,46.992
1770054781.9004786,ADC1,0,servo_1,A,0.642
1770054781.9511094,ADC2,0,bus_voltage,V,12.438
1770054782.001876,ADC1,1,servo_2,A,2.398
1770054782.052741,THERM,0,motor_temp,C,39.926
1770054782.1032305,THERM,0,motor_temp,C,65.654
1770054782.1538172,ADC1,1,servo_2,A,0.522
1770054782.2046044,ADC2,0,bus_voltage,V,10.402
1770054782.2553518,THERM,0,motor_temp,C,44.702
1770054782.3061266,ADC2,0,bus_voltage,V,11.237
1770054782.356568,ADC1,1,servo_2,A,1.232
1770054782.4072785,ADC2,0,bus_voltage,V,10.063
1770054782.458043,THERM,0,motor_temp,C,58.329
1770054782.508813,ADC2,0,bus_voltage,V,11.371
1770054782.559296,ADC1,0,servo_1,A,1.417
1770054782.6100454,ADC1,0,servo_1,A,0.632
1770054782.660608,ADC2,0,bus_voltage,V,12.202
1770054782.7114422,ADC1,1,servo_2,A,1.724
1770054782.7622507,THERM,0,motor_temp,C,40.663
1770054782.8129892,THERM,0,motor_temp,C,46.404
1770054782.863485,ADC1,1,servo_2,A,0.364
1770054782.9141278,THERM,0,motor_temp,C,63.297
1770054782.964448,ADC1,0,servo_1,A,1.838
1770054783.0152311,THERM,0,motor_temp,C,49.134
1770054783.0661843,ADC2,0,bus_voltage,V,11.142
1770054783.117088,ADC1,1,servo_2,A,0.363
1770054783.1678138,ADC1,1,servo_2,A,1.77
1770054783.2184625,THERM,0,motor_temp,C,34.011
1770054783.268988,THERM,0,motor_temp,C,31.821
1770054783.3195748,ADC1,0,servo_1,A,1.644
1770054783.3698766,ADC1,1,servo_2,A,0.45
1770054783.420585,ADC1,0,servo_1,A,2.297
1770054783.471202,ADC1,1,servo_2,A,1.495
1770054783.5217655,ADC2,0,bus_voltage,V,10.921
1770054783.572614,THERM,0,motor_temp,C,54.651
1770054783.623439,ADC2,0,bus_voltage,V,10.463
1770054783.6739817,THERM,0,motor_temp,C,68.219
1770054783.7247884,ADC1,0,servo_1,A,0.975
1770054783.7756007,ADC1,1,servo_2,A,2.45
1770054783.8262868,ADC1,0,servo_1,A,2.412
1770054783.876897,ADC1,0,servo_1,A,0.245
1770054783.927479,ADC1,0,servo_1,A,1.556
1770054783.9779515,ADC1,1,servo_2,A,1.457
1770054784.028753,ADC1,1,servo_2,A,0.634
1770054784.0793042,THERM,0,motor_temp,C,38.371
1770054784.1297102,ADC2,0,bus_voltage,V,12.389
1770054784.180096,ADC1,0,servo_1,A,0.235
1770054784.2306993,THERM,0,motor_temp,C,43.858
1770054784.2815793,ADC1,1,servo_2,A,2.242
1770054784.3322961,THERM,0,motor_temp,C,26.035
1770054784.3827379,ADC1,0,servo_1,A,1.164
1770054784.4331489,ADC2,0,bus_voltage,V,10.574
1770054784.483582,ADC2,0,bus_voltage,V,12.247
1770054784.5342355,ADC1,0,servo_1,A,0.623
1770054784.584683,ADC2,0,bus_voltage,V,12.119
1770054784.6354113,ADC1,0,servo_1,A,0.879
1770054784.6860847,THERM,0,motor_temp,C,33.535
1770054784.736612,ADC2,0,bus_voltage,V,11.198
1770054784.7871687,ADC1,0,servo_1,A,2.485
1770054784.8376832,THERM,0,motor_temp,C,58.751
1770054784.8881736,ADC1,1,servo_2,A,0.539
1770054784.938623,THERM,0,motor_temp,C,33.781
1770054784.9893425,ADC2,0,bus_voltage,V,10.948
1770054785.0397437,ADC1,0,servo_1,A,0.303
1770054785.0908065,ADC2,0,bus_voltage,V,12.358
1770054785.1414924,THERM,0,motor_temp,C,27.29
1770054785.192206,ADC1,1,servo_2,A,1.38
1770054785.2427852,ADC1,0,servo_1,A,0.815
1770054785.2933457,THERM,0,motor_temp,C,66.61
1770054785.344106,ADC1,1,servo_2,A,1.087
1770054785.394814,ADC2,0,bus_voltage,V,10.181
1770054785.445119,ADC1,0,servo_1,A,1.724
1770054785.4955788,ADC2,0,bus_voltage,V,10.169
1770054785.546013,ADC1,1,servo_2,A,1.819
1770054785.5966778,ADC2,0,bus_voltage,V,11.54
1770054785.647302,ADC1,0,servo_1,A,2.119
1770054785.6979072,ADC1,0,servo_1,A,1.592
1770054785.7485878,THERM,0,motor_temp,C,32.034
1770054785.799389,THERM,0,motor_temp,C,56.397
1770054785.8501613,THERM,0,motor_temp,C,43.569
1770054785.901028,ADC1,1,servo_2,A,0.317
1770054785.9520092,ADC2,0,bus_voltage,V,10.572
1770054786.0031495,ADC1,0,servo_1,A,1.399
1770054786.0535896,ADC2,0,bus_voltage,V,11.899
1770054786.1041129,THERM,0,motor_temp,C,66.252
1770054786.1545866,ADC1,1,servo_2,A,1.825
1770054786.2053096,THERM,0,motor_temp,C,53.745
1770054786.2557838,THERM,0,motor_temp,C,29.485
1770054786.3063493,THERM,0,motor_temp,C,69.744
1770054786.356924,ADC1,0,servo_1,A,0.774
1770054786.4073913,ADC2,0,bus_voltage,V,10.847
1770054786.4580915,ADC1,0,servo_1,A,1.698
1770054786.5086486,ADC2,0,bus_voltage,V,11.953
1770054786.5590725,ADC2,0,bus_voltage,V,11.709
1770054786.6095693,ADC1,1,servo_2,A,1.715
1770054786.660218,ADC1,1,servo_2,A,0.739
1770054786.7110798,ADC2,0,bus_voltage,V,11.041
1770054786.7616434,ADC1,0,servo_1,A,1.042
1770054786.812251,ADC1,0,servo_1,A,0.934
1770054786.8630166,ADC1,1,servo_2,A,0.719
1770054786.9136462,ADC2,0,bus_voltage,V,12.017
1770054786.9640284,THERM,0,motor_temp,C,57.692
1770054787.0149662,THERM,0,motor_temp,C,34.193
1770054787.0655575,ADC2,0,bus_voltage,V,11.158
1770054787.116528,ADC1,0,servo_1,A,2.496
1770054787.1672132,ADC1,0,servo_1,A,1.217
1770054787.217663,ADC2,0,bus_voltage,V,11.729
1770054787.2682388,THERM,0,motor_temp,C,50.92
1770054787.3188028,ADC2,0,bus_voltage,V,10.881
1770054787.369514,ADC1,1,servo_2,A,0.567
1770054787.4200594,ADC1,1,servo_2,A,1.575
1770054787.4707158,THERM,0,motor_temp,C,44.87
1770054787.521461,ADC2,0,bus_voltage,V,10.832
1770054787.5721698,ADC1,0,servo_1,A,0.898
1770054787.6229289,ADC1,0,servo_1,A,2.419
1770054787.6734242,ADC1,1,servo_2,A,0.712
1770054787.7238646,ADC1,0,servo_1,A,2.263
1770054787.7744813,ADC1,1,servo_2,A,1.023
1770054787.8250842,THERM,0,motor_temp,C,37.285
1770054787.8755648,ADC2,0,bus_voltage,V,12.589
1770054787.9261417,ADC1,0,servo_1,A,1.654
1770054787.9768238,ADC1,0,servo_1,A,1.116
1770054788.0273576,ADC1,1,servo_2,A,1.023
1770054788.0781631,ADC1,1,servo_2,A,2.169
1770054788.1285841,ADC1,0,servo_1,A,2.154
1770054788.1792495,ADC1,0,servo_1,A,0.496
1770054788.2296042,ADC2,0,bus_voltage,V,10.162
1770054788.28,THERM,0,motor_temp,C,59.948
1770054788.3307672,ADC1,0,servo_1,A,1.783
1770054788.381602,ADC1,0,servo_1,A,1.449
1770054788.432281,ADC1,0,servo_1,A,2.158
1770054788.4830124,THERM,0,motor_temp,C,38.714
1770054788.5339925,ADC2,0,bus_voltage,V,11.372
1770054788.5847578,ADC1,1,servo_2,A,2.489
1770054788.635119,ADC1,1,servo_2,A,2.108
1770054788.6854963,ADC1,0,servo_1,A,2.177
1770054788.7360802,THERM,0,motor_temp,C,61.267
1770054788.786544,ADC1,0,servo_1,A,2.368
1770054788.8369563,ADC1,1,servo_2,A,0.808
1770054788.887335,ADC1,0,servo_1,A,1.798
1770054788.9380798,ADC2,0,bus_voltage,V,10.729
1770054788.9889052,ADC1,0,servo_1,A,2.301
1770054789.0395303,ADC2,0,bus_voltage,V,10.703
1770054789.0903163,THERM,0,motor_temp,C,59.852
1770054789.1407104,ADC1,0,servo_1,A,1.876
1770054789.1916382,THERM,0,motor_temp,C,67.839
1770054789.2423406,ADC1,0,servo_1,A,0.918
1770054789.292922,ADC2,0,bus_voltage,V,10.641
1770054789.3433936,THERM,0,motor_temp,C,54.92
1770054789.393725,THERM,0,motor_temp,C,27.695
1770054789.4441898,THERM,0,motor_temp,C,50.499
1770054789.4946792,ADC2,0,bus_voltage,V,12.368
1770054789.5451038,ADC2,0,bus_voltage,V,10.178
1770054789.5956993,THERM,0,motor_temp,C,35.412
1770054789.6463878,ADC1,0,servo_1,A,0.697
1770054789.697054,ADC2,0,bus_voltage,V,11.588
1770054789.74759,ADC2,0,bus_voltage,V,10.476
1770054789.7982223,THERM,0,motor_temp,C,35.182
1770054789.8485832,THERM,0,motor_temp,C,48.247
1770054789.8994246,ADC2,0,bus_voltage,V,11.231
1770054789.9500332,THERM,0,motor_temp,C,55.013
1770054790.0005863,THERM,0,motor_temp,C,30.163
1770054790.0516121,THERM,0,motor_temp,C,29.597
1770054790.1020613,ADC2,0,bus_voltage,V,10.64
1770054790.1526902,ADC1,1,servo_2,A,2.392
1770054790.2032337,ADC1,1,servo_2,A,1.241
1770054790.253632,ADC1,0,servo_1,A,0.495
1770054790.3044498,ADC1,0,servo_1,A,1.741
1770054790.3550854,ADC1,1,servo_2,A,1.588
1770054790.4055896,THERM,0,motor_temp,C,33.006
1770054790.455986,ADC2,0,bus_voltage,V,12.397
1770054790.506578,ADC1,0,servo_1,A,1.431
1770054790.5570369,THERM,0,motor_temp,C,50.559
1770054790.607648,ADC1,0,servo_1,A,2.001
1770054790.6582592,ADC1,0,servo_1,A,1.199
1770054790.7086058,THERM,0,motor_temp,C,68.278
1770054790.759429,ADC1,0,servo_1,A,2.449
1770054790.8101149,THERM,0,motor_temp,C,35.673
1770054790.8604364,ADC1,1,servo_2,A,1.856
1770054790.9111993,ADC1,1,servo_2,A,1.376
1770054790.9618106,ADC1,0,servo_1,A,1.99
1770054791.0122504,ADC2,0,bus_voltage,V,12.474
1770054791.0627625,THERM,0,motor_temp,C,52.015
1770054791.1131392,ADC1,0,servo_1,A,1.108
1770054791.163546,ADC1,0,servo_1,A,1.75
1770054791.2143786,ADC2,0,bus_voltage,V,12.47
1770054791.2648776,ADC2,0,bus_voltage,V,11.381
1770054791.3155138,ADC1,0,servo_1,A,2.193
1770054791.3659346,ADC1,1,servo_2,A,1.064
1770054791.4164844,ADC1,0,servo_1,A,0.323
1770054791.466809,THERM,0,motor_temp,C,55.589
1770054791.5174806,ADC1,0,servo_1,A,0.434
1770054791.5682967,ADC2,0,bus_voltage,V,12.296
1770054791.6188214,ADC1,1,servo_2,A,0.956
1770054791.6693466,ADC2,0,bus_voltage,V,10.792
1770054791.7197537,ADC1,1,servo_2,A,2.249
1770054791.7704155,THERM,0,motor_temp,C,35.803
1770054791.8207686,ADC1,1,servo_2,A,1.57
1770054791.8712091,ADC1,0,servo_1,A,1.72
1770054791.9216185,ADC2,0,bus_voltage,V,10.73
1770054791.972037,THERM,0,motor_temp,C,27.036
1770054792.0227542,THERM,0,motor_temp,C,50.979
1770054792.0733762,ADC1,0,servo_1,A,2.191
1770054792.1238973,THERM,0,motor_temp,C,34.156
1770054792.1746137,THERM,0,motor_temp,C,49.158
1770054792.2251844,ADC1,0,servo_1,A,0.352
1770054792.2759655,ADC1,0,servo_1,A,1.562
1770054792.3266158,ADC2,0,bus_voltage,V,10.481
1770054792.377302,THERM,0,motor_temp,C,51.855
1770054792.4280145,ADC1,1,servo_2,A,0.768
1770054792.478646,ADC2,0,bus_voltage,V,12.119
1770054792.5290043,ADC1,1,servo_2,A,2.492
1770054792.5796156,ADC1,0,servo_1,A,0.42
1770054792.630308,ADC1,0,servo_1,A,0.3
1770054792.6809843,ADC1,0,servo_1,A,1.777
1770054792.7315016,ADC1,0,servo_1,A,0.224
1770054792.7824972,ADC1,1,servo_2,A,1.824
1770054792.833029,ADC2,0,bus_voltage,V,10.288
1770054792.8835642,ADC1,1,servo_2,A,2.297
1770054792.934176,THERM,0,motor_temp,C,53.802
1770054792.9845963,ADC1,1,servo_2,A,0.494
1770054793.03528,ADC1,0,servo_1,A,2.306
1770054793.0859122,ADC1,0,servo_1,A,0.637
1770054793.1365435,ADC2,0,bus_voltage,V,11.94
1770054793.1875145,ADC1,0,servo_1,A,1.129
1770054793.2386405,ADC1,1,servo_2,A,1.474
1770054793.2893546,ADC1,1,servo_2,A,1.878
1770054793.339885,ADC1,0,servo_1,A,1.469
1770054793.3905587,ADC1,0,servo_1,A,0.689
1770054793.4412386,THERM,0,motor_temp,C,52.465
1770054793.4918377,ADC2,0,bus_voltage,V,11.02
1770054793.5425005,THERM,0,motor_temp,C,64.403
1770054793.593382,ADC1,0,servo_1,A,2.022
1770054793.6438267,ADC1,0,servo_1,A,2.183
1770054793.6944463,ADC1,1,servo_2,A,0.706
1770054793.745203,ADC1,1,servo_2,A,1.929
1770054793.7956226,ADC1,0,servo_1,A,0.849
1770054793.8463886,ADC1,1,servo_2,A,0.882
1770054793.8970184,ADC1,1,servo_2,A,1.87
1770054793.9476948,THERM,0,motor_temp,C,61.073
1770054793.9985814,ADC2,0,bus_voltage,V,11.009
1770054794.049084,ADC2,0,bus_voltage,V,11.813
1770054794.0998878,ADC1,1,servo_2,A,1.37
1770054794.1506157,ADC1,1,servo_2,A,1.242
1770054794.2014835,ADC1,0,servo_1,A,1.861
1770054794.252445,ADC1,0,servo_1,A,0.542
1770054794.3028657,ADC2,0,bus_voltage,V,12.056
1770054794.353323,ADC1,0,servo_1,A,2.372
1770054794.4039395,THERM,0,motor_temp,C,63.575
1770054794.4545376,ADC1,1,servo_2,A,0.554
1770054794.5051663,ADC1,1,servo_2,A,1.78
1770054794.5556211,THERM,0,motor_temp,C,55.279
1770054794.6059158,THERM,0,motor_temp,C,58.795
1770054794.6566603,ADC1,0,servo_1,A,0.497
1770054794.707332,ADC1,1,servo_2,A,1.957
1770054794.758039,ADC1,1,servo_2,A,1.732
1770054794.8085647,ADC1,1,servo_2,A,1.252
1770054794.8592744,ADC1,0,servo_1,A,2.333
1770054794.9099913,ADC1,1,servo_2,A,1.698
1770054794.960368,ADC1,0,servo_1,A,0.41
1770054795.0107245,ADC1,1,servo_2,A,0.933
1770054795.0610452,ADC2,0,bus_voltage,V,10.224
1770054795.1116724,THERM,0,motor_temp,C,46.345
1770054795.1623502,ADC1,0,servo_1,A,0.575
1770054795.2127645,ADC1,0,servo_1,A,2.063
1770054795.2632797,ADC1,1,servo_2,A,2.258
1770054795.3140526,THERM,0,motor_temp,C,65.665
1770054795.3646374,THERM,0,motor_temp,C,28.113
1770054795.4151373,ADC1,0,servo_1,A,0.504
1770054795.4663174,THERM,0,motor_temp,C,28.434
1770054795.5169983,THERM,0,motor_temp,C,65.231
1770054795.5676293,THERM,0,motor_temp,C,46.928
1770054795.618207,ADC1,0,servo_1,A,0.351
1770054795.6689055,THERM,0,motor_temp,C,68.031
1770054795.7195163,THERM,0,motor_temp,C,32.063
1770054795.769968,ADC2,0,bus_voltage,V,10.374
1770054795.8207266,ADC1,0,servo_1,A,1.693
1770054795.8711205,ADC2,0,bus_voltage,V,12.079
1770054795.9215403,ADC2,0,bus_voltage,V,10.271
1770054795.9720953,ADC1,0,servo_1,A,1.743
1770054796.0229475,ADC2,0,bus_voltage,V,11.328
1770054796.0733037,ADC2,0,bus_voltage,V,11.785
1770054796.1240728,THERM,0,motor_temp,C,30.97
1770054796.1748097,THERM,0,motor_temp,C,34.627
1770054796.2254078,ADC1,1,servo_2,A,1.636
1770054796.2761092,ADC2,0,bus_voltage,V,12.49
1770054796.3265076,ADC1,0,servo_1,A,2.492
1770054796.3771753,ADC1,1,servo_2,A,1.101
1770054796.427638,ADC1,0,servo_1,A,1.329
1770054796.4781365,ADC1,1,servo_2,A,1.259
1770054796.5287693,THERM,0,motor_temp,C,48.914
1770054796.579257,THERM,0,motor_temp,C,36.815
1770054796.6296234,ADC1,1,servo_2,A,2.102
1770054796.6800404,THERM,0,motor_temp,C,25.255
1770054796.7305825,THERM,0,motor_temp,C,51.725
1770054796.7812243,ADC2,0,bus_voltage,V,11.676
1770054796.8315997,ADC1,1,servo_2,A,1.157
1770054796.8822978,ADC1,1,servo_2,A,1.343
1770054796.9331625,ADC2,0,bus_voltage,V,11.455
1770054796.9837682,THERM,0,motor_temp,C,37.599
1770054797.0346494,THERM,0,motor_temp,C,61.515
1770054797.0852084,THERM,0,motor_temp,C,54.598
1770054797.1359725,ADC1,1,servo_2,A,2.149
1770054797.1864488,THERM,0,motor_temp,C,26.6
1770054797.237205,ADC1,1,servo_2,A,1.266
1770054797.2877305,THERM,0,motor_temp,C,44.9
1770054797.3381205,ADC1,1,servo_2,A,2.224
1770054797.3887992,ADC2,0,bus_voltage,V,11.657
1770054797.4395452,THERM,0,motor_temp,C,40.959
1770054797.490126,ADC1,0,servo_1,A,1.517
1770054797.540685,THERM,0,motor_temp,C,60.851
1770054797.5913746,ADC1,0,servo_1,A,0.539
1770054797.6418743,THERM,0,motor_temp,C,37.066
1770054797.6924644,ADC1,0,servo_1,A,0.455
1770054797.7431817,THERM,0,motor_temp,C,50.891
1770054797.793908,ADC2,0,bus_voltage,V,11.097
1770054797.8445222,ADC1,1,servo_2,A,2.174
1770054797.8951218,THERM,0,motor_temp,C,34.501
1770054797.9458303,ADC1,0,servo_1,A,2.212
1770054797.996292,ADC1,0,servo_1,A,1.092
1770054798.0471241,ADC1,0,servo_1,A,2.323
1770054798.0975866,ADC1,1,servo_2,A,1.706
1770054798.147994,THERM,0,motor_temp,C,39.594
1770054798.1985712,THERM,0,motor_temp,C,30.047
1770054798.2491906,THERM,0,motor_temp,C,44.189
1770054798.2996073,ADC1,1,servo_2,A,0.77
1770054798.3501973,ADC1,1,servo_2,A,1.785
1770054798.4006896,ADC2,0,bus_voltage,V,11.762
1770054798.4514854,ADC2,0,bus_voltage,V,11.6
1770054798.5021834,THERM,0,motor_temp,C,25.802
1770054798.5530453,ADC1,0,servo_1,A,1.943
1770054798.6036384,THERM,0,motor_temp,C,39.559
1770054798.6542668,THERM,0,motor_temp,C,26.744
1770054798.7047017,ADC2,0,bus_voltage,V,10.643
1770054798.7551594,THERM,0,motor_temp,C,43.787
1770054798.8054543,ADC1,0,servo_1,A,1.881
1770054798.8559155,ADC1,1,servo_2,A,1.295
1770054798.9061959,ADC2,0,bus_voltage,V,10.117
1770054798.9566538,ADC2,0,bus_voltage,V,10.995
1770054799.007314,ADC1,0,servo_1,A,1.387
1770054799.058181,ADC1,1,servo_2,A,1.308
1770054799.10909,ADC1,0,servo_1,A,1.607
1770054799.159931,ADC2,0,bus_voltage,V,12.303
1770054799.210577,THERM,0,motor_temp,C,39.646
1770054799.2613838,ADC1,1,servo_2,A,1.222
1770054799.3117852,ADC1,0,servo_1,A,0.649
1770054799.362362,ADC2,0,bus_voltage,V,11.411
1770054799.4129841,ADC1,0,servo_1,A,2.053
1770054799.4635549,ADC1,0,servo_1,A,2.031
1770054799.514855,ADC1,0,servo_1,A,0.302
1770054799.5655031,ADC2,0,bus_voltage,V,10.078
1770054799.615835,ADC1,1,servo_2,A,2.351
1770054799.6665587,ADC1,1,servo_2,A,0.489
1770054799.717167,ADC2,0,bus_voltage,V,12.498
1770054799.7678976,THERM,0,motor_temp,C,66.94
1770054799.8186,ADC1,0,servo_1,A,1.196
1770054799.869197,THERM,0,motor_temp,C,66.869
1770054799.9198043,ADC1,0,servo_1,A,2.393
1770054799.9700582,ADC1,1,servo_2,A,0.734
1770054800.0204158,THERM,0,motor_temp,C,54.716
1770054800.0712378,ADC1,1,servo_2,A,1.96
1770054800.1218405,ADC2,0,bus_voltage,V,10.385
1770054800.1726487,ADC1,1,servo_2,A,1.833
1770054800.2231598,ADC1,0,servo_1,A,1.777
1770054800.2735214,ADC1,0,servo_1,A,0.231
1770054800.324276,ADC1,1,servo_2,A,0.287
1770054800.3746681,ADC1,1,servo_2,A,1.335
1770054800.4253607,ADC2,0,bus_voltage,V,10.426
1770054800.4758005,ADC1,1,servo_2,A,2.436
1770054800.5264082,ADC1,0,servo_1,A,1.848
1770054800.5772533,ADC1,0,servo_1,A,0.219
1770054800.627814,ADC1,0,servo_1,A,1.274
1770054800.678413,ADC2,0,bus_voltage,V,11.856
1770054800.7288787,ADC2,0,bus_voltage,V,11.716
1770054800.7794805,ADC1,0,servo_1,A,1.244
1770054800.8303273,ADC1,1,servo_2,A,1.147
1770054800.8808763,ADC1,1,servo_2,A,0.911
1770054800.931196,ADC2,0,bus_voltage,V,11.621
1770054800.9817514,ADC1,1,servo_2,A,0.931
1770054801.0322442,ADC1,0,servo_1,A,1.307
1770054801.0825791,THERM,0,motor_temp,C,29.023
1770054801.1331165,ADC1,0,servo_1,A,0.591
1770054801.183734,ADC2,0,bus_voltage,V,12.551
1770054801.2345195,ADC1,1,servo_2,A,1.533
1770054801.2850485,THERM,0,motor_temp,C,28.473
1770054801.3356936,ADC1,0,servo_1,A,0.749
1770054801.3861318,ADC1,1,servo_2,A,0.523
1770054801.4369562,ADC1,0,servo_1,A,1.744
1770054801.4877877,ADC1,0,servo_1,A,2.466
1770054801.538256,THERM,0,motor_temp,C,49.466
1770054801.5886936,ADC2,0,bus_voltage,V,10.681
1770054801.639367,ADC2,0,bus_voltage,V,12.062
1770054801.6899297,ADC1,1,servo_2,A,0.533
1770054801.740462,ADC2,0,bus_voltage,V,10.829
1770054801.7913122,ADC1,0,servo_1,A,1.664
1770054801.841841,ADC2,0,bus_voltage,V,10.228
1770054801.8922532,THERM,0,motor_temp,C,48.425
1770054801.9429717,ADC1,0,servo_1,A,0.734
1770054801.9933162,ADC1,1,servo_2,A,0.5
1770054802.0438726,ADC1,0,servo_1,A,0.97
1770054802.0943303,ADC1,1,servo_2,A,1.576
1770054802.1450932,ADC2,0,bus_voltage,V,11.39
1770054802.19569,ADC2,0,bus_voltage,V,12.47
1770054802.253856,THERM,0,motor_temp,C,37.013
1770054802.3051574,ADC2,0,bus_voltage,V,10.29
1770054802.3558912,ADC1,0,servo_1,A,1.16
1770054802.4063697,ADC1,1,servo_2,A,0.971
1770054802.457073,ADC1,0,servo_1,A,1.211
1770054802.5078125,ADC1,1,servo_2,A,1.039
1770054802.5583482,THERM,0,motor_temp,C,38.217
1770054802.6089394,ADC1,1,servo_2,A,2.275
1770054802.6596239,ADC1,1,servo_2,A,1.71
1770054802.7101471,ADC1,0,servo_1,A,1.907
1770054802.7605736,ADC1,1,servo_2,A,1.447
1770054802.811403,THERM,0,motor_temp,C,43.725
1770054802.8620656,THERM,0,motor_temp,C,25.132
1770054802.9126582,ADC2,0,bus_voltage,V,10.075
1770054802.9633343,ADC1,1,servo_2,A,0.227
1770054803.0138223,ADC2,0,bus_voltage,V,11.174
1770054803.0644963,ADC2,0,bus_voltage,V,10.18
1770054803.114887,ADC2,0,bus_voltage,V,12.474
1770054803.1654541,ADC1,1,servo_2,A,1.582
1770054803.2161975,ADC2,0,bus_voltage,V,11.565
1770054803.2666075,ADC1,0,servo_1,A,2.111
1770054803.3173714,ADC1,0,servo_1,A,1.982
1770054803.3679998,ADC1,0,servo_1,A,2.486
1770054803.4187648,ADC2,0,bus_voltage,V,11.807
1770054803.4696114,ADC2,0,bus_voltage,V,11.753
1770054803.52003,ADC2,0,bus_voltage,V,12.532
1770054803.570663,THERM,0,motor_temp,C,28.303
1770054803.6213622,ADC2,0,bus_voltage,V,11.188
1770054803.6719615,ADC1,0,servo_1,A,2.249
1770054803.7227793,ADC1,1,servo_2,A,1.606
1770054803.7733138,THERM,0,motor_temp,C,52.185
1770054803.8239667,THERM,0,motor_temp,C,53.046
1770054803.8747563,ADC1,1,servo_2,A,1.198
1770054803.9255652,ADC1,0,servo_1,A,1.901
1770054803.976051,ADC1,1,servo_2,A,0.343
1770054804.0266478,ADC2,0,bus_voltage,V,12.15
1770054804.0771623,ADC1,0,servo_1,A,2.189
1770054804.1279042,THERM,0,motor_temp,C,30.602
1770054804.178445,THERM,0,motor_temp,C,55.035
1770054804.2289808,ADC1,1,servo_2,A,2.216
1770054804.2796755,ADC1,1,servo_2,A,1.945
1770054804.330541,ADC2,0,bus_voltage,V,12.482
1770054804.382258,ADC1,0,servo_1,A,1.402
1770054804.4330883,ADC1,1,servo_2,A,1.953
1770054804.4839032,ADC2,0,bus_voltage,V,10.402
1770054804.5346718,ADC2,0,bus_voltage,V,10.183
1770054804.5854557,THERM,0,motor_temp,C,48.213
1770054804.636124,ADC1,0,servo_1,A,0.533
1770054804.6870568,ADC1,0,servo_1,A,0.461
1770054804.737502,ADC2,0,bus_voltage,V,12.165
1770054804.7882354,THERM,0,motor_temp,C,27.482
1770054804.8390648,ADC2,0,bus_voltage,V,12.023
1770054804.8896222,ADC1,0,servo_1,A,0.296
1770054804.940128,THERM,0,motor_temp,C,56.825
1770054804.9908736,THERM,0,motor_temp,C,29.811
1770054805.0416057,THERM,0,motor_temp,C,35.27
1770054805.0921369,ADC2,0,bus_voltage,V,10.402
1770054805.1426013,ADC2,0,bus_voltage,V,11.466
1770054805.193325,ADC1,0,servo_1,A,1.638
1770054805.2439716,ADC2,0,bus_voltage,V,12.568
1770054805.2943652,ADC2,0,bus_voltage,V,10.951
1770054805.3450427,THERM,0,motor_temp,C,56.935
1770054805.3956032,ADC2,0,bus_voltage,V,12.415
1770054805.4460788,THERM,0,motor_temp,C,65.82
1770054805.4966629,ADC2,0,bus_voltage,V,10.254
1770054805.547186,THERM,0,motor_temp,C,58.82
1770054805.5978107,ADC2,0,bus_voltage,V,11.634
1770054805.648448,ADC1,1,servo_2,A,0.575
1770054805.699241,ADC1,1,servo_2,A,2.394
1770054805.7500691,ADC2,0,bus_voltage,V,10.65
1770054805.800684,THERM,0,motor_temp,C,40.386
1770054805.8514378,THERM,0,motor_temp,C,28.27
1770054805.90183,ADC1,0,servo_1,A,0.403
1770054805.9522634,THERM,0,motor_temp,C,31.766
1770054806.0028467,THERM,0,motor_temp,C,26.636
1770054806.0536547,ADC1,1,servo_2,A,1.449
1770054806.1040466,THERM,0,motor_temp,C,32.751
1770054806.1547456,THERM,0,motor_temp,C,59.573
1770054806.205125,ADC1,1,servo_2,A,0.561
1770054806.2559164,ADC1,0,servo_1,A,2.146
1770054806.3063776,ADC1,1,servo_2,A,1.932
1770054806.3571026,ADC2,0,bus_voltage,V,11.962
1770054806.4078429,THERM,0,motor_temp,C,26.766
1770054806.4586387,THERM,0,motor_temp,C,28.742
1770054806.509063,THERM,0,motor_temp,C,66.555
1770054806.5598192,ADC1,0,servo_1,A,1.392
1770054806.610538,ADC1,1,servo_2,A,1.699
1770054806.661361,ADC1,1,servo_2,A,2.479
1770054806.712005,ADC1,1,servo_2,A,1.416
1770054806.7626743,ADC1,0,servo_1,A,0.776
1770054806.8132617,ADC1,1,servo_2,A,0.683
1770054806.863813,ADC1,0,servo_1,A,1.573
1770054806.9143791,THERM,0,motor_temp,C,69.011
1770054806.965059,THERM,0,motor_temp,C,66.65
1770054807.0157492,ADC1,0,servo_1,A,1.485
1770054807.0663683,THERM,0,motor_temp,C,35.601
1770054807.1170664,ADC1,0,servo_1,A,0.711
1770054807.168133,THERM,0,motor_temp,C,60.655
1770054807.2187462,ADC2,0,bus_voltage,V,12.489
1770054807.2694848,ADC2,0,bus_voltage,V,10.656
1770054807.320296,ADC1,0,servo_1,A,0.734
1770054807.3707995,THERM,0,motor_temp,C,38.723
1770054807.4216201,THERM,0,motor_temp,C,54.27
1770054807.4722357,THERM,0,motor_temp,C,62.623
1770054807.5228198,ADC1,1,servo_2,A,2.27
1770054807.573653,ADC2,0,bus_voltage,V,11.856
1770054807.624502,ADC2,0,bus_voltage,V,11.534
1770054807.675309,ADC1,0,servo_1,A,0.422
1770054807.7270596,ADC1,0,servo_1,A,1.262
1770054807.7776196,THERM,0,motor_temp,C,28.27
1770054807.8284454,ADC2,0,bus_voltage,V,10.979
1770054807.879037,THERM,0,motor_temp,C,30.964
1770054807.9297612,ADC2,0,bus_voltage,V,10.016
1770054807.9804344,ADC1,0,servo_1,A,0.834
1770054808.0309458,ADC2,0,bus_voltage,V,11.14
1770054808.081599,THERM,0,motor_temp,C,32.087
1770054808.1321867,ADC1,0,servo_1,A,1.876
1770054808.1827512,ADC2,0,bus_voltage,V,12.592
1770054808.2334914,ADC1,0,servo_1,A,2.232
1770054808.2841454,ADC2,0,bus_voltage,V,11.22
1770054808.3347561,THERM,0,motor_temp,C,32.286
1770054808.3856292,ADC1,0,servo_1,A,0.265
1770054808.4362931,ADC2,0,bus_voltage,V,11.734
1770054808.4870982,ADC1,1,servo_2,A,1.41
1770054808.5377722,THERM,0,motor_temp,C,45.484
1770054808.5883422,ADC1,0,servo_1,A,2.461
1770054808.6392164,ADC1,1,servo_2,A,1.94
1770054808.6898582,ADC1,0,servo_1,A,2.226
1770054808.7405086,THERM,0,motor_temp,C,59.78
1770054808.7910497,ADC1,0,servo_1,A,1.525
1770054808.842346,ADC2,0,bus_voltage,V,10.271
1770054808.893058,ADC1,0,servo_1,A,1.979
1770054808.94347,THERM,0,motor_temp,C,44.148
1770054808.9938834,ADC1,1,servo_2,A,2.192
1770054809.0445719,THERM,0,motor_temp,C,67.841
1770054809.0952446,ADC2,0,bus_voltage,V,11.823
1770054809.1455593,ADC1,0,servo_1,A,1.38
1770054809.1958354,ADC1,0,servo_1,A,2.361
1770054809.2461255,ADC2,0,bus_voltage,V,10.498
1770054809.2969778,ADC1,0,servo_1,A,2.475
1770054809.3479977,ADC1,0,servo_1,A,2.417
1770054809.398447,ADC1,0,servo_1,A,1.789
1770054809.449204,ADC2,0,bus_voltage,V,11.497
1770054809.4998765,ADC2,0,bus_voltage,V,10.847
1770054809.5503416,ADC2,0,bus_voltage,V,10.704
1770054809.6011498,ADC2,0,bus_voltage,V,10.749
1770054809.651506,ADC2,0,bus_voltage,V,10.092
1770054809.701974,THERM,0,motor_temp,C,44.662
1770054809.7527,ADC1,0,servo_1,A,1.247
1770054809.8034472,ADC2,0,bus_voltage,V,12.483
1770054809.8538454,ADC1,0,servo_1,A,0.297
1770054809.9042358,ADC1,0,servo_1,A,0.215
1770054809.9546995,ADC1,0,servo_1,A,0.482
1770054810.0053823,ADC1,0,servo_1,A,2.013
1770054810.055709,ADC2,0,bus_voltage,V,11.163
1770054810.1063838,ADC2,0,bus_voltage,V,10.026
1770054810.157035,ADC1,0,servo_1,A,2.314
1770054810.2075658,ADC2,0,bus_voltage,V,10.403
1770054810.2578704,ADC1,1,servo_2,A,2.22
1770054810.3084252,ADC1,0,servo_1,A,1.796
1770054810.3591652,ADC2,0,bus_voltage,V,11.079
1770054810.4099252,THERM,0,motor_temp,C,54.827
1770054810.4604585,THERM,0,motor_temp,C,49.328
1770054810.5108783,ADC2,0,bus_voltage,V,12.479
1770054810.5616055,ADC1,1,servo_2,A,1.002
1770054810.6122103,ADC1,1,servo_2,A,0.646
1770054810.6625786,THERM,0,motor_temp,C,58.281
1770054810.713136,THERM,0,motor_temp,C,58.941
1770054810.7637665,ADC1,1,servo_2,A,1.885
1770054810.814495,ADC2,0,bus_voltage,V,11.446
1770054810.8648539,ADC1,0,servo_1,A,2.498
1770054810.9155722,ADC2,0,bus_voltage,V,11.611
1770054810.965924,ADC1,0,servo_1,A,0.991
1770054811.016395,ADC1,1,servo_2,A,1.281
1770054811.0666893,ADC1,1,servo_2,A,0.339
1770054811.1172996,THERM,0,motor_temp,C,57.444
1770054811.1680288,ADC1,1,servo_2,A,1.112
1770054811.2187119,ADC1,0,servo_1,A,2.05
1770054811.269435,ADC1,1,servo_2,A,1.533
1770054811.3198092,ADC1,1,servo_2,A,1.228
1770054811.370527,ADC2,0,bus_voltage,V,11.093
1770054811.4211464,ADC1,0,servo_1,A,2.249
1770054811.4717429,ADC2,0,bus_voltage,V,10.36
1770054811.522172,THERM,0,motor_temp,C,30.309
1770054811.5730658,ADC1,0,servo_1,A,1.72
1770054811.6234624,ADC1,1,servo_2,A,0.919
1770054811.6742125,THERM,0,motor_temp,C,35.802
1770054811.7247646,ADC1,1,servo_2,A,1.887
1770054811.7753174,ADC2,0,bus_voltage,V,10.887
1770054811.8258166,ADC1,1,servo_2,A,0.806
1770054811.8766043,ADC1,1,servo_2,A,1.251
1770054811.9273934,THERM,0,motor_temp,C,27.881
1770054811.9781637,ADC1,1,servo_2,A,0.798
1770054812.0290048,ADC2,0,bus_voltage,V,11.732
1770054812.079359,ADC1,0,servo_1,A,2.31
1770054812.1296995,ADC1,0,servo_1,A,1.531
1770054812.1800935,ADC1,1,servo_2,A,0.52
1770054812.23089,ADC2,0,bus_voltage,V,10.969
1770054812.2814822,ADC1,0,servo_1,A,1.062
1770054812.33214,ADC1,1,servo_2,A,0.599
1770054812.382478,THERM,0,motor_temp,C,49.812
1770054812.432954,ADC1,0,servo_1,A,1.287
1770054812.4836526,ADC1,0,servo_1,A,0.448
1770054812.534285,ADC1,0,servo_1,A,0.949
1770054812.5847971,THERM,0,motor_temp,C,44.806
1770054812.63543,ADC2,0,bus_voltage,V,10.462
1770054812.6862843,ADC1,1,servo_2,A,1.69
1770054812.7368448,ADC1,0,servo_1,A,0.446
1770054812.7887402,ADC2,0,bus_voltage,V,10.313
1770054812.8395069,ADC1,0,servo_1,A,0.555
1770054812.8907835,ADC1,1,servo_2,A,2.023
1770054812.9412322,ADC1,1,servo_2,A,1.107
1770054812.9915586,THERM,0,motor_temp,C,44.435
1770054813.041918,ADC1,0,servo_1,A,1.527
1770054813.092198,THERM,0,motor_temp,C,50.486
1770054813.142763,ADC1,1,servo_2,A,0.401
1770054813.1933897,ADC2,0,bus_voltage,V,12.099
1770054813.2441032,ADC1,1,servo_2,A,1.714
1770054813.2945774,ADC1,1,servo_2,A,1.026
1770054813.3450408,ADC2,0,bus_voltage,V,11.292
1770054813.3954632,ADC1,1,servo_2,A,2.203
1770054813.4461963,ADC2,0,bus_voltage,V,11.113
1770054813.4969952,ADC1,0,servo_1,A,2.304
1770054813.5478916,ADC1,1,servo_2,A,1.738
1770054813.5984716,ADC2,0,bus_voltage,V,10.038
1770054813.6490538,ADC1,0,servo_1,A,1.537
1770054813.6995435,ADC1,1,servo_2,A,1.748
1770054813.7503824,ADC1,1,servo_2,A,2.36
1770054813.801081,ADC1,0,servo_1,A,2.141
1770054813.8515193,ADC2,0,bus_voltage,V,11.309
1770054813.901971,ADC2,0,bus_voltage,V,12.596
1770054813.9525473,ADC1,0,servo_1,A,1.639
1770054814.0033073,ADC1,0,servo_1,A,2.318
1770054814.0540938,ADC1,0,servo_1,A,0.865
1770054814.1045651,THERM,0,motor_temp,C,46.717
1770054814.1552534,ADC2,0,bus_voltage,V,10.62
1770054814.2056942,ADC1,1,servo_2,A,2.335
1770054814.2562237,ADC1,1,servo_2,A,2.032
1770054814.3068092,ADC2,0,bus_voltage,V,10.525
1770054814.3575382,THERM,0,motor_temp,C,45.907
1770054814.4080632,ADC1,0,servo_1,A,0.669
1770054814.458757,ADC1,0,servo_1,A,0.485
1770054814.5094562,ADC2,0,bus_voltage,V,10.572
1770054814.559933,ADC2,0,bus_voltage,V,12.188
1770054814.6105096,ADC2,0,bus_voltage,V,12.342
1770054814.6612785,THERM,0,motor_temp,C,36.472
1770054814.7117786,THERM,0,motor_temp,C,56.16
1770054814.7621727,ADC1,0,servo_1,A,1.706
1770054814.8125484,ADC1,1,servo_2,A,0.66
1770054814.8633506,ADC2,0,bus_voltage,V,10.617
1770054814.9139056,THERM,0,motor_temp,C,55.948
1770054814.9646218,ADC2,0,bus_voltage,V,12.462
1770054815.0151129,ADC1,0,servo_1,A,0.747
1770054815.0657816,ADC1,0,servo_1,A,1.006
1770054815.1163297,THERM,0,motor_temp,C,67.687
1770054815.1668296,ADC1,0,servo_1,A,2.001
1770054815.217192,THERM,0,motor_temp,C,32.13
1770054815.2675376,ADC1,0,servo_1,A,0.802
1770054815.318178,ADC1,1,servo_2,A,1.204
1770054815.3689773,ADC1,0,servo_1,A,2.257
1770054815.4194496,ADC1,0,servo_1,A,0.4
1770054815.470256,THERM,0,motor_temp,C,60.812
1770054815.5209763,ADC2,0,bus_voltage,V,11.617
1770054815.5715966,ADC1,0,servo_1,A,0.354
1770054815.6220324,ADC1,1,servo_2,A,0.262
1770054815.6728885,THERM,0,motor_temp,C,36.262
1770054815.7235334,THERM,0,motor_temp,C,53.33
1770054815.7741165,ADC1,0,servo_1,A,1.319
1770054815.824725,ADC1,0,servo_1,A,1.789
1770054815.8751698,ADC1,0,servo_1,A,2.249
1770054815.9257257,ADC1,0,servo_1,A,0.676
1770054815.9762638,THERM,0,motor_temp,C,66.711
1770054816.0268166,THERM,0,motor_temp,C,41.425
1770054816.077587,ADC1,0,servo_1,A,0.72
1770054816.1283517,THERM,0,motor_temp,C,50.509
1770054816.1792595,ADC1,0,servo_1,A,0.597
1770054816.2297797,ADC1,0,servo_1,A,1.363
1770054816.2802522,ADC1,0,servo_1,A,1.715
1770054816.3307056,ADC1,1,servo_2,A,0.433
1770054816.38152,ADC1,0,servo_1,A,0.397
1770054816.432535,ADC2,0,bus_voltage,V,10.142
1770054816.483271,ADC1,1,servo_2,A,0.959
1770054816.534073,THERM,0,motor_temp,C,41.583
1770054816.5845888,ADC1,1,servo_2,A,1.137
1770054816.6354122,ADC2,0,bus_voltage,V,10.547
1770054816.6859477,ADC1,1,servo_2,A,0.679
1770054816.7364976,ADC1,1,servo_2,A,1.528
1770054816.7872617,ADC1,1,servo_2,A,0.515
1770054816.837703,ADC1,0,servo_1,A,1.282
1770054816.8883479,ADC1,1,servo_2,A,0.485
1770054816.9392653,ADC1,0,servo_1,A,0.641
1770054816.9897945,ADC1,0,servo_1,A,1.815
1770054817.040562,THERM,0,motor_temp,C,26.733
1770054817.0911674,ADC1,0,servo_1,A,0.664
1770054817.1415784,ADC2,0,bus_voltage,V,11.89
1770054817.192018,ADC1,0,servo_1,A,0.917
1770054817.2426562,ADC1,0,servo_1,A,1.164
1770054817.2934628,ADC2,0,bus_voltage,V,11.135
1770054817.3441625,ADC1,1,servo_2,A,1.975
1770054817.3948662,ADC2,0,bus_voltage,V,11.138
1770054817.4454868,ADC2,0,bus_voltage,V,12.134
1770054817.496057,ADC2,0,bus_voltage,V,11.288
1770054817.5466034,ADC2,0,bus_voltage,V,10.702
1770054817.5971003,ADC2,0,bus_voltage,V,11.06
1770054817.647491,THERM,0,motor_temp,C,38.158
1770054817.6979687,ADC2,0,bus_voltage,V,10.348
1770054817.748706,ADC1,1,servo_2,A,2.226
1770054817.7993972,THERM,0,motor_temp,C,42.755
1770054817.8503344,ADC1,1,servo_2,A,1.738
1770054817.9009619,ADC1,1,servo_2,A,2.225
1770054817.9523554,ADC1,1,servo_2,A,1.466
1770054818.002825,ADC2,0,bus_voltage,V,11.705
1770054818.0533793,THERM,0,motor_temp,C,58.145
1770054818.1041744,ADC2,0,bus_voltage,V,11.046
1770054818.154796,THERM,0,motor_temp,C,67.344
1770054818.2053878,ADC1,1,servo_2,A,2.199
1770054818.2559862,THERM,0,motor_temp,C,61.714
1770054818.3064942,ADC1,0,servo_1,A,1.036
1770054818.356896,ADC2,0,bus_voltage,V,10.573
1770054818.4076624,ADC2,0,bus_voltage,V,12.072
1770054818.458255,ADC2,0,bus_voltage,V,12.33
1770054818.5090466,ADC1,1,servo_2,A,0.792
1770054818.5594497,ADC1,0,servo_1,A,1.725
1770054818.609854,ADC2,0,bus_voltage,V,11.919
1770054818.660452,ADC1,1,servo_2,A,1.345
1770054818.7112045,ADC2,0,bus_voltage,V,11.812
1770054818.761693,ADC1,0,servo_1,A,0.268
1770054818.8121545,THERM,0,motor_temp,C,62.665
1770054818.8628447,ADC1,1,servo_2,A,2.466
1770054818.913832,ADC1,0,servo_1,A,0.362
1770054818.9656513,THERM,0,motor_temp,C,69.296
1770054819.0161893,ADC1,1,servo_2,A,0.243
1770054819.0667348,ADC2,0,bus_voltage,V,11.166
1770054819.1175663,ADC1,0,servo_1,A,1.389
1770054819.1680307,ADC1,0,servo_1,A,0.36
1770054819.2189426,ADC1,0,servo_1,A,1.587
1770054819.2694523,THERM,0,motor_temp,C,67.582
1770054819.3200102,ADC2,0,bus_voltage,V,12.149
1770054819.370621,ADC1,0,servo_1,A,1.178
1770054819.421296,ADC1,1,servo_2,A,0.988
1770054819.4720316,THERM,0,motor_temp,C,64.945
1770054819.5223958,ADC1,0,servo_1,A,0.662
1770054819.5731146,ADC1,1,servo_2,A,2.478
1770054819.6238868,ADC2,0,bus_voltage,V,10.789
1770054819.674423,THERM,0,motor_temp,C,28.403
1770054819.7252421,ADC1,1,servo_2,A,0.347
1770054819.7760456,ADC1,0,servo_1,A,2.418
1770054819.8266027,ADC1,1,servo_2,A,1.792
1770054819.8772488,ADC1,1,servo_2,A,0.481
1770054819.9280484,ADC2,0,bus_voltage,V,12.562
1770054819.9788888,ADC1,0,servo_1,A,1.465
1770054820.0297868,ADC1,0,servo_1,A,2.467
1770054820.0804775,THERM,0,motor_temp,C,68.762
1770054820.1313162,THERM,0,motor_temp,C,33.73
1770054820.181695,ADC2,0,bus_voltage,V,11.741
1770054820.2331107,ADC1,0,servo_1,A,0.712
1770054820.2834842,THERM,0,motor_temp,C,40.238
1770054820.333852,ADC2,0,bus_voltage,V,10.402
1770054820.384267,ADC1,0,servo_1,A,1.562
1770054820.4345891,THERM,0,motor_temp,C,34.154
1770054820.4850385,ADC1,1,servo_2,A,2.471
1770054820.5356293,ADC2,0,bus_voltage,V,10.957
1770054820.586304,ADC1,0,servo_1,A,0.869
1770054820.6367044,THERM,0,motor_temp,C,34.649
1770054820.687194,ADC2,0,bus_voltage,V,10.098
1770054820.737749,ADC2,0,bus_voltage,V,11.154
1770054820.7885642,THERM,0,motor_temp,C,62.214
1770054820.8398771,ADC1,0,servo_1,A,2.133
1770054820.8938406,ADC1,0,servo_1,A,2.453
1770054820.9442806,ADC1,0,servo_1,A,1.35
1770054820.9948418,THERM,0,motor_temp,C,67.966
1770054821.0454545,ADC2,0,bus_voltage,V,11.198
1770054821.0960243,ADC2,0,bus_voltage,V,12.482
1770054821.146425,ADC1,1,servo_2,A,1.126
1770054821.1973567,ADC2,0,bus_voltage,V,11.732
1770054821.2480168,ADC2,0,bus_voltage,V,10.629
1770054821.2983499,ADC1,1,servo_2,A,1.486
1770054821.3487668,ADC1,0,servo_1,A,2.302
1770054821.3992155,THERM,0,motor_temp,C,36.974
1770054821.4495442,ADC2,0,bus_voltage,V,11.953
1770054821.4999177,ADC1,1,servo_2,A,0.277
1770054821.5503054,ADC2,0,bus_voltage,V,11.868
1770054821.6011412,ADC1,0,servo_1,A,1.526
1770054821.6520169,ADC1,1,servo_2,A,0.475
1770054821.7027662,THERM,0,motor_temp,C,53.231
1770054821.7533383,THERM,0,motor_temp,C,57.481
1770054821.80382,ADC2,0,bus_voltage,V,11.408
1770054821.8544033,ADC1,1,servo_2,A,2.426
1770054821.9047914,ADC2,0,bus_voltage,V,11.969
1770054821.9555888,ADC1,0,servo_1,A,0.964
1770054822.006497,ADC1,0,servo_1,A,1.014
1770054822.0571878,ADC1,1,servo_2,A,2.421
1770054822.1078165,ADC2,0,bus_voltage,V,10.663
1770054822.1585398,ADC2,0,bus_voltage,V,11.783
1770054822.209098,ADC1,1,servo_2,A,2.462
1770054822.2598372,ADC1,0,servo_1,A,2.421
1770054822.3104112,ADC2,0,bus_voltage,V,10.148
1770054822.3607783,ADC1,0,servo_1,A,0.987
1770054822.4112525,ADC1,0,servo_1,A,2.107
1770054822.4617844,ADC2,0,bus_voltage,V,10.913
1770054822.5121355,ADC1,1,servo_2,A,1.657
1770054822.562884,ADC1,1,servo_2,A,0.823
1770054822.6133547,THERM,0,motor_temp,C,63.902
1770054822.6639543,ADC1,1,servo_2,A,0.585
1770054822.7144632,ADC1,1,servo_2,A,2.305
1770054822.7649083,ADC1,1,servo_2,A,0.795
1770054822.8153894,ADC1,1,servo_2,A,1.723
1770054822.8659127,ADC2,0,bus_voltage,V,11.126
1770054822.9167428,ADC1,1,servo_2,A,1.245
1770054822.9674895,ADC1,0,servo_1,A,1.883
1770054823.018058,THERM,0,motor_temp,C,47.243
1770054823.068898,THERM,0,motor_temp,C,41.986
1770054823.11979,ADC2,0,bus_voltage,V,11.878
1770054823.170453,ADC1,1,servo_2,A,0.712
1770054823.2210417,ADC1,1,servo_2,A,1.434
1770054823.2717283,ADC1,0,servo_1,A,1.456
1770054823.3225193,ADC1,0,servo_1,A,0.654
1770054823.3730433,ADC1,1,servo_2,A,2.319
1770054823.423874,THERM,0,motor_temp,C,59.302
1770054823.4743838,THERM,0,motor_temp,C,31.228
1770054823.5251055,THERM,0,motor_temp,C,32.11
1770054823.5755026,THERM,0,motor_temp,C,38.39
1770054823.6262844,ADC1,1,servo_2,A,0.669
1770054823.676917,ADC1,0,servo_1,A,0.402
1770054823.7275784,THERM,0,motor_temp,C,39.477
1770054823.7780328,ADC2,0,bus_voltage,V,11.8
1770054823.8287814,ADC2,0,bus_voltage,V,10.79
1770054823.8797054,ADC2,0,bus_voltage,V,10.219
1770054823.9301236,ADC1,1,servo_2,A,1.306
1770054823.9807084,ADC2,0,bus_voltage,V,12.21
1770054824.0313668,THERM,0,motor_temp,C,46.979
1770054824.0820932,THERM,0,motor_temp,C,68.349
1770054824.132619,ADC1,0,servo_1,A,2.418
1770054824.1832664,THERM,0,motor_temp,C,67.041
1770054824.2339082,THERM,0,motor_temp,C,37.556
1770054824.2847345,ADC2,0,bus_voltage,V,12.509
1770054824.3351252,ADC1,1,servo_2,A,1.718
1770054824.3856695,THERM,0,motor_temp,C,28.456
1770054824.4369402,ADC1,1,servo_2,A,1.624
1770054824.4874084,ADC1,1,servo_2,A,1.029
1770054824.5381236,ADC1,1,servo_2,A,1.434
1770054824.5885375,ADC1,0,servo_1,A,1.14
1770054824.6390295,ADC1,0,servo_1,A,1.226
1770054824.689482,THERM,0,motor_temp,C,62.708
1770054824.7399065,ADC1,0,servo_1,A,2.093
1770054824.790426,ADC1,0,servo_1,A,0.478
1770054824.8409326,ADC1,0,servo_1,A,2.455
1770054824.8914623,ADC1,1,servo_2,A,1.49
1770054824.9418855,THERM,0,motor_temp,C,63.263
1770054824.9929411,ADC2,0,bus_voltage,V,11.511
1770054825.0437486,ADC1,1,servo_2,A,1.502
1770054825.0965407,ADC1,0,servo_1,A,0.346
1770054825.147656,ADC2,0,bus_voltage,V,10.171
1770054825.198321,THERM,0,motor_temp,C,58.421
1770054825.248888,ADC1,1,servo_2,A,2.041
1770054825.2994597,ADC1,1,servo_2,A,1.747
1770054825.3499782,ADC1,0,servo_1,A,1.195
1770054825.4007945,ADC1,0,servo_1,A,1.426
1770054825.4515786,ADC2,0,bus_voltage,V,11.723
1770054825.501981,ADC2,0,bus_voltage,V,11.894
1770054825.5526278,ADC1,0,servo_1,A,0.912
1770054825.6031299,ADC1,0,servo_1,A,2.343
1770054825.6534436,ADC1,1,servo_2,A,1.041
1770054825.703943,THERM,0,motor_temp,C,57.019
1770054825.7547083,THERM,0,motor_temp,C,52.243
1770054825.8054261,ADC1,0,servo_1,A,2.414
1770054825.8561246,THERM,0,motor_temp,C,27.026
1770054825.906949,ADC1,1,servo_2,A,1.283
1770054825.9576473,THERM,0,motor_temp,C,33.511
1770054826.0080948,ADC2,0,bus_voltage,V,12.315
1770054826.0587776,THERM,0,motor_temp,C,26.663
1770054826.1096048,ADC1,0,servo_1,A,1.909
1770054826.1599798,ADC2,0,bus_voltage,V,10.897
1770054826.2108347,ADC1,1,servo_2,A,0.672
1770054826.2615306,ADC2,0,bus_voltage,V,11.531
1770054826.3122275,ADC1,0,servo_1,A,2.237
1770054826.3628023,THERM,0,motor_temp,C,27.527
1770054826.4133818,ADC1,0,servo_1,A,0.54
1770054826.4638848,ADC1,0,servo_1,A,1.91
1770054826.514307,THERM,0,motor_temp,C,31.028
1770054826.564825,ADC1,1,servo_2,A,0.885
1770054826.6155117,ADC2,0,bus_voltage,V,11.416
1770054826.6660147,ADC2,0,bus_voltage,V,12.214
1770054826.7163646,ADC2,0,bus_voltage,V,10.871
1770054826.7669313,ADC2,0,bus_voltage,V,12.158
1770054826.817596,THERM,0,motor_temp,C,39.359
1770054826.8684623,THERM,0,motor_temp,C,57.136
1770054826.9190197,THERM,0,motor_temp,C,30.86
1770054826.96946,ADC2,0,bus_voltage,V,11.561
1770054827.0205247,ADC2,0,bus_voltage,V,12.092
1770054827.0709412,THERM,0,motor_temp,C,53.933
1770054827.1215715,ADC1,1,servo_2,A,1.718
1770054827.172456,ADC2,0,bus_voltage,V,11.792
1770054827.2232773,ADC2,0,bus_voltage,V,10.963
1770054827.2741055,ADC2,0,bus_voltage,V,10.262
1770054827.3249276,ADC1,1,servo_2,A,1.706
1770054827.3754728,ADC1,1,servo_2,A,0.577
1770054827.426111,ADC1,0,servo_1,A,1.892
1770054827.4769633,ADC1,1,servo_2,A,1.021
1770054827.5277429,THERM,0,motor_temp,C,26.571
1770054827.5782096,ADC1,1,servo_2,A,0.7
1770054827.628786,THERM,0,motor_temp,C,25.671
1770054827.6791725,THERM,0,motor_temp,C,54.756
1770054827.7296607,THERM,0,motor_temp,C,44.316
1770054827.7800894,THERM,0,motor_temp,C,61.973
1770054827.8307018,ADC1,0,servo_1,A,1.453
1770054827.8814883,ADC1,0,servo_1,A,2.009
1770054827.9319005,ADC1,1,servo_2,A,0.561
1770054827.9824538,THERM,0,motor_temp,C,59.222
1770054828.0329432,ADC1,0,servo_1,A,2.035
1770054828.0833461,ADC2,0,bus_voltage,V,11.402
1770054828.1341321,ADC1,1,servo_2,A,2.011
1770054828.1848972,ADC1,0,servo_1,A,1.196
1770054828.2356105,ADC1,0,servo_1,A,1.68
1770054828.2863493,ADC1,0,servo_1,A,2.454
1770054828.3371596,ADC1,1,servo_2,A,0.592
1770054828.3877258,ADC1,0,servo_1,A,0.462
1770054828.4383297,ADC1,1,servo_2,A,1.217
1770054828.489091,ADC1,0,servo_1,A,1.638
1770054828.5395908,ADC1,1,servo_2,A,0.842
1770054828.5900044,THERM,0,motor_temp,C,47.705
1770054828.6405666,ADC1,1,servo_2,A,2.408
1770054828.69083,THERM,0,motor_temp,C,42.269
1770054828.7412212,THERM,0,motor_temp,C,28.797
1770054828.7919197,ADC1,1,servo_2,A,2.293
1770054828.8426428,ADC1,1,servo_2,A,1.796
1770054828.8934047,ADC1,0,servo_1,A,1.534
1770054828.9441354,ADC1,0,servo_1,A,0.981
1770054828.9946551,ADC1,0,servo_1,A,1.866
1770054829.0454006,ADC1,1,servo_2,A,0.536
1770054829.0959048,THERM,0,motor_temp,C,35.495
1770054829.1467283,ADC1,0,servo_1,A,0.212
1770054829.1973515,THERM,0,motor_temp,C,40.175
1770054829.2477612,THERM,0,motor_temp,C,38.782
1770054829.2989202,ADC1,0,servo_1,A,1.338
1770054829.3495846,ADC1,0,servo_1,A,0.224
1770054829.4003665,ADC1,0,servo_1,A,0.558
1770054829.4508228,ADC2,0,bus_voltage,V,10.643
1770054829.5016248,THERM,0,motor_temp,C,45.478
1770054829.5521548,ADC1,1,servo_2,A,0.869
1770054829.6025257,THERM,0,motor_temp,C,59.565
1770054829.6528442,ADC2,0,bus_voltage,V,11.824
1770054829.703432,THERM,0,motor_temp,C,42.674
1770054829.7540789,ADC1,1,servo_2,A,0.521
1770054829.8048227,ADC2,0,bus_voltage,V,12.295
1770054829.8555167,ADC1,1,servo_2,A,1.805
1770054829.9059134,ADC2,0,bus_voltage,V,12.212
1770054829.9565463,ADC1,0,servo_1,A,1.625
1770054830.0072253,THERM,0,motor_temp,C,61.965
1770054830.0578864,ADC1,0,servo_1,A,2.154
1770054830.108559,ADC2,0,bus_voltage,V,11.158
1770054830.1595664,THERM,0,motor_temp,C,44.462
1770054830.2099626,THERM,0,motor_temp,C,33.773
1770054830.2604573,ADC1,1,servo_2,A,1.432
1770054830.3112667,ADC1,0,servo_1,A,1.854
1770054830.36187,ADC1,0,servo_1,A,0.466
1770054830.4126668,ADC1,1,servo_2,A,0.777
1770054830.4642649,THERM,0,motor_temp,C,59.475
1770054830.5146945,ADC1,0,servo_1,A,1.957
1770054830.565126,ADC1,0,servo_1,A,0.82
1770054830.615568,THERM,0,motor_temp,C,36.228
1770054830.6659615,ADC2,0,bus_voltage,V,11.381
1770054830.716495,ADC2,0,bus_voltage,V,12.278
1770054830.7669659,ADC1,1,servo_2,A,2.154
1770054830.817389,ADC1,1,servo_2,A,0.254
1770054830.867798,THERM,0,motor_temp,C,63.537
1770054830.9182894,THERM,0,motor_temp,C,44.79
1770054830.9689014,ADC1,0,servo_1,A,0.509
1770054831.0192952,THERM,0,motor_temp,C,28.822
1770054831.0701792,ADC1,0,servo_1,A,0.745
1770054831.121012,ADC1,1,servo_2,A,0.645
1770054831.171435,THERM,0,motor_temp,C,40.58
1770054831.2220066,THERM,0,motor_temp,C,61.436
1770054831.2726614,THERM,0,motor_temp,C,69.972
1770054831.3233225,ADC1,1,servo_2,A,2.059
1770054831.3743236,ADC1,1,servo_2,A,0.561
1770054831.4251895,ADC1,0,servo_1,A,1.539
1770054831.4758728,ADC1,1,servo_2,A,0.252
1770054831.5264435,ADC1,1,servo_2,A,2.153
1770054831.5771165,ADC2,0,bus_voltage,V,11.947
1770054831.627667,ADC2,0,bus_voltage,V,11.236
1770054831.678138,THERM,0,motor_temp,C,55.217
1770054831.728737,ADC2,0,bus_voltage,V,11.992
1770054831.7793562,ADC1,0,servo_1,A,0.961
1770054831.8297513,THERM,0,motor_temp,C,49.684
1770054831.880356,ADC1,1,servo_2,A,1.241
1770054831.9308524,ADC1,1,servo_2,A,0.764
1770054831.9812737,THERM,0,motor_temp,C,26.227
1770054832.0317023,ADC1,0,servo_1,A,1.355
1770054832.0822136,ADC1,1,servo_2,A,1.582
1770054832.132995,ADC2,0,bus_voltage,V,10.559
1770054832.1835341,ADC1,1,servo_2,A,1.992
1770054832.234338,ADC1,0,servo_1,A,2.183
1770054832.2849534,ADC1,0,servo_1,A,1.937
1770054832.3353472,ADC2,0,bus_voltage,V,10.565
1770054832.3859594,ADC1,0,servo_1,A,1.193
1770054832.4367676,ADC1,1,servo_2,A,0.615
1770054832.487515,THERM,0,motor_temp,C,55.494
1770054832.5391526,ADC2,0,bus_voltage,V,11.793
1770054832.5897143,ADC2,0,bus_voltage,V,10.993
1770054832.64026,ADC1,1,servo_2,A,0.707
1770054832.6907496,ADC1,0,servo_1,A,0.311
1770054832.7411985,ADC2,0,bus_voltage,V,11.265
1770054832.7918918,THERM,0,motor_temp,C,35.245
1770054832.842637,ADC2,0,bus_voltage,V,10.436
1770054832.8933022,ADC2,0,bus_voltage,V,11.068
1770054832.9440775,ADC1,0,servo_1,A,1.753
1770054832.9945343,ADC1,1,servo_2,A,1.273
1770054833.0449917,ADC1,1,servo_2,A,2.03
1770054833.09545,ADC1,1,servo_2,A,1.722
1770054833.146322,ADC2,0,bus_voltage,V,11.408
1770054833.1970506,THERM,0,motor_temp,C,51.452
1770054833.2476187,THERM,0,motor_temp,C,26.293
1770054833.298257,THERM,0,motor_temp,C,41.447
1770054833.3487303,ADC2,0,bus_voltage,V,11.41
1770054833.399365,ADC2,0,bus_voltage,V,12.247
1770054833.450053,ADC1,0,servo_1,A,1.287
1770054833.5005293,THERM,0,motor_temp,C,41.085
1770054833.551211,THERM,0,motor_temp,C,43.492
1770054833.6018066,ADC1,1,servo_2,A,1.978
1770054833.652559,ADC1,0,servo_1,A,2.471
1770054833.703069,ADC1,1,servo_2,A,0.573
1770054833.7534008,ADC1,0,servo_1,A,2.261
1770054833.8039198,ADC2,0,bus_voltage,V,11.845
1770054833.8544927,ADC1,1,servo_2,A,1.543
1770054833.9051294,ADC1,0,servo_1,A,0.324
1770054833.9556022,ADC1,1,servo_2,A,1.807
1770054834.0061002,ADC1,0,servo_1,A,0.523
1770054834.0566547,THERM,0,motor_temp,C,31.754
1770054834.1074057,ADC2,0,bus_voltage,V,12.028
1770054834.1577806,THERM,0,motor_temp,C,56.692
1770054834.2085614,THERM,0,motor_temp,C,25.437
1770054834.2595723,ADC1,1,servo_2,A,2.491
1770054834.3104095,ADC1,0,servo_1,A,2.445
1770054834.3612125,ADC1,1,servo_2,A,1.111
1770054834.4117842,ADC1,0,servo_1,A,1.38
1770054834.4622233,ADC1,1,servo_2,A,0.701
1770054834.5132294,ADC2,0,bus_voltage,V,12.172
1770054834.563592,ADC1,0,servo_1,A,1.635
1770054834.6141636,THERM,0,motor_temp,C,66.206
1770054834.6648,THERM,0,motor_temp,C,66.584
1770054834.7156432,ADC1,0,servo_1,A,0.932
1770054834.7661262,ADC2,0,bus_voltage,V,10.477
1770054834.8167036,ADC1,0,servo_1,A,0.739
1770054834.867076,ADC1,0,servo_1,A,1.738
1770054834.917739,ADC1,0,servo_1,A,0.285
1770054834.9681063,THERM,0,motor_temp,C,53.119
1770054835.018827,ADC1,0,servo_1,A,1.483
1770054835.0691564,ADC2,0,bus_voltage,V,10.645
1770054835.119498,ADC1,1,servo_2,A,1.074
1770054835.1699128,ADC1,0,servo_1,A,1.662
1770054835.2202857,THERM,0,motor_temp,C,33.664
1770054835.270717,ADC1,1,servo_2,A,0.559
1770054835.3215475,ADC1,0,servo_1,A,0.31
1770054835.372193,ADC1,0,servo_1,A,2.199
1770054835.422852,ADC1,0,servo_1,A,1.464
1770054835.473686,ADC2,0,bus_voltage,V,10.275
1770054835.5241857,ADC1,1,servo_2,A,1.883
1770054835.5750282,THERM,0,motor_temp,C,59.406
1770054835.6255846,THERM,0,motor_temp,C,62.504
1770054835.6762972,THERM,0,motor_temp,C,36.988
1770054835.7274258,THERM,0,motor_temp,C,26.69
1770054835.7780125,ADC1,0,servo_1,A,0.371
1770054835.8284345,ADC1,0,servo_1,A,1.023
1770054835.8789833,ADC2,0,bus_voltage,V,10.037
1770054835.9293852,THERM,0,motor_temp,C,53.427
1770054835.9799669,ADC1,0,servo_1,A,1.916
1770054836.0303495,ADC1,0,servo_1,A,1.752
1770054836.0807645,ADC2,0,bus_voltage,V,10.098
1770054836.1312087,ADC1,0,servo_1,A,1.78
1770054836.181579,ADC1,1,servo_2,A,0.501
1770054836.232285,ADC1,0,servo_1,A,2.081
1770054836.2830033,THERM,0,motor_temp,C,43.472
1770054836.3341687,ADC2,0,bus_voltage,V,10.942
1770054836.387483,ADC1,1,servo_2,A,0.693
1770054836.4384053,THERM,0,motor_temp,C,30.851
1770054836.489253,ADC1,0,servo_1,A,2.437
1770054836.5398855,THERM,0,motor_temp,C,45.617
1770054836.5904822,ADC1,1,servo_2,A,1.874
1770054836.6412058,ADC2,0,bus_voltage,V,10.599
1770054836.692376,ADC1,1,servo_2,A,1.457
1770054836.7427554,ADC1,1,servo_2,A,0.82
1770054836.7935221,THERM,0,motor_temp,C,39.165
1770054836.844265,THERM,0,motor_temp,C,46.812
1770054836.8948312,ADC1,1,servo_2,A,2.108
1770054836.9454176,ADC2,0,bus_voltage,V,10.349
1770054836.9959233,ADC1,0,servo_1,A,1.419
1770054837.0462177,ADC1,0,servo_1,A,2.177
1770054837.0970125,THERM,0,motor_temp,C,48.014
1770054837.1476877,ADC2,0,bus_voltage,V,12.558
1770054837.1984446,ADC1,0,servo_1,A,2.495
1770054837.2489922,ADC2,0,bus_voltage,V,11.681
1770054837.299532,THERM,0,motor_temp,C,41.023
1770054837.3502629,THERM,0,motor_temp,C,39.633
1770054837.400828,THERM,0,motor_temp,C,43.461
1770054837.4512668,ADC2,0,bus_voltage,V,11.934
1770054837.5016847,THERM,0,motor_temp,C,50.882
1770054837.5521114,THERM,0,motor_temp,C,48.859
1770054837.6026897,ADC1,1,servo_2,A,1.673
1770054837.653247,THERM,0,motor_temp,C,52.149
1770054837.7036884,ADC1,1,servo_2,A,2.329
1770054837.7553344,ADC1,1,servo_2,A,1.602
1770054837.806065,THERM,0,motor_temp,C,38.911
1770054837.8566742,ADC1,1,servo_2,A,2.236
1770054837.9078128,THERM,0,motor_temp,C,32.452
1770054837.9584095,ADC1,0,servo_1,A,1.544
1770054838.0088584,ADC2,0,bus_voltage,V,12.333
1770054838.0593717,ADC2,0,bus_voltage,V,10.228
1770054838.1098883,ADC1,1,servo_2,A,1.136
1770054838.1609268,THERM,0,motor_temp,C,48.68
1770054838.2116246,ADC1,1,servo_2,A,1.151
1770054838.2622333,ADC2,0,bus_voltage,V,11.203
1770054838.3127637,THERM,0,motor_temp,C,57.669
1770054838.363493,ADC1,0,servo_1,A,2.486
1770054838.4143121,ADC1,0,servo_1,A,1.856
1770054838.4647639,ADC2,0,bus_voltage,V,12.048
1770054838.5157719,THERM,0,motor_temp,C,36.021
1770054838.5662518,ADC1,1,servo_2,A,0.966
1770054838.6183414,ADC2,0,bus_voltage,V,10.605
1770054838.6688356,THERM,0,motor_temp,C,41.791
1770054838.7196872,ADC1,1,servo_2,A,1.721
1770054838.7702448,ADC2,0,bus_voltage,V,10.038
1770054838.820757,ADC1,1,servo_2,A,0.56
1770054838.8713362,ADC1,1,servo_2,A,2.251
1770054838.921998,ADC2,0,bus_voltage,V,11.034
1770054838.9726233,ADC2,0,bus_voltage,V,12.069
1770054839.023258,THERM,0,motor_temp,C,62.152
1770054839.073979,ADC2,0,bus_voltage,V,11.462
1770054839.1242862,ADC2,0,bus_voltage,V,11.878
1770054839.1749892,ADC2,0,bus_voltage,V,12.335
1770054839.2254527,ADC2,0,bus_voltage,V,10.769
1770054839.2761552,ADC2,0,bus_voltage,V,10.028
1770054839.3266006,THERM,0,motor_temp,C,25.222
1770054839.3770168,ADC1,0,servo_1,A,1.041
1770054839.4278224,ADC1,0,servo_1,A,0.516
1770054839.4783368,ADC1,0,servo_1,A,2.129
1770054839.5288248,ADC1,0,servo_1,A,0.237
1770054839.5805929,ADC2,0,bus_voltage,V,10.951
1770054839.6313262,ADC2,0,bus_voltage,V,10.151
1770054839.6818447,ADC1,0,servo_1,A,0.283
1770054839.7326481,ADC1,1,servo_2,A,1.689
1770054839.7831807,ADC1,0,servo_1,A,2.142
1770054839.8340075,ADC2,0,bus_voltage,V,10.459
1770054839.8847156,ADC2,0,bus_voltage,V,10.057
1770054839.9354787,ADC1,0,servo_1,A,1.586
1770054839.9870417,ADC1,1,servo_2,A,0.207
1770054840.0375588,ADC1,1,servo_2,A,1.303
1770054840.08833,ADC1,0,servo_1,A,1.066
1770054840.1386645,ADC1,1,servo_2,A,0.265
1770054840.1890192,ADC1,1,servo_2,A,1.813
1770054840.2393832,ADC2,0,bus_voltage,V,11.635
1770054840.2900152,ADC2,0,bus_voltage,V,10.154
1770054840.340421,ADC1,0,servo_1,A,1.651
1770054840.3911772,ADC1,0,servo_1,A,1.924
1770054840.441772,ADC2,0,bus_voltage,V,11.996
1770054840.49317,THERM,0,motor_temp,C,69.5
1770054840.5436068,ADC1,1,servo_2,A,0.513
1770054840.5941894,ADC2,0,bus_voltage,V,12.23
1770054840.6449528,ADC2,0,bus_voltage,V,10.071
1770054840.6956344,THERM,0,motor_temp,C,65.233
1770054840.7463841,ADC1,1,servo_2,A,2.356
1770054840.796855,THERM,0,motor_temp,C,65.359
1770054840.8473084,ADC2,0,bus_voltage,V,11.981
1770054840.898296,ADC1,1,servo_2,A,2.135
1770054840.9486082,ADC1,0,servo_1,A,0.432
1770054840.9991968,ADC1,0,servo_1,A,1.145
1770054841.049579,ADC2,0,bus_voltage,V,11.536
1770054841.0998995,ADC1,0,servo_1,A,1.537
1770054841.150443,ADC2,0,bus_voltage,V,11.799
1770054841.2009475,THERM,0,motor_temp,C,47.156
1770054841.2514427,ADC1,1,servo_2,A,1.372
1770054841.301807,ADC1,1,servo_2,A,2.045
1770054841.352309,ADC2,0,bus_voltage,V,10.108
1770054841.4028556,ADC2,0,bus_voltage,V,12.503
1770054841.453626,ADC2,0,bus_voltage,V,10.57
1770054841.5042038,ADC2,0,bus_voltage,V,12.057
1770054841.5546925,ADC1,0,servo_1,A,2.269
1770054841.605071,THERM,0,motor_temp,C,49.627
1770054841.6558611,THERM,0,motor_temp,C,42.221
1770054841.7062993,ADC2,0,bus_voltage,V,11.809
1770054841.7566772,THERM,0,motor_temp,C,34.721
1770054841.8071043,THERM,0,motor_temp,C,29.401
1770054841.8574748,ADC2,0,bus_voltage,V,10.582
1770054841.9078295,ADC1,1,servo_2,A,0.7
1770054841.958938,ADC1,1,servo_2,A,2.25
1770054842.0093565,ADC2,0,bus_voltage,V,10.697
1770054842.0598116,ADC1,1,servo_2,A,2.286
1770054842.1104157,ADC2,0,bus_voltage,V,10.892
1770054842.160772,THERM,0,motor_temp,C,39.492
1770054842.2111645,ADC1,0,servo_1,A,1.526
1770054842.2618966,ADC2,0,bus_voltage,V,11.586
1770054842.312314,ADC2,0,bus_voltage,V,11.014
1770054842.3630526,ADC2,0,bus_voltage,V,12.426
1770054842.413716,ADC1,1,servo_2,A,1.146
1770054842.4644485,THERM,0,motor_temp,C,39.624
1770054842.5185814,ADC1,1,servo_2,A,0.379
1770054842.5697434,ADC2,0,bus_voltage,V,10.05
1770054842.6202085,ADC2,0,bus_voltage,V,11.605
1770054842.6708965,ADC2,0,bus_voltage,V,10.214
1770054842.7212117,ADC2,0,bus_voltage,V,10.88
1770054842.7718313,ADC1,1,servo_2,A,0.921
1770054842.8222952,ADC2,0,bus_voltage,V,10.53
1770054842.8729744,ADC2,0,bus_voltage,V,10.197
1770054842.9235184,ADC2,0,bus_voltage,V,11.854
1770054842.9739063,ADC2,0,bus_voltage,V,12.181
1770054843.0257275,ADC1,1,servo_2,A,2.325
1770054843.0762808,ADC2,0,bus_voltage,V,11.127
1770054843.1268253,ADC2,0,bus_voltage,V,11.896
1770054843.1772583,ADC2,0,bus_voltage,V,10.946
1770054843.2275732,ADC2,0,bus_voltage,V,11.8
1770054843.2782383,THERM,0,motor_temp,C,53.232
1770054843.3289309,ADC2,0,bus_voltage,V,10.568
1770054843.3797033,THERM,0,motor_temp,C,52.511
1770054843.4304047,THERM,0,motor_temp,C,38.332
1770054843.481191,THERM,0,motor_temp,C,62.115
1770054843.5319846,THERM,0,motor_temp,C,56.167
1770054843.5825298,ADC2,0,bus_voltage,V,11.018
1770054843.6328523,THERM,0,motor_temp,C,63.974
1770054843.683202,ADC1,0,servo_1,A,1.932
1770054843.7336216,ADC1,0,servo_1,A,1.011
1770054843.7840693,ADC1,1,servo_2,A,1.015
1770054843.8367488,ADC1,0,servo_1,A,0.8
1770054843.8874452,ADC1,0,servo_1,A,2.228
1770054843.9391413,ADC1,0,servo_1,A,0.944
1770054843.9898734,THERM,0,motor_temp,C,57.773
1770054844.0406063,THERM,0,motor_temp,C,65.407
1770054844.0912151,ADC2,0,bus_voltage,V,10.322
1770054844.1416278,ADC2,0,bus_voltage,V,11.998
1770054844.1923485,THERM,0,motor_temp,C,45.116
1770054844.2426476,ADC1,0,servo_1,A,2.02
1770054844.2930062,ADC1,0,servo_1,A,0.456
1770054844.3437274,ADC2,0,bus_voltage,V,10.749
1770054844.394158,ADC1,1,servo_2,A,2.005
1770054844.4449892,THERM,0,motor_temp,C,36.26
1770054844.4956584,ADC2,0,bus_voltage,V,12.408
1770054844.5465183,ADC2,0,bus_voltage,V,12.508
1770054844.5980897,ADC1,1,servo_2,A,0.753
1770054844.648852,THERM,0,motor_temp,C,30.639
1770054844.6999831,ADC1,0,servo_1,A,1.399
1770054844.7505772,ADC1,1,servo_2,A,0.528
1770054844.801328,ADC1,0,servo_1,A,2.39
1770054844.8518586,ADC2,0,bus_voltage,V,11.68
1770054844.9024527,ADC1,0,servo_1,A,1.402
1770054844.955169,ADC1,1,servo_2,A,1.834
1770054845.0054543,ADC1,0,servo_1,A,0.472
1770054845.056101,THERM,0,motor_temp,C,43.897
1770054845.1066108,THERM,0,motor_temp,C,57.101
1770054845.1575983,ADC2,0,bus_voltage,V,12.184
1770054845.2080235,THERM,0,motor_temp,C,46.07
1770054845.2585804,ADC2,0,bus_voltage,V,11.424
1770054845.3091326,ADC2,0,bus_voltage,V,10.924
1770054845.359453,ADC1,0,servo_1,A,1.677
1770054845.4099925,ADC1,1,servo_2,A,1.383
1770054845.4604251,ADC1,1,servo_2,A,1.021
1770054845.5108528,THERM,0,motor_temp,C,56.897
1770054845.5631084,THERM,0,motor_temp,C,61.386
1770054845.6138563,THERM,0,motor_temp,C,37.862
1770054845.6646595,ADC1,1,servo_2,A,0.462
1770054845.7153757,THERM,0,motor_temp,C,31.484
1770054845.7702308,ADC1,1,servo_2,A,1.224
1770054845.8220656,ADC1,0,servo_1,A,1.102
1770054845.87494,ADC1,0,servo_1,A,0.477
1770054845.9258964,ADC1,0,servo_1,A,0.434
1770054845.9778616,THERM,0,motor_temp,C,29.219
1770054846.0285044,ADC1,0,servo_1,A,2.273
1770054846.0794122,ADC1,1,servo_2,A,1.447
1770054846.130053,ADC2,0,bus_voltage,V,11.524
1770054846.1807227,ADC1,1,servo_2,A,2.336
1770054846.231088,THERM,0,motor_temp,C,66.297
1770054846.2817514,ADC1,0,servo_1,A,2.405
1770054846.332389,THERM,0,motor_temp,C,64.445
1770054846.3830216,THERM,0,motor_temp,C,62.959
1770054846.433391,ADC2,0,bus_voltage,V,12.12
1770054846.4840689,ADC1,0,servo_1,A,1.553
1770054846.5348816,ADC1,0,servo_1,A,2.474
1770054846.5857902,THERM,0,motor_temp,C,64.535
1770054846.6364257,ADC2,0,bus_voltage,V,11.797
1770054846.6879451,ADC1,0,servo_1,A,1.107
1770054846.7384179,ADC1,0,servo_1,A,1.217
1770054846.7887938,ADC1,1,servo_2,A,1.208
1770054846.8395677,ADC1,1,servo_2,A,1.229
1770054846.8901217,ADC2,0,bus_voltage,V,12.301
1770054846.9413319,ADC1,0,servo_1,A,2.187
1770054846.9919627,ADC1,1,servo_2,A,1.805
1770054847.0437417,ADC2,0,bus_voltage,V,11.836
1770054847.0944252,ADC1,0,servo_1,A,2.215
1770054847.1453454,THERM,0,motor_temp,C,32.935
1770054847.1960387,THERM,0,motor_temp,C,50.454
1770054847.2466135,ADC1,0,servo_1,A,1.014
1770054847.2973099,THERM,0,motor_temp,C,57.245
1770054847.348063,ADC1,0,servo_1,A,0.929
1770054847.3985908,ADC1,0,servo_1,A,0.429
1770054847.4490578,ADC1,1,servo_2,A,2.009
1770054847.499423,ADC2,0,bus_voltage,V,12.333
1770054847.5501819,ADC1,1,servo_2,A,2.099
1770054847.6007493,ADC1,1,servo_2,A,0.79
1770054847.651168,ADC1,0,servo_1,A,1.397
1770054847.7018883,ADC1,1,servo_2,A,1.109
1770054847.7522295,THERM,0,motor_temp,C,69.057
1770054847.802714,ADC1,1,servo_2,A,1.621
1770054847.8532608,ADC1,0,servo_1,A,1.634
1770054847.9041886,ADC1,0,servo_1,A,1.509
1770054847.9548695,ADC1,1,servo_2,A,2.172
1770054848.0054054,THERM,0,motor_temp,C,45.614
1770054848.056278,ADC1,1,servo_2,A,1.467
1770054848.106832,ADC2,0,bus_voltage,V,12.105
1770054848.1582441,ADC1,1,servo_2,A,0.849
1770054848.2089665,ADC1,0,servo_1,A,1.991
1770054848.2595088,ADC1,0,servo_1,A,1.045
1770054848.3102114,THERM,0,motor_temp,C,54.879
1770054848.361377,ADC1,0,servo_1,A,1.572
1770054848.4118445,ADC2,0,bus_voltage,V,11.479
1770054848.4622934,ADC2,0,bus_voltage,V,12.483
1770054848.5132368,ADC1,1,servo_2,A,0.466
1770054848.563754,ADC1,0,servo_1,A,2.179
1770054848.614421,ADC1,1,servo_2,A,0.672
1770054848.665103,ADC2,0,bus_voltage,V,12.362
1770054848.715673,THERM,0,motor_temp,C,50.538
1770054848.766381,ADC1,1,servo_2,A,0.948
1770054848.8169937,THERM,0,motor_temp,C,45.064
1770054848.867638,THERM,0,motor_temp,C,59.569
1770054848.9183981,ADC1,0,servo_1,A,2.12
1770054848.968815,ADC2,0,bus_voltage,V,12.53
1770054849.0196846,THERM,0,motor_temp,C,48.781
1770054849.0702214,ADC1,0,servo_1,A,1.068
1770054849.1209292,ADC2,0,bus_voltage,V,10.557
1770054849.1715763,ADC1,0,servo_1,A,0.522
1770054849.2222512,THERM,0,motor_temp,C,52.118
1770054849.2729554,THERM,0,motor_temp,C,28.818
1770054849.323735,ADC1,1,servo_2,A,2.209
1770054849.3741126,ADC1,0,servo_1,A,1.625
1770054849.4247198,ADC2,0,bus_voltage,V,11.849
1770054849.475021,THERM,0,motor_temp,C,51.318
1770054849.5253193,THERM,0,motor_temp,C,32.335
1770054849.575863,ADC1,1,servo_2,A,2.487
1770054849.6267087,THERM,0,motor_temp,C,68.397
1770054849.6775384,THERM,0,motor_temp,C,69.815
1770054849.7290401,ADC1,1,servo_2,A,1.878
1770054849.779955,ADC2,0,bus_voltage,V,11.733
1770054849.8307874,ADC1,0,servo_1,A,0.254
1770054849.8816957,THERM,0,motor_temp,C,55.749
1770054849.932352,ADC1,1,servo_2,A,2.45
1770054849.9829366,THERM,0,motor_temp,C,30.206
1770054850.0335982,ADC1,0,servo_1,A,1.536
1770054850.0844402,THERM,0,motor_temp,C,69.668
1770054850.1349432,THERM,0,motor_temp,C,45.279
1770054850.185749,ADC1,1,servo_2,A,1.121
1770054850.236125,THERM,0,motor_temp,C,38.158
1770054850.286387,ADC1,0,servo_1,A,2.087
1770054850.338511,ADC1,1,servo_2,A,1.801
1770054850.389063,ADC1,1,servo_2,A,1.654
1770054850.4395144,ADC1,0,servo_1,A,1.865
1770054850.490355,ADC1,0,servo_1,A,2.415
1770054850.5407965,THERM,0,motor_temp,C,37.586
1770054850.5915232,ADC1,0,servo_1,A,1.006
1770054850.6422915,ADC2,0,bus_voltage,V,11.597
1770054850.6926756,ADC1,1,servo_2,A,2.35
1770054850.7434058,ADC1,1,servo_2,A,2.23
1770054850.7949789,ADC1,1,servo_2,A,0.612
1770054850.8452928,ADC1,0,servo_1,A,1.393
1770054850.8971875,ADC2,0,bus_voltage,V,12.3
1770054850.9486487,ADC2,0,bus_voltage,V,11.958
1770054850.9990842,ADC1,1,servo_2,A,2.019
1770054851.0495822,THERM,0,motor_temp,C,35.394
1770054851.1000407,ADC2,0,bus_voltage,V,10.276
1770054851.1510391,ADC2,0,bus_voltage,V,10.853
1770054851.2013912,ADC1,1,servo_2,A,1.419
1770054851.2520857,ADC1,1,servo_2,A,1.042
1770054851.3028436,ADC1,0,servo_1,A,2.452
1770054851.3534656,ADC1,1,servo_2,A,1.192
1770054851.403907,ADC1,0,servo_1,A,0.92
1770054851.4544673,THERM,0,motor_temp,C,58.852
1770054851.5048559,ADC2,0,bus_voltage,V,12.023
1770054851.555296,THERM,0,motor_temp,C,47.007
1770054851.6059113,THERM,0,motor_temp,C,25.103
1770054851.6563878,ADC1,0,servo_1,A,0.9
1770054851.7070284,ADC2,0,bus_voltage,V,11.991
1770054851.7575405,ADC2,0,bus_voltage,V,12.038
1770054851.8083858,ADC1,0,servo_1,A,0.958
1770054851.8589284,ADC2,0,bus_voltage,V,11.888
1770054851.9094052,ADC1,0,servo_1,A,1.604
1770054851.9600818,ADC1,1,servo_2,A,1.646
1770054852.010848,ADC1,1,servo_2,A,1.802
1770054852.0616062,ADC2,0,bus_voltage,V,11.125
1770054852.1128569,ADC1,0,servo_1,A,0.717
1770054852.1637504,ADC2,0,bus_voltage,V,11.704
1770054852.2159407,THERM,0,motor_temp,C,62.005
1770054852.266975,THERM,0,motor_temp,C,39.972
1770054852.3175836,ADC1,1,servo_2,A,2.212
1770054852.3683908,THERM,0,motor_temp,C,27.148
1770054852.418702,ADC1,1,servo_2,A,1.312
1770054852.4693854,ADC1,1,servo_2,A,2.497
1770054852.5200174,ADC1,0,servo_1,A,0.462
1770054852.5707579,ADC1,0,servo_1,A,0.242
1770054852.6212971,ADC1,1,servo_2,A,1.577
1770054852.6719215,THERM,0,motor_temp,C,60.393
1770054852.7227695,ADC1,0,servo_1,A,1.831
1770054852.7734077,ADC2,0,bus_voltage,V,10.902
1770054852.8238425,ADC1,0,servo_1,A,0.529
1770054852.874423,ADC1,0,servo_1,A,1.818
1770054852.925062,ADC2,0,bus_voltage,V,11.569
1770054852.9756052,ADC2,0,bus_voltage,V,10.145
1770054853.0269806,ADC2,0,bus_voltage,V,10.184
1770054853.0774808,THERM,0,motor_temp,C,25.714
1770054853.130287,ADC1,1,servo_2,A,1.218
1770054853.181726,ADC1,1,servo_2,A,1.342
1770054853.2322485,ADC1,1,servo_2,A,1.945
1770054853.2832696,THERM,0,motor_temp,C,67.029
1770054853.3341193,ADC1,1,servo_2,A,0.251
1770054853.3845682,THERM,0,motor_temp,C,26.19
1770054853.4351375,ADC1,0,servo_1,A,0.988
1770054853.485838,THERM,0,motor_temp,C,53.186
1770054853.536213,THERM,0,motor_temp,C,34.658
1770054853.5866654,ADC1,0,servo_1,A,1.967
1770054853.6373594,ADC2,0,bus_voltage,V,10.693
1770054853.6879568,ADC2,0,bus_voltage,V,12.592
1770054853.7385337,ADC1,1,servo_2,A,1.348
1770054853.7892928,ADC2,0,bus_voltage,V,10.486
1770054853.8401663,ADC2,0,bus_voltage,V,10.588
1770054853.8907876,ADC1,0,servo_1,A,0.962
1770054853.9412494,ADC2,0,bus_voltage,V,11.995
1770054853.9916482,ADC2,0,bus_voltage,V,12.45
1770054854.0423384,ADC2,0,bus_voltage,V,11.904
1770054854.0926783,ADC1,1,servo_2,A,0.497
1770054854.1431272,ADC1,0,servo_1,A,1.105
1770054854.1948678,THERM,0,motor_temp,C,50.428
1770054854.2454724,ADC1,0,servo_1,A,1.997
1770054854.2981522,THERM,0,motor_temp,C,58.148
1770054854.3496895,ADC2,0,bus_voltage,V,10.046
1770054854.4000993,ADC1,0,servo_1,A,1.079
1770054854.4505777,THERM,0,motor_temp,C,40.911
1770054854.5010943,ADC1,1,servo_2,A,1.285
1770054854.5519903,ADC2,0,bus_voltage,V,12.197
1770054854.6025856,THERM,0,motor_temp,C,38.566
1770054854.6534138,THERM,0,motor_temp,C,36.893
1770054854.7040408,THERM,0,motor_temp,C,55.904
1770054854.7545168,ADC2,0,bus_voltage,V,12.53
1770054854.8048332,ADC2,0,bus_voltage,V,12.048
1770054854.8556235,THERM,0,motor_temp,C,54.356
1770054854.906296,THERM,0,motor_temp,C,53.386
1770054854.9569635,ADC1,1,servo_2,A,0.39
1770054855.0078819,ADC2,0,bus_voltage,V,10.89
1770054855.0586455,ADC1,0,servo_1,A,1.833
1770054855.1092927,ADC2,0,bus_voltage,V,10.546
1770054855.1605692,ADC1,1,servo_2,A,0.46
1770054855.2113984,THERM,0,motor_temp,C,67.382
1770054855.2619452,ADC1,1,servo_2,A,2.44
1770054855.3126476,ADC2,0,bus_voltage,V,10.938
1770054855.3640406,ADC1,0,servo_1,A,1.877
1770054855.4149039,ADC2,0,bus_voltage,V,12.265
1770054855.4657397,THERM,0,motor_temp,C,26.926
1770054855.5161383,ADC2,0,bus_voltage,V,11.616
1770054855.5664825,ADC1,1,servo_2,A,0.284
1770054855.6169603,ADC2,0,bus_voltage,V,11.185
1770054855.6673613,THERM,0,motor_temp,C,53.731
1770054855.7180862,ADC1,1,servo_2,A,1.078
1770054855.7693365,ADC2,0,bus_voltage,V,10.919
1770054855.82021,ADC1,1,servo_2,A,2.066
1770054855.8709369,THERM,0,motor_temp,C,37.85
1770054855.921361,THERM,0,motor_temp,C,25.709
1770054855.9718504,THERM,0,motor_temp,C,48.722
1770054856.022637,ADC2,0,bus_voltage,V,10.021
1770054856.0733607,ADC1,1,servo_2,A,0.369
1770054856.12374,THERM,0,motor_temp,C,69.239
1770054856.1742992,THERM,0,motor_temp,C,64.432
1770054856.225986,ADC1,1,servo_2,A,1.48
1770054856.2767437,ADC2,0,bus_voltage,V,10.266
1770054856.327435,THERM,0,motor_temp,C,57.393
1770054856.378128,ADC1,0,servo_1,A,2.234
1770054856.4289906,ADC2,0,bus_voltage,V,11.119
1770054856.479768,THERM,0,motor_temp,C,55.349
1770054856.5304205,ADC1,0,servo_1,A,1.68
1770054856.5812235,ADC1,1,servo_2,A,1.343
1770054856.6316454,ADC1,0,servo_1,A,1.27
1770054856.6824021,ADC1,0,servo_1,A,1.703
1770054856.7328815,ADC2,0,bus_voltage,V,11.924
1770054856.783501,ADC2,0,bus_voltage,V,11.562
1770054856.8338325,THERM,0,motor_temp,C,49.166
1770054856.8847573,THERM,0,motor_temp,C,40.913
1770054856.9351618,ADC1,0,servo_1,A,1.111
1770054856.9855502,ADC1,1,servo_2,A,2.268
1770054857.0359373,ADC1,1,servo_2,A,2.051
1770054857.086394,ADC1,0,servo_1,A,2.489
1770054857.1368804,ADC1,0,servo_1,A,2.448
1770054857.18957,ADC1,0,servo_1,A,0.212
1770054857.24128,ADC1,1,servo_2,A,1.778
1770054857.2920158,ADC2,0,bus_voltage,V,11.605
1770054857.3424754,ADC1,1,servo_2,A,1.414
1770054857.393047,ADC2,0,bus_voltage,V,10.135
1770054857.4446173,ADC2,0,bus_voltage,V,10.073
1770054857.4953792,ADC1,1,servo_2,A,1.038
1770054857.5461009,ADC1,0,servo_1,A,0.557
1770054857.5966482,ADC2,0,bus_voltage,V,11.903
1770054857.647157,THERM,0,motor_temp,C,53.243
1770054857.6975923,ADC1,0,servo_1,A,2.291
1770054857.748411,THERM,0,motor_temp,C,68.668
1770054857.7988887,ADC2,0,bus_voltage,V,12.22
1770054857.8493683,ADC1,0,servo_1,A,1.495
1770054857.899957,ADC1,0,servo_1,A,1.366
1770054857.9505517,THERM,0,motor_temp,C,63.298
1770054858.0011349,ADC2,0,bus_voltage,V,12.453
1770054858.051694,ADC2,0,bus_voltage,V,10.786
1770054858.1024253,THERM,0,motor_temp,C,51.829
1770054858.152996,ADC1,1,servo_2,A,0.873
1770054858.203731,ADC1,0,servo_1,A,2.361
1770054858.2543092,THERM,0,motor_temp,C,67.272
1770054858.3050294,ADC1,1,servo_2,A,1.38
1770054858.3559585,ADC1,0,servo_1,A,0.779
1770054858.4064462,ADC1,1,servo_2,A,1.627
1770054858.456922,THERM,0,motor_temp,C,59.703
1770054858.507597,ADC2,0,bus_voltage,V,11.132
1770054858.5583081,THERM,0,motor_temp,C,63.872
1770054858.6093113,ADC1,0,servo_1,A,1.382
1770054858.6598833,ADC1,0,servo_1,A,0.588
1770054858.7107966,ADC2,0,bus_voltage,V,11.72
1770054858.761349,ADC1,1,servo_2,A,1.512
1770054858.8119636,ADC1,0,servo_1,A,0.809
1770054858.8625784,THERM,0,motor_temp,C,56.46
1770054858.91326,ADC1,0,servo_1,A,0.212
1770054858.96365,ADC1,0,servo_1,A,1.939
1770054859.0142853,ADC1,1,servo_2,A,1.224
1770054859.0650501,ADC1,0,servo_1,A,0.688
1770054859.1154118,THERM,0,motor_temp,C,32.373
1770054859.1660345,THERM,0,motor_temp,C,65.823
1770054859.2166095,ADC1,1,servo_2,A,0.404
1770054859.2673948,ADC2,0,bus_voltage,V,11.593
1770054859.3179834,THERM,0,motor_temp,C,65.42
1770054859.368463,ADC1,0,servo_1,A,0.669
1770054859.418888,ADC2,0,bus_voltage,V,10.812
1770054859.469779,THERM,0,motor_temp,C,41.261
1770054859.5205967,THERM,0,motor_temp,C,63.472
1770054859.5718691,ADC1,1,servo_2,A,2.426
1770054859.622791,THERM,0,motor_temp,C,39.511
1770054859.673536,ADC2,0,bus_voltage,V,11.084
1770054859.7239974,THERM,0,motor_temp,C,29.772
1770054859.7744918,THERM,0,motor_temp,C,44.405
1770054859.8254263,THERM,0,motor_temp,C,38.353
1770054859.875933,ADC2,0,bus_voltage,V,10.748
1770054859.9265938,ADC1,0,servo_1,A,1.209
1770054859.977404,ADC2,0,bus_voltage,V,10.139
1770054860.0278451,THERM,0,motor_temp,C,63.848
1770054860.0782871,THERM,0,motor_temp,C,60.525
1770054860.1286826,ADC1,0,servo_1,A,0.229
1770054860.1789916,THERM,0,motor_temp,C,69.666
1770054860.2301776,ADC2,0,bus_voltage,V,10.85
1770054860.2815015,THERM,0,motor_temp,C,42.422
1770054860.3319397,THERM,0,motor_temp,C,27.54
1770054860.383387,ADC1,1,servo_2,A,1.471
1770054860.4339705,ADC1,0,servo_1,A,0.256
1770054860.484619,THERM,0,motor_temp,C,43.033
1770054860.5351536,THERM,0,motor_temp,C,43.061
1770054860.5856888,THERM,0,motor_temp,C,44.246
1770054860.6363292,THERM,0,motor_temp,C,38.244
1770054860.6872957,ADC1,0,servo_1,A,2.035
1770054860.73814,ADC1,0,servo_1,A,1.712
1770054860.788629,ADC2,0,bus_voltage,V,10.816
1770054860.8401635,ADC1,1,servo_2,A,0.583
1770054860.8911192,THERM,0,motor_temp,C,35.77
1770054860.9414382,THERM,0,motor_temp,C,29.571
1770054860.9917629,ADC1,1,servo_2,A,2.498
1770054861.0424182,ADC2,0,bus_voltage,V,10.883
1770054861.093313,ADC2,0,bus_voltage,V,10.299
1770054861.1439347,ADC1,0,servo_1,A,2.174
1770054861.1945357,THERM,0,motor_temp,C,32.107
1770054861.2450588,ADC1,1,servo_2,A,1.763
1770054861.2957294,ADC2,0,bus_voltage,V,11.23
1770054861.3464565,ADC1,0,servo_1,A,1.253
1770054861.3970659,ADC1,0,servo_1,A,2.442
1770054861.448065,ADC1,0,servo_1,A,1.726
1770054861.4988098,ADC1,1,servo_2,A,1.889
1770054861.5498736,THERM,0,motor_temp,C,51.323
1770054861.6005387,ADC1,0,servo_1,A,0.687
1770054861.6563137,ADC1,1,servo_2,A,2.113
1770054861.7091274,ADC1,1,servo_2,A,0.773
1770054861.7616723,ADC1,0,servo_1,A,2.183
1770054861.814751,ADC1,1,servo_2,A,0.624
1770054861.8654776,ADC1,0,servo_1,A,1.281
1770054861.9161384,THERM,0,motor_temp,C,40.714
1770054861.9668596,ADC1,1,servo_2,A,1.571
1770054862.0175524,ADC1,0,servo_1,A,1.263
1770054862.068289,ADC2,0,bus_voltage,V,12.533
1770054862.118581,ADC1,1,servo_2,A,1.019
1770054862.1697166,ADC2,0,bus_voltage,V,11.124
1770054862.220378,THERM,0,motor_temp,C,43.049
1770054862.2710912,ADC1,0,servo_1,A,1.124
1770054862.3216007,THERM,0,motor_temp,C,28.489
1770054862.3719742,ADC1,1,servo_2,A,0.227
1770054862.4225972,ADC1,1,servo_2,A,1.352
1770054862.473426,THERM,0,motor_temp,C,31.431
1770054862.5238535,THERM,0,motor_temp,C,58.181
1770054862.5745165,ADC1,0,servo_1,A,0.665
1770054862.6251893,ADC1,0,servo_1,A,1.055
1770054862.6762276,ADC2,0,bus_voltage,V,12.112
1770054862.7278607,ADC2,0,bus_voltage,V,12.597
1770054862.7798276,ADC2,0,bus_voltage,V,10.154
1770054862.8307185,ADC2,0,bus_voltage,V,11.597
1770054862.881452,THERM,0,motor_temp,C,26.396
1770054862.9320326,THERM,0,motor_temp,C,47.11
1770054862.9824972,ADC1,0,servo_1,A,1.809
1770054863.032918,THERM,0,motor_temp,C,44.98
1770054863.0835214,ADC1,0,servo_1,A,1.218
1770054863.1341543,ADC1,1,servo_2,A,2.208
1770054863.1848946,ADC2,0,bus_voltage,V,11.494
1770054863.2353451,ADC2,0,bus_voltage,V,12.134
1770054863.2857878,ADC1,1,servo_2,A,1.923
1770054863.336357,ADC1,1,servo_2,A,1.134
1770054863.3871064,ADC2,0,bus_voltage,V,11.036
1770054863.437818,ADC2,0,bus_voltage,V,10.005
1770054863.488308,ADC1,0,servo_1,A,1.807
1770054863.538966,ADC1,1,servo_2,A,0.692
1770054863.5896537,THERM,0,motor_temp,C,69.04
1770054863.6405153,ADC2,0,bus_voltage,V,11.727
1770054863.6909113,ADC1,0,servo_1,A,2.194
1770054863.7424872,ADC1,1,servo_2,A,1.747
1770054863.7932982,THERM,0,motor_temp,C,58.067
1770054863.844013,ADC1,0,servo_1,A,0.856
1770054863.8949227,ADC1,1,servo_2,A,1.325
1770054863.945394,ADC1,1,servo_2,A,0.542
1770054863.995732,ADC1,0,servo_1,A,1.118
1770054864.0460594,ADC2,0,bus_voltage,V,10.392
1770054864.0966692,ADC1,0,servo_1,A,0.441
1770054864.1474516,ADC1,0,servo_1,A,0.8
1770054864.198303,ADC2,0,bus_voltage,V,11.615
1770054864.2490342,ADC2,0,bus_voltage,V,11.408
1770054864.2996454,ADC1,0,servo_1,A,0.591
1770054864.3501678,ADC1,1,servo_2,A,0.945
1770054864.400648,ADC2,0,bus_voltage,V,11.003
1770054864.4511125,ADC2,0,bus_voltage,V,10.173
1770054864.5018032,ADC2,0,bus_voltage,V,11.683
1770054864.5524356,THERM,0,motor_temp,C,49.933
1770054864.602769,THERM,0,motor_temp,C,35.735
1770054864.6532927,ADC1,0,servo_1,A,0.578
1770054864.703714,ADC2,0,bus_voltage,V,12.533
1770054864.754634,ADC2,0,bus_voltage,V,12.069
1770054864.8054807,ADC1,1,servo_2,A,2.16
1770054864.8558884,ADC2,0,bus_voltage,V,12.473
1770054864.9066257,ADC2,0,bus_voltage,V,11.2
1770054864.9569697,ADC2,0,bus_voltage,V,11.224
1770054865.014095,ADC1,0,servo_1,A,1.817
1770054865.0646625,ADC2,0,bus_voltage,V,11.042
1770054865.1155922,ADC1,0,servo_1,A,2.348
1770054865.166012,THERM,0,motor_temp,C,37.162
1770054865.2175248,ADC1,1,servo_2,A,2.409
1770054865.2690709,ADC1,0,servo_1,A,0.451
1770054865.3197596,ADC2,0,bus_voltage,V,12.201
1770054865.3701746,THERM,0,motor_temp,C,48.237
1770054865.4210076,ADC2,0,bus_voltage,V,10.785
1770054865.471747,ADC1,0,servo_1,A,1.118
1770054865.522498,ADC1,0,servo_1,A,0.448
1770054865.573212,ADC1,1,servo_2,A,1.644
1770054865.624007,ADC1,0,servo_1,A,0.709
1770054865.674872,ADC1,1,servo_2,A,2.0
1770054865.7287166,ADC1,0,servo_1,A,1.194
1770054865.7880483,ADC1,1,servo_2,A,0.274
1770054865.8398454,ADC1,1,servo_2,A,0.575
1770054865.8904228,ADC2,0,bus_voltage,V,10.295
1770054865.9414253,ADC1,0,servo_1,A,0.675
1770054865.9920254,ADC2,0,bus_voltage,V,10.489
1770054866.0428238,THERM,0,motor_temp,C,37.051
1770054866.093483,THERM,0,motor_temp,C,57.785
1770054866.144126,ADC1,0,servo_1,A,0.355
1770054866.1949046,ADC1,1,servo_2,A,2.192
1770054866.2452526,ADC2,0,bus_voltage,V,12.455
1770054866.2955897,ADC2,0,bus_voltage,V,11.981
1770054866.3463168,ADC1,1,servo_2,A,2.306
1770054866.3968017,THERM,0,motor_temp,C,37.365
1770054866.4471338,ADC2,0,bus_voltage,V,12.569
1770054866.4979424,ADC1,0,servo_1,A,1.396
1770054866.5485168,ADC1,0,servo_1,A,1.604
1770054866.5993736,THERM,0,motor_temp,C,33.354
1770054866.6501615,ADC2,0,bus_voltage,V,10.576
1770054866.700909,THERM,0,motor_temp,C,68.72
1770054866.7512925,ADC1,1,servo_2,A,2.244
1770054866.8016796,ADC2,0,bus_voltage,V,11.379
1770054866.8525925,ADC2,0,bus_voltage,V,11.339
1770054866.903159,ADC1,0,servo_1,A,1.944
1770054866.953798,ADC1,0,servo_1,A,0.761
1770054867.0043979,ADC2,0,bus_voltage,V,11.369
1770054867.0552986,ADC2,0,bus_voltage,V,10.133
1770054867.1075118,ADC2,0,bus_voltage,V,11.278
1770054867.1581976,ADC2,0,bus_voltage,V,10.842
1770054867.2090394,ADC1,1,servo_2,A,1.821
1770054867.260406,ADC2,0,bus_voltage,V,10.954
1770054867.3107688,ADC2,0,bus_voltage,V,11.999
1770054867.361089,ADC2,0,bus_voltage,V,10.597
1770054867.411708,ADC1,1,servo_2,A,0.764
1770054867.462156,ADC2,0,bus_voltage,V,10.117
1770054867.5141842,ADC1,0,servo_1,A,0.207
1770054867.5646038,THERM,0,motor_temp,C,28.74
1770054867.6152556,THERM,0,motor_temp,C,58.675
1770054867.667803,ADC2,0,bus_voltage,V,10.844
1770054867.7200258,ADC2,0,bus_voltage,V,10.471
1770054867.7732177,ADC2,0,bus_voltage,V,11.022
1770054867.8239121,ADC1,0,servo_1,A,0.305
1770054867.87436,ADC1,0,servo_1,A,1.512
1770054867.9250808,THERM,0,motor_temp,C,51.274
1770054867.9755878,ADC1,0,servo_1,A,0.862
1770054868.0299532,ADC1,1,servo_2,A,1.536
1770054868.080983,ADC1,0,servo_1,A,0.679
1770054868.1316004,ADC1,0,servo_1,A,1.909
1770054868.18232,THERM,0,motor_temp,C,65.349
1770054868.2330198,ADC1,0,servo_1,A,0.207
1770054868.2834892,ADC2,0,bus_voltage,V,12.508
1770054868.3337998,ADC2,0,bus_voltage,V,10.016
1770054868.3843172,ADC1,1,servo_2,A,1.393
1770054868.4347222,THERM,0,motor_temp,C,34.875
1770054868.485269,THERM,0,motor_temp,C,62.054
1770054868.5359828,ADC1,1,servo_2,A,0.481
1770054868.58655,ADC1,1,servo_2,A,0.672
1770054868.6378858,ADC1,0,servo_1,A,0.591
1770054868.6883793,ADC1,0,servo_1,A,1.231
1770054868.7390583,THERM,0,motor_temp,C,47.745
1770054868.7910576,ADC2,0,bus_voltage,V,11.349
1770054868.8416526,ADC1,0,servo_1,A,0.361
1770054868.892354,ADC2,0,bus_voltage,V,12.244
1770054868.94296,ADC1,0,servo_1,A,2.499
1770054868.9937022,ADC1,1,servo_2,A,2.039
1770054869.0444963,ADC2,0,bus_voltage,V,12.139
1770054869.0949266,ADC2,0,bus_voltage,V,12.327
1770054869.1454089,ADC1,1,servo_2,A,0.954
1770054869.1959205,ADC2,0,bus_voltage,V,11.606
1770054869.2465682,ADC2,0,bus_voltage,V,11.1
1770054869.2970266,THERM,0,motor_temp,C,60.748
1770054869.347486,ADC1,0,servo_1,A,2.087
1770054869.3978145,ADC1,1,servo_2,A,0.922
1770054869.4482875,ADC2,0,bus_voltage,V,12.424
1770054869.499018,ADC2,0,bus_voltage,V,10.705
1770054869.5497234,ADC1,0,servo_1,A,0.823
1770054869.6004825,THERM,0,motor_temp,C,45.326
1770054869.651052,ADC1,0,servo_1,A,1.471
1770054869.7016227,ADC2,0,bus_voltage,V,11.184
1770054869.7521634,ADC1,1,servo_2,A,2.453
1770054869.8026433,ADC2,0,bus_voltage,V,12.087
1770054869.8544686,ADC1,0,servo_1,A,0.311
1770054869.9054494,ADC1,0,servo_1,A,1.411
1770054869.9561439,THERM,0,motor_temp,C,47.829
1770054870.00692,ADC2,0,bus_voltage,V,10.37
1770054870.0578022,ADC1,0,servo_1,A,1.077
1770054870.1106899,ADC2,0,bus_voltage,V,11.488
1770054870.16124,ADC1,1,servo_2,A,0.532
1770054870.2117639,ADC1,0,servo_1,A,2.045
1770054870.2624059,ADC1,1,servo_2,A,1.107
1770054870.3127992,ADC1,0,servo_1,A,0.624
1770054870.3635085,ADC2,0,bus_voltage,V,11.153
1770054870.4143074,ADC1,0,servo_1,A,1.754
1770054870.4646807,ADC1,1,servo_2,A,0.34
1770054870.5150692,THERM,0,motor_temp,C,64.932
1770054870.565575,ADC1,0,servo_1,A,2.221
1770054870.6160204,ADC1,0,servo_1,A,1.808
1770054870.6667924,ADC1,0,servo_1,A,1.086
1770054870.7172709,ADC2,0,bus_voltage,V,10.643
1770054870.7678044,ADC1,0,servo_1,A,1.561
1770054870.8186326,ADC1,0,servo_1,A,1.222
1770054870.8691227,THERM,0,motor_temp,C,61.365
1770054870.9196556,ADC2,0,bus_voltage,V,12.524
1770054870.970177,THERM,0,motor_temp,C,63.748
1770054871.0216928,THERM,0,motor_temp,C,53.796
1770054871.0759451,ADC1,0,servo_1,A,2.217
1770054871.1292105,THERM,0,motor_temp,C,45.894
1770054871.1830134,ADC2,0,bus_voltage,V,11.588
1770054871.2337472,ADC2,0,bus_voltage,V,10.388
1770054871.2848077,ADC2,0,bus_voltage,V,10.111
1770054871.3354566,THERM,0,motor_temp,C,35.921
1770054871.3860614,ADC2,0,bus_voltage,V,11.607
1770054871.4363914,ADC1,1,servo_2,A,1.01
1770054871.487159,ADC2,0,bus_voltage,V,11.993
1770054871.5380754,THERM,0,motor_temp,C,49.391
1770054871.5885406,ADC2,0,bus_voltage,V,11.061
1770054871.6390843,THERM,0,motor_temp,C,65.652
1770054871.6896727,ADC1,0,servo_1,A,2.085
1770054871.7406769,ADC2,0,bus_voltage,V,11.256
1770054871.7932081,ADC2,0,bus_voltage,V,10.661
1770054871.8441412,ADC2,0,bus_voltage,V,10.912
1770054871.894642,ADC2,0,bus_voltage,V,11.545
1770054871.9500241,THERM,0,motor_temp,C,42.441
1770054872.000804,ADC2,0,bus_voltage,V,12.205
1770054872.0518842,THERM,0,motor_temp,C,34.222
1770054872.102588,ADC1,1,servo_2,A,1.733
1770054872.1529367,THERM,0,motor_temp,C,68.286
1770054872.2061982,ADC2,0,bus_voltage,V,11.85
1770054872.2566848,ADC1,0,servo_1,A,0.439
1770054872.3074455,ADC1,1,servo_2,A,0.677
1770054872.3578207,ADC1,1,servo_2,A,1.683
1770054872.4083762,THERM,0,motor_temp,C,25.001
1770054872.4591193,THERM,0,motor_temp,C,31.847
1770054872.5099542,ADC1,0,servo_1,A,2.45
1770054872.5605927,ADC2,0,bus_voltage,V,12.461
1770054872.611393,ADC1,1,servo_2,A,1.256
1770054872.6618855,THERM,0,motor_temp,C,39.941
1770054872.7125568,THERM,0,motor_temp,C,35.327
1770054872.7632854,ADC2,0,bus_voltage,V,11.487
1770054872.8140075,ADC1,1,servo_2,A,2.397
1770054872.864694,ADC2,0,bus_voltage,V,12.13
1770054872.915346,ADC2,0,bus_voltage,V,12.2
1770054872.9672012,ADC1,1,servo_2,A,2.1
1770054873.017556,ADC1,0,servo_1,A,2.065
1770054873.0680025,ADC1,1,servo_2,A,1.513
1770054873.1185527,THERM,0,motor_temp,C,62.504
1770054873.1693084,ADC1,0,servo_1,A,2.425
1770054873.2199435,ADC1,1,servo_2,A,2.399
1770054873.2704625,ADC1,0,servo_1,A,1.82
1770054873.321081,ADC1,1,servo_2,A,2.479
1770054873.371631,ADC1,0,servo_1,A,1.254
1770054873.4222515,ADC1,0,servo_1,A,2.218
1770054873.4728987,ADC2,0,bus_voltage,V,12.4
1770054873.5235882,ADC1,0,servo_1,A,1.314
1770054873.574057,ADC1,1,servo_2,A,1.685
1770054873.6250253,THERM,0,motor_temp,C,52.419
1770054873.6754222,ADC1,1,servo_2,A,2.367
1770054873.7258673,THERM,0,motor_temp,C,26.632
1770054873.7766132,ADC1,1,servo_2,A,2.471
1770054873.8274171,ADC1,0,servo_1,A,1.014
1770054873.8777897,ADC1,1,servo_2,A,2.327
1770054873.928686,THERM,0,motor_temp,C,60.406
1770054873.9804606,ADC2,0,bus_voltage,V,12.584
1770054874.0309956,THERM,0,motor_temp,C,40.675
1770054874.081905,ADC1,1,servo_2,A,1.73
1770054874.1329958,ADC2,0,bus_voltage,V,11.772
1770054874.1838195,ADC1,0,servo_1,A,1.916
1770054874.2361221,ADC1,0,servo_1,A,1.923
1770054874.2866383,ADC1,0,servo_1,A,1.72
1770054874.3369875,THERM,0,motor_temp,C,52.716
1770054874.387415,THERM,0,motor_temp,C,60.806
1770054874.437968,ADC1,1,servo_2,A,1.846
1770054874.4885798,ADC1,0,servo_1,A,1.333
1770054874.5390038,ADC1,0,servo_1,A,1.119
1770054874.589779,ADC1,0,servo_1,A,1.606
1770054874.6405404,THERM,0,motor_temp,C,50.165
1770054874.6913276,ADC2,0,bus_voltage,V,12.2
1770054874.7419393,THERM,0,motor_temp,C,60.203
1770054874.7927465,ADC1,0,servo_1,A,1.439
1770054874.8434296,THERM,0,motor_temp,C,61.792
1770054874.8940947,ADC1,1,servo_2,A,1.699
1770054874.9445965,ADC1,0,servo_1,A,0.927
1770054874.9953456,ADC1,0,servo_1,A,1.275
1770054875.0458298,THERM,0,motor_temp,C,30.573
1770054875.096669,ADC1,0,servo_1,A,2.185
1770054875.1483626,ADC2,0,bus_voltage,V,12.596
1770054875.1995342,THERM,0,motor_temp,C,41.027
1770054875.2504323,ADC2,0,bus_voltage,V,12.075
1770054875.301097,ADC1,0,servo_1,A,0.666
1770054875.3514898,ADC1,1,servo_2,A,1.856
1770054875.4022326,ADC2,0,bus_voltage,V,10.453
1770054875.4526677,ADC1,0,servo_1,A,0.62
1770054875.5031283,ADC1,0,servo_1,A,1.142
1770054875.553792,ADC2,0,bus_voltage,V,12.37
1770054875.6042879,ADC1,0,servo_1,A,1.67
1770054875.654777,ADC1,0,servo_1,A,1.537
1770054875.7054207,ADC2,0,bus_voltage,V,10.885
1770054875.7561102,ADC1,1,servo_2,A,2.08
1770054875.807972,ADC1,1,servo_2,A,2.328
1770054875.8745987,ADC2,0,bus_voltage,V,10.951
1770054875.9254985,ADC1,0,servo_1,A,2.247
1770054875.9761093,ADC1,0,servo_1,A,2.011
1770054876.0274026,ADC2,0,bus_voltage,V,11.142
1770054876.0779984,ADC1,0,servo_1,A,1.243
1770054876.1285167,ADC2,0,bus_voltage,V,10.01
1770054876.180086,ADC1,1,servo_2,A,0.804
1770054876.2332144,ADC1,0,servo_1,A,0.524
1770054876.2860603,THERM,0,motor_temp,C,40.422
1770054876.3376856,ADC1,1,servo_2,A,0.424
1770054876.3888326,THERM,0,motor_temp,C,41.619
1770054876.4396946,ADC2,0,bus_voltage,V,11.908
1770054876.4900086,ADC1,1,servo_2,A,0.978
1770054876.5407932,ADC1,1,servo_2,A,2.145
1770054876.5913033,ADC2,0,bus_voltage,V,10.64
1770054876.641829,ADC2,0,bus_voltage,V,12.34
1770054876.6922917,THERM,0,motor_temp,C,66.397
1770054876.7429962,ADC2,0,bus_voltage,V,12.514
1770054876.7953436,THERM,0,motor_temp,C,53.652
1770054876.8457825,ADC2,0,bus_voltage,V,12.436
1770054876.8963103,ADC1,1,servo_2,A,2.328
1770054876.9468732,ADC2,0,bus_voltage,V,11.918
1770054876.9978,ADC1,1,servo_2,A,1.704
1770054877.0485013,ADC1,0,servo_1,A,1.996
1770054877.0995517,THERM,0,motor_temp,C,25.344
1770054877.1523612,ADC2,0,bus_voltage,V,10.948
1770054877.2041373,ADC1,0,servo_1,A,1.297
1770054877.2548556,ADC1,1,servo_2,A,2.496
1770054877.3057358,ADC1,0,servo_1,A,1.459
1770054877.356693,ADC2,0,bus_voltage,V,12.377
1770054877.4081671,ADC1,0,servo_1,A,1.9
1770054877.4585192,THERM,0,motor_temp,C,25.214
1770054877.5088673,ADC1,0,servo_1,A,0.389
1770054877.559521,ADC1,1,servo_2,A,1.773
1770054877.610185,ADC1,1,servo_2,A,1.244
1770054877.660822,ADC2,0,bus_voltage,V,11.88
1770054877.7113433,ADC1,0,servo_1,A,1.188
1770054877.76182,ADC1,0,servo_1,A,0.233
1770054877.8124352,ADC1,1,servo_2,A,1.477
1770054877.863228,ADC1,0,servo_1,A,2.203
1770054877.9144015,ADC2,0,bus_voltage,V,11.425
1770054877.9658513,ADC1,1,servo_2,A,0.789
1770054878.0168004,ADC1,0,servo_1,A,2.061
1770054878.0677516,ADC1,0,servo_1,A,1.835
1770054878.1185157,THERM,0,motor_temp,C,62.814
1770054878.1692007,ADC1,1,servo_2,A,1.364
1770054878.2196536,ADC2,0,bus_voltage,V,11.117
1770054878.2703884,ADC1,1,servo_2,A,1.964
1770054878.320892,ADC1,1,servo_2,A,2.024
1770054878.3715765,ADC2,0,bus_voltage,V,12.478
1770054878.4224153,ADC1,1,servo_2,A,1.85
1770054878.4729395,ADC2,0,bus_voltage,V,10.263
1770054878.5246327,ADC1,0,servo_1,A,0.576
1770054878.5756342,ADC1,0,servo_1,A,1.927
1770054878.6262772,ADC1,1,servo_2,A,1.788
1770054878.6768517,ADC2,0,bus_voltage,V,11.965
1770054878.7274897,THERM,0,motor_temp,C,32.862
1770054878.7782454,ADC1,0,servo_1,A,0.771
1770054878.8289778,THERM,0,motor_temp,C,50.859
1770054878.87943,ADC1,1,servo_2,A,1.654
1770054878.929789,THERM,0,motor_temp,C,63.79
1770054878.9804192,ADC1,1,servo_2,A,0.424
1770054879.0337822,THERM,0,motor_temp,C,57.446
1770054879.0843856,THERM,0,motor_temp,C,67.226
1770054879.1352456,THERM,0,motor_temp,C,46.021
1770054879.1861153,ADC1,1,servo_2,A,2.111
1770054879.2368212,ADC1,1,servo_2,A,1.716
1770054879.2876742,THERM,0,motor_temp,C,27.307
1770054879.3384824,ADC1,0,servo_1,A,0.555
1770054879.3893995,THERM,0,motor_temp,C,69.252
1770054879.4406497,ADC1,0,servo_1,A,1.077
1770054879.4914927,ADC1,0,servo_1,A,1.389
1770054879.5424585,ADC2,0,bus_voltage,V,10.079
1770054879.593259,ADC1,0,servo_1,A,2.348
1770054879.6442149,THERM,0,motor_temp,C,39.219
1770054879.6945517,ADC1,1,servo_2,A,1.138
1770054879.7452338,ADC1,1,servo_2,A,1.681
1770054879.795864,ADC1,1,servo_2,A,1.292
1770054879.8465507,ADC2,0,bus_voltage,V,11.31
1770054879.89749,ADC1,0,servo_1,A,1.194
1770054879.948132,ADC1,0,servo_1,A,0.553
1770054879.9986866,THERM,0,motor_temp,C,38.839
1770054880.0497174,THERM,0,motor_temp,C,25.642
1770054880.1023316,THERM,0,motor_temp,C,55.627
1770054880.1531289,ADC1,0,servo_1,A,1.175
1770054880.2055135,THERM,0,motor_temp,C,39.049
1770054880.2560394,ADC1,0,servo_1,A,0.604
1770054880.3067787,THERM,0,motor_temp,C,25.86
1770054880.3576422,ADC2,0,bus_voltage,V,10.149
1770054880.4081798,ADC1,1,servo_2,A,2.194
1770054880.4589477,ADC1,1,servo_2,A,2.157
1770054880.5094154,ADC2,0,bus_voltage,V,10.906
1770054880.5601716,ADC1,1,servo_2,A,0.81
1770054880.6104994,ADC1,0,servo_1,A,1.512
1770054880.6612408,ADC1,1,servo_2,A,0.636
1770054880.7117183,ADC1,1,servo_2,A,1.943
1770054880.762167,ADC1,0,servo_1,A,0.283
1770054880.8129263,ADC2,0,bus_voltage,V,10.764
1770054880.863425,THERM,0,motor_temp,C,31.127
1770054880.9137561,ADC1,0,servo_1,A,0.912
1770054880.9642816,ADC1,1,servo_2,A,2.312
1770054881.0147114,THERM,0,motor_temp,C,33.53
1770054881.0652602,THERM,0,motor_temp,C,39.149
1770054881.1155887,ADC1,0,servo_1,A,1.931
1770054881.1662285,THERM,0,motor_temp,C,69.645
1770054881.2170246,ADC2,0,bus_voltage,V,12.185
1770054881.2674632,ADC1,0,servo_1,A,1.83
1770054881.3197963,ADC1,0,servo_1,A,0.296
1770054881.37077,ADC2,0,bus_voltage,V,10.105
1770054881.421696,THERM,0,motor_temp,C,37.086
1770054881.4723914,ADC2,0,bus_voltage,V,12.549
1770054881.5228636,ADC1,1,servo_2,A,0.792
1770054881.5736136,ADC1,1,servo_2,A,0.63
1770054881.624507,ADC1,0,servo_1,A,1.414
1770054881.6747963,THERM,0,motor_temp,C,30.899
1770054881.7255616,ADC2,0,bus_voltage,V,10.713
1770054881.7762337,ADC1,0,servo_1,A,2.051
1770054881.8268096,ADC2,0,bus_voltage,V,10.475
1770054881.8775208,ADC2,0,bus_voltage,V,11.272
1770054881.927842,ADC1,1,servo_2,A,1.678
1770054881.9787698,ADC1,1,servo_2,A,0.615
1770054882.0295296,ADC1,0,servo_1,A,1.51
1770054882.0799577,ADC1,0,servo_1,A,2.092
1770054882.1305857,ADC1,1,servo_2,A,0.603
1770054882.181141,THERM,0,motor_temp,C,38.169
1770054882.2316177,ADC2,0,bus_voltage,V,10.921
1770054882.2822797,ADC1,0,servo_1,A,0.911
1770054882.3330843,ADC1,0,servo_1,A,1.651
1770054882.3853335,ADC1,1,servo_2,A,0.827
1770054882.4409118,ADC1,1,servo_2,A,0.465
1770054882.4913259,ADC2,0,bus_voltage,V,10.171
1770054882.5421069,ADC1,1,servo_2,A,2.002
1770054882.5925689,ADC1,0,servo_1,A,1.267
1770054882.6430213,ADC1,1,servo_2,A,0.468
1770054882.6935647,ADC2,0,bus_voltage,V,10.535
1770054882.7444112,ADC1,1,servo_2,A,2.153
1770054882.7949228,THERM,0,motor_temp,C,44.457
1770054882.8455994,THERM,0,motor_temp,C,47.942
1770054882.8961513,ADC1,1,servo_2,A,0.976
1770054882.946819,THERM,0,motor_temp,C,49.575
1770054882.9971871,ADC2,0,bus_voltage,V,10.714
1770054883.047734,ADC2,0,bus_voltage,V,11.175
1770054883.0981872,ADC2,0,bus_voltage,V,10.173
1770054883.1486049,ADC1,1,servo_2,A,2.416
1770054883.1992447,THERM,0,motor_temp,C,49.503
1770054883.2499654,ADC1,0,servo_1,A,1.515
1770054883.3004084,THERM,0,motor_temp,C,52.599
1770054883.3509057,THERM,0,motor_temp,C,30.323
1770054883.4017866,ADC2,0,bus_voltage,V,11.859
1770054883.452427,ADC1,1,servo_2,A,1.665
1770054883.503091,ADC2,0,bus_voltage,V,12.305
1770054883.5540512,ADC2,0,bus_voltage,V,12.517
1770054883.6048472,ADC1,0,servo_1,A,2.008
1770054883.655612,ADC2,0,bus_voltage,V,12.417
1770054883.706403,ADC1,1,servo_2,A,0.705
1770054883.7572892,ADC2,0,bus_voltage,V,12.414
1770054883.8078341,ADC2,0,bus_voltage,V,12.121
1770054883.8583038,ADC1,0,servo_1,A,1.186
1770054883.9086008,ADC2,0,bus_voltage,V,11.269
1770054883.959137,ADC1,0,servo_1,A,0.372
1770054884.0099337,THERM,0,motor_temp,C,39.632
1770054884.0606406,ADC1,1,servo_2,A,1.513
1770054884.1113675,ADC1,1,servo_2,A,1.757
1770054884.1621003,THERM,0,motor_temp,C,62.192
1770054884.2128668,ADC2,0,bus_voltage,V,11.249
1770054884.2645085,THERM,0,motor_temp,C,42.54
1770054884.3156912,ADC1,0,servo_1,A,1.457
1770054884.3665292,ADC1,1,servo_2,A,2.034
1770054884.4188366,THERM,0,motor_temp,C,29.15
1770054884.4698308,ADC1,0,servo_1,A,2.366
1770054884.520638,ADC2,0,bus_voltage,V,11.061
1770054884.5732496,ADC1,0,servo_1,A,1.588
1770054884.6248364,ADC1,0,servo_1,A,0.84
1770054884.67832,ADC1,1,servo_2,A,0.542
1770054884.7290752,ADC1,0,servo_1,A,2.484
1770054884.7798986,THERM,0,motor_temp,C,67.582
1770054884.8308387,ADC1,1,servo_2,A,1.014
1770054884.8812149,THERM,0,motor_temp,C,54.378
1770054884.9316745,THERM,0,motor_temp,C,29.144
1770054884.9824662,THERM,0,motor_temp,C,62.97
1770054885.0334237,ADC2,0,bus_voltage,V,10.206
1770054885.084169,THERM,0,motor_temp,C,39.803
1770054885.134826,ADC1,0,servo_1,A,2.34
1770054885.1852489,THERM,0,motor_temp,C,67.413
1770054885.2359555,ADC1,1,servo_2,A,1.748
1770054885.286649,ADC1,1,servo_2,A,1.696
1770054885.3372576,ADC1,0,servo_1,A,1.816
1770054885.387946,ADC1,1,servo_2,A,1.911
1770054885.4388247,ADC1,1,servo_2,A,1.886
1770054885.4894881,ADC2,0,bus_voltage,V,11.094
1770054885.5401342,ADC2,0,bus_voltage,V,12.563
1770054885.5908933,THERM,0,motor_temp,C,40.279
1770054885.641702,ADC2,0,bus_voltage,V,11.71
1770054885.6932194,THERM,0,motor_temp,C,45.424
1770054885.7439554,ADC2,0,bus_voltage,V,11.617
1770054885.7944133,ADC2,0,bus_voltage,V,11.532
1770054885.844767,ADC2,0,bus_voltage,V,12.105
1770054885.895286,ADC2,0,bus_voltage,V,10.083
1770054885.945857,THERM,0,motor_temp,C,31.687
1770054885.9965277,THERM,0,motor_temp,C,66.267
1770054886.046892,ADC2,0,bus_voltage,V,12.044
1770054886.0973146,THERM,0,motor_temp,C,42.771
1770054886.147707,ADC2,0,bus_voltage,V,10.7
1770054886.1985621,THERM,0,motor_temp,C,62.055
1770054886.2491963,ADC2,0,bus_voltage,V,10.616
1770054886.3001623,ADC2,0,bus_voltage,V,10.254
1770054886.3515742,ADC2,0,bus_voltage,V,11.289
1770054886.4047334,ADC2,0,bus_voltage,V,11.432
1770054886.4559317,ADC2,0,bus_voltage,V,11.249
1770054886.5070589,ADC2,0,bus_voltage,V,10.699
1770054886.557746,ADC2,0,bus_voltage,V,11.765
1770054886.6083531,ADC1,0,servo_1,A,2.326
1770054886.6612852,ADC1,1,servo_2,A,1.062
1770054886.7187552,ADC1,1,servo_2,A,0.709
1770054886.769912,ADC1,1,servo_2,A,0.82
1770054886.8203595,THERM,0,motor_temp,C,28.007
1770054886.871205,ADC2,0,bus_voltage,V,10.076
1770054886.9216542,ADC2,0,bus_voltage,V,12.262
1770054886.9721696,ADC1,1,servo_2,A,1.224
1770054887.0228405,ADC1,1,servo_2,A,2.465
1770054887.0731764,ADC1,0,servo_1,A,1.667
1770054887.1236656,ADC1,0,servo_1,A,0.579
1770054887.1740777,ADC1,0,servo_1,A,2.406
1770054887.2247534,ADC2,0,bus_voltage,V,10.865
1770054887.2752187,ADC1,0,servo_1,A,0.454
1770054887.3270605,THERM,0,motor_temp,C,45.704
1770054887.3783123,ADC1,0,servo_1,A,1.269
1770054887.42886,THERM,0,motor_temp,C,64.229
1770054887.4796755,THERM,0,motor_temp,C,57.244
1770054887.5303752,ADC2,0,bus_voltage,V,12.308
1770054887.5821412,ADC1,1,servo_2,A,1.397
1770054887.633149,THERM,0,motor_temp,C,52.682
1770054887.6839194,ADC1,0,servo_1,A,1.323
1770054887.734638,ADC2,0,bus_voltage,V,12.212
1770054887.7854376,ADC1,0,servo_1,A,1.915
1770054887.8380175,ADC1,1,servo_2,A,2.175
1770054887.8892727,ADC2,0,bus_voltage,V,10.804
1770054887.9397013,ADC2,0,bus_voltage,V,11.457
1770054887.9905517,ADC1,0,servo_1,A,1.314
1770054888.0409284,THERM,0,motor_temp,C,50.181
1770054888.0912685,THERM,0,motor_temp,C,34.656
1770054888.1416285,THERM,0,motor_temp,C,30.535
1770054888.1923091,THERM,0,motor_temp,C,58.003
1770054888.242703,ADC1,1,servo_2,A,0.2
1770054888.293137,ADC1,1,servo_2,A,2.474
1770054888.3437998,ADC1,0,servo_1,A,0.543
1770054888.3943574,ADC1,1,servo_2,A,2.096
1770054888.447647,ADC1,1,servo_2,A,2.072
1770054888.4987524,THERM,0,motor_temp,C,63.128
1770054888.5576859,ADC1,0,servo_1,A,1.926
1770054888.6082344,THERM,0,motor_temp,C,57.441
1770054888.6590357,ADC2,0,bus_voltage,V,12.02
1770054888.7125754,THERM,0,motor_temp,C,45.146
1770054888.7643685,THERM,0,motor_temp,C,52.745
1770054888.814816,ADC2,0,bus_voltage,V,11.719
1770054888.8687816,ADC1,1,servo_2,A,1.585
1770054888.9191883,ADC1,1,servo_2,A,1.479
1770054888.9697256,THERM,0,motor_temp,C,38.005
1770054889.0202637,ADC1,1,servo_2,A,2.219
1770054889.0708506,THERM,0,motor_temp,C,47.442
1770054889.1211991,ADC2,0,bus_voltage,V,10.65
1770054889.1718543,ADC1,1,servo_2,A,0.417
1770054889.2224483,THERM,0,motor_temp,C,30.186
1770054889.2729504,ADC1,1,servo_2,A,2.479
1770054889.3234017,ADC1,1,servo_2,A,1.64
1770054889.3742173,THERM,0,motor_temp,C,57.004
1770054889.4277124,ADC1,1,servo_2,A,2.329
1770054889.4789526,THERM,0,motor_temp,C,62.895
1770054889.5303452,THERM,0,motor_temp,C,30.79
1770054889.5809605,ADC2,0,bus_voltage,V,11.358
1770054889.63152,ADC1,0,servo_1,A,0.256
1770054889.682119,ADC2,0,bus_voltage,V,10.924
1770054889.732505,ADC1,0,servo_1,A,0.205
1770054889.783895,ADC2,0,bus_voltage,V,11.49
1770054889.8351178,THERM,0,motor_temp,C,35.326
1770054889.885866,ADC1,1,servo_2,A,1.935
1770054889.9363246,ADC1,1,servo_2,A,1.727
1770054889.9867816,THERM,0,motor_temp,C,33.547
1770054890.0373561,ADC1,1,servo_2,A,2.436
1770054890.0881162,THERM,0,motor_temp,C,31.62
1770054890.1388528,ADC1,1,servo_2,A,0.825
1770054890.189412,ADC1,0,servo_1,A,1.83
1770054890.2398467,ADC1,0,servo_1,A,0.469
1770054890.2906177,ADC2,0,bus_voltage,V,10.215
1770054890.3411374,ADC1,1,servo_2,A,0.58
1770054890.3915715,ADC1,1,servo_2,A,2.361
1770054890.4445686,ADC2,0,bus_voltage,V,11.992
1770054890.495149,ADC1,0,servo_1,A,1.992
1770054890.5462792,ADC1,1,servo_2,A,0.454
1770054890.5970602,THERM,0,motor_temp,C,45.72
1770054890.648387,ADC2,0,bus_voltage,V,11.03
1770054890.6990836,ADC1,1,servo_2,A,1.926
1770054890.749461,THERM,0,motor_temp,C,53.098
1770054890.8009815,ADC1,0,servo_1,A,2.209
1770054890.851755,ADC2,0,bus_voltage,V,10.384
1770054890.9026406,THERM,0,motor_temp,C,63.111
1770054890.9531264,ADC1,0,servo_1,A,0.614
1770054891.003953,ADC1,0,servo_1,A,1.66
1770054891.054287,ADC1,1,servo_2,A,1.38
1770054891.1046293,ADC1,1,servo_2,A,0.463
1770054891.1549962,THERM,0,motor_temp,C,30.46
1770054891.2056828,ADC1,0,servo_1,A,0.986
1770054891.2560587,ADC2,0,bus_voltage,V,11.759
1770054891.3067882,THERM,0,motor_temp,C,25.526
1770054891.3572574,ADC2,0,bus_voltage,V,12.125
1770054891.4078035,ADC1,1,servo_2,A,1.322
1770054891.4586911,ADC1,0,servo_1,A,2.49
1770054891.5095646,ADC1,1,servo_2,A,1.893
1770054891.5606797,ADC2,0,bus_voltage,V,11.856
1770054891.6111946,ADC1,1,servo_2,A,0.302
1770054891.6616676,ADC2,0,bus_voltage,V,10.705
1770054891.716439,ADC2,0,bus_voltage,V,12.056
1770054891.7676952,ADC2,0,bus_voltage,V,10.879
1770054891.818375,ADC2,0,bus_voltage,V,10.894
1770054891.8695862,ADC1,0,servo_1,A,2.458
1770054891.920275,THERM,0,motor_temp,C,65.675
1770054891.9713883,ADC1,1,servo_2,A,1.357
1770054892.0217698,ADC2,0,bus_voltage,V,10.342
1770054892.078776,ADC1,1,servo_2,A,0.414
1770054892.1302226,THERM,0,motor_temp,C,30.259
1770054892.1805532,ADC1,0,servo_1,A,2.341
1770054892.2308254,ADC1,0,servo_1,A,1.389
1770054892.2817874,ADC1,1,servo_2,A,1.295
1770054892.3323443,ADC1,0,servo_1,A,0.472
1770054892.3830016,ADC1,0,servo_1,A,1.077
1770054892.4333522,ADC1,0,servo_1,A,1.092
1770054892.4840503,ADC1,0,servo_1,A,0.677
1770054892.5344875,ADC2,0,bus_voltage,V,10.227
1770054892.5848722,THERM,0,motor_temp,C,26.588
1770054892.6354935,ADC1,0,servo_1,A,2.348
1770054892.6860275,ADC1,0,servo_1,A,2.349
1770054892.7391624,ADC2,0,bus_voltage,V,10.321
1770054892.795994,ADC2,0,bus_voltage,V,11.412
1770054892.8471146,THERM,0,motor_temp,C,69.775
1770054892.8990073,THERM,0,motor_temp,C,33.374
1770054892.9504523,ADC1,1,servo_2,A,1.359
1770054893.0008333,THERM,0,motor_temp,C,59.62
1770054893.051373,ADC2,0,bus_voltage,V,10.759
1770054893.1022406,THERM,0,motor_temp,C,62.004
1770054893.1527886,THERM,0,motor_temp,C,62.576
1770054893.2035923,ADC1,0,servo_1,A,1.68
1770054893.2542114,THERM,0,motor_temp,C,40.294
1770054893.306101,ADC1,0,servo_1,A,1.1
1770054893.356601,ADC1,0,servo_1,A,1.294
1770054893.407101,ADC1,1,servo_2,A,1.652
1770054893.458966,THERM,0,motor_temp,C,28.342
1770054893.5102806,ADC1,0,servo_1,A,0.442
1770054893.561378,THERM,0,motor_temp,C,28.132
1770054893.6134992,THERM,0,motor_temp,C,38.744
1770054893.6642156,ADC1,1,servo_2,A,1.706
1770054893.7149434,THERM,0,motor_temp,C,58.992
1770054893.7654283,ADC1,0,servo_1,A,0.25
1770054893.8161411,ADC1,1,servo_2,A,0.543
1770054893.8668342,THERM,0,motor_temp,C,59.585
1770054893.91733,ADC1,1,servo_2,A,2.476
1770054893.9679458,THERM,0,motor_temp,C,44.397
1770054894.018618,ADC1,1,servo_2,A,2.29
1770054894.0705702,ADC1,0,servo_1,A,1.894
1770054894.1229982,ADC2,0,bus_voltage,V,11.875
1770054894.1754537,ADC1,0,servo_1,A,1.732
1770054894.2267935,ADC2,0,bus_voltage,V,11.675
1770054894.2777119,ADC1,0,servo_1,A,2.08
1770054894.3292444,THERM,0,motor_temp,C,60.753
1770054894.380404,ADC1,1,servo_2,A,1.975
1770054894.4310353,ADC1,0,servo_1,A,1.396
1770054894.4816046,ADC1,1,servo_2,A,0.264
1770054894.5324721,THERM,0,motor_temp,C,59.441
1770054894.5834403,ADC1,0,servo_1,A,1.211
1770054894.634024,ADC1,1,servo_2,A,1.019
1770054894.685633,ADC1,0,servo_1,A,0.925
1770054894.7361057,THERM,0,motor_temp,C,67.464
1770054894.7869344,ADC1,1,servo_2,A,0.754
1770054894.8396327,ADC1,1,servo_2,A,0.251
1770054894.890171,ADC1,1,servo_2,A,2.425
1770054894.9418683,THERM,0,motor_temp,C,27.888
1770054894.9940953,ADC2,0,bus_voltage,V,10.683
1770054895.047005,ADC1,0,servo_1,A,0.92
1770054895.0980263,ADC1,0,servo_1,A,1.785
1770054895.1486514,ADC2,0,bus_voltage,V,10.303
1770054895.1997538,THERM,0,motor_temp,C,48.053
1770054895.2503312,THERM,0,motor_temp,C,47.926
1770054895.3008022,ADC1,1,servo_2,A,0.213
1770054895.35147,THERM,0,motor_temp,C,68.48
1770054895.401881,ADC2,0,bus_voltage,V,10.211
1770054895.4524927,ADC2,0,bus_voltage,V,11.202
1770054895.5031197,THERM,0,motor_temp,C,67.771
1770054895.553886,ADC2,0,bus_voltage,V,11.514
1770054895.6044385,THERM,0,motor_temp,C,57.047
1770054895.654891,THERM,0,motor_temp,C,46.685
1770054895.7054474,ADC2,0,bus_voltage,V,10.318
1770054895.755961,THERM,0,motor_temp,C,56.428
1770054895.806724,ADC1,0,servo_1,A,2.164
1770054895.8574371,ADC2,0,bus_voltage,V,11.253
1770054895.908029,ADC2,0,bus_voltage,V,10.821
1770054895.9588065,THERM,0,motor_temp,C,59.269
1770054896.0097392,ADC2,0,bus_voltage,V,10.296
1770054896.060437,THERM,0,motor_temp,C,37.523
1770054896.1110337,ADC1,0,servo_1,A,1.021
1770054896.161709,ADC1,1,servo_2,A,2.124
1770054896.2133358,ADC1,0,servo_1,A,2.059
1770054896.2638466,THERM,0,motor_temp,C,50.669
1770054896.314744,ADC1,1,servo_2,A,1.469
1770054896.3651457,ADC1,1,servo_2,A,2.244
1770054896.4158378,ADC1,1,servo_2,A,0.741
1770054896.4665911,THERM,0,motor_temp,C,68.464
1770054896.5172331,ADC1,0,servo_1,A,1.593
1770054896.567813,THERM,0,motor_temp,C,68.585
1770054896.6187713,ADC1,0,servo_1,A,0.925
1770054896.66946,ADC1,0,servo_1,A,0.22
1770054896.7200296,THERM,0,motor_temp,C,57.263
1770054896.7703888,ADC2,0,bus_voltage,V,10.237
1770054896.82123,ADC1,1,servo_2,A,2.429
1770054896.8731954,ADC1,0,servo_1,A,1.315
1770054896.9251707,THERM,0,motor_temp,C,57.844
1770054896.9755738,ADC1,0,servo_1,A,0.368
1770054897.0261662,ADC1,1,servo_2,A,1.213
1770054897.0778525,ADC1,0,servo_1,A,1.689
1770054897.1308339,ADC1,0,servo_1,A,1.015
1770054897.1823654,ADC1,1,servo_2,A,0.9
1770054897.2327337,ADC1,0,servo_1,A,1.726
1770054897.2834685,ADC2,0,bus_voltage,V,11.168
1770054897.334122,ADC2,0,bus_voltage,V,10.294
1770054897.3844347,THERM,0,motor_temp,C,25.515
1770054897.434883,ADC1,0,servo_1,A,2.485
1770054897.4866164,ADC2,0,bus_voltage,V,11.632
1770054897.536954,ADC1,0,servo_1,A,1.239
1770054897.5875564,ADC1,0,servo_1,A,2.305
1770054897.6383574,ADC1,1,servo_2,A,1.434
1770054897.6890054,ADC1,0,servo_1,A,1.501
1770054897.7395604,ADC1,1,servo_2,A,1.878
1770054897.790457,ADC2,0,bus_voltage,V,12.569
1770054897.8413131,ADC1,0,servo_1,A,1.862
1770054897.8917966,THERM,0,motor_temp,C,30.57
1770054897.9424713,ADC1,0,servo_1,A,1.732
1770054897.9928622,ADC2,0,bus_voltage,V,11.773
1770054898.0433567,THERM,0,motor_temp,C,61.535
1770054898.0989327,ADC2,0,bus_voltage,V,12.071
1770054898.1504738,ADC1,1,servo_2,A,1.136
1770054898.201172,ADC1,0,servo_1,A,2.207
1770054898.2515988,ADC1,0,servo_1,A,0.718
1770054898.302335,ADC1,0,servo_1,A,1.311
1770054898.3529851,THERM,0,motor_temp,C,55.201
1770054898.4037867,ADC2,0,bus_voltage,V,12.213
1770054898.4546227,ADC2,0,bus_voltage,V,12.013
1770054898.504989,THERM,0,motor_temp,C,25.457
1770054898.5556662,THERM,0,motor_temp,C,25.874
1770054898.6060145,ADC1,1,servo_2,A,1.429
1770054898.6586828,ADC2,0,bus_voltage,V,11.45
1770054898.709262,ADC1,0,servo_1,A,0.896
1770054898.76369,THERM,0,motor_temp,C,52.779
1770054898.8171988,ADC2,0,bus_voltage,V,11.928
1770054898.8705668,ADC1,0,servo_1,A,2.204
1770054898.9215593,ADC1,0,servo_1,A,1.135
1770054898.972726,ADC1,1,servo_2,A,0.369
1770054899.0241435,ADC1,1,servo_2,A,2.217
1770054899.0748613,THERM,0,motor_temp,C,50.3
1770054899.125557,ADC1,1,servo_2,A,0.846
1770054899.1764438,ADC1,1,servo_2,A,0.397
1770054899.2279778,ADC1,1,servo_2,A,0.837
1770054899.2810562,ADC2,0,bus_voltage,V,11.826
1770054899.33209,ADC1,0,servo_1,A,0.82
1770054899.3829563,ADC2,0,bus_voltage,V,10.091
1770054899.4333289,THERM,0,motor_temp,C,41.954
1770054899.4840724,ADC2,0,bus_voltage,V,11.741
1770054899.5347445,THERM,0,motor_temp,C,32.584
1770054899.5852551,ADC1,0,servo_1,A,0.476
1770054899.6357353,ADC1,0,servo_1,A,1.991
1770054899.686318,ADC2,0,bus_voltage,V,12.19
1770054899.7370608,THERM,0,motor_temp,C,39.193
1770054899.7878392,ADC1,0,servo_1,A,1.233
1770054899.838477,ADC2,0,bus_voltage,V,12.124
1770054899.8891146,THERM,0,motor_temp,C,48.488
1770054899.9398327,THERM,0,motor_temp,C,36.394
1770054899.9902647,THERM,0,motor_temp,C,67.488
1770054900.040669,ADC1,0,servo_1,A,1.321
1770054900.0917766,THERM,0,motor_temp,C,65.77
1770054900.1424842,THERM,0,motor_temp,C,52.722
1770054900.1934154,THERM,0,motor_temp,C,40.88
1770054900.244101,ADC1,1,servo_2,A,0.969
1770054900.294719,ADC1,0,servo_1,A,1.685
1770054900.3454082,ADC1,1,servo_2,A,1.0
1770054900.3958228,ADC1,0,servo_1,A,2.322
1770054900.4467516,THERM,0,motor_temp,C,42.968
1770054900.497362,ADC2,0,bus_voltage,V,10.337
1770054900.547889,ADC1,1,servo_2,A,0.511
1770054900.5984812,THERM,0,motor_temp,C,65.836
1770054900.648952,THERM,0,motor_temp,C,30.658
1770054900.6992323,THERM,0,motor_temp,C,51.461
1770054900.7496698,ADC1,0,servo_1,A,2.051
1770054900.8005168,THERM,0,motor_temp,C,33.056
1770054900.8513057,ADC2,0,bus_voltage,V,10.509
1770054900.9018533,THERM,0,motor_temp,C,45.721
1770054900.9522147,ADC2,0,bus_voltage,V,11.7
1770054901.0032833,THERM,0,motor_temp,C,31.392
1770054901.0539403,ADC1,1,servo_2,A,1.894
1770054901.1046264,ADC1,0,servo_1,A,1.357
1770054901.155538,ADC1,1,servo_2,A,1.343
1770054901.2062554,ADC1,0,servo_1,A,1.452
1770054901.257146,THERM,0,motor_temp,C,26.817
1770054901.3076508,ADC2,0,bus_voltage,V,11.55
1770054901.3583126,ADC1,1,servo_2,A,0.427
1770054901.4093478,ADC2,0,bus_voltage,V,12.006
1770054901.4599924,ADC1,1,servo_2,A,1.769
1770054901.5112038,ADC1,1,servo_2,A,1.661
1770054901.5619361,ADC2,0,bus_voltage,V,10.278
1770054901.6127908,ADC1,1,servo_2,A,1.253
1770054901.6634128,THERM,0,motor_temp,C,65.364
1770054901.7139747,ADC1,0,servo_1,A,0.58
1770054901.7645512,ADC2,0,bus_voltage,V,10.617
1770054901.8152063,ADC2,0,bus_voltage,V,10.359
1770054901.866067,ADC2,0,bus_voltage,V,10.769
1770054901.9166877,ADC1,1,servo_2,A,1.194
1770054901.967334,ADC2,0,bus_voltage,V,10.494
1770054902.0179765,ADC1,0,servo_1,A,2.241
1770054902.068842,ADC1,0,servo_1,A,0.561
1770054902.1195881,THERM,0,motor_temp,C,47.066
1770054902.1703722,ADC1,1,servo_2,A,1.562
1770054902.2209475,ADC1,1,servo_2,A,1.668
1770054902.2714064,THERM,0,motor_temp,C,66.033
1770054902.3221002,ADC1,0,servo_1,A,0.313
1770054902.3727677,ADC2,0,bus_voltage,V,10.318
1770054902.4233675,THERM,0,motor_temp,C,66.168
1770054902.4741101,ADC2,0,bus_voltage,V,11.626
1770054902.524689,ADC2,0,bus_voltage,V,11.395
1770054902.5754044,ADC2,0,bus_voltage,V,10.662
1770054902.626067,ADC1,0,servo_1,A,2.483
1770054902.6764307,ADC1,1,servo_2,A,0.963
1770054902.7268176,ADC1,0,servo_1,A,0.794
1770054902.777359,THERM,0,motor_temp,C,30.506
1770054902.8281753,THERM,0,motor_temp,C,63.766
1770054902.8786802,ADC1,0,servo_1,A,0.53
1770054902.9295278,ADC2,0,bus_voltage,V,12.435
1770054902.9799347,ADC2,0,bus_voltage,V,11.962
1770054903.0305536,ADC1,0,servo_1,A,0.528
1770054903.0814602,ADC2,0,bus_voltage,V,12.532
1770054903.1321843,ADC2,0,bus_voltage,V,11.176
1770054903.182819,ADC2,0,bus_voltage,V,10.016
1770054903.2336717,ADC2,0,bus_voltage,V,10.295
1770054903.284967,ADC1,1,servo_2,A,1.316
1770054903.3357992,ADC1,1,servo_2,A,1.761
1770054903.3864493,ADC1,1,servo_2,A,2.497
1770054903.437756,ADC1,1,servo_2,A,1.291
1770054903.4889367,ADC2,0,bus_voltage,V,12.098
1770054903.5420735,THERM,0,motor_temp,C,47.008
1770054903.5935354,ADC1,0,servo_1,A,2.226
1770054903.6440215,ADC1,0,servo_1,A,1.044
1770054903.69449,ADC1,1,servo_2,A,1.501
1770054903.7450671,ADC1,0,servo_1,A,0.73
1770054903.795714,ADC1,0,servo_1,A,2.49
1770054903.8464339,ADC2,0,bus_voltage,V,11.514
1770054903.8970354,ADC1,1,servo_2,A,0.217
1770054903.9475245,ADC1,0,servo_1,A,0.521
1770054903.9979193,ADC1,0,servo_1,A,1.811
1770054904.0482962,THERM,0,motor_temp,C,35.408
1770054904.099135,THERM,0,motor_temp,C,30.413
1770054904.1499698,ADC1,1,servo_2,A,2.005
1770054904.200319,THERM,0,motor_temp,C,56.288
1770054904.2509723,ADC1,1,servo_2,A,0.25
1770054904.301808,THERM,0,motor_temp,C,43.304
1770054904.3526373,ADC2,0,bus_voltage,V,11.018
1770054904.403151,ADC1,0,servo_1,A,0.655
1770054904.4538465,ADC1,1,servo_2,A,0.971
1770054904.504313,ADC2,0,bus_voltage,V,11.003
1770054904.5552683,THERM,0,motor_temp,C,34.555
1770054904.6059806,ADC2,0,bus_voltage,V,11.092
1770054904.6566527,THERM,0,motor_temp,C,64.65
1770054904.7072031,ADC1,0,servo_1,A,1.369
1770054904.7578833,ADC1,1,servo_2,A,2.104
1770054904.808821,ADC1,1,servo_2,A,1.449
1770054904.8593485,THERM,0,motor_temp,C,55.682
1770054904.9102538,THERM,0,motor_temp,C,46.091
1770054904.9609704,ADC1,0,servo_1,A,1.622
1770054905.0115576,THERM,0,motor_temp,C,33.8
1770054905.0622413,ADC2,0,bus_voltage,V,12.104
1770054905.113038,ADC2,0,bus_voltage,V,10.06
1770054905.1637084,ADC2,0,bus_voltage,V,10.49
1770054905.2147489,THERM,0,motor_temp,C,26.015
1770054905.2654645,ADC1,1,servo_2,A,1.879
1770054905.3159585,ADC2,0,bus_voltage,V,12.291
1770054905.3664486,ADC1,0,servo_1,A,0.858
1770054905.4171154,ADC1,0,servo_1,A,0.346
1770054905.4676332,ADC1,1,servo_2,A,0.892
1770054905.5183978,ADC2,0,bus_voltage,V,12.564
1770054905.5692322,ADC1,0,servo_1,A,1.205
1770054905.6199684,ADC2,0,bus_voltage,V,11.42
1770054905.6711974,ADC2,0,bus_voltage,V,12.52
1770054905.7219353,ADC2,0,bus_voltage,V,10.73
1770054905.7724657,THERM,0,motor_temp,C,52.147
1770054905.8230824,ADC1,0,servo_1,A,2.081
1770054905.8739944,ADC2,0,bus_voltage,V,12.116
1770054905.9246387,ADC1,1,servo_2,A,2.162
1770054905.975267,ADC1,1,servo_2,A,0.298
1770054906.0263555,ADC1,1,servo_2,A,1.39
1770054906.0769243,ADC1,0,servo_1,A,1.361
1770054906.1275258,ADC2,0,bus_voltage,V,12.309
1770054906.1786795,ADC1,1,servo_2,A,0.244
1770054906.229585,ADC1,0,servo_1,A,2.121
1770054906.280351,ADC2,0,bus_voltage,V,10.35
1770054906.3311534,ADC1,0,servo_1,A,0.548
1770054906.381985,ADC1,0,servo_1,A,1.547
1770054906.432646,ADC1,1,servo_2,A,1.326
1770054906.4837437,ADC1,0,servo_1,A,0.222
1770054906.5345137,THERM,0,motor_temp,C,55.111
1770054906.5851102,ADC2,0,bus_voltage,V,11.381
1770054906.6358783,ADC2,0,bus_voltage,V,11.798
1770054906.6864662,ADC1,1,servo_2,A,1.81
1770054906.7374136,THERM,0,motor_temp,C,50.77
1770054906.788133,THERM,0,motor_temp,C,46.78
1770054906.8387015,ADC1,0,servo_1,A,2.024
1770054906.889421,ADC1,1,servo_2,A,0.896
1770054906.9400156,THERM,0,motor_temp,C,46.752
1770054906.9908175,ADC2,0,bus_voltage,V,10.517
1770054907.041419,THERM,0,motor_temp,C,40.784
1770054907.0920117,ADC1,0,servo_1,A,1.642
1770054907.1424317,THERM,0,motor_temp,C,36.408
1770054907.1928184,ADC1,1,servo_2,A,1.714
1770054907.2435038,ADC1,0,servo_1,A,2.042
1770054907.2946584,ADC1,0,servo_1,A,2.31
1770054907.3455422,THERM,0,motor_temp,C,37.065
1770054907.3965497,ADC1,0,servo_1,A,1.145
1770054907.4480572,ADC2,0,bus_voltage,V,11.836
1770054907.498401,ADC1,0,servo_1,A,1.55
1770054907.549508,ADC2,0,bus_voltage,V,11.681
1770054907.6001089,ADC1,0,servo_1,A,0.444
1770054907.650571,ADC2,0,bus_voltage,V,10.734
1770054907.7045283,THERM,0,motor_temp,C,61.744
1770054907.759865,THERM,0,motor_temp,C,28.212
1770054907.8109043,THERM,0,motor_temp,C,40.757
1770054907.8616197,ADC2,0,bus_voltage,V,10.458
1770054907.9121642,THERM,0,motor_temp,C,69.608
1770054907.962573,ADC1,0,servo_1,A,1.264
1770054908.012932,ADC1,1,servo_2,A,2.372
1770054908.0635262,THERM,0,motor_temp,C,67.273
1770054908.1142635,ADC1,0,servo_1,A,0.409
1770054908.1647372,ADC1,1,servo_2,A,0.305
1770054908.2154782,ADC2,0,bus_voltage,V,12.167
1770054908.266034,ADC2,0,bus_voltage,V,10.763
1770054908.3166397,ADC1,0,servo_1,A,0.787
1770054908.3672433,ADC1,0,servo_1,A,0.607
1770054908.4219909,ADC1,0,servo_1,A,0.63
1770054908.4725673,ADC1,0,servo_1,A,2.41
1770054908.5235639,THERM,0,motor_temp,C,33.674
1770054908.575569,ADC2,0,bus_voltage,V,11.023
1770054908.6314058,ADC2,0,bus_voltage,V,11.611
1770054908.6884613,ADC2,0,bus_voltage,V,10.677
1770054908.7406042,THERM,0,motor_temp,C,52.064
1770054908.7912655,THERM,0,motor_temp,C,64.345
1770054908.8426259,THERM,0,motor_temp,C,35.091
1770054908.893616,ADC1,1,servo_2,A,1.514
1770054908.9445922,ADC1,1,servo_2,A,2.497
1770054908.9953523,ADC1,0,servo_1,A,0.267
1770054909.0459278,ADC1,1,servo_2,A,0.853
1770054909.0968547,ADC1,0,servo_1,A,2.349
1770054909.147346,ADC1,1,servo_2,A,0.984
1770054909.197717,ADC1,1,servo_2,A,0.887
1770054909.2484732,ADC1,0,servo_1,A,2.465
1770054909.2992868,THERM,0,motor_temp,C,51.663
1770054909.3501382,ADC2,0,bus_voltage,V,12.5
1770054909.4006631,ADC1,1,servo_2,A,0.745
1770054909.4525867,ADC2,0,bus_voltage,V,10.644
1770054909.5031106,ADC1,1,servo_2,A,0.979
1770054909.554041,ADC1,0,servo_1,A,1.389
1770054909.6053262,ADC1,1,servo_2,A,2.057
1770054909.6559806,ADC1,1,servo_2,A,1.566
1770054909.706509,ADC1,1,servo_2,A,1.226
1770054909.7576966,ADC2,0,bus_voltage,V,12.294
1770054909.8080711,THERM,0,motor_temp,C,57.817
1770054909.8586175,THERM,0,motor_temp,C,39.608
1770054909.909231,THERM,0,motor_temp,C,30.578
1770054909.9600563,THERM,0,motor_temp,C,58.411
1770054910.0103946,ADC1,1,servo_2,A,0.285
1770054910.060777,ADC1,0,servo_1,A,1.752
1770054910.1115708,ADC1,0,servo_1,A,2.282
1770054910.162139,ADC2,0,bus_voltage,V,11.338
1770054910.2128053,ADC1,0,servo_1,A,0.958
1770054910.2634344,ADC1,0,servo_1,A,0.26
1770054910.3143127,ADC2,0,bus_voltage,V,11.493
1770054910.364946,ADC1,1,servo_2,A,2.37
1770054910.4159546,ADC2,0,bus_voltage,V,12.349
1770054910.4692864,THERM,0,motor_temp,C,27.935
1770054910.5201108,ADC1,1,servo_2,A,1.584
1770054910.5704613,ADC1,1,servo_2,A,0.95
1770054910.6243753,ADC1,1,servo_2,A,0.96
1770054910.6782196,ADC1,0,servo_1,A,0.427
1770054910.730793,ADC1,1,servo_2,A,1.061
1770054910.783194,THERM,0,motor_temp,C,53.332
1770054910.8339648,THERM,0,motor_temp,C,48.058
1770054910.884423,ADC1,0,servo_1,A,1.072
1770054910.934933,ADC1,0,servo_1,A,1.678
1770054910.985748,ADC1,0,servo_1,A,0.295
1770054911.0362267,ADC1,0,servo_1,A,1.853
1770054911.086823,ADC1,0,servo_1,A,0.603
1770054911.1374469,ADC1,1,servo_2,A,2.411
1770054911.1879704,ADC1,0,servo_1,A,2.269
1770054911.2385418,THERM,0,motor_temp,C,46.695
1770054911.2892447,ADC2,0,bus_voltage,V,10.237
1770054911.3396988,ADC1,0,servo_1,A,1.681
1770054911.3903716,THERM,0,motor_temp,C,30.14
1770054911.441083,ADC1,0,servo_1,A,1.942
1770054911.4916365,ADC1,0,servo_1,A,1.986
1770054911.544576,ADC2,0,bus_voltage,V,10.206
1770054911.595215,ADC1,0,servo_1,A,0.701
1770054911.6486447,THERM,0,motor_temp,C,37.628
1770054911.6996176,ADC2,0,bus_voltage,V,11.806
1770054911.750094,ADC1,1,servo_2,A,1.173
1770054911.8008955,THERM,0,motor_temp,C,25.998
1770054911.8517623,THERM,0,motor_temp,C,34.624
1770054911.9028704,ADC1,1,servo_2,A,1.078
1770054911.9533224,THERM,0,motor_temp,C,50.576
1770054912.0039632,THERM,0,motor_temp,C,39.847
1770054912.0545,ADC1,1,servo_2,A,2.015
1770054912.1050696,ADC1,0,servo_1,A,2.099
1770054912.1556234,ADC1,1,servo_2,A,1.803
1770054912.2062628,ADC1,1,servo_2,A,0.94
1770054912.256651,ADC1,0,servo_1,A,0.768
1770054912.3070502,ADC1,1,servo_2,A,0.573
1770054912.3574574,ADC1,0,servo_1,A,1.773
1770054912.4079788,ADC1,1,servo_2,A,1.227
1770054912.4587986,ADC2,0,bus_voltage,V,12.426
1770054912.5096369,ADC2,0,bus_voltage,V,11.116
1770054912.560212,ADC1,1,servo_2,A,2.387
1770054912.611004,THERM,0,motor_temp,C,31.424
1770054912.661487,ADC2,0,bus_voltage,V,12.144
1770054912.712067,THERM,0,motor_temp,C,68.039
1770054912.763778,ADC1,0,servo_1,A,2.067
1770054912.8148828,ADC2,0,bus_voltage,V,12.554
1770054912.8656282,ADC2,0,bus_voltage,V,11.205
1770054912.917975,THERM,0,motor_temp,C,58.017
1770054912.968704,THERM,0,motor_temp,C,46.384
1770054913.0192635,ADC1,1,servo_2,A,2.29
1770054913.0697181,THERM,0,motor_temp,C,61.994
1770054913.1203003,ADC1,0,servo_1,A,1.166
1770054913.1707697,ADC1,1,servo_2,A,0.855
1770054913.221853,THERM,0,motor_temp,C,65.206
1770054913.2723966,ADC1,0,servo_1,A,1.017
1770054913.3229105,ADC1,0,servo_1,A,1.319
1770054913.3736112,ADC2,0,bus_voltage,V,12.429
1770054913.4243956,THERM,0,motor_temp,C,68.301
1770054913.474793,THERM,0,motor_temp,C,40.893
1770054913.5254676,THERM,0,motor_temp,C,67.72
1770054913.5760279,ADC1,0,servo_1,A,0.505
1770054913.6279454,ADC1,0,servo_1,A,1.355
1770054913.679353,ADC1,1,servo_2,A,2.028
1770054913.7335172,ADC2,0,bus_voltage,V,11.708
1770054913.7845469,ADC2,0,bus_voltage,V,12.182
1770054913.835007,ADC1,1,servo_2,A,1.669
1770054913.8855906,THERM,0,motor_temp,C,33.669
1770054913.9377763,ADC1,0,servo_1,A,1.344
1770054913.9886687,THERM,0,motor_temp,C,27.669
1770054914.0393426,ADC1,0,servo_1,A,1.76
1770054914.0900033,ADC2,0,bus_voltage,V,10.225
1770054914.140414,THERM,0,motor_temp,C,66.977
1770054914.1911726,ADC1,0,servo_1,A,1.276
1770054914.2417076,ADC1,1,servo_2,A,1.765
1770054914.2921267,ADC1,1,servo_2,A,0.875
1770054914.3425481,ADC2,0,bus_voltage,V,12.008
1770054914.3929462,ADC2,0,bus_voltage,V,11.978
1770054914.4436786,ADC1,0,servo_1,A,0.978
1770054914.4941907,ADC2,0,bus_voltage,V,11.345
1770054914.5446558,ADC1,0,servo_1,A,2.394
1770054914.5951,ADC2,0,bus_voltage,V,11.742
1770054914.645697,ADC1,0,servo_1,A,0.511
1770054914.696518,ADC2,0,bus_voltage,V,11.587
1770054914.746853,ADC2,0,bus_voltage,V,12.259
1770054914.7976325,THERM,0,motor_temp,C,31.687
1770054914.848128,ADC1,1,servo_2,A,1.894
1770054914.8990934,ADC2,0,bus_voltage,V,11.817
1770054914.9497545,ADC1,0,servo_1,A,0.25
1770054915.0005267,ADC1,1,servo_2,A,1.36
1770054915.0511546,THERM,0,motor_temp,C,26.074
1770054915.1016543,ADC2,0,bus_voltage,V,10.985
1770054915.1534534,THERM,0,motor_temp,C,47.491
1770054915.2041793,THERM,0,motor_temp,C,55.381
1770054915.2550104,ADC1,0,servo_1,A,1.495
1770054915.305569,ADC2,0,bus_voltage,V,10.585
1770054915.356409,ADC1,0,servo_1,A,0.642
1770054915.4071362,ADC1,1,servo_2,A,0.958
1770054915.4574778,ADC2,0,bus_voltage,V,10.964
1770054915.5082545,ADC1,1,servo_2,A,1.864
1770054915.558721,ADC2,0,bus_voltage,V,10.038
1770054915.6090877,ADC1,1,servo_2,A,1.719
1770054915.6604805,ADC2,0,bus_voltage,V,12.131
1770054915.7110631,ADC1,0,servo_1,A,0.501
1770054915.7616513,THERM,0,motor_temp,C,38.958
1770054915.8121426,ADC2,0,bus_voltage,V,10.894
1770054915.8665142,ADC2,0,bus_voltage,V,11.143
1770054915.9171226,ADC1,0,servo_1,A,0.595
1770054915.9716454,ADC1,0,servo_1,A,1.61
1770054916.0358753,ADC1,0,servo_1,A,2.312
1770054916.0922976,ADC2,0,bus_voltage,V,10.437
1770054916.1428561,ADC1,0,servo_1,A,1.312
1770054916.1932955,THERM,0,motor_temp,C,69.38
1770054916.2437437,ADC2,0,bus_voltage,V,12.508
1770054916.294309,ADC2,0,bus_voltage,V,11.37
1770054916.3447957,ADC2,0,bus_voltage,V,12.159
1770054916.3954601,ADC2,0,bus_voltage,V,10.632
1770054916.4458754,ADC2,0,bus_voltage,V,11.006
1770054916.4967015,ADC1,0,servo_1,A,0.719
1770054916.5474377,THERM,0,motor_temp,C,47.103
1770054916.5983157,ADC2,0,bus_voltage,V,12.458
1770054916.6488762,ADC1,1,servo_2,A,0.514
1770054916.6993976,ADC1,0,servo_1,A,0.986
1770054916.7497873,ADC2,0,bus_voltage,V,11.867
1770054916.8005042,THERM,0,motor_temp,C,42.556
1770054916.8510258,ADC2,0,bus_voltage,V,11.54
1770054916.9018493,ADC1,1,servo_2,A,1.635
1770054916.9525297,ADC2,0,bus_voltage,V,10.478
1770054917.0031912,ADC1,0,servo_1,A,1.864
1770054917.0535498,ADC1,1,servo_2,A,1.242
1770054917.1043863,ADC2,0,bus_voltage,V,10.331
1770054917.1552622,ADC1,1,servo_2,A,1.211
1770054917.2064748,ADC1,0,servo_1,A,1.136
1770054917.2569053,THERM,0,motor_temp,C,49.277
1770054917.3075082,ADC2,0,bus_voltage,V,10.386
1770054917.3581934,ADC1,1,servo_2,A,2.133
1770054917.4086814,THERM,0,motor_temp,C,48.521
1770054917.458986,THERM,0,motor_temp,C,49.196
1770054917.5096054,ADC1,0,servo_1,A,2.353
1770054917.560454,THERM,0,motor_temp,C,32.834
1770054917.6110032,ADC1,1,servo_2,A,0.424
1770054917.6626055,THERM,0,motor_temp,C,65.31
1770054917.7134204,ADC1,0,servo_1,A,0.991
1770054917.7641885,THERM,0,motor_temp,C,25.997
1770054917.814655,THERM,0,motor_temp,C,54.377
1770054917.868015,ADC2,0,bus_voltage,V,12.038
1770054917.922134,ADC2,0,bus_voltage,V,10.792
1770054917.9730384,ADC1,1,servo_2,A,0.42
1770054918.024779,THERM,0,motor_temp,C,51.134
1770054918.0769904,THERM,0,motor_temp,C,25.046
1770054918.1278322,ADC1,0,servo_1,A,0.793
1770054918.1784387,ADC2,0,bus_voltage,V,12.536
1770054918.2296064,ADC1,1,servo_2,A,0.663
1770054918.2802672,ADC1,0,servo_1,A,1.123
1770054918.3321874,ADC1,0,servo_1,A,2.453
1770054918.3835492,ADC1,1,servo_2,A,2.061
1770054918.435002,THERM,0,motor_temp,C,43.717
1770054918.4856582,THERM,0,motor_temp,C,54.662
1770054918.536274,ADC1,0,servo_1,A,0.423
1770054918.5867789,THERM,0,motor_temp,C,43.089
1770054918.637392,ADC1,1,servo_2,A,0.415
1770054918.6878815,THERM,0,motor_temp,C,63.992
1770054918.7385406,ADC1,1,servo_2,A,1.974
1770054918.7894042,ADC1,0,servo_1,A,2.306
1770054918.8401077,ADC1,0,servo_1,A,0.845
1770054918.890514,ADC1,0,servo_1,A,1.001
1770054918.9416087,ADC1,1,servo_2,A,0.402
1770054918.992005,ADC1,0,servo_1,A,2.045
1770054919.0427625,ADC1,1,servo_2,A,0.283
1770054919.0934615,ADC1,0,servo_1,A,1.752
1770054919.1490345,ADC2,0,bus_voltage,V,10.591
1770054919.2022269,THERM,0,motor_temp,C,66.024
1770054919.2528589,ADC2,0,bus_voltage,V,12.105
1770054919.3034213,ADC1,1,servo_2,A,1.564
1770054919.3539746,THERM,0,motor_temp,C,41.569
1770054919.4047225,ADC2,0,bus_voltage,V,12.034
1770054919.4554908,ADC1,0,servo_1,A,0.33
1770054919.5059812,ADC1,1,servo_2,A,1.772
1770054919.5565255,ADC1,1,servo_2,A,1.123
1770054919.6072013,ADC1,1,servo_2,A,0.202
1770054919.6582196,THERM,0,motor_temp,C,28.334
1770054919.7090344,ADC2,0,bus_voltage,V,11.926
1770054919.759426,THERM,0,motor_temp,C,55.395
1770054919.8103964,THERM,0,motor_temp,C,31.68
1770054919.8609962,ADC1,0,servo_1,A,0.573
1770054919.9113421,ADC2,0,bus_voltage,V,12.225
1770054919.962156,THERM,0,motor_temp,C,52.317
1770054920.0159135,ADC1,1,servo_2,A,0.434
1770054920.0683713,ADC1,0,servo_1,A,0.983
1770054920.1195362,ADC2,0,bus_voltage,V,12.452
1770054920.1700902,ADC1,0,servo_1,A,1.696
1770054920.223835,ADC1,0,servo_1,A,1.208
1770054920.2745256,ADC1,0,servo_1,A,1.146
1770054920.3253307,THERM,0,motor_temp,C,52.336
1770054920.3768926,ADC1,0,servo_1,A,1.19
1770054920.4277563,THERM,0,motor_temp,C,37.581
1770054920.4781027,ADC1,0,servo_1,A,1.227
1770054920.5289316,THERM,0,motor_temp,C,67.039
1770054920.579713,THERM,0,motor_temp,C,37.671
1770054920.6304283,ADC1,0,servo_1,A,1.231
1770054920.681083,ADC1,1,servo_2,A,2.332
1770054920.7319057,ADC2,0,bus_voltage,V,11.491
1770054920.7824996,ADC1,0,servo_1,A,1.781
1770054920.833249,ADC1,0,servo_1,A,1.631
1770054920.8837593,ADC2,0,bus_voltage,V,11.631
1770054920.9344285,ADC2,0,bus_voltage,V,10.617
1770054920.985065,THERM,0,motor_temp,C,33.622
1770054921.0358312,ADC2,0,bus_voltage,V,11.217
1770054921.0861917,ADC2,0,bus_voltage,V,11.149
1770054921.1368022,THERM,0,motor_temp,C,53.768
1770054921.1872942,THERM,0,motor_temp,C,47.817
1770054921.2379482,ADC2,0,bus_voltage,V,10.496
1770054921.2884555,ADC1,1,servo_2,A,1.635
1770054921.3391755,ADC1,1,servo_2,A,0.437
1770054921.3901591,THERM,0,motor_temp,C,45.53
1770054921.4404762,ADC1,0,servo_1,A,2.052
1770054921.4910808,ADC2,0,bus_voltage,V,11.724
1770054921.5414574,ADC1,0,servo_1,A,2.43
1770054921.5918975,ADC2,0,bus_voltage,V,11.248
1770054921.6423898,ADC2,0,bus_voltage,V,12.433
1770054921.6929474,THERM,0,motor_temp,C,41.59
1770054921.7435913,ADC2,0,bus_voltage,V,10.44
1770054921.79409,ADC2,0,bus_voltage,V,11.393
1770054921.8455257,ADC2,0,bus_voltage,V,10.19
1770054921.897091,THERM,0,motor_temp,C,31.259
1770054921.9509184,ADC1,0,servo_1,A,0.452
1770054922.0018878,ADC2,0,bus_voltage,V,11.605
1770054922.0525365,THERM,0,motor_temp,C,45.745
1770054922.1033146,THERM,0,motor_temp,C,37.401
1770054922.1548073,ADC2,0,bus_voltage,V,12.445
1770054922.2070065,ADC1,0,servo_1,A,0.425
1770054922.2575119,ADC2,0,bus_voltage,V,11.241
1770054922.3078227,ADC1,1,servo_2,A,0.371
1770054922.3584049,ADC1,0,servo_1,A,0.917
1770054922.4105694,ADC1,1,servo_2,A,0.626
1770054922.4614544,ADC1,0,servo_1,A,0.534
1770054922.512308,ADC2,0,bus_voltage,V,12.144
1770054922.562691,ADC2,0,bus_voltage,V,11.126
1770054922.613304,ADC2,0,bus_voltage,V,10.431
1770054922.6636844,THERM,0,motor_temp,C,60.016
1770054922.7141707,THERM,0,motor_temp,C,43.357
1770054922.7647028,THERM,0,motor_temp,C,33.931
1770054922.8155951,ADC1,0,servo_1,A,0.948
1770054922.8662772,THERM,0,motor_temp,C,69.443
1770054922.9170432,ADC2,0,bus_voltage,V,11.984
1770054922.9677153,THERM,0,motor_temp,C,41.783
1770054923.0184782,THERM,0,motor_temp,C,38.473
1770054923.0705616,THERM,0,motor_temp,C,48.996
1770054923.1214252,THERM,0,motor_temp,C,54.876
1770054923.1722226,ADC1,0,servo_1,A,1.116
1770054923.222527,ADC1,1,servo_2,A,1.345
1770054923.2730577,ADC1,1,servo_2,A,2.016
1770054923.3257012,THERM,0,motor_temp,C,43.113
1770054923.3760402,ADC1,0,servo_1,A,2.485
1770054923.4265094,THERM,0,motor_temp,C,67.097
1770054923.476862,ADC1,1,servo_2,A,1.131
1770054923.5282397,ADC2,0,bus_voltage,V,12.567
1770054923.5789213,THERM,0,motor_temp,C,35.453
1770054923.6303427,ADC1,1,servo_2,A,1.056
1770054923.6811283,ADC1,0,servo_1,A,1.486
1770054923.7315755,ADC2,0,bus_voltage,V,12.202
1770054923.7822201,ADC2,0,bus_voltage,V,12.128
1770054923.8326476,ADC1,0,servo_1,A,0.547
1770054923.8833494,ADC1,0,servo_1,A,0.711
1770054923.9337862,ADC1,1,servo_2,A,1.037
1770054923.9844348,ADC1,0,servo_1,A,1.785
1770054924.0350232,ADC2,0,bus_voltage,V,11.538
1770054924.0877903,ADC2,0,bus_voltage,V,10.346
1770054924.1383185,ADC2,0,bus_voltage,V,10.535
1770054924.1886563,THERM,0,motor_temp,C,37.203
1770054924.2394824,ADC2,0,bus_voltage,V,11.322
1770054924.2900088,ADC1,0,servo_1,A,1.004
1770054924.340869,ADC1,0,servo_1,A,1.69
1770054924.4058523,ADC1,1,servo_2,A,1.393
1770054924.4570458,ADC1,0,servo_1,A,1.984
1770054924.5102534,ADC1,1,servo_2,A,0.546
1770054924.562114,THERM,0,motor_temp,C,45.483
1770054924.6132004,ADC2,0,bus_voltage,V,10.369
1770054924.6639438,ADC1,1,servo_2,A,0.998
1770054924.714571,ADC1,1,servo_2,A,1.736
1770054924.76539,ADC1,1,servo_2,A,1.253
1770054924.816202,ADC1,1,servo_2,A,1.393
1770054924.866599,ADC1,1,servo_2,A,1.958
1770054924.917165,ADC1,0,servo_1,A,1.945
1770054924.967743,ADC2,0,bus_voltage,V,11.922
1770054925.0181544,ADC2,0,bus_voltage,V,11.523
1770054925.0687418,ADC1,0,servo_1,A,1.827
1770054925.1194017,ADC1,0,servo_1,A,1.485
1770054925.1702662,ADC1,0,servo_1,A,2.295
1770054925.2208617,ADC2,0,bus_voltage,V,10.724
1770054925.2717302,ADC1,1,servo_2,A,2.195
1770054925.322472,THERM,0,motor_temp,C,52.174
1770054925.3733606,ADC1,0,servo_1,A,1.071
1770054925.4239562,THERM,0,motor_temp,C,29.564
1770054925.4746408,ADC1,1,servo_2,A,2.316
1770054925.5253692,ADC1,1,servo_2,A,2.092
1770054925.5760937,THERM,0,motor_temp,C,36.365
1770054925.626792,ADC1,1,servo_2,A,0.943
1770054925.6772869,ADC2,0,bus_voltage,V,11.934
1770054925.7277613,ADC1,0,servo_1,A,0.21
1770054925.7782245,ADC1,0,servo_1,A,2.461
1770054925.828558,ADC1,0,servo_1,A,0.852
1770054925.87934,ADC1,1,servo_2,A,1.224
1770054925.9301074,ADC1,1,servo_2,A,0.397
1770054925.9810665,ADC1,0,servo_1,A,0.768
1770054926.0316687,ADC1,1,servo_2,A,2.364
1770054926.0820937,ADC2,0,bus_voltage,V,12.165
1770054926.132597,THERM,0,motor_temp,C,56.608
1770054926.183606,ADC1,0,servo_1,A,0.551
1770054926.2343464,ADC1,0,servo_1,A,1.93
1770054926.2848933,THERM,0,motor_temp,C,65.963
1770054926.3355484,ADC2,0,bus_voltage,V,11.041
1770054926.3864229,ADC2,0,bus_voltage,V,11.762
1770054926.4368749,THERM,0,motor_temp,C,36.944
1770054926.4875498,ADC1,0,servo_1,A,1.523
1770054926.5379002,ADC2,0,bus_voltage,V,11.74
1770054926.5887547,ADC1,1,servo_2,A,1.853
1770054926.6397045,ADC1,1,servo_2,A,1.842
1770054926.6911314,ADC1,0,servo_1,A,1.384
1770054926.7453449,ADC1,0,servo_1,A,0.692
1770054926.7966564,THERM,0,motor_temp,C,64.625
1770054926.847016,ADC2,0,bus_voltage,V,12.447
1770054926.897623,ADC2,0,bus_voltage,V,11.819
1770054926.9480405,THERM,0,motor_temp,C,61.629
1770054926.99841,ADC1,0,servo_1,A,0.868
1770054927.0489612,ADC1,0,servo_1,A,0.535
1770054927.0994892,THERM,0,motor_temp,C,41.437
1770054927.1502364,ADC2,0,bus_voltage,V,10.165
1770054927.2008555,THERM,0,motor_temp,C,67.394
1770054927.2594776,ADC1,1,servo_2,A,0.661
1770054927.3109057,ADC1,0,servo_1,A,0.511
1770054927.3614426,ADC2,0,bus_voltage,V,10.561
1770054927.4131114,ADC2,0,bus_voltage,V,10.049
1770054927.465445,ADC2,0,bus_voltage,V,12.037
1770054927.5167923,ADC2,0,bus_voltage,V,10.466
1770054927.5673146,ADC1,1,servo_2,A,0.651
1770054927.6179314,ADC1,1,servo_2,A,0.954
1770054927.6715677,THERM,0,motor_temp,C,35.736
1770054927.722459,THERM,0,motor_temp,C,37.633
1770054927.7728145,ADC2,0,bus_voltage,V,12.205
1770054927.8235996,ADC1,1,servo_2,A,1.649
1770054927.8742495,THERM,0,motor_temp,C,69.116
1770054927.924994,THERM,0,motor_temp,C,57.976
1770054927.9757273,ADC2,0,bus_voltage,V,11.218
1770054928.0273561,THERM,0,motor_temp,C,45.944
1770054928.0778737,ADC2,0,bus_voltage,V,10.634
1770054928.1282656,ADC1,0,servo_1,A,1.703
1770054928.1788616,ADC1,1,servo_2,A,1.56
1770054928.234422,ADC1,0,servo_1,A,0.539
1770054928.2853794,THERM,0,motor_temp,C,38.059
1770054928.336387,ADC1,1,servo_2,A,1.147
1770054928.3869836,THERM,0,motor_temp,C,59.456
1770054928.4378757,ADC1,0,servo_1,A,0.682
1770054928.4884765,ADC1,0,servo_1,A,2.207
1770054928.5389059,ADC1,1,servo_2,A,0.872
1770054928.58931,ADC1,1,servo_2,A,1.973
1770054928.6420841,THERM,0,motor_temp,C,48.806
1770054928.6941283,ADC2,0,bus_voltage,V,10.89
1770054928.7454252,ADC1,1,servo_2,A,2.353
1770054928.796082,ADC1,0,servo_1,A,2.073
1770054928.8465865,THERM,0,motor_temp,C,42.297
1770054928.897416,ADC1,0,servo_1,A,0.645
1770054928.9488153,ADC2,0,bus_voltage,V,10.159
1770054928.9993913,THERM,0,motor_temp,C,63.264
1770054929.049889,ADC2,0,bus_voltage,V,10.325
1770054929.1005466,ADC1,1,servo_2,A,2.185
1770054929.1508749,ADC2,0,bus_voltage,V,10.853
1770054929.2016547,ADC1,1,servo_2,A,1.93
1770054929.2523694,ADC2,0,bus_voltage,V,12.14
1770054929.3030622,ADC1,1,servo_2,A,2.076
1770054929.3538806,ADC1,1,servo_2,A,2.262
1770054929.404665,ADC2,0,bus_voltage,V,11.671
1770054929.4553308,ADC1,1,servo_2,A,1.292
1770054929.5057514,ADC2,0,bus_voltage,V,10.594
1770054929.5562055,ADC2,0,bus_voltage,V,12.313
1770054929.6094992,THERM,0,motor_temp,C,69.959
1770054929.6598473,THERM,0,motor_temp,C,57.192
1770054929.7106206,ADC1,1,servo_2,A,0.802
1770054929.7614017,ADC2,0,bus_voltage,V,12.393
1770054929.8120253,ADC1,1,servo_2,A,1.635
1770054929.8627872,ADC1,0,servo_1,A,1.779
1770054929.9144511,ADC2,0,bus_voltage,V,12.174
1770054929.9686625,THERM,0,motor_temp,C,44.53
1770054930.0193226,ADC2,0,bus_voltage,V,10.336
1770054930.0700345,THERM,0,motor_temp,C,59.638
1770054930.1208806,THERM,0,motor_temp,C,57.101
1770054930.171338,ADC1,1,servo_2,A,2.038
1770054930.2221189,THERM,0,motor_temp,C,46.105
1770054930.2729025,ADC1,1,servo_2,A,0.675
1770054930.3236177,THERM,0,motor_temp,C,69.574
1770054930.374613,ADC2,0,bus_voltage,V,12.408
1770054930.4253566,THERM,0,motor_temp,C,32.699
1770054930.480537,ADC1,0,servo_1,A,1.143
1770054930.5320067,ADC2,0,bus_voltage,V,10.035
1770054930.5841594,THERM,0,motor_temp,C,27.94
1770054930.635348,ADC1,0,servo_1,A,1.074
1770054930.6877773,ADC1,0,servo_1,A,1.305
1770054930.7387984,THERM,0,motor_temp,C,48.158
1770054930.7895632,THERM,0,motor_temp,C,54.445
1770054930.8404114,THERM,0,motor_temp,C,30.976
1770054930.8907638,ADC1,0,servo_1,A,0.593
1770054930.941914,ADC1,0,servo_1,A,2.342
1770054930.9933965,THERM,0,motor_temp,C,36.924
1770054931.044509,ADC2,0,bus_voltage,V,11.512
1770054931.0949533,THERM,0,motor_temp,C,31.056
1770054931.1464944,ADC1,1,servo_2,A,1.968
1770054931.1971922,ADC2,0,bus_voltage,V,12.102
1770054931.2477925,THERM,0,motor_temp,C,27.331
1770054931.2983012,ADC1,0,servo_1,A,1.628
1770054931.348837,THERM,0,motor_temp,C,66.273
1770054931.3997164,ADC1,0,servo_1,A,2.444
1770054931.4500463,THERM,0,motor_temp,C,61.973
1770054931.5008287,ADC2,0,bus_voltage,V,11.807
1770054931.5514438,ADC1,0,servo_1,A,1.193
1770054931.6021683,ADC2,0,bus_voltage,V,10.105
1770054931.6540396,ADC1,1,servo_2,A,0.501
1770054931.7081861,ADC2,0,bus_voltage,V,11.58
1770054931.7590988,ADC2,0,bus_voltage,V,11.219
1770054931.8112235,ADC1,1,servo_2,A,1.699
1770054931.864903,THERM,0,motor_temp,C,69.881
1770054931.9156108,ADC1,0,servo_1,A,0.771
1770054931.966218,THERM,0,motor_temp,C,68.578
1770054932.0167935,ADC2,0,bus_voltage,V,10.837
1770054932.0671823,ADC1,0,servo_1,A,0.455
1770054932.117819,THERM,0,motor_temp,C,29.572
1770054932.1685236,ADC1,0,servo_1,A,0.949
1770054932.2193244,THERM,0,motor_temp,C,53.531
1770054932.2697108,ADC2,0,bus_voltage,V,11.633
1770054932.3201668,ADC1,0,servo_1,A,0.702
1770054932.370948,ADC2,0,bus_voltage,V,11.586
1770054932.4213793,ADC2,0,bus_voltage,V,11.054
1770054932.4717648,ADC1,1,servo_2,A,0.851
1770054932.5221772,ADC1,0,servo_1,A,2.473
1770054932.5745473,ADC1,1,servo_2,A,0.375
1770054932.6251235,ADC1,1,servo_2,A,2.116
1770054932.6764169,THERM,0,motor_temp,C,29.337
1770054932.7270007,THERM,0,motor_temp,C,47.864
1770054932.777791,ADC1,1,servo_2,A,0.342
1770054932.8284397,ADC2,0,bus_voltage,V,10.611
1770054932.8791924,ADC2,0,bus_voltage,V,10.795
1770054932.9299338,ADC2,0,bus_voltage,V,12.44
1770054932.9804518,ADC1,1,servo_2,A,1.484
1770054933.0310464,ADC1,1,servo_2,A,2.411
1770054933.0815146,ADC1,0,servo_1,A,1.799
1770054933.132469,ADC1,0,servo_1,A,2.225
1770054933.183559,ADC2,0,bus_voltage,V,12.417
1770054933.2342758,ADC1,0,servo_1,A,2.444
1770054933.284829,ADC2,0,bus_voltage,V,10.862
1770054933.335193,ADC1,0,servo_1,A,2.453
1770054933.3857477,ADC1,0,servo_1,A,1.066
1770054933.4364538,ADC2,0,bus_voltage,V,12.065
1770054933.4871068,ADC2,0,bus_voltage,V,12.126
1770054933.5385854,THERM,0,motor_temp,C,32.266
1770054933.5894244,ADC1,1,servo_2,A,0.955
1770054933.6400156,ADC2,0,bus_voltage,V,11.192
1770054933.690981,ADC2,0,bus_voltage,V,10.51
1770054933.7416472,ADC1,0,servo_1,A,1.094
1770054933.7925134,ADC1,0,servo_1,A,1.788
1770054933.8434665,THERM,0,motor_temp,C,42.582
1770054933.8950987,THERM,0,motor_temp,C,49.467
1770054933.94709,ADC1,1,servo_2,A,1.342
1770054934.0004838,ADC1,1,servo_2,A,2.233
1770054934.0512962,ADC1,0,servo_1,A,1.583
1770054934.1019223,THERM,0,motor_temp,C,69.419
1770054934.1526666,ADC2,0,bus_voltage,V,10.816
1770054934.2034035,ADC2,0,bus_voltage,V,10.438
1770054934.2540696,ADC2,0,bus_voltage,V,10.003
1770054934.304865,ADC1,1,servo_2,A,1.105
1770054934.355631,ADC1,1,servo_2,A,2.352
1770054934.406068,ADC1,0,servo_1,A,1.251
1770054934.456571,ADC1,1,servo_2,A,1.303
1770054934.507082,ADC1,0,servo_1,A,1.527
1770054934.5574906,ADC1,1,servo_2,A,0.741
1770054934.6081884,THERM,0,motor_temp,C,31.93
1770054934.6586692,THERM,0,motor_temp,C,67.505
1770054934.7092745,ADC1,0,servo_1,A,0.351
1770054934.7600868,ADC1,1,servo_2,A,1.324
1770054934.8105247,THERM,0,motor_temp,C,66.522
1770054934.8660903,THERM,0,motor_temp,C,42.508
1770054934.9246173,THERM,0,motor_temp,C,35.593
1770054934.9762175,THERM,0,motor_temp,C,69.86
1770054935.026885,ADC1,1,servo_2,A,1.494
1770054935.078581,THERM,0,motor_temp,C,61.474
1770054935.1293654,ADC1,1,servo_2,A,0.847
1770054935.180133,THERM,0,motor_temp,C,48.267
1770054935.2309697,ADC1,1,servo_2,A,1.998
1770054935.2815123,THERM,0,motor_temp,C,35.9
1770054935.3322625,ADC2,0,bus_voltage,V,10.134
1770054935.3827305,ADC1,1,servo_2,A,0.664
1770054935.433663,ADC2,0,bus_voltage,V,12.423
1770054935.4840302,ADC1,0,servo_1,A,0.352
1770054935.534456,ADC1,0,servo_1,A,1.91
1770054935.5850635,ADC1,0,servo_1,A,2.344
1770054935.6355917,ADC2,0,bus_voltage,V,10.863
1770054935.6865284,ADC1,0,servo_1,A,0.861
1770054935.7382026,ADC1,1,servo_2,A,2.463
1770054935.7886748,ADC1,0,servo_1,A,0.619
1770054935.8392208,ADC1,0,servo_1,A,1.458
1770054935.889688,ADC1,0,servo_1,A,2.168
1770054935.940372,ADC2,0,bus_voltage,V,10.304
1770054935.994817,ADC1,0,servo_1,A,2.334
1770054936.045099,THERM,0,motor_temp,C,45.286
1770054936.0959516,ADC2,0,bus_voltage,V,10.355
1770054936.1464782,THERM,0,motor_temp,C,57.828
1770054936.1969874,ADC1,1,servo_2,A,1.093
1770054936.247444,ADC2,0,bus_voltage,V,12.043
1770054936.2981799,ADC1,0,servo_1,A,1.41
1770054936.3492017,THERM,0,motor_temp,C,37.015
1770054936.399935,ADC2,0,bus_voltage,V,11.964
1770054936.4506943,ADC1,1,servo_2,A,1.909
1770054936.5014446,ADC1,1,servo_2,A,2.309
1770054936.5521286,THERM,0,motor_temp,C,37.82
1770054936.6029959,THERM,0,motor_temp,C,49.286
1770054936.6534748,THERM,0,motor_temp,C,25.173
1770054936.703931,ADC1,1,servo_2,A,1.506
1770054936.7543626,ADC2,0,bus_voltage,V,10.095
1770054936.8048527,ADC1,0,servo_1,A,1.06
1770054936.8552501,ADC2,0,bus_voltage,V,10.358
1770054936.9061053,ADC1,0,servo_1,A,1.965
1770054936.9569383,ADC1,1,servo_2,A,0.501
1770054937.0092332,THERM,0,motor_temp,C,69.305
1770054937.0604658,THERM,0,motor_temp,C,39.523
1770054937.1135924,THERM,0,motor_temp,C,47.706
1770054937.1645567,ADC2,0,bus_voltage,V,12.39
1770054937.215375,THERM,0,motor_temp,C,59.34
1770054937.265913,ADC1,1,servo_2,A,0.779
1770054937.3164067,ADC1,0,servo_1,A,0.721
1770054937.3667479,ADC1,0,servo_1,A,0.805
1770054937.4171913,ADC1,0,servo_1,A,1.734
1770054937.4675336,ADC1,0,servo_1,A,0.802
1770054937.5179572,ADC1,1,servo_2,A,1.868
1770054937.5687022,ADC2,0,bus_voltage,V,11.702
1770054937.6194904,ADC1,0,servo_1,A,1.728
1770054937.669948,THERM,0,motor_temp,C,32.547
1770054937.720945,ADC1,0,servo_1,A,2.091
1770054937.772147,ADC1,0,servo_1,A,2.186
1770054937.8233192,ADC1,0,servo_1,A,1.805
1770054937.8740122,ADC2,0,bus_voltage,V,12.058
1770054937.9271197,ADC2,0,bus_voltage,V,10.016
1770054937.977841,ADC1,1,servo_2,A,1.412
1770054938.0284252,ADC1,0,servo_1,A,1.054
1770054938.08403,ADC2,0,bus_voltage,V,11.447
1770054938.137097,ADC1,0,servo_1,A,0.582
1770054938.1884882,THERM,0,motor_temp,C,32.807
1770054938.2410612,ADC1,0,servo_1,A,1.182
1770054938.2916973,ADC1,1,servo_2,A,1.507
1770054938.3421156,ADC1,1,servo_2,A,1.074
1770054938.3927076,ADC2,0,bus_voltage,V,11.408
1770054938.443275,ADC2,0,bus_voltage,V,12.25
1770054938.493992,ADC2,0,bus_voltage,V,10.781
1770054938.5446084,THERM,0,motor_temp,C,46.945
1770054938.5953815,ADC1,0,servo_1,A,0.842
1770054938.6460676,ADC2,0,bus_voltage,V,10.503
1770054938.6967874,ADC1,1,servo_2,A,1.95
1770054938.747326,THERM,0,motor_temp,C,53.371
1770054938.7978048,ADC1,0,servo_1,A,0.257
1770054938.8482492,THERM,0,motor_temp,C,32.531
1770054938.8998346,ADC1,0,servo_1,A,1.297
1770054938.9503267,THERM,0,motor_temp,C,38.364
1770054939.002877,ADC2,0,bus_voltage,V,10.911
1770054939.054517,ADC2,0,bus_voltage,V,10.73
1770054939.1062534,ADC1,1,servo_2,A,1.691
1770054939.1574013,ADC1,0,servo_1,A,0.378
1770054939.2080467,ADC1,0,servo_1,A,1.705
1770054939.258612,ADC1,1,servo_2,A,0.549
1770054939.3093135,THERM,0,motor_temp,C,32.785
1770054939.359815,THERM,0,motor_temp,C,36.74
1770054939.4107292,ADC2,0,bus_voltage,V,10.267
1770054939.4614272,ADC1,0,servo_1,A,2.306
1770054939.5120707,ADC1,0,servo_1,A,2.06
1770054939.562746,THERM,0,motor_temp,C,47.359
1770054939.6135101,ADC1,0,servo_1,A,1.539
1770054939.664289,ADC1,0,servo_1,A,0.652
1770054939.7147062,ADC2,0,bus_voltage,V,10.012
1770054939.7657557,ADC2,0,bus_voltage,V,11.006
1770054939.8162067,ADC2,0,bus_voltage,V,10.149
1770054939.8668945,THERM,0,motor_temp,C,54.595
1770054939.917629,THERM,0,motor_temp,C,30.013
1770054939.9682584,ADC1,0,servo_1,A,1.644
1770054940.0188718,ADC1,1,servo_2,A,1.28
1770054940.0694532,THERM,0,motor_temp,C,51.918
1770054940.1199477,ADC1,1,servo_2,A,0.956
1770054940.1707711,ADC1,0,servo_1,A,1.659
1770054940.221614,THERM,0,motor_temp,C,59.128
1770054940.2768896,THERM,0,motor_temp,C,66.135
1770054940.328883,ADC1,1,servo_2,A,1.782
1770054940.3799763,ADC1,1,servo_2,A,1.789
1770054940.43056,ADC1,0,servo_1,A,1.609
1770054940.4810493,THERM,0,motor_temp,C,60.545
1770054940.531446,ADC2,0,bus_voltage,V,10.381
1770054940.5818946,ADC1,0,servo_1,A,2.025
1770054940.6325743,ADC2,0,bus_voltage,V,10.602
1770054940.6833577,ADC1,1,servo_2,A,2.412
1770054940.7340944,ADC2,0,bus_voltage,V,11.429
1770054940.796292,THERM,0,motor_temp,C,42.545
1770054940.849166,THERM,0,motor_temp,C,48.664
1770054940.9017637,ADC2,0,bus_voltage,V,12.12
1770054940.9526932,ADC1,1,servo_2,A,0.335
1770054941.0031464,THERM,0,motor_temp,C,31.956
1770054941.0537953,ADC2,0,bus_voltage,V,12.236
1770054941.1074204,ADC1,0,servo_1,A,1.491
1770054941.1612182,ADC2,0,bus_voltage,V,10.497
1770054941.2120373,ADC1,0,servo_1,A,0.29
1770054941.2624862,ADC2,0,bus_voltage,V,11.289
1770054941.3158514,ADC2,0,bus_voltage,V,10.641
1770054941.3711221,ADC1,1,servo_2,A,1.659
1770054941.4273963,THERM,0,motor_temp,C,43.912
1770054941.4778228,ADC1,1,servo_2,A,0.623
1770054941.5289533,ADC1,1,servo_2,A,1.837
1770054941.5793545,ADC1,1,servo_2,A,0.626
1770054941.6309743,ADC2,0,bus_voltage,V,12.413
1770054941.6816294,THERM,0,motor_temp,C,68.584
1770054941.732044,ADC2,0,bus_voltage,V,10.368
1770054941.782904,THERM,0,motor_temp,C,68.031
1770054941.8337834,ADC2,0,bus_voltage,V,12.265
1770054941.8846838,ADC2,0,bus_voltage,V,11.143
1770054941.9354227,ADC2,0,bus_voltage,V,12.287
1770054941.9858856,ADC2,0,bus_voltage,V,11.089
1770054942.0363474,ADC1,0,servo_1,A,1.886
1770054942.0870697,ADC2,0,bus_voltage,V,11.592
1770054942.1376388,ADC2,0,bus_voltage,V,11.456
1770054942.1885235,THERM,0,motor_temp,C,47.904
1770054942.239229,ADC1,1,servo_2,A,2.449
1770054942.2898662,ADC2,0,bus_voltage,V,11.909
1770054942.340474,ADC2,0,bus_voltage,V,10.156
1770054942.3910758,THERM,0,motor_temp,C,54.798
1770054942.4416301,ADC2,0,bus_voltage,V,10.532
1770054942.492041,ADC1,0,servo_1,A,1.942
1770054942.542618,ADC1,0,servo_1,A,0.875
1770054942.593396,THERM,0,motor_temp,C,62.556
1770054942.6440353,ADC2,0,bus_voltage,V,11.966
1770054942.694487,ADC2,0,bus_voltage,V,10.456
1770054942.7448707,ADC1,1,servo_2,A,1.43
1770054942.7955267,ADC1,1,servo_2,A,1.733
1770054942.8459601,ADC1,0,servo_1,A,1.227
1770054942.8966956,ADC1,1,servo_2,A,2.392
1770054942.9474583,ADC2,0,bus_voltage,V,10.521
1770054942.998393,ADC1,0,servo_1,A,2.322
1770054943.048765,THERM,0,motor_temp,C,38.108
1770054943.099955,ADC1,1,servo_2,A,1.522
1770054943.1507063,ADC2,0,bus_voltage,V,10.142
1770054943.2014232,ADC1,0,servo_1,A,1.645
1770054943.2522168,THERM,0,motor_temp,C,34.619
1770054943.3025239,ADC2,0,bus_voltage,V,12.343
1770054943.3530047,ADC1,1,servo_2,A,2.177
1770054943.403643,ADC2,0,bus_voltage,V,10.803
1770054943.4543908,ADC2,0,bus_voltage,V,11.286
1770054943.5052147,ADC2,0,bus_voltage,V,10.549
1770054943.5557187,ADC1,1,servo_2,A,0.742
1770054943.606437,ADC2,0,bus_voltage,V,10.44
1770054943.6570024,ADC1,0,servo_1,A,0.282
1770054943.7073455,THERM,0,motor_temp,C,50.328
1770054943.757985,ADC2,0,bus_voltage,V,11.65
1770054943.8087444,ADC1,0,servo_1,A,1.49
1770054943.859166,ADC1,0,servo_1,A,0.3
1770054943.9096828,ADC1,0,servo_1,A,0.407
1770054943.9600642,ADC1,0,servo_1,A,0.423
1770054944.0106552,THERM,0,motor_temp,C,41.596
1770054944.0626485,ADC1,0,servo_1,A,2.184
1770054944.1131036,ADC2,0,bus_voltage,V,11.989
1770054944.163784,ADC1,0,servo_1,A,1.347
1770054944.2145286,ADC1,0,servo_1,A,0.666
1770054944.2751331,THERM,0,motor_temp,C,29.933
1770054944.3273711,ADC1,1,servo_2,A,2.016
1770054944.3841267,ADC1,0,servo_1,A,2.412
1770054944.4359796,ADC1,1,servo_2,A,1.368
1770054944.486463,ADC2,0,bus_voltage,V,12.072
1770054944.5369406,ADC1,0,servo_1,A,1.44
1770054944.5873513,ADC2,0,bus_voltage,V,11.276
1770054944.6383953,ADC1,1,servo_2,A,1.322
1770054944.6888528,ADC1,1,servo_2,A,1.371
1770054944.7397144,ADC1,1,servo_2,A,1.923
1770054944.7902994,ADC1,0,servo_1,A,2.44
1770054944.8410764,ADC2,0,bus_voltage,V,12.382
1770054944.8916337,ADC1,1,servo_2,A,1.881
1770054944.942233,ADC2,0,bus_voltage,V,12.525
1770054944.9928582,THERM,0,motor_temp,C,37.939
1770054945.0434918,ADC1,1,servo_2,A,2.227
1770054945.0939987,ADC2,0,bus_voltage,V,10.883
1770054945.1443474,ADC1,1,servo_2,A,1.455
1770054945.1951535,THERM,0,motor_temp,C,49.231
1770054945.2459247,ADC2,0,bus_voltage,V,11.22
1770054945.2976813,ADC1,1,servo_2,A,1.456
1770054945.3484654,ADC2,0,bus_voltage,V,12.293
1770054945.400283,THERM,0,motor_temp,C,50.983
1770054945.4509838,ADC2,0,bus_voltage,V,11.113
1770054945.5016396,ADC1,1,servo_2,A,1.069
1770054945.5542367,ADC2,0,bus_voltage,V,11.867
1770054945.604807,THERM,0,motor_temp,C,65.871
1770054945.6568274,ADC2,0,bus_voltage,V,10.872
1770054945.707765,THERM,0,motor_temp,C,55.32
1770054945.7591758,ADC1,0,servo_1,A,1.9
1770054945.810045,THERM,0,motor_temp,C,66.603
1770054945.8606417,THERM,0,motor_temp,C,33.649
1770054945.911391,ADC1,1,servo_2,A,2.132
1770054945.9619455,ADC2,0,bus_voltage,V,10.127
1770054946.0128982,THERM,0,motor_temp,C,63.89
1770054946.0633597,ADC2,0,bus_voltage,V,11.453
1770054946.1143074,ADC1,0,servo_1,A,0.656
1770054946.164919,THERM,0,motor_temp,C,68.633
1770054946.2155206,ADC1,0,servo_1,A,1.992
1770054946.266376,ADC2,0,bus_voltage,V,11.822
1770054946.3172421,ADC2,0,bus_voltage,V,11.044
1770054946.3710036,ADC2,0,bus_voltage,V,10.474
1770054946.4219933,ADC2,0,bus_voltage,V,12.247
1770054946.4728317,ADC1,0,servo_1,A,2.255
1770054946.5252523,ADC1,1,servo_2,A,0.329
1770054946.5759428,ADC1,0,servo_1,A,0.261
1770054946.6264498,THERM,0,motor_temp,C,52.088
1770054946.676793,ADC1,0,servo_1,A,2.357
1770054946.7273848,ADC2,0,bus_voltage,V,12.55
1770054946.7779126,THERM,0,motor_temp,C,67.545
1770054946.8285654,ADC1,0,servo_1,A,2.375
1770054946.8792884,ADC2,0,bus_voltage,V,11.878
1770054946.9300807,ADC1,1,servo_2,A,1.043
1770054946.9809673,THERM,0,motor_temp,C,27.353
1770054947.0314515,ADC1,1,servo_2,A,2.347
1770054947.0822222,ADC2,0,bus_voltage,V,11.471
1770054947.1326985,ADC2,0,bus_voltage,V,11.725
1770054947.1830664,THERM,0,motor_temp,C,40.227
1770054947.2340767,ADC2,0,bus_voltage,V,10.301
1770054947.2875235,ADC1,1,servo_2,A,1.269
1770054947.338255,THERM,0,motor_temp,C,60.406
1770054947.3926172,THERM,0,motor_temp,C,55.753
1770054947.4457157,ADC2,0,bus_voltage,V,11.12
1770054947.4970393,THERM,0,motor_temp,C,45.363
1770054947.5484862,ADC1,1,servo_2,A,1.67
1770054947.6052098,ADC1,0,servo_1,A,1.353
1770054947.65611,ADC2,0,bus_voltage,V,11.724
1770054947.7065215,ADC2,0,bus_voltage,V,12.496
1770054947.7570214,THERM,0,motor_temp,C,41.086
1770054947.8077228,ADC1,1,servo_2,A,1.771
1770054947.858435,THERM,0,motor_temp,C,46.752
1770054947.9091823,THERM,0,motor_temp,C,35.279
1770054947.9597254,ADC2,0,bus_voltage,V,11.778
1770054948.0105011,ADC1,0,servo_1,A,1.284
1770054948.061051,THERM,0,motor_temp,C,47.671
1770054948.1115093,ADC1,0,servo_1,A,0.858
1770054948.161993,THERM,0,motor_temp,C,52.554
1770054948.2126024,ADC1,1,servo_2,A,1.143
1770054948.2634573,ADC1,1,servo_2,A,0.644
1770054948.3142805,ADC1,1,servo_2,A,2.384
1770054948.3646286,ADC2,0,bus_voltage,V,11.572
1770054948.4150076,ADC1,0,servo_1,A,0.446
1770054948.4665549,ADC1,0,servo_1,A,0.905
1770054948.518764,ADC1,1,servo_2,A,1.495
1770054948.5734024,ADC2,0,bus_voltage,V,11.538
1770054948.6241667,ADC1,1,servo_2,A,1.641
1770054948.6748757,ADC1,1,servo_2,A,2.39
1770054948.7253249,THERM,0,motor_temp,C,42.428
1770054948.775977,THERM,0,motor_temp,C,45.86
1770054948.8263977,ADC1,1,servo_2,A,1.324
1770054948.8769903,THERM,0,motor_temp,C,47.631
1770054948.9276142,ADC2,0,bus_voltage,V,11.968
1770054948.978818,ADC2,0,bus_voltage,V,10.572
1770054949.029479,ADC1,0,servo_1,A,2.035
1770054949.080118,THERM,0,motor_temp,C,50.242
1770054949.1305265,ADC1,1,servo_2,A,1.108
1770054949.1811647,ADC1,0,servo_1,A,1.866
1770054949.2319648,ADC1,1,servo_2,A,1.555
1770054949.2824628,ADC1,1,servo_2,A,1.87
1770054949.3331244,ADC1,0,servo_1,A,1.284
1770054949.383853,THERM,0,motor_temp,C,47.502
1770054949.4346874,ADC1,0,servo_1,A,0.294
1770054949.4854858,ADC2,0,bus_voltage,V,12.167
1770054949.5361707,ADC1,1,servo_2,A,1.811
1770054949.5865571,THERM,0,motor_temp,C,50.946
1770054949.6373572,ADC1,0,servo_1,A,1.516
1770054949.68816,ADC2,0,bus_voltage,V,10.291
1770054949.7388346,ADC2,0,bus_voltage,V,10.934
1770054949.7893713,ADC1,0,servo_1,A,2.287
1770054949.8400059,ADC1,0,servo_1,A,0.418
1770054949.8908546,THERM,0,motor_temp,C,38.918
1770054949.9422457,ADC2,0,bus_voltage,V,10.864
1770054949.9929907,ADC1,0,servo_1,A,2.342
1770054950.0437164,ADC1,0,servo_1,A,1.196
1770054950.0943902,ADC1,0,servo_1,A,1.274
1770054950.1450117,ADC1,0,servo_1,A,1.26
1770054950.1956408,ADC1,1,servo_2,A,0.43
1770054950.246123,THERM,0,motor_temp,C,41.03
1770054950.296758,ADC1,0,servo_1,A,0.644
1770054950.3475444,ADC1,1,servo_2,A,1.019
1770054950.3980997,THERM,0,motor_temp,C,36.203
1770054950.4488962,ADC2,0,bus_voltage,V,11.337
1770054950.4996836,THERM,0,motor_temp,C,32.384
1770054950.5530581,ADC2,0,bus_voltage,V,11.2
1770054950.6037748,ADC1,1,servo_2,A,0.607
1770054950.6545694,ADC2,0,bus_voltage,V,11.949
1770054950.7053912,THERM,0,motor_temp,C,27.469
1770054950.756002,ADC1,0,servo_1,A,1.727
1770054950.8068335,ADC1,0,servo_1,A,1.735
1770054950.8575964,ADC1,1,servo_2,A,0.986
1770054950.9081452,ADC1,0,servo_1,A,1.237
1770054950.9588065,ADC1,1,servo_2,A,0.65
1770054951.0091603,ADC2,0,bus_voltage,V,11.68
1770054951.0596704,ADC2,0,bus_voltage,V,10.463
1770054951.110282,THERM,0,motor_temp,C,61.204
1770054951.1606479,THERM,0,motor_temp,C,57.297
1770054951.2113042,ADC1,1,servo_2,A,0.834
1770054951.2618911,THERM,0,motor_temp,C,68.709
1770054951.3144822,ADC1,0,servo_1,A,1.786
1770054951.3660479,ADC2,0,bus_voltage,V,10.198
1770054951.4196825,ADC2,0,bus_voltage,V,11.234
1770054951.4705222,THERM,0,motor_temp,C,64.928
1770054951.5215902,THERM,0,motor_temp,C,44.85
1770054951.5722988,THERM,0,motor_temp,C,67.142
1770054951.623115,ADC1,1,servo_2,A,0.38
1770054951.676579,ADC1,1,servo_2,A,0.615
1770054951.7271452,ADC2,0,bus_voltage,V,10.635
1770054951.7786403,ADC2,0,bus_voltage,V,12.019
1770054951.8299265,THERM,0,motor_temp,C,36.223
1770054951.8803809,THERM,0,motor_temp,C,64.494
1770054951.9307868,ADC1,0,servo_1,A,0.925
1770054951.981484,ADC1,0,servo_1,A,1.423
1770054952.0323436,ADC1,0,servo_1,A,0.457
1770054952.0829108,THERM,0,motor_temp,C,54.552
1770054952.1333125,THERM,0,motor_temp,C,53.919
1770054952.1840315,ADC1,0,servo_1,A,1.74
1770054952.234625,ADC1,1,servo_2,A,1.083
1770054952.2850637,ADC1,1,servo_2,A,0.776
1770054952.3355308,ADC2,0,bus_voltage,V,10.053
1770054952.3859255,ADC2,0,bus_voltage,V,12.386
1770054952.4366033,ADC1,1,servo_2,A,1.99
1770054952.4870982,ADC1,0,servo_1,A,1.73
1770054952.537998,ADC2,0,bus_voltage,V,12.427
1770054952.5885558,ADC1,1,servo_2,A,1.236
1770054952.6395435,ADC1,0,servo_1,A,0.992
1770054952.690256,ADC1,0,servo_1,A,0.83
1770054952.7436163,ADC1,0,servo_1,A,2.412
1770054952.7949305,ADC2,0,bus_voltage,V,10.044
1770054952.845311,ADC1,0,servo_1,A,1.294
1770054952.8961036,ADC1,1,servo_2,A,2.076
1770054952.9470155,ADC1,1,servo_2,A,0.889
1770054952.9974916,ADC2,0,bus_voltage,V,11.204
1770054953.0479417,THERM,0,motor_temp,C,59.483
1770054953.1007783,ADC1,0,servo_1,A,1.138
1770054953.1518686,THERM,0,motor_temp,C,43.694
1770054953.2025564,ADC1,0,servo_1,A,0.783
1770054953.253355,THERM,0,motor_temp,C,39.079
1770054953.3038075,ADC2,0,bus_voltage,V,11.776
1770054953.3541503,ADC1,0,servo_1,A,1.034
1770054953.405008,ADC1,0,servo_1,A,2.462
1770054953.4553728,THERM,0,motor_temp,C,46.815
1770054953.5060854,ADC1,1,servo_2,A,0.786
1770054953.5569954,ADC1,1,servo_2,A,0.468
1770054953.6074474,THERM,0,motor_temp,C,36.772
1770054953.6581478,ADC1,0,servo_1,A,2.28
1770054953.708954,THERM,0,motor_temp,C,61.364
1770054953.7606153,THERM,0,motor_temp,C,59.931
1770054953.8117352,ADC1,1,servo_2,A,1.977
1770054953.8623993,THERM,0,motor_temp,C,61.216
1770054953.9135828,ADC2,0,bus_voltage,V,11.233
1770054953.9642315,THERM,0,motor_temp,C,60.201
1770054954.014696,ADC1,0,servo_1,A,0.943
1770054954.065164,ADC2,0,bus_voltage,V,10.419
1770054954.1155212,ADC2,0,bus_voltage,V,10.431
1770054954.1660206,ADC1,0,servo_1,A,0.271
1770054954.2165325,ADC1,0,servo_1,A,1.443
1770054954.2673068,THERM,0,motor_temp,C,38.066
1770054954.3195293,ADC1,1,servo_2,A,1.93
1770054954.3705347,ADC2,0,bus_voltage,V,10.01
1770054954.4221818,ADC2,0,bus_voltage,V,12.407
1770054954.4725611,ADC1,1,servo_2,A,1.052
1770054954.5240622,ADC2,0,bus_voltage,V,12.229
1770054954.5755956,ADC2,0,bus_voltage,V,11.364
1770054954.6262643,ADC1,0,servo_1,A,0.731
1770054954.6770146,ADC2,0,bus_voltage,V,11.664
1770054954.731778,ADC2,0,bus_voltage,V,11.155
1770054954.7827573,ADC1,1,servo_2,A,1.146
1770054954.833457,THERM,0,motor_temp,C,50.144
1770054954.8841612,ADC1,0,servo_1,A,1.95
1770054954.9345846,ADC1,0,servo_1,A,2.497
1770054954.9853804,ADC1,0,servo_1,A,1.77
1770054955.0361502,ADC2,0,bus_voltage,V,10.938
1770054955.0868435,ADC2,0,bus_voltage,V,11.03
1770054955.1375442,THERM,0,motor_temp,C,37.261
1770054955.188192,ADC1,1,servo_2,A,2.435
1770054955.2387478,ADC1,0,servo_1,A,0.92
1770054955.2895186,ADC1,1,servo_2,A,0.954
1770054955.341393,THERM,0,motor_temp,C,49.222
1770054955.391881,THERM,0,motor_temp,C,54.054
1770054955.4422596,ADC1,0,servo_1,A,0.374
1770054955.4930477,ADC2,0,bus_voltage,V,12.115
1770054955.543532,ADC2,0,bus_voltage,V,12.496
1770054955.594146,ADC2,0,bus_voltage,V,12.59
1770054955.6449778,ADC1,0,servo_1,A,0.666
1770054955.6956754,ADC1,1,servo_2,A,0.912
1770054955.7471023,ADC1,0,servo_1,A,1.113
1770054955.7980752,ADC1,1,servo_2,A,1.554
1770054955.8486073,ADC1,1,servo_2,A,1.016
1770054955.8994257,THERM,0,motor_temp,C,69.428
1770054955.949951,ADC1,0,servo_1,A,0.541
1770054956.000746,ADC1,1,servo_2,A,2.13
1770054956.0514789,THERM,0,motor_temp,C,35.795
1770054956.1020732,ADC1,0,servo_1,A,0.299
1770054956.1528754,THERM,0,motor_temp,C,41.387
1770054956.203374,ADC1,1,servo_2,A,1.405
1770054956.253826,THERM,0,motor_temp,C,25.032
1770054956.3041542,THERM,0,motor_temp,C,53.29
1770054956.3549924,THERM,0,motor_temp,C,45.326
1770054956.405827,ADC1,1,servo_2,A,2.46
1770054956.4564028,ADC1,1,servo_2,A,1.896
1770054956.5072007,ADC1,1,servo_2,A,0.362
1770054956.557864,THERM,0,motor_temp,C,29.642
1770054956.608619,THERM,0,motor_temp,C,38.512
1770054956.659086,ADC1,1,servo_2,A,2.33
1770054956.709866,THERM,0,motor_temp,C,69.585
1770054956.7609203,ADC1,1,servo_2,A,2.405
1770054956.8122647,ADC2,0,bus_voltage,V,11.183
1770054956.8630347,ADC1,0,servo_1,A,2.321
1770054956.9137256,THERM,0,motor_temp,C,42.0
1770054956.9644177,ADC2,0,bus_voltage,V,11.892
1770054957.01483,ADC2,0,bus_voltage,V,10.557
1770054957.065838,THERM,0,motor_temp,C,63.043
1770054957.1165307,ADC2,0,bus_voltage,V,11.622
1770054957.167181,ADC1,1,servo_2,A,1.314
1770054957.218089,ADC1,0,servo_1,A,0.838
1770054957.2684102,ADC1,1,servo_2,A,1.298
1770054957.3187616,ADC1,0,servo_1,A,2.055
1770054957.3694828,ADC2,0,bus_voltage,V,12.134
1770054957.4202538,ADC1,0,servo_1,A,0.698
1770054957.4707336,ADC1,1,servo_2,A,1.107
1770054957.5212667,ADC2,0,bus_voltage,V,11.01
1770054957.5746186,ADC1,0,servo_1,A,2.133
1770054957.625034,THERM,0,motor_temp,C,45.818
1770054957.6757414,ADC1,0,servo_1,A,1.411
1770054957.7263062,ADC2,0,bus_voltage,V,12.332
1770054957.776756,ADC2,0,bus_voltage,V,11.649
1770054957.8277047,ADC1,1,servo_2,A,2.024
1770054957.8817346,ADC2,0,bus_voltage,V,10.362
1770054957.9322057,THERM,0,motor_temp,C,41.049
1770054957.9830353,ADC1,1,servo_2,A,1.381
1770054958.0338273,ADC1,1,servo_2,A,2.281
1770054958.0844743,ADC2,0,bus_voltage,V,10.22
1770054958.134721,ADC1,1,servo_2,A,0.642
1770054958.1854022,THERM,0,motor_temp,C,26.267
1770054958.2358615,THERM,0,motor_temp,C,67.324
1770054958.286431,ADC2,0,bus_voltage,V,11.421
1770054958.3371196,ADC2,0,bus_voltage,V,11.384
1770054958.3879466,ADC2,0,bus_voltage,V,10.984
1770054958.4386988,THERM,0,motor_temp,C,27.722
1770054958.4893243,ADC2,0,bus_voltage,V,10.807
1770054958.5402284,ADC1,1,servo_2,A,0.693
1770054958.5909252,THERM,0,motor_temp,C,62.227
1770054958.6414628,THERM,0,motor_temp,C,57.685
1770054958.691819,ADC2,0,bus_voltage,V,11.952
1770054958.7422276,ADC1,0,servo_1,A,1.651
1770054958.7926722,ADC2,0,bus_voltage,V,12.298
1770054958.8430154,THERM,0,motor_temp,C,41.727
1770054958.8937669,ADC1,1,servo_2,A,2.377
1770054958.9442313,ADC1,0,servo_1,A,1.96
1770054958.9952197,ADC1,0,servo_1,A,0.531
1770054959.045714,ADC1,1,servo_2,A,1.148
1770054959.096403,THERM,0,motor_temp,C,66.433
1770054959.14797,ADC1,0,servo_1,A,1.611
1770054959.1985,ADC2,0,bus_voltage,V,11.994
1770054959.2491553,ADC1,1,servo_2,A,1.842
1770054959.299986,ADC2,0,bus_voltage,V,11.496
1770054959.3504472,ADC2,0,bus_voltage,V,10.694
1770054959.401015,THERM,0,motor_temp,C,54.551
1770054959.4516444,ADC2,0,bus_voltage,V,10.196
1770054959.5019712,ADC1,0,servo_1,A,0.392
1770054959.552477,ADC2,0,bus_voltage,V,12.264
1770054959.6028185,ADC1,0,servo_1,A,1.761
1770054959.653336,THERM,0,motor_temp,C,67.379
1770054959.704141,ADC1,1,servo_2,A,0.236
1770054959.7548645,ADC1,1,servo_2,A,1.981
1770054959.805394,THERM,0,motor_temp,C,29.522
1770054959.8559794,ADC2,0,bus_voltage,V,11.5
1770054959.9067488,ADC2,0,bus_voltage,V,10.771
1770054959.9576316,ADC1,0,servo_1,A,2.299
1770054960.0086477,ADC1,1,servo_2,A,1.2
1770054960.059792,THERM,0,motor_temp,C,67.387
1770054960.1103442,ADC1,1,servo_2,A,1.598
1770054960.1609707,ADC2,0,bus_voltage,V,11.218
1770054960.2116377,ADC1,0,servo_1,A,0.725
1770054960.2631185,ADC1,1,servo_2,A,1.512
1770054960.3135772,ADC1,0,servo_1,A,0.94
1770054960.3642378,ADC1,0,servo_1,A,0.96
1770054960.4145272,ADC1,1,servo_2,A,1.094
1770054960.46486,THERM,0,motor_temp,C,27.244
1770054960.5155506,ADC1,1,servo_2,A,1.606
1770054960.5660632,ADC1,0,servo_1,A,0.722
1770054960.6168664,ADC1,1,servo_2,A,2.408
1770054960.6674159,THERM,0,motor_temp,C,37.776
1770054960.718359,THERM,0,motor_temp,C,62.459
1770054960.7690964,ADC1,0,servo_1,A,0.428
1770054960.819929,ADC1,0,servo_1,A,0.316
1770054960.8706574,ADC1,0,servo_1,A,1.432
1770054960.921319,ADC1,1,servo_2,A,0.824
1770054960.972074,THERM,0,motor_temp,C,35.952
1770054961.0226102,ADC1,0,servo_1,A,2.017
1770054961.0735302,ADC2,0,bus_voltage,V,11.187
1770054961.1239016,THERM,0,motor_temp,C,60.619
1770054961.1744006,ADC2,0,bus_voltage,V,12.212
1770054961.2248743,ADC1,0,servo_1,A,0.648
1770054961.275453,ADC1,0,servo_1,A,0.206
1770054961.3261132,ADC1,0,servo_1,A,1.169
1770054961.3764915,ADC2,0,bus_voltage,V,11.539
1770054961.4270263,ADC2,0,bus_voltage,V,10.608
1770054961.4777002,ADC2,0,bus_voltage,V,11.984
1770054961.5282943,ADC2,0,bus_voltage,V,12.039
1770054961.579007,ADC1,0,servo_1,A,2.05
1770054961.6295943,ADC1,0,servo_1,A,0.243
1770054961.6800766,THERM,0,motor_temp,C,29.742
1770054961.7305133,THERM,0,motor_temp,C,27.402
1770054961.7836454,THERM,0,motor_temp,C,39.682
1770054961.834836,THERM,0,motor_temp,C,35.968
1770054961.885527,ADC1,1,servo_2,A,0.4
1770054961.9362445,ADC1,0,servo_1,A,0.768
1770054961.9879735,ADC2,0,bus_voltage,V,10.031
1770054962.038469,ADC1,1,servo_2,A,0.925
1770054962.0891178,ADC1,1,servo_2,A,2.302
1770054962.139766,ADC2,0,bus_voltage,V,11.415
1770054962.190104,ADC1,1,servo_2,A,0.229
1770054962.2406957,ADC1,0,servo_1,A,0.601
1770054962.2912893,ADC1,0,servo_1,A,0.88
1770054962.3416755,ADC1,0,servo_1,A,2.341
1770054962.3923752,THERM,0,motor_temp,C,36.976
1770054962.4429984,ADC1,0,servo_1,A,1.241
1770054962.4935982,THERM,0,motor_temp,C,60.628
1770054962.544207,ADC1,0,servo_1,A,0.707
1770054962.5946553,ADC2,0,bus_voltage,V,12.155
1770054962.645056,ADC1,1,servo_2,A,0.538
1770054962.6956418,ADC1,0,servo_1,A,1.139
1770054962.7464864,THERM,0,motor_temp,C,52.394
1770054962.7968504,ADC1,1,servo_2,A,2.464
1770054962.8473039,ADC2,0,bus_voltage,V,10.338
1770054962.8980334,ADC2,0,bus_voltage,V,11.906
1770054962.951895,ADC2,0,bus_voltage,V,11.004
1770054963.00271,THERM,0,motor_temp,C,26.451
1770054963.0559332,ADC2,0,bus_voltage,V,10.388
1770054963.1067939,ADC1,0,servo_1,A,2.306
1770054963.157622,ADC1,1,servo_2,A,2.216
1770054963.20844,ADC1,1,servo_2,A,1.946
1770054963.2591844,ADC2,0,bus_voltage,V,11.983
1770054963.309931,THERM,0,motor_temp,C,28.081
1770054963.3607738,ADC1,1,servo_2,A,2.141
1770054963.4113944,ADC1,1,servo_2,A,0.399
1770054963.461962,THERM,0,motor_temp,C,51.141
1770054963.5124512,ADC1,1,servo_2,A,0.678
1770054963.562859,ADC1,0,servo_1,A,1.565
1770054963.6136155,ADC1,0,servo_1,A,2.256
1770054963.664236,ADC1,1,servo_2,A,1.239
1770054963.7149003,THERM,0,motor_temp,C,56.707
1770054963.7652788,ADC2,0,bus_voltage,V,10.42
1770054963.8159018,ADC1,0,servo_1,A,1.461
1770054963.8665876,ADC1,1,servo_2,A,1.415
1770054963.917143,THERM,0,motor_temp,C,27.968
1770054963.9700694,ADC1,0,servo_1,A,1.292
1770054964.0206594,ADC1,1,servo_2,A,2.049
1770054964.0734708,ADC1,0,servo_1,A,1.131
1770054964.1239622,ADC1,0,servo_1,A,0.779
1770054964.1758451,ADC1,0,servo_1,A,1.381
1770054964.2265399,ADC1,1,servo_2,A,1.723
1770054964.2774303,ADC2,0,bus_voltage,V,11.478
1770054964.3278692,ADC1,0,servo_1,A,1.417
1770054964.3782039,THERM,0,motor_temp,C,31.581
1770054964.4290278,ADC1,0,servo_1,A,1.492
1770054964.4793897,THERM,0,motor_temp,C,63.158
1770054964.5301278,ADC1,0,servo_1,A,1.386
1770054964.5807557,ADC1,0,servo_1,A,1.271
1770054964.6314397,ADC1,0,servo_1,A,1.963
1770054964.6821108,ADC1,0,servo_1,A,0.991
1770054964.7325897,ADC2,0,bus_voltage,V,11.763
1770054964.7832005,ADC1,0,servo_1,A,1.924
1770054964.8337295,ADC1,0,servo_1,A,1.425
1770054964.8841715,THERM,0,motor_temp,C,52.357
1770054964.9349456,ADC2,0,bus_voltage,V,12.236
1770054964.9855168,ADC1,0,servo_1,A,1.723
1770054965.0361943,THERM,0,motor_temp,C,51.124
1770054965.0867403,ADC2,0,bus_voltage,V,11.355
1770054965.1372733,THERM,0,motor_temp,C,54.501
1770054965.187971,ADC1,0,servo_1,A,0.21
1770054965.239668,ADC2,0,bus_voltage,V,11.402
1770054965.2926662,ADC2,0,bus_voltage,V,10.334
1770054965.3444376,ADC1,0,servo_1,A,0.86
1770054965.395014,ADC1,1,servo_2,A,2.307
1770054965.4457624,ADC2,0,bus_voltage,V,11.959
1770054965.4961693,ADC2,0,bus_voltage,V,12.088
1770054965.5467765,ADC1,1,servo_2,A,2.046
1770054965.5974066,ADC1,0,servo_1,A,1.393
1770054965.6479356,ADC1,0,servo_1,A,1.105
1770054965.6982713,ADC1,0,servo_1,A,0.251
1770054965.7497628,ADC2,0,bus_voltage,V,12.441
1770054965.8000555,THERM,0,motor_temp,C,63.215
1770054965.8504124,ADC2,0,bus_voltage,V,10.804
1770054965.901362,THERM,0,motor_temp,C,37.69
1770054965.9521432,THERM,0,motor_temp,C,49.619
1770054966.002964,ADC1,1,servo_2,A,0.364
1770054966.0534449,ADC1,0,servo_1,A,0.345
1770054966.1039767,THERM,0,motor_temp,C,39.172
1770054966.1546016,ADC2,0,bus_voltage,V,12.124
1770054966.2052138,ADC1,1,servo_2,A,1.218
1770054966.25582,ADC1,1,servo_2,A,0.998
1770054966.306299,ADC1,0,servo_1,A,1.663
1770054966.3571289,ADC2,0,bus_voltage,V,12.376
1770054966.4077208,THERM,0,motor_temp,C,69.954
1770054966.4582517,ADC2,0,bus_voltage,V,11.24
1770054966.508676,ADC1,0,servo_1,A,0.952
1770054966.559426,ADC1,1,servo_2,A,1.674
1770054966.6102495,ADC1,1,servo_2,A,1.959
1770054966.6610112,THERM,0,motor_temp,C,31.51
1770054966.7116346,ADC1,0,servo_1,A,0.909
1770054966.7619169,ADC1,0,servo_1,A,1.758
1770054966.812306,ADC1,0,servo_1,A,0.247
1770054966.8631706,ADC1,1,servo_2,A,2.352
1770054966.9182158,ADC1,0,servo_1,A,2.471
1770054966.9750934,ADC1,1,servo_2,A,2.345
1770054967.0257428,ADC1,0,servo_1,A,2.053
1770054967.0765364,ADC2,0,bus_voltage,V,12.575
1770054967.1274107,ADC2,0,bus_voltage,V,10.251
1770054967.1781585,ADC1,1,servo_2,A,1.266
1770054967.22892,ADC2,0,bus_voltage,V,10.637
1770054967.279454,ADC2,0,bus_voltage,V,10.531
1770054967.334574,ADC1,0,servo_1,A,1.129
1770054967.3855286,ADC1,0,servo_1,A,1.756
1770054967.4363277,ADC1,1,servo_2,A,1.943
1770054967.4873898,ADC1,1,servo_2,A,1.772
1770054967.5385587,ADC1,0,servo_1,A,1.731
1770054967.5898895,THERM,0,motor_temp,C,53.437
1770054967.6406066,THERM,0,motor_temp,C,50.153
1770054967.6909282,ADC2,0,bus_voltage,V,10.369
1770054967.741395,ADC1,1,servo_2,A,2.015
1770054967.7920413,ADC1,1,servo_2,A,0.506
1770054967.842758,ADC1,0,servo_1,A,1.55
1770054967.8933508,ADC1,1,servo_2,A,1.395
1770054967.9440057,ADC1,1,servo_2,A,1.626
1770054967.994458,ADC1,0,servo_1,A,1.308
1770054968.0450084,ADC1,0,servo_1,A,0.3
1770054968.0960138,ADC1,1,servo_2,A,2.14
1770054968.1467047,ADC2,0,bus_voltage,V,11.581
1770054968.1973844,ADC1,0,servo_1,A,2.309
1770054968.248079,ADC1,1,servo_2,A,0.906
1770054968.2990284,ADC1,1,servo_2,A,0.533
1770054968.3499918,ADC1,0,servo_1,A,1.799
1770054968.400596,THERM,0,motor_temp,C,44.804
1770054968.451484,ADC2,0,bus_voltage,V,11.817
1770054968.5018978,ADC1,0,servo_1,A,1.078
1770054968.5536995,ADC1,1,servo_2,A,2.003
1770054968.604384,THERM,0,motor_temp,C,35.015
1770054968.6550946,ADC1,0,servo_1,A,0.888
1770054968.7057788,ADC2,0,bus_voltage,V,10.999
1770054968.7565584,ADC1,1,servo_2,A,0.238
1770054968.8069186,ADC1,0,servo_1,A,2.179
1770054968.8575304,ADC1,1,servo_2,A,1.261
1770054968.9081495,ADC1,1,servo_2,A,0.771
1770054968.958765,ADC1,0,servo_1,A,2.379
1770054969.009467,ADC2,0,bus_voltage,V,10.927
1770054969.062341,ADC2,0,bus_voltage,V,12.077
1770054969.1131408,ADC1,0,servo_1,A,0.809
1770054969.163645,ADC1,1,servo_2,A,0.209
1770054969.2143397,ADC1,1,servo_2,A,1.177
1770054969.2650547,ADC1,1,servo_2,A,1.917
1770054969.3156464,ADC2,0,bus_voltage,V,12.361
1770054969.3662937,THERM,0,motor_temp,C,49.955
1770054969.4169397,ADC1,1,servo_2,A,1.33
1770054969.467533,ADC2,0,bus_voltage,V,11.833
1770054969.5179346,THERM,0,motor_temp,C,43.431
1770054969.5687199,ADC1,0,servo_1,A,1.336
1770054969.6197271,ADC1,0,servo_1,A,1.079
1770054969.670485,THERM,0,motor_temp,C,41.538
1770054969.7213812,ADC1,0,servo_1,A,0.967
1770054969.7720385,ADC2,0,bus_voltage,V,11.2
1770054969.8225741,THERM,0,motor_temp,C,31.369
1770054969.8732376,THERM,0,motor_temp,C,28.036
1770054969.9236372,ADC1,1,servo_2,A,1.233
1770054969.9740672,ADC1,1,servo_2,A,2.024
1770054970.0248048,ADC2,0,bus_voltage,V,10.207
1770054970.0754309,THERM,0,motor_temp,C,61.698
1770054970.1258137,ADC1,0,servo_1,A,1.614
1770054970.1763685,THERM,0,motor_temp,C,36.84
1770054970.2271972,THERM,0,motor_temp,C,59.078
1770054970.2780025,THERM,0,motor_temp,C,31.755
1770054970.3286383,ADC2,0,bus_voltage,V,11.773
1770054970.379425,ADC2,0,bus_voltage,V,10.091
1770054970.4301631,ADC1,0,servo_1,A,1.352
1770054970.4821103,ADC2,0,bus_voltage,V,10.538
1770054970.5324755,ADC1,1,servo_2,A,1.253
1770054970.5831714,ADC2,0,bus_voltage,V,10.702
1770054970.635423,ADC1,1,servo_2,A,2.472
1770054970.6858768,ADC1,1,servo_2,A,2.427
1770054970.7372699,THERM,0,motor_temp,C,45.999
1770054970.7878675,ADC1,0,servo_1,A,1.131
1770054970.8385625,ADC2,0,bus_voltage,V,10.314
1770054970.889235,THERM,0,motor_temp,C,56.055
1770054970.939717,ADC1,1,servo_2,A,1.456
1770054970.9901378,THERM,0,motor_temp,C,39.741
1770054971.0405946,THERM,0,motor_temp,C,62.896
1770054971.0912628,ADC1,0,servo_1,A,0.877
1770054971.1424234,ADC2,0,bus_voltage,V,10.574
1770054971.1928332,THERM,0,motor_temp,C,35.551
1770054971.2435477,ADC1,1,servo_2,A,0.278
1770054971.294622,ADC1,1,servo_2,A,1.047
1770054971.34536,ADC2,0,bus_voltage,V,10.422
1770054971.3967042,ADC1,0,servo_1,A,0.851
1770054971.450853,ADC1,0,servo_1,A,2.488
1770054971.5016868,THERM,0,motor_temp,C,48.341
1770054971.552442,ADC1,1,servo_2,A,1.319
1770054971.604599,ADC1,0,servo_1,A,0.599
1770054971.6556463,THERM,0,motor_temp,C,53.681
1770054971.706753,ADC1,0,servo_1,A,0.781
1770054971.757107,ADC2,0,bus_voltage,V,11.653
1770054971.8077831,ADC1,1,servo_2,A,2.171
1770054971.8581054,ADC2,0,bus_voltage,V,10.743
1770054971.9090059,ADC1,1,servo_2,A,2.322
1770054971.959712,ADC2,0,bus_voltage,V,11.34
1770054972.0101964,ADC1,0,servo_1,A,0.638
1770054972.0605967,THERM,0,motor_temp,C,45.814
1770054972.1115644,ADC1,1,servo_2,A,2.105
1770054972.162497,ADC1,1,servo_2,A,0.959
1770054972.2129123,ADC2,0,bus_voltage,V,10.515
1770054972.2655594,THERM,0,motor_temp,C,53.321
1770054972.3187828,THERM,0,motor_temp,C,46.793
1770054972.36938,ADC1,1,servo_2,A,1.333
1770054972.4231117,ADC2,0,bus_voltage,V,10.965
1770054972.4739466,ADC1,1,servo_2,A,0.478
1770054972.5245965,ADC1,0,servo_1,A,0.668
1770054972.5751257,THERM,0,motor_temp,C,64.407
1770054972.6256874,ADC1,1,servo_2,A,1.992
1770054972.6764536,ADC1,0,servo_1,A,0.943
1770054972.7271392,ADC1,0,servo_1,A,2.122
1770054972.7778704,ADC2,0,bus_voltage,V,12.443
1770054972.8285308,THERM,0,motor_temp,C,42.026
1770054972.8797107,ADC1,1,servo_2,A,0.314
1770054972.9303653,ADC1,1,servo_2,A,1.193
1770054972.9809072,THERM,0,motor_temp,C,66.175
1770054973.0314248,THERM,0,motor_temp,C,61.15
1770054973.082635,THERM,0,motor_temp,C,41.815
1770054973.1332066,ADC1,0,servo_1,A,1.986
1770054973.1839163,ADC2,0,bus_voltage,V,11.55
1770054973.234663,THERM,0,motor_temp,C,32.326
1770054973.2850451,ADC2,0,bus_voltage,V,11.967
1770054973.3355389,ADC2,0,bus_voltage,V,12.157
1770054973.3862162,ADC1,1,servo_2,A,1.375
1770054973.4371426,THERM,0,motor_temp,C,61.379
1770054973.4878135,THERM,0,motor_temp,C,59.749
1770054973.5387383,ADC1,1,servo_2,A,1.869
1770054973.5891395,ADC1,1,servo_2,A,0.778
1770054973.6398945,ADC1,1,servo_2,A,1.612
1770054973.6908147,ADC2,0,bus_voltage,V,10.956
1770054973.7423167,THERM,0,motor_temp,C,40.712
1770054973.7927043,ADC2,0,bus_voltage,V,11.545
1770054973.8431208,ADC2,0,bus_voltage,V,11.251
1770054973.893802,ADC1,0,servo_1,A,0.822
1770054973.944305,ADC1,1,servo_2,A,2.004
1770054973.9947364,THERM,0,motor_temp,C,40.314
1770054974.0453262,ADC1,1,servo_2,A,1.504
1770054974.0957286,ADC1,1,servo_2,A,0.845
1770054974.146843,ADC2,0,bus_voltage,V,12.391
1770054974.1975152,ADC1,1,servo_2,A,0.978
1770054974.2482183,THERM,0,motor_temp,C,45.817
1770054974.30057,ADC1,1,servo_2,A,2.308
1770054974.351258,ADC2,0,bus_voltage,V,11.602
1770054974.4023929,ADC1,0,servo_1,A,0.491
1770054974.4532743,ADC1,0,servo_1,A,2.065
1770054974.5039017,ADC2,0,bus_voltage,V,10.184
1770054974.554452,ADC1,0,servo_1,A,0.966
1770054974.6050422,ADC1,0,servo_1,A,1.012
1770054974.6556783,ADC1,0,servo_1,A,0.387
1770054974.7061424,THERM,0,motor_temp,C,27.521
1770054974.75697,THERM,0,motor_temp,C,64.656
1770054974.8074613,THERM,0,motor_temp,C,28.076
1770054974.8578732,ADC1,1,servo_2,A,1.169
1770054974.9082422,ADC2,0,bus_voltage,V,11.703
1770054974.958717,ADC2,0,bus_voltage,V,11.938
1770054975.0090797,THERM,0,motor_temp,C,50.059
1770054975.0595613,ADC1,1,servo_2,A,1.576
1770054975.1100307,ADC2,0,bus_voltage,V,10.471
1770054975.161006,ADC1,1,servo_2,A,1.136
1770054975.2117567,ADC1,1,servo_2,A,0.745
1770054975.2621267,ADC1,0,servo_1,A,0.756
1770054975.3133235,ADC1,0,servo_1,A,1.957
1770054975.3639877,ADC2,0,bus_voltage,V,12.442
1770054975.4144647,ADC2,0,bus_voltage,V,10.579
1770054975.4652925,ADC1,1,servo_2,A,1.802
1770054975.5158515,THERM,0,motor_temp,C,32.571
1770054975.56623,ADC2,0,bus_voltage,V,10.854
1770054975.6169446,ADC1,1,servo_2,A,0.659
1770054975.6698134,THERM,0,motor_temp,C,65.62
1770054975.7206423,ADC1,1,servo_2,A,1.667
1770054975.7726038,THERM,0,motor_temp,C,53.821
1770054975.8230338,ADC1,0,servo_1,A,2.289
1770054975.873514,ADC1,0,servo_1,A,0.669
1770054975.9242654,ADC1,0,servo_1,A,1.305
1770054975.975,ADC1,1,servo_2,A,1.884
1770054976.025491,THERM,0,motor_temp,C,41.449
1770054976.0763268,ADC1,0,servo_1,A,1.92
1770054976.1271667,ADC2,0,bus_voltage,V,10.656
1770054976.1777158,ADC1,0,servo_1,A,2.158
1770054976.228608,THERM,0,motor_temp,C,33.64
1770054976.2793288,THERM,0,motor_temp,C,65.386
1770054976.330315,ADC1,0,servo_1,A,2.177
1770054976.3814802,THERM,0,motor_temp,C,40.145
1770054976.4320257,ADC1,1,servo_2,A,2.246
1770054976.4830112,ADC1,0,servo_1,A,0.734
1770054976.533543,ADC1,1,servo_2,A,2.432
1770054976.5847757,ADC2,0,bus_voltage,V,12.131
1770054976.6354682,ADC1,0,servo_1,A,0.47
1770054976.6864228,ADC1,1,servo_2,A,0.599
1770054976.7373805,ADC2,0,bus_voltage,V,10.681
1770054976.7889552,ADC1,0,servo_1,A,1.956
1770054976.839491,ADC1,0,servo_1,A,1.54
1770054976.8901658,ADC2,0,bus_voltage,V,10.575
1770054976.9408379,ADC2,0,bus_voltage,V,12.231
1770054976.9914281,ADC1,1,servo_2,A,1.998
1770054977.042228,ADC1,1,servo_2,A,0.979
1770054977.0929494,ADC2,0,bus_voltage,V,12.2
1770054977.1437356,ADC1,0,servo_1,A,0.221
1770054977.1942527,ADC1,1,servo_2,A,2.472
1770054977.244801,THERM,0,motor_temp,C,67.299
1770054977.2955832,ADC1,1,servo_2,A,1.804
1770054977.3464377,ADC1,0,servo_1,A,1.19
1770054977.3972764,ADC1,1,servo_2,A,0.381
1770054977.447924,ADC2,0,bus_voltage,V,12.007
1770054977.498488,ADC1,0,servo_1,A,2.474
1770054977.549119,ADC2,0,bus_voltage,V,12.545
1770054977.602406,ADC1,1,servo_2,A,0.347
1770054977.6538568,ADC2,0,bus_voltage,V,10.609
1770054977.7044575,ADC1,0,servo_1,A,0.21
1770054977.757657,ADC2,0,bus_voltage,V,11.458
1770054977.8080812,ADC2,0,bus_voltage,V,10.53
1770054977.8585646,ADC2,0,bus_voltage,V,11.283
1770054977.911946,ADC2,0,bus_voltage,V,12.091
1770054977.9623766,ADC1,0,servo_1,A,1.706
1770054978.0128005,THERM,0,motor_temp,C,32.14
1770054978.063612,ADC1,1,servo_2,A,1.06
1770054978.1141984,ADC2,0,bus_voltage,V,10.233
1770054978.1647127,ADC2,0,bus_voltage,V,11.148
1770054978.215229,ADC1,1,servo_2,A,0.654
1770054978.2659597,ADC1,1,servo_2,A,1.947
1770054978.3165052,THERM,0,motor_temp,C,39.714
1770054978.366922,ADC1,1,servo_2,A,1.634
1770054978.41772,ADC1,0,servo_1,A,0.98
1770054978.4682107,THERM,0,motor_temp,C,46.463
1770054978.5186965,ADC1,1,servo_2,A,2.252
1770054978.5694313,THERM,0,motor_temp,C,67.788
1770054978.6200538,THERM,0,motor_temp,C,41.791
1770054978.6734989,ADC1,0,servo_1,A,0.82
1770054978.724059,ADC2,0,bus_voltage,V,12.122
1770054978.7748935,ADC1,0,servo_1,A,1.848
1770054978.8268762,THERM,0,motor_temp,C,25.657
1770054978.8776858,ADC1,1,servo_2,A,0.901
1770054978.9283557,THERM,0,motor_temp,C,46.28
1770054978.9801095,ADC1,0,servo_1,A,0.305
1770054979.0306456,ADC1,1,servo_2,A,2.061
1770054979.081444,ADC1,1,servo_2,A,1.246
1770054979.131812,ADC1,1,servo_2,A,1.923
1770054979.182227,ADC1,1,servo_2,A,1.59
1770054979.2327929,ADC1,1,servo_2,A,1.059
1770054979.283277,ADC1,0,servo_1,A,1.628
1770054979.3336692,ADC1,0,servo_1,A,1.051
1770054979.384214,THERM,0,motor_temp,C,37.465
1770054979.4349449,ADC2,0,bus_voltage,V,11.518
1770054979.485604,ADC2,0,bus_voltage,V,11.673
1770054979.536302,THERM,0,motor_temp,C,44.843
1770054979.58716,ADC1,1,servo_2,A,1.364
1770054979.6379864,THERM,0,motor_temp,C,57.065
1770054979.688598,ADC1,0,servo_1,A,0.518
1770054979.7391214,ADC1,1,servo_2,A,1.656
1770054979.7898104,THERM,0,motor_temp,C,52.439
1770054979.840666,ADC1,0,servo_1,A,0.688
1770054979.8914196,THERM,0,motor_temp,C,37.06
1770054979.941967,ADC1,0,servo_1,A,1.4
1770054979.994871,ADC1,1,servo_2,A,0.375
1770054980.0458198,ADC1,1,servo_2,A,0.828
1770054980.0967782,ADC1,0,servo_1,A,2.293
1770054980.1475105,ADC2,0,bus_voltage,V,12.221
1770054980.1984751,ADC2,0,bus_voltage,V,11.08
1770054980.2493246,ADC1,0,servo_1,A,2.185
1770054980.3000047,ADC2,0,bus_voltage,V,12.448
1770054980.3503587,ADC2,0,bus_voltage,V,12.457
1770054980.4007733,ADC2,0,bus_voltage,V,12.119
1770054980.4513414,ADC1,1,servo_2,A,1.758
1770054980.502291,ADC1,1,servo_2,A,0.558
1770054980.55313,ADC2,0,bus_voltage,V,12.293
1770054980.603652,ADC2,0,bus_voltage,V,10.765
1770054980.6543992,ADC2,0,bus_voltage,V,12.492
1770054980.7070274,ADC1,1,servo_2,A,0.494
1770054980.7585027,ADC1,1,servo_2,A,0.608
1770054980.8093963,ADC1,0,servo_1,A,1.04
1770054980.8600478,ADC2,0,bus_voltage,V,12.546
1770054980.9111128,ADC2,0,bus_voltage,V,10.804
1770054980.9619622,ADC1,0,servo_1,A,2.188
1770054981.0134048,ADC1,0,servo_1,A,1.076
1770054981.063769,THERM,0,motor_temp,C,25.138
1770054981.1149032,ADC1,0,servo_1,A,2.424
1770054981.1653914,ADC1,0,servo_1,A,0.607
1770054981.2159019,ADC2,0,bus_voltage,V,10.802
1770054981.2665062,ADC2,0,bus_voltage,V,12.274
1770054981.3173707,ADC2,0,bus_voltage,V,11.157
1770054981.3681598,ADC1,1,servo_2,A,1.351
1770054981.4186695,ADC2,0,bus_voltage,V,11.898
1770054981.4692278,ADC2,0,bus_voltage,V,11.081
1770054981.5196314,ADC2,0,bus_voltage,V,11.531
1770054981.5706127,ADC1,1,servo_2,A,0.474
1770054981.6211727,THERM,0,motor_temp,C,45.786
1770054981.6718318,ADC1,1,servo_2,A,0.265
1770054981.7225099,ADC1,0,servo_1,A,0.687
1770054981.7732723,ADC1,0,servo_1,A,0.878
1770054981.8237174,ADC2,0,bus_voltage,V,11.731
1770054981.8741114,ADC1,0,servo_1,A,0.553
1770054981.92477,ADC1,0,servo_1,A,0.883
1770054981.9755101,ADC1,0,servo_1,A,1.544
1770054982.0259333,THERM,0,motor_temp,C,68.397
1770054982.0764892,ADC2,0,bus_voltage,V,11.515
1770054982.127211,ADC2,0,bus_voltage,V,10.021
1770054982.178079,THERM,0,motor_temp,C,55.472
1770054982.2291322,ADC2,0,bus_voltage,V,10.232
1770054982.2798226,THERM,0,motor_temp,C,40.64
1770054982.3305857,ADC2,0,bus_voltage,V,11.024
1770054982.3811991,ADC1,0,servo_1,A,1.457
1770054982.4320965,THERM,0,motor_temp,C,55.096
1770054982.482749,ADC1,1,servo_2,A,0.938
1770054982.5333664,THERM,0,motor_temp,C,66.262
1770054982.5839214,ADC2,0,bus_voltage,V,10.67
1770054982.634536,ADC1,1,servo_2,A,1.566
1770054982.685125,ADC1,1,servo_2,A,2.306
1770054982.73557,ADC2,0,bus_voltage,V,11.735
1770054982.7858903,ADC2,0,bus_voltage,V,12.309
1770054982.8486028,ADC1,1,servo_2,A,1.937
1770054982.8995316,ADC1,0,servo_1,A,0.955
1770054982.9514792,ADC1,0,servo_1,A,1.2
1770054983.0066514,ADC1,1,servo_2,A,0.992
1770054983.0604577,ADC2,0,bus_voltage,V,11.596
1770054983.1120114,THERM,0,motor_temp,C,40.703
1770054983.1631489,ADC1,1,servo_2,A,0.571
1770054983.21414,ADC1,0,servo_1,A,2.285
1770054983.2646446,ADC1,1,servo_2,A,2.423
1770054983.3154304,THERM,0,motor_temp,C,53.156
1770054983.3661919,ADC1,1,servo_2,A,2.388
1770054983.4170442,ADC2,0,bus_voltage,V,10.365
1770054983.4677603,ADC1,0,servo_1,A,1.927
1770054983.5182977,ADC1,1,servo_2,A,0.201
1770054983.5692546,ADC1,1,servo_2,A,1.334
1770054983.6200266,ADC2,0,bus_voltage,V,11.654
1770054983.6704938,ADC1,0,servo_1,A,0.537
1770054983.7210908,THERM,0,motor_temp,C,35.588
1770054983.7716117,THERM,0,motor_temp,C,61.083
1770054983.8220968,THERM,0,motor_temp,C,28.126
1770054983.87262,ADC1,0,servo_1,A,0.489
1770054983.9233336,ADC2,0,bus_voltage,V,11.656
1770054983.973872,ADC1,1,servo_2,A,0.493
1770054984.0244884,ADC1,0,servo_1,A,1.187
1770054984.0755892,ADC1,1,servo_2,A,2.422
1770054984.1264315,ADC1,1,servo_2,A,1.291
1770054984.1771204,ADC2,0,bus_voltage,V,12.192
1770054984.2276416,THERM,0,motor_temp,C,61.937
1770054984.2780962,ADC1,0,servo_1,A,1.009
1770054984.3284578,ADC1,1,servo_2,A,0.223
1770054984.3790069,ADC1,0,servo_1,A,0.659
1770054984.4296632,ADC1,0,servo_1,A,1.045
1770054984.4803429,THERM,0,motor_temp,C,37.362
1770054984.5312028,ADC2,0,bus_voltage,V,11.917
1770054984.5819046,ADC1,1,servo_2,A,0.818
1770054984.6324675,ADC1,1,servo_2,A,0.95
1770054984.6830812,ADC2,0,bus_voltage,V,12.379
1770054984.7337353,THERM,0,motor_temp,C,32.03
1770054984.7843332,ADC2,0,bus_voltage,V,11.299
1770054984.8347025,THERM,0,motor_temp,C,42.059
1770054984.8851426,ADC1,1,servo_2,A,1.242
1770054984.9357133,ADC2,0,bus_voltage,V,12.577
1770054984.98605,THERM,0,motor_temp,C,26.099
1770054985.0366733,ADC1,1,servo_2,A,0.904
1770054985.0874083,THERM,0,motor_temp,C,55.456
1770054985.1380267,THERM,0,motor_temp,C,37.053
1770054985.1888216,ADC1,0,servo_1,A,0.955
1770054985.2396746,ADC2,0,bus_voltage,V,11.105
1770054985.2904518,ADC1,1,servo_2,A,1.749
1770054985.341374,ADC2,0,bus_voltage,V,10.458
1770054985.3921583,ADC1,0,servo_1,A,1.147
1770054985.4428685,ADC1,1,servo_2,A,0.707
1770054985.493882,ADC1,0,servo_1,A,0.518
1770054985.5446064,ADC1,0,servo_1,A,0.282
1770054985.5950184,ADC1,1,servo_2,A,2.369
1770054985.6466653,ADC1,1,servo_2,A,1.949
1770054985.697079,ADC2,0,bus_voltage,V,11.336
1770054985.7475128,THERM,0,motor_temp,C,30.333
1770054985.7978237,ADC2,0,bus_voltage,V,10.655
1770054985.8481696,ADC2,0,bus_voltage,V,10.341
1770054985.898485,THERM,0,motor_temp,C,64.156
1770054985.9489803,ADC1,1,servo_2,A,0.859
1770054985.999693,ADC2,0,bus_voltage,V,10.304
1770054986.0505292,ADC1,0,servo_1,A,1.001
1770054986.1012242,THERM,0,motor_temp,C,40.979
1770054986.151512,THERM,0,motor_temp,C,42.248
1770054986.2019362,THERM,0,motor_temp,C,25.113
1770054986.2525182,ADC1,1,servo_2,A,0.759
1770054986.3031473,ADC1,0,servo_1,A,0.797
1770054986.3554184,THERM,0,motor_temp,C,68.158
1770054986.4059417,ADC2,0,bus_voltage,V,12.023
1770054986.4572594,ADC2,0,bus_voltage,V,11.583
1770054986.5076532,ADC1,0,servo_1,A,2.054
1770054986.5584917,ADC1,0,servo_1,A,1.834
1770054986.6089919,THERM,0,motor_temp,C,57.076
1770054986.6595252,THERM,0,motor_temp,C,64.793
1770054986.7101035,ADC1,0,servo_1,A,1.401
1770054986.7606099,ADC1,1,servo_2,A,0.607
1770054986.8112943,ADC2,0,bus_voltage,V,10.806
1770054986.8620853,ADC1,0,servo_1,A,0.274
1770054986.912917,ADC1,1,servo_2,A,0.799
1770054986.9634128,ADC1,1,servo_2,A,2.467
1770054987.0152938,ADC1,1,servo_2,A,0.723
1770054987.0686734,ADC1,1,servo_2,A,0.837
1770054987.1190848,ADC2,0,bus_voltage,V,11.63
1770054987.1696115,ADC1,0,servo_1,A,1.661
1770054987.2212584,ADC2,0,bus_voltage,V,12.597
1770054987.2716758,ADC1,1,servo_2,A,1.442
1770054987.3229167,THERM,0,motor_temp,C,64.898
1770054987.3736901,ADC1,1,servo_2,A,1.293
1770054987.42461,THERM,0,motor_temp,C,50.253
1770054987.4753332,THERM,0,motor_temp,C,41.342
1770054987.5257874,ADC1,0,servo_1,A,1.272
1770054987.5782175,ADC1,0,servo_1,A,1.805
1770054987.6290164,ADC1,0,servo_1,A,0.819
1770054987.6798565,ADC1,0,servo_1,A,0.477
1770054987.7303565,ADC2,0,bus_voltage,V,12.176
1770054987.781004,THERM,0,motor_temp,C,67.511
1770054987.8318355,ADC2,0,bus_voltage,V,10.352
1770054987.882615,ADC2,0,bus_voltage,V,10.811
1770054987.932974,ADC2,0,bus_voltage,V,11.009
1770054987.9838343,ADC2,0,bus_voltage,V,10.197
1770054988.0343487,THERM,0,motor_temp,C,43.043
1770054988.084832,ADC2,0,bus_voltage,V,10.912
1770054988.1353438,ADC1,0,servo_1,A,2.288
1770054988.1859837,ADC1,1,servo_2,A,1.594
1770054988.2365468,ADC1,0,servo_1,A,1.229
1770054988.2872443,THERM,0,motor_temp,C,57.034
1770054988.337913,ADC1,0,servo_1,A,0.227
1770054988.3886852,THERM,0,motor_temp,C,43.379
1770054988.439188,ADC2,0,bus_voltage,V,12.1
1770054988.4899185,ADC2,0,bus_voltage,V,12.218
1770054988.5404527,ADC2,0,bus_voltage,V,11.511
1770054988.5912142,ADC1,1,servo_2,A,1.05
1770054988.6419277,ADC2,0,bus_voltage,V,10.68
1770054988.6926534,ADC1,1,servo_2,A,2.469
1770054988.7432334,ADC1,0,servo_1,A,1.562
1770054988.7935991,ADC2,0,bus_voltage,V,12.227
1770054988.8442311,ADC2,0,bus_voltage,V,11.958
1770054988.8949628,ADC1,1,servo_2,A,1.46
1770054988.9480667,ADC2,0,bus_voltage,V,12.18
1770054989.0010586,ADC2,0,bus_voltage,V,10.654
1770054989.0513673,ADC1,1,servo_2,A,1.603
1770054989.101962,THERM,0,motor_temp,C,50.207
1770054989.1544285,ADC2,0,bus_voltage,V,11.016
1770054989.2051258,ADC1,1,servo_2,A,1.087
1770054989.2564042,THERM,0,motor_temp,C,35.979
1770054989.3071568,ADC2,0,bus_voltage,V,10.02
1770054989.359829,ADC1,1,servo_2,A,0.436
1770054989.4109657,ADC2,0,bus_voltage,V,10.471
1770054989.461457,ADC1,0,servo_1,A,1.56
1770054989.5118394,ADC2,0,bus_voltage,V,11.643
1770054989.562662,THERM,0,motor_temp,C,39.229
1770054989.6131382,ADC1,0,servo_1,A,1.377
1770054989.6637702,ADC1,0,servo_1,A,0.617
1770054989.7143524,ADC1,1,servo_2,A,0.364
1770054989.7651086,ADC2,0,bus_voltage,V,10.302
1770054989.8154783,ADC2,0,bus_voltage,V,10.917
1770054989.8660574,ADC2,0,bus_voltage,V,10.22
1770054989.9164774,ADC1,1,servo_2,A,2.237
1770054989.9673102,ADC1,0,servo_1,A,1.19
1770054990.0188475,THERM,0,motor_temp,C,62.526
1770054990.0693069,ADC1,0,servo_1,A,1.529
1770054990.119906,ADC1,1,servo_2,A,0.568
1770054990.1705816,ADC1,0,servo_1,A,0.329
1770054990.2214537,ADC1,1,servo_2,A,0.892
1770054990.272423,ADC2,0,bus_voltage,V,10.594
1770054990.3231072,ADC2,0,bus_voltage,V,11.984
1770054990.3740435,THERM,0,motor_temp,C,33.059
1770054990.4248247,THERM,0,motor_temp,C,27.519
1770054990.4753003,ADC1,1,servo_2,A,0.421
1770054990.5260015,ADC2,0,bus_voltage,V,11.835
1770054990.5766988,ADC1,1,servo_2,A,2.245
1770054990.6274955,THERM,0,motor_temp,C,63.438
1770054990.677984,THERM,0,motor_temp,C,57.921
1770054990.728895,ADC1,0,servo_1,A,0.678
1770054990.7795374,ADC1,1,servo_2,A,1.189
1770054990.8302357,ADC2,0,bus_voltage,V,11.309
1770054990.8810515,ADC2,0,bus_voltage,V,10.832
1770054990.9315603,ADC1,0,servo_1,A,0.925
1770054990.9823015,ADC1,0,servo_1,A,1.655
1770054991.0329404,THERM,0,motor_temp,C,53.752
1770054991.0833943,THERM,0,motor_temp,C,67.188
1770054991.1339536,ADC1,0,servo_1,A,1.158
1770054991.1859188,ADC1,1,servo_2,A,1.927
1770054991.2364056,ADC2,0,bus_voltage,V,10.028
1770054991.2871253,ADC1,1,servo_2,A,1.509
1770054991.3380997,ADC1,0,servo_1,A,1.758
1770054991.3884737,ADC1,1,servo_2,A,1.706
1770054991.4392333,ADC1,1,servo_2,A,2.008
1770054991.49058,THERM,0,motor_temp,C,53.908
1770054991.5410414,ADC1,0,servo_1,A,1.984
1770054991.5916786,THERM,0,motor_temp,C,57.3
1770054991.6423514,THERM,0,motor_temp,C,45.319
1770054991.692706,ADC1,1,servo_2,A,1.304
1770054991.7433743,ADC1,1,servo_2,A,2.393
1770054991.7941194,THERM,0,motor_temp,C,28.468
1770054991.8449385,ADC1,1,servo_2,A,0.877
1770054991.8953955,ADC2,0,bus_voltage,V,10.008
1770054991.9461012,THERM,0,motor_temp,C,64.546
1770054991.9965703,THERM,0,motor_temp,C,62.95
1770054992.0471509,ADC1,0,servo_1,A,0.612
1770054992.0978734,ADC1,0,servo_1,A,1.919
1770054992.1486452,THERM,0,motor_temp,C,59.668
1770054992.199507,ADC2,0,bus_voltage,V,10.575
1770054992.2502787,THERM,0,motor_temp,C,66.023
1770054992.300763,ADC2,0,bus_voltage,V,11.319
1770054992.351604,ADC1,1,servo_2,A,1.04
1770054992.4022782,ADC2,0,bus_voltage,V,11.766
1770054992.4526846,ADC2,0,bus_voltage,V,10.421
1770054992.5032382,ADC1,0,servo_1,A,1.165
1770054992.5560045,ADC1,1,servo_2,A,0.304
1770054992.6069298,ADC1,0,servo_1,A,1.899
1770054992.6576154,THERM,0,motor_temp,C,30.188
1770054992.709683,ADC1,1,servo_2,A,1.945
1770054992.7607207,ADC2,0,bus_voltage,V,11.917
1770054992.8112407,THERM,0,motor_temp,C,34.145
1770054992.8617406,ADC1,0,servo_1,A,1.155
1770054992.9124255,ADC2,0,bus_voltage,V,10.817
1770054992.9629815,ADC2,0,bus_voltage,V,11.069
1770054993.0136921,ADC1,1,servo_2,A,0.839
1770054993.0645292,ADC1,0,servo_1,A,2.177
1770054993.1151974,ADC1,1,servo_2,A,2.253
1770054993.1660676,ADC1,1,servo_2,A,0.318
1770054993.2175663,ADC1,1,servo_2,A,1.181
1770054993.2683077,ADC1,1,servo_2,A,0.32
1770054993.3187203,ADC1,1,servo_2,A,1.146
1770054993.3693833,ADC2,0,bus_voltage,V,11.572
1770054993.4201548,ADC2,0,bus_voltage,V,12.486
1770054993.471167,ADC1,1,servo_2,A,1.494
1770054993.5215843,THERM,0,motor_temp,C,40.03
1770054993.572314,THERM,0,motor_temp,C,35.59
1770054993.6227272,ADC2,0,bus_voltage,V,11.764
1770054993.675422,ADC2,0,bus_voltage,V,11.41
1770054993.7263296,ADC1,1,servo_2,A,1.716
1770054993.7767494,ADC1,1,servo_2,A,0.528
1770054993.827499,THERM,0,motor_temp,C,40.377
1770054993.87836,ADC1,0,servo_1,A,1.145
1770054993.9290142,ADC2,0,bus_voltage,V,10.686
1770054993.9793973,ADC1,0,servo_1,A,0.427
1770054994.0297751,THERM,0,motor_temp,C,25.163
1770054994.0806992,THERM,0,motor_temp,C,59.04
1770054994.131385,ADC2,0,bus_voltage,V,11.423
1770054994.181825,ADC1,0,servo_1,A,1.599
1770054994.2324986,THERM,0,motor_temp,C,28.494
1770054994.2828164,THERM,0,motor_temp,C,42.178
1770054994.3331585,THERM,0,motor_temp,C,31.772
1770054994.3837817,ADC1,0,servo_1,A,2.203
1770054994.4344687,THERM,0,motor_temp,C,53.35
1770054994.4851902,ADC1,0,servo_1,A,2.326
1770054994.538378,ADC1,0,servo_1,A,2.243
1770054994.5888922,ADC2,0,bus_voltage,V,11.295
1770054994.6394677,ADC1,0,servo_1,A,0.661
1770054994.689829,ADC1,1,servo_2,A,0.268
1770054994.7404292,ADC1,0,servo_1,A,0.871
1770054994.7908378,ADC2,0,bus_voltage,V,10.422
1770054994.8413088,THERM,0,motor_temp,C,69.783
1770054994.8920372,ADC2,0,bus_voltage,V,10.005
1770054994.9427724,ADC1,1,servo_2,A,1.103
1770054994.9931817,THERM,0,motor_temp,C,37.468
1770054995.0438886,THERM,0,motor_temp,C,36.427
1770054995.0945053,ADC1,1,servo_2,A,1.078
1770054995.1454556,THERM,0,motor_temp,C,36.802
1770054995.1963625,THERM,0,motor_temp,C,27.029
1770054995.2471473,ADC1,0,servo_1,A,1.54
1770054995.2982776,ADC1,0,servo_1,A,1.055
1770054995.3490102,THERM,0,motor_temp,C,31.151
1770054995.3997,ADC2,0,bus_voltage,V,11.652
1770054995.4501736,ADC1,1,servo_2,A,1.26
1770054995.5009792,THERM,0,motor_temp,C,29.726
1770054995.5513241,ADC1,0,servo_1,A,1.311
1770054995.602608,ADC1,0,servo_1,A,0.855
1770054995.653482,ADC2,0,bus_voltage,V,10.377
1770054995.703924,ADC1,0,servo_1,A,0.677
1770054995.7544785,THERM,0,motor_temp,C,38.714
1770054995.80545,ADC2,0,bus_voltage,V,10.877
1770054995.8561437,ADC1,0,servo_1,A,1.514
1770054995.9069366,ADC1,1,servo_2,A,1.799
1770054995.9576814,THERM,0,motor_temp,C,47.442
1770054996.0081656,ADC1,0,servo_1,A,2.31
1770054996.0585895,THERM,0,motor_temp,C,49.854
1770054996.1090157,THERM,0,motor_temp,C,41.982
1770054996.1596053,ADC2,0,bus_voltage,V,10.697
1770054996.2102473,THERM,0,motor_temp,C,50.347
1770054996.2609692,ADC1,0,servo_1,A,0.867
1770054996.3113348,ADC2,0,bus_voltage,V,11.302
1770054996.361856,THERM,0,motor_temp,C,58.736
1770054996.412247,ADC2,0,bus_voltage,V,12.26
1770054996.4650528,THERM,0,motor_temp,C,44.914
1770054996.5158343,ADC1,0,servo_1,A,1.67
1770054996.5665107,ADC2,0,bus_voltage,V,10.858
1770054996.617026,THERM,0,motor_temp,C,35.551
1770054996.6679378,ADC1,1,servo_2,A,1.443
1770054996.7191913,ADC2,0,bus_voltage,V,12.054
1770054996.7695942,ADC2,0,bus_voltage,V,10.517
1770054996.819932,THERM,0,motor_temp,C,63.812
1770054996.870536,THERM,0,motor_temp,C,29.696
1770054996.9208891,ADC1,0,servo_1,A,1.557
1770054996.9712465,ADC1,1,servo_2,A,0.702
1770054997.021789,ADC2,0,bus_voltage,V,12.509
1770054997.0726016,ADC1,1,servo_2,A,1.213
1770054997.1233118,ADC1,0,servo_1,A,2.23
1770054997.1737716,ADC2,0,bus_voltage,V,10.237
1770054997.2243338,ADC1,0,servo_1,A,0.203
1770054997.2753391,ADC1,1,servo_2,A,1.246
1770054997.334934,ADC1,1,servo_2,A,1.497
1770054997.387132,THERM,0,motor_temp,C,35.165
1770054997.4375803,ADC2,0,bus_voltage,V,10.508
1770054997.4881659,THERM,0,motor_temp,C,64.526
1770054997.538657,THERM,0,motor_temp,C,32.556
1770054997.5909095,ADC1,1,servo_2,A,2.365
1770054997.641732,ADC1,0,servo_1,A,1.886
1770054997.692461,THERM,0,motor_temp,C,44.609
1770054997.7435136,ADC1,0,servo_1,A,1.442
1770054997.794166,ADC1,0,servo_1,A,1.113
1770054997.844599,ADC1,0,servo_1,A,0.942
1770054997.8949509,ADC2,0,bus_voltage,V,10.0
1770054997.9455304,ADC1,0,servo_1,A,0.269
1770054997.9962547,ADC1,0,servo_1,A,1.758
1770054998.0467448,ADC1,1,servo_2,A,1.602
1770054998.0972686,ADC1,0,servo_1,A,1.261
1770054998.1478772,ADC1,1,servo_2,A,1.991
1770054998.1985397,ADC1,1,servo_2,A,0.579
1770054998.2489731,ADC1,1,servo_2,A,1.116
1770054998.2996378,THERM,0,motor_temp,C,47.18
1770054998.3500671,ADC1,0,servo_1,A,0.243
1770054998.4005866,THERM,0,motor_temp,C,66.554
1770054998.4512885,ADC1,1,servo_2,A,0.76
1770054998.505761,ADC1,1,servo_2,A,0.916
1770054998.556849,ADC1,0,servo_1,A,1.205
1770054998.6073408,ADC1,0,servo_1,A,2.166
1770054998.6596346,THERM,0,motor_temp,C,27.28
1770054998.7129672,THERM,0,motor_temp,C,55.579
1770054998.7640424,THERM,0,motor_temp,C,28.106
1770054998.8145304,ADC1,0,servo_1,A,0.86
1770054998.8648388,THERM,0,motor_temp,C,49.41
1770054998.9156604,ADC1,0,servo_1,A,2.167
1770054998.9671311,THERM,0,motor_temp,C,30.335
1770054999.0175562,THERM,0,motor_temp,C,32.55
1770054999.0679646,ADC1,1,servo_2,A,0.937
1770054999.118229,ADC1,0,servo_1,A,1.163
1770054999.168828,ADC1,1,servo_2,A,1.55
1770054999.2194219,THERM,0,motor_temp,C,50.127
1770054999.2698576,ADC2,0,bus_voltage,V,10.451
1770054999.3203764,ADC1,0,servo_1,A,0.289
1770054999.3711638,ADC1,0,servo_1,A,0.416
1770054999.4218118,THERM,0,motor_temp,C,55.068
1770054999.4724343,THERM,0,motor_temp,C,30.225
1770054999.5234616,THERM,0,motor_temp,C,69.382
1770054999.574531,ADC2,0,bus_voltage,V,11.195
1770054999.6251442,ADC2,0,bus_voltage,V,11.906
1770054999.6756947,ADC2,0,bus_voltage,V,10.36
1770054999.7264745,ADC2,0,bus_voltage,V,12.431
1770054999.7770438,THERM,0,motor_temp,C,39.664
1770054999.82761,ADC1,0,servo_1,A,1.366
1770054999.8781037,THERM,0,motor_temp,C,54.553
1770054999.9288406,ADC1,0,servo_1,A,1.872
1770054999.979381,THERM,0,motor_temp,C,36.342
1770055000.0302417,ADC1,1,servo_2,A,1.509
1770055000.0806136,ADC1,0,servo_1,A,1.485
1770055000.1311445,ADC2,0,bus_voltage,V,10.071
1770055000.1817956,ADC1,0,servo_1,A,1.361
1770055000.232138,ADC1,1,servo_2,A,0.48
1770055000.2825658,THERM,0,motor_temp,C,48.412
1770055000.3330042,THERM,0,motor_temp,C,34.001
1770055000.383794,ADC2,0,bus_voltage,V,12.277
1770055000.4344037,ADC2,0,bus_voltage,V,11.014
1770055000.4851701,THERM,0,motor_temp,C,43.058
1770055000.5359309,ADC1,0,servo_1,A,2.279
1770055000.5865192,THERM,0,motor_temp,C,33.517
1770055000.6378098,THERM,0,motor_temp,C,47.272
1770055000.6891565,THERM,0,motor_temp,C,41.615
1770055000.7399085,ADC1,1,servo_2,A,1.888
1770055000.7911315,ADC1,1,servo_2,A,0.857
1770055000.8416562,ADC2,0,bus_voltage,V,12.368
1770055000.8921473,THERM,0,motor_temp,C,64.606
1770055000.942706,ADC2,0,bus_voltage,V,11.288
1770055000.993329,ADC1,1,servo_2,A,0.365
1770055001.0442555,ADC1,1,servo_2,A,1.558
1770055001.0948727,ADC1,1,servo_2,A,0.286
1770055001.1454654,ADC2,0,bus_voltage,V,12.128
1770055001.1963859,ADC1,1,servo_2,A,0.713
1770055001.247006,ADC1,0,servo_1,A,1.635
1770055001.2976952,ADC2,0,bus_voltage,V,10.689
1770055001.3495424,ADC1,1,servo_2,A,0.3
1770055001.4050033,ADC2,0,bus_voltage,V,10.475
1770055001.45568,THERM,0,motor_temp,C,28.786
1770055001.5061936,ADC1,0,servo_1,A,0.987
1770055001.5568426,ADC2,0,bus_voltage,V,12.565
1770055001.6074545,ADC2,0,bus_voltage,V,11.08
1770055001.658409,ADC1,0,servo_1,A,1.285
1770055001.7088044,ADC1,1,servo_2,A,1.427
1770055001.75969,ADC1,0,servo_1,A,1.804
1770055001.8104095,ADC1,1,servo_2,A,1.935
1770055001.8613672,ADC1,1,servo_2,A,1.39
1770055001.9121516,ADC1,0,servo_1,A,1.719
1770055001.9624867,ADC2,0,bus_voltage,V,11.773
1770055002.01328,ADC1,0,servo_1,A,0.861
1770055002.063899,ADC1,0,servo_1,A,1.009
1770055002.1141953,ADC1,1,servo_2,A,0.854
1770055002.164672,THERM,0,motor_temp,C,41.145
1770055002.2153218,THERM,0,motor_temp,C,30.064
1770055002.2660553,ADC1,0,servo_1,A,1.013
1770055002.3167362,ADC1,0,servo_1,A,0.827
1770055002.3672879,ADC1,0,servo_1,A,1.742
1770055002.4179306,THERM,0,motor_temp,C,59.43
1770055002.4683852,ADC2,0,bus_voltage,V,11.727
1770055002.519174,ADC1,1,servo_2,A,0.653
1770055002.5695698,ADC1,0,servo_1,A,1.287
1770055002.6200135,THERM,0,motor_temp,C,64.008
1770055002.6705716,THERM,0,motor_temp,C,49.78
1770055002.7212906,ADC2,0,bus_voltage,V,11.222
1770055002.7719777,ADC2,0,bus_voltage,V,11.769
1770055002.8233843,THERM,0,motor_temp,C,31.985
1770055002.8741367,ADC1,0,servo_1,A,0.422
1770055002.924447,ADC2,0,bus_voltage,V,10.392
1770055002.9748561,ADC1,1,servo_2,A,0.416
1770055003.0252964,ADC1,0,servo_1,A,1.23
1770055003.0757382,THERM,0,motor_temp,C,51.582
1770055003.1265225,ADC1,0,servo_1,A,2.41
1770055003.1769814,ADC2,0,bus_voltage,V,10.871
1770055003.2277925,THERM,0,motor_temp,C,66.917
1770055003.2785738,ADC1,1,servo_2,A,1.99
1770055003.329231,ADC1,0,servo_1,A,1.701
1770055003.3797526,THERM,0,motor_temp,C,28.235
1770055003.4302258,THERM,0,motor_temp,C,46.771
1770055003.4809957,ADC1,0,servo_1,A,2.377
1770055003.5318365,ADC2,0,bus_voltage,V,11.127
1770055003.5823476,ADC1,0,servo_1,A,2.042
1770055003.6327856,ADC1,1,servo_2,A,1.945
1770055003.6830695,ADC2,0,bus_voltage,V,12.202
1770055003.7337234,ADC1,0,servo_1,A,2.254
1770055003.786203,THERM,0,motor_temp,C,38.334
1770055003.839762,ADC1,1,servo_2,A,1.058
1770055003.8911197,ADC2,0,bus_voltage,V,11.423
1770055003.9417953,ADC1,0,servo_1,A,1.287
1770055003.992576,ADC1,1,servo_2,A,1.629
1770055004.043055,ADC1,1,servo_2,A,0.801
1770055004.093678,ADC2,0,bus_voltage,V,11.062
1770055004.1440182,ADC2,0,bus_voltage,V,11.301
1770055004.1947713,ADC2,0,bus_voltage,V,11.205
1770055004.2451198,ADC1,1,servo_2,A,1.275
1770055004.2954826,THERM,0,motor_temp,C,52.719
1770055004.3459356,ADC1,1,servo_2,A,1.859
1770055004.3965554,ADC2,0,bus_voltage,V,12.042
1770055004.4474716,ADC2,0,bus_voltage,V,11.402
1770055004.4979467,ADC1,0,servo_1,A,0.737
1770055004.548359,ADC2,0,bus_voltage,V,10.413
1770055004.5991292,ADC1,0,servo_1,A,1.978
1770055004.6498265,ADC2,0,bus_voltage,V,10.081
1770055004.7003248,ADC2,0,bus_voltage,V,10.388
1770055004.7511353,THERM,0,motor_temp,C,48.366
1770055004.8018224,THERM,0,motor_temp,C,44.447
1770055004.8526437,THERM,0,motor_temp,C,60.303
1770055004.9039352,ADC2,0,bus_voltage,V,12.446
1770055004.9550455,ADC1,0,servo_1,A,2.38
1770055005.005675,ADC2,0,bus_voltage,V,10.982
1770055005.0561044,ADC1,1,servo_2,A,1.186
1770055005.106804,ADC1,1,servo_2,A,2.446
1770055005.1573036,ADC1,0,servo_1,A,0.302
1770055005.208075,THERM,0,motor_temp,C,47.098
1770055005.2596517,ADC2,0,bus_voltage,V,12.152
1770055005.3099833,THERM,0,motor_temp,C,42.559
1770055005.36068,ADC2,0,bus_voltage,V,11.525
1770055005.4117432,ADC1,1,servo_2,A,1.704
1770055005.4624486,ADC1,0,servo_1,A,1.53
1770055005.5132813,ADC2,0,bus_voltage,V,10.741
1770055005.564177,ADC1,1,servo_2,A,1.708
1770055005.6157367,THERM,0,motor_temp,C,33.671
1770055005.6665282,THERM,0,motor_temp,C,61.045
1770055005.7171714,ADC1,0,servo_1,A,1.862
1770055005.7683141,ADC2,0,bus_voltage,V,10.989
1770055005.8187597,THERM,0,motor_temp,C,27.192
1770055005.8696315,ADC2,0,bus_voltage,V,12.044
1770055005.9203525,ADC1,0,servo_1,A,0.399
1770055005.9711702,ADC2,0,bus_voltage,V,12.051
1770055006.021682,ADC1,1,servo_2,A,1.979
1770055006.0724244,ADC1,0,servo_1,A,1.67
1770055006.1228614,ADC1,0,servo_1,A,1.035
1770055006.1734993,ADC1,0,servo_1,A,1.658
1770055006.224125,THERM,0,motor_temp,C,38.885
1770055006.2744508,ADC1,1,servo_2,A,0.599
1770055006.3249466,THERM,0,motor_temp,C,36.793
1770055006.3757553,ADC1,1,servo_2,A,2.177
1770055006.4261672,THERM,0,motor_temp,C,26.011
1770055006.4773111,ADC1,0,servo_1,A,0.811
1770055006.5280635,ADC1,1,servo_2,A,2.141
1770055006.578877,ADC1,0,servo_1,A,0.87
1770055006.629646,ADC1,0,servo_1,A,1.908
1770055006.6801524,THERM,0,motor_temp,C,36.923
1770055006.7306037,ADC1,0,servo_1,A,1.628
1770055006.7810767,ADC2,0,bus_voltage,V,10.178
1770055006.8316274,ADC1,0,servo_1,A,2.041
1770055006.8832588,ADC1,1,servo_2,A,1.393
1770055006.9344878,ADC1,1,servo_2,A,1.368
1770055006.9855907,ADC2,0,bus_voltage,V,10.035
1770055007.0388072,ADC1,1,servo_2,A,1.916
1770055007.0893283,ADC2,0,bus_voltage,V,10.165
1770055007.1397543,ADC1,0,servo_1,A,0.473
1770055007.1904106,ADC2,0,bus_voltage,V,11.928
1770055007.2411685,THERM,0,motor_temp,C,41.841
1770055007.2917202,THERM,0,motor_temp,C,65.357
1770055007.342224,ADC1,0,servo_1,A,1.544
1770055007.3930514,ADC2,0,bus_voltage,V,10.381
1770055007.443685,ADC2,0,bus_voltage,V,10.425
1770055007.4944777,ADC1,1,servo_2,A,1.717
1770055007.5449963,ADC2,0,bus_voltage,V,12.593
1770055007.595417,ADC2,0,bus_voltage,V,11.285
1770055007.6459875,THERM,0,motor_temp,C,44.391
1770055007.696688,ADC2,0,bus_voltage,V,11.488
1770055007.7474089,THERM,0,motor_temp,C,25.376
1770055007.800613,THERM,0,motor_temp,C,63.767
1770055007.851579,ADC1,0,servo_1,A,2.405
1770055007.9023693,ADC1,0,servo_1,A,1.276
1770055007.9555538,THERM,0,motor_temp,C,25.948
1770055008.011399,ADC1,1,servo_2,A,0.417
1770055008.0633829,ADC1,0,servo_1,A,2.426
1770055008.114434,THERM,0,motor_temp,C,34.835
1770055008.1646855,ADC2,0,bus_voltage,V,10.076
1770055008.2149537,THERM,0,motor_temp,C,43.664
1770055008.2656493,ADC1,1,servo_2,A,1.043
1770055008.3161414,THERM,0,motor_temp,C,53.372
1770055008.3669298,ADC2,0,bus_voltage,V,12.361
1770055008.4176614,ADC1,0,servo_1,A,1.246
1770055008.4682913,ADC1,1,servo_2,A,1.749
1770055008.518788,THERM,0,motor_temp,C,37.254
1770055008.5693822,ADC2,0,bus_voltage,V,12.383
1770055008.620005,ADC1,1,servo_2,A,2.49
1770055008.6706264,THERM,0,motor_temp,C,37.725
1770055008.720991,THERM,0,motor_temp,C,44.041
1770055008.7714884,THERM,0,motor_temp,C,41.017
1770055008.8218932,ADC1,0,servo_1,A,0.88
1770055008.8724093,ADC1,0,servo_1,A,2.023
1770055008.9232264,ADC2,0,bus_voltage,V,11.927
1770055008.9738085,ADC1,0,servo_1,A,1.979
1770055009.0245209,ADC1,1,servo_2,A,2.178
1770055009.074933,ADC1,0,servo_1,A,1.95
1770055009.1270108,ADC2,0,bus_voltage,V,12.441
1770055009.1781683,THERM,0,motor_temp,C,29.592
1770055009.2287884,ADC2,0,bus_voltage,V,10.863
1770055009.279767,THERM,0,motor_temp,C,38.55
1770055009.330351,THERM,0,motor_temp,C,57.404
1770055009.3812273,ADC1,0,servo_1,A,1.68
1770055009.4315479,THERM,0,motor_temp,C,66.596
1770055009.4822853,THERM,0,motor_temp,C,36.026
1770055009.5331728,THERM,0,motor_temp,C,47.157
1770055009.5836773,THERM,0,motor_temp,C,46.977
1770055009.6344066,ADC1,1,servo_2,A,2.468
1770055009.6850193,ADC2,0,bus_voltage,V,10.945
1770055009.7356472,ADC1,1,servo_2,A,0.648
1770055009.7864838,ADC1,0,servo_1,A,0.21
1770055009.8373027,ADC1,1,servo_2,A,0.247
1770055009.8880131,ADC2,0,bus_voltage,V,11.601
1770055009.938457,ADC1,1,servo_2,A,0.582
1770055009.988784,ADC2,0,bus_voltage,V,10.513
1770055010.039125,ADC2,0,bus_voltage,V,11.857
1770055010.0894825,ADC1,0,servo_1,A,0.398
1770055010.1403103,ADC2,0,bus_voltage,V,10.555
1770055010.1910026,THERM,0,motor_temp,C,32.257
1770055010.2416499,THERM,0,motor_temp,C,38.769
1770055010.292,ADC2,0,bus_voltage,V,10.573
1770055010.342336,THERM,0,motor_temp,C,57.265
1770055010.3930902,ADC2,0,bus_voltage,V,12.139
1770055010.4435902,THERM,0,motor_temp,C,44.452
1770055010.494151,ADC2,0,bus_voltage,V,10.54
1770055010.5444486,ADC1,1,servo_2,A,0.794
1770055010.5949633,ADC2,0,bus_voltage,V,11.481
1770055010.6453376,THERM,0,motor_temp,C,63.635
1770055010.6958666,ADC2,0,bus_voltage,V,12.575
1770055010.746634,ADC2,0,bus_voltage,V,11.11
1770055010.7970793,ADC1,0,servo_1,A,1.161
1770055010.8476803,THERM,0,motor_temp,C,54.956
1770055010.8984466,ADC2,0,bus_voltage,V,12.024
1770055010.949408,ADC1,1,servo_2,A,2.309
1770055011.0003264,ADC2,0,bus_voltage,V,11.819
1770055011.050941,ADC2,0,bus_voltage,V,10.259
1770055011.101416,THERM,0,motor_temp,C,44.177
1770055011.1522634,THERM,0,motor_temp,C,42.245
1770055011.2031317,ADC1,1,servo_2,A,1.534
1770055011.2537131,ADC2,0,bus_voltage,V,11.14
1770055011.3041418,THERM,0,motor_temp,C,59.859
1770055011.3549716,THERM,0,motor_temp,C,67.047
1770055011.4056108,THERM,0,motor_temp,C,32.075
1770055011.4563277,ADC1,0,servo_1,A,0.814
1770055011.5069542,ADC2,0,bus_voltage,V,11.308
1770055011.5572968,ADC2,0,bus_voltage,V,11.423
1770055011.6081762,ADC1,0,servo_1,A,1.85
1770055011.6586134,ADC1,0,servo_1,A,1.779
1770055011.7092059,THERM,0,motor_temp,C,67.811
1770055011.759666,ADC1,0,servo_1,A,2.455
1770055011.8102534,ADC2,0,bus_voltage,V,11.424
1770055011.8607168,ADC1,1,servo_2,A,0.36
1770055011.91279,ADC1,0,servo_1,A,2.032
1770055011.9643056,ADC1,1,servo_2,A,0.557
1770055012.0150416,ADC1,1,servo_2,A,1.888
1770055012.0658987,ADC1,1,servo_2,A,1.497
1770055012.1167078,ADC2,0,bus_voltage,V,10.608
1770055012.1680684,THERM,0,motor_temp,C,37.906
1770055012.218479,ADC2,0,bus_voltage,V,12.269
1770055012.269261,ADC1,0,servo_1,A,2.34
1770055012.320292,ADC1,1,servo_2,A,1.613
1770055012.3709822,ADC1,1,servo_2,A,1.664
1770055012.4215667,ADC1,1,servo_2,A,1.862
1770055012.4723837,ADC1,1,servo_2,A,0.722
1770055012.523194,ADC2,0,bus_voltage,V,12.534
1770055012.57361,THERM,0,motor_temp,C,59.187
1770055012.6243513,ADC1,0,servo_1,A,1.17
1770055012.675083,ADC1,0,servo_1,A,2.465
1770055012.725476,THERM,0,motor_temp,C,31.737
1770055012.7760446,ADC1,0,servo_1,A,0.711
1770055012.8266792,ADC1,1,servo_2,A,0.295
1770055012.877149,THERM,0,motor_temp,C,56.37
1770055012.9278529,THERM,0,motor_temp,C,48.487
1770055012.9785275,ADC1,0,servo_1,A,0.228
1770055013.0290537,ADC1,0,servo_1,A,0.71
1770055013.0798404,ADC2,0,bus_voltage,V,11.942
1770055013.130465,ADC1,1,servo_2,A,0.714
1770055013.1808612,THERM,0,motor_temp,C,35.132
1770055013.2312868,ADC1,0,servo_1,A,1.734
1770055013.2820067,THERM,0,motor_temp,C,39.802
1770055013.332814,THERM,0,motor_temp,C,53.099
1770055013.3832073,ADC1,1,servo_2,A,0.415
1770055013.433716,ADC2,0,bus_voltage,V,10.37
1770055013.4844205,ADC1,0,servo_1,A,0.873
1770055013.5349317,ADC2,0,bus_voltage,V,11.27
1770055013.5855222,ADC1,0,servo_1,A,0.529
1770055013.6359704,ADC1,0,servo_1,A,1.045
1770055013.686673,THERM,0,motor_temp,C,54.012
1770055013.7376568,ADC1,0,servo_1,A,1.612
1770055013.788247,ADC1,1,servo_2,A,1.742
1770055013.8388245,ADC1,0,servo_1,A,1.532
1770055013.8894405,ADC1,1,servo_2,A,0.372
1770055013.9399772,ADC1,1,servo_2,A,0.437
1770055013.9904976,THERM,0,motor_temp,C,67.614
1770055014.0411348,ADC2,0,bus_voltage,V,10.326
1770055014.0916874,THERM,0,motor_temp,C,28.214
1770055014.142452,ADC1,0,servo_1,A,0.293
1770055014.19314,ADC1,0,servo_1,A,2.416
1770055014.2437265,ADC2,0,bus_voltage,V,11.972
1770055014.2947142,THERM,0,motor_temp,C,40.858
1770055014.3466246,ADC1,1,servo_2,A,0.692
1770055014.3996654,ADC2,0,bus_voltage,V,12.089
1770055014.4500663,ADC1,1,servo_2,A,1.174
1770055014.5008206,THERM,0,motor_temp,C,45.986
1770055014.5514495,ADC1,0,servo_1,A,1.493
1770055014.6021976,ADC1,1,servo_2,A,0.884
1770055014.6525838,ADC2,0,bus_voltage,V,12.365
1770055014.7033896,ADC2,0,bus_voltage,V,10.949
1770055014.753758,ADC1,0,servo_1,A,0.536
1770055014.804086,ADC1,0,servo_1,A,2.301
1770055014.8548636,ADC1,1,servo_2,A,1.333
1770055014.9053104,THERM,0,motor_temp,C,63.248
1770055014.9557657,ADC1,0,servo_1,A,1.905
1770055015.0063818,ADC1,0,servo_1,A,2.115
1770055015.0569193,ADC2,0,bus_voltage,V,12.428
1770055015.1075714,ADC2,0,bus_voltage,V,11.212
1770055015.1583092,ADC2,0,bus_voltage,V,11.406
1770055015.2091722,ADC1,0,servo_1,A,0.478
1770055015.259646,ADC2,0,bus_voltage,V,10.257
1770055015.3102255,ADC1,0,servo_1,A,0.242
1770055015.3612404,THERM,0,motor_temp,C,57.244
1770055015.4119241,ADC1,0,servo_1,A,0.595
1770055015.4624593,ADC2,0,bus_voltage,V,10.195
1770055015.512943,THERM,0,motor_temp,C,47.746
1770055015.563602,ADC2,0,bus_voltage,V,12.11
1770055015.6142728,THERM,0,motor_temp,C,26.778
1770055015.6650276,ADC1,0,servo_1,A,0.922
1770055015.7157333,THERM,0,motor_temp,C,35.793
1770055015.7662854,ADC2,0,bus_voltage,V,11.218
1770055015.8169935,ADC1,1,servo_2,A,1.218
1770055015.8675485,ADC1,1,servo_2,A,1.778
1770055015.9182382,ADC1,0,servo_1,A,1.383
1770055015.968656,ADC2,0,bus_voltage,V,12.269
1770055016.0193198,ADC1,1,servo_2,A,1.799
1770055016.0699885,THERM,0,motor_temp,C,41.111
1770055016.1203978,ADC1,1,servo_2,A,1.09
1770055016.1710973,THERM,0,motor_temp,C,42.636
1770055016.2217023,ADC2,0,bus_voltage,V,11.878
1770055016.2724535,THERM,0,motor_temp,C,38.782
1770055016.3232985,THERM,0,motor_temp,C,64.538
1770055016.3745856,ADC1,0,servo_1,A,2.42
1770055016.4251077,ADC2,0,bus_voltage,V,11.432
1770055016.475603,ADC1,0,servo_1,A,1.001
1770055016.5263531,THERM,0,motor_temp,C,40.699
1770055016.5770373,THERM,0,motor_temp,C,37.277
1770055016.6277802,THERM,0,motor_temp,C,35.338
1770055016.6784515,ADC2,0,bus_voltage,V,12.033
1770055016.7289488,ADC1,0,servo_1,A,1.689
1770055016.780103,ADC1,1,servo_2,A,1.099
1770055016.8305252,THERM,0,motor_temp,C,40.21
1770055016.8814287,THERM,0,motor_temp,C,34.746
1770055016.9319904,THERM,0,motor_temp,C,34.513
1770055016.982745,THERM,0,motor_temp,C,31.192
1770055017.033612,THERM,0,motor_temp,C,32.646
1770055017.0840578,ADC1,1,servo_2,A,2.417
1770055017.135403,ADC2,0,bus_voltage,V,10.744
1770055017.187589,THERM,0,motor_temp,C,61.16
1770055017.2379463,ADC2,0,bus_voltage,V,11.561
1770055017.288571,ADC1,0,servo_1,A,0.998
1770055017.3392334,ADC1,1,servo_2,A,0.805
1770055017.390188,ADC1,1,servo_2,A,1.426
1770055017.440706,THERM,0,motor_temp,C,50.315
1770055017.4914858,ADC2,0,bus_voltage,V,11.096
1770055017.5419753,ADC1,0,servo_1,A,2.167
1770055017.5923483,ADC2,0,bus_voltage,V,10.787
1770055017.643122,ADC1,1,servo_2,A,1.439
1770055017.6938453,ADC2,0,bus_voltage,V,10.247
1770055017.7440534,THERM,0,motor_temp,C,34.683
1770055017.7944822,THERM,0,motor_temp,C,45.792
1770055017.8449972,THERM,0,motor_temp,C,60.857
1770055017.895404,ADC2,0,bus_voltage,V,12.176
1770055017.9460998,ADC1,1,servo_2,A,1.73
1770055017.9988887,ADC2,0,bus_voltage,V,10.373
1770055018.0497167,ADC2,0,bus_voltage,V,11.972
1770055018.100641,ADC2,0,bus_voltage,V,11.745
1770055018.1513805,ADC1,1,servo_2,A,0.337
1770055018.201951,ADC2,0,bus_voltage,V,11.43
1770055018.252476,ADC2,0,bus_voltage,V,11.912
1770055018.3031511,ADC1,0,servo_1,A,1.354
1770055018.3544645,THERM,0,motor_temp,C,41.798
1770055018.40777,ADC1,1,servo_2,A,1.579
1770055018.4584322,ADC1,1,servo_2,A,1.424
1770055018.50888,ADC1,0,servo_1,A,0.968
1770055018.5592213,THERM,0,motor_temp,C,65.618
1770055018.6098742,THERM,0,motor_temp,C,43.587
1770055018.6603315,ADC1,1,servo_2,A,1.489
1770055018.7110262,THERM,0,motor_temp,C,26.154
1770055018.7617033,THERM,0,motor_temp,C,56.611
1770055018.8120391,ADC1,0,servo_1,A,1.114
1770055018.8624742,THERM,0,motor_temp,C,65.321
1770055018.9133148,ADC2,0,bus_voltage,V,12.156
1770055018.9645998,ADC1,1,servo_2,A,1.333
1770055019.0151083,ADC1,1,servo_2,A,1.596
1770055019.065535,ADC2,0,bus_voltage,V,12.079
1770055019.1162524,ADC1,1,servo_2,A,1.38
1770055019.166853,ADC2,0,bus_voltage,V,10.132
1770055019.2185755,ADC1,0,servo_1,A,0.847
1770055019.2692559,ADC2,0,bus_voltage,V,12.515
1770055019.3208864,ADC1,1,servo_2,A,0.747
1770055019.3717253,ADC1,1,servo_2,A,1.723
1770055019.4224906,ADC1,1,servo_2,A,1.755
1770055019.4732625,ADC2,0,bus_voltage,V,11.689
1770055019.52372,ADC1,0,servo_1,A,0.817
1770055019.5742443,THERM,0,motor_temp,C,26.206
1770055019.6247501,ADC1,0,servo_1,A,1.305
1770055019.675147,ADC2,0,bus_voltage,V,11.778
1770055019.7256541,ADC1,1,servo_2,A,2.171
1770055019.776073,ADC1,0,servo_1,A,0.31
1770055019.8267674,ADC2,0,bus_voltage,V,10.21
1770055019.8774667,ADC1,0,servo_1,A,0.643
1770055019.927922,ADC1,1,servo_2,A,2.015
1770055019.9789662,ADC1,1,servo_2,A,1.085
1770055020.0309978,ADC1,1,servo_2,A,2.335
1770055020.082844,ADC1,1,servo_2,A,1.005
1770055020.133437,ADC1,0,servo_1,A,1.909
1770055020.1838515,THERM,0,motor_temp,C,31.027
1770055020.2345269,THERM,0,motor_temp,C,26.661
1770055020.2854328,THERM,0,motor_temp,C,31.711
1770055020.3360631,ADC1,0,servo_1,A,1.983
1770055020.386851,ADC2,0,bus_voltage,V,11.601
1770055020.4399898,ADC2,0,bus_voltage,V,12.43
1770055020.4905887,THERM,0,motor_temp,C,66.111
1770055020.542035,ADC1,0,servo_1,A,0.405
1770055020.5926082,THERM,0,motor_temp,C,31.957
1770055020.6435273,ADC2,0,bus_voltage,V,11.318
1770055020.694205,ADC1,1,servo_2,A,0.353
1770055020.7447004,ADC2,0,bus_voltage,V,11.631
1770055020.795292,ADC2,0,bus_voltage,V,11.745
1770055020.8460498,ADC1,1,servo_2,A,2.09
1770055020.8966577,ADC1,0,servo_1,A,0.312
1770055020.9472215,ADC2,0,bus_voltage,V,11.593
1770055020.997572,ADC1,0,servo_1,A,2.488
1770055021.0484962,THERM,0,motor_temp,C,59.367
1770055021.0992794,ADC1,0,servo_1,A,0.213
1770055021.1511805,ADC1,0,servo_1,A,1.004
1770055021.2032444,ADC1,1,servo_2,A,0.476
1770055021.2538934,ADC1,0,servo_1,A,0.234
1770055021.305533,ADC1,0,servo_1,A,2.378
1770055021.3566997,ADC1,1,servo_2,A,1.187
1770055021.4072702,ADC1,1,servo_2,A,1.677
1770055021.4590936,ADC1,0,servo_1,A,2.326
1770055021.5096104,ADC1,0,servo_1,A,0.585
1770055021.5601647,ADC2,0,bus_voltage,V,12.446
1770055021.6107244,ADC2,0,bus_voltage,V,12.131
1770055021.6617994,ADC1,0,servo_1,A,0.882
1770055021.7124279,ADC1,1,servo_2,A,2.111
1770055021.7632954,THERM,0,motor_temp,C,64.565
1770055021.8142123,ADC1,0,servo_1,A,2.275
1770055021.8650827,ADC1,0,servo_1,A,0.258
1770055021.9156325,THERM,0,motor_temp,C,45.924
1770055021.9660525,THERM,0,motor_temp,C,69.772
1770055022.0166945,ADC1,1,servo_2,A,1.221
1770055022.0697014,ADC1,1,servo_2,A,0.535
1770055022.127265,ADC1,0,servo_1,A,1.014
1770055022.177778,THERM,0,motor_temp,C,67.171
1770055022.2307925,THERM,0,motor_temp,C,53.277
1770055022.2813962,ADC2,0,bus_voltage,V,11.099
1770055022.332071,ADC1,0,servo_1,A,0.265
1770055022.384425,ADC2,0,bus_voltage,V,11.92
1770055022.4366956,ADC2,0,bus_voltage,V,10.691
1770055022.4884336,ADC1,0,servo_1,A,0.511
1770055022.5387747,THERM,0,motor_temp,C,54.354
1770055022.5893643,ADC1,1,servo_2,A,0.479
1770055022.6396964,THERM,0,motor_temp,C,32.083
1770055022.6901991,ADC2,0,bus_voltage,V,10.29
1770055022.7405562,ADC1,0,servo_1,A,1.435
1770055022.7909687,ADC2,0,bus_voltage,V,12.317
1770055022.8412971,ADC1,0,servo_1,A,2.075
1770055022.8920624,THERM,0,motor_temp,C,50.472
1770055022.942605,THERM,0,motor_temp,C,38.587
1770055022.9931486,ADC1,0,servo_1,A,0.876
1770055023.043658,ADC2,0,bus_voltage,V,10.01
1770055023.0941298,ADC1,1,servo_2,A,0.974
1770055023.144818,ADC2,0,bus_voltage,V,12.598
1770055023.1952507,ADC1,0,servo_1,A,0.92
1770055023.2457793,ADC1,1,servo_2,A,1.226
1770055023.2971845,THERM,0,motor_temp,C,39.743
1770055023.3479586,ADC1,1,servo_2,A,2.25
1770055023.398557,ADC2,0,bus_voltage,V,12.304
1770055023.4496372,ADC1,1,servo_2,A,1.049
1770055023.501186,ADC1,0,servo_1,A,1.717
1770055023.5518243,ADC2,0,bus_voltage,V,11.523
1770055023.602487,ADC1,0,servo_1,A,1.981
1770055023.6529887,THERM,0,motor_temp,C,25.077
1770055023.7033374,ADC1,1,servo_2,A,0.947
1770055023.7542038,THERM,0,motor_temp,C,43.121
1770055023.8045928,ADC1,1,servo_2,A,0.247
1770055023.855125,THERM,0,motor_temp,C,32.558
1770055023.9058828,THERM,0,motor_temp,C,69.491
1770055023.9565923,ADC2,0,bus_voltage,V,10.382
1770055024.0071044,ADC1,0,servo_1,A,0.65
1770055024.058017,ADC2,0,bus_voltage,V,10.047
1770055024.1085842,ADC2,0,bus_voltage,V,12.399
1770055024.1591842,ADC2,0,bus_voltage,V,11.914
1770055024.2103662,ADC1,1,servo_2,A,0.377
1770055024.2609053,ADC1,0,servo_1,A,0.234
1770055024.311497,ADC2,0,bus_voltage,V,12.514
1770055024.3620577,ADC1,0,servo_1,A,0.446
1770055024.4124684,ADC1,0,servo_1,A,0.931
1770055024.4630558,ADC2,0,bus_voltage,V,11.956
1770055024.5135727,THERM,0,motor_temp,C,28.463
1770055024.564447,ADC1,0,servo_1,A,0.664
1770055024.6152036,THERM,0,motor_temp,C,32.163
1770055024.6656713,ADC1,1,servo_2,A,1.718
1770055024.7161987,ADC2,0,bus_voltage,V,10.837
1770055024.7665412,ADC2,0,bus_voltage,V,10.962
1770055024.8169017,ADC1,0,servo_1,A,1.935
1770055024.8674712,ADC1,0,servo_1,A,1.615
1770055024.9180524,ADC1,0,servo_1,A,0.246
1770055024.9688485,ADC1,1,servo_2,A,0.218
1770055025.019534,ADC1,1,servo_2,A,1.786
1770055025.0699441,ADC1,1,servo_2,A,0.662
1770055025.1204226,ADC1,1,servo_2,A,1.843
1770055025.170828,ADC2,0,bus_voltage,V,10.184
1770055025.2215793,ADC2,0,bus_voltage,V,12.421
1770055025.2719321,ADC1,0,servo_1,A,1.575
1770055025.3223126,ADC2,0,bus_voltage,V,12.312
1770055025.3730416,THERM,0,motor_temp,C,38.799
1770055025.4239647,ADC2,0,bus_voltage,V,10.579
1770055025.4764426,THERM,0,motor_temp,C,33.47
1770055025.5271368,ADC2,0,bus_voltage,V,11.958
1770055025.5779824,ADC2,0,bus_voltage,V,11.869
1770055025.6285906,ADC1,1,servo_2,A,0.745
1770055025.6791477,ADC2,0,bus_voltage,V,12.354
1770055025.7295227,ADC1,1,servo_2,A,0.48
1770055025.780214,THERM,0,motor_temp,C,47.899
1770055025.8310838,ADC1,1,servo_2,A,2.454
1770055025.881546,ADC1,0,servo_1,A,1.146
1770055025.9320486,ADC1,0,servo_1,A,1.257
1770055025.9825428,ADC1,0,servo_1,A,0.256
1770055026.0330884,ADC1,0,servo_1,A,1.465
1770055026.0837917,ADC1,0,servo_1,A,1.752
1770055026.1344917,ADC1,0,servo_1,A,1.042
1770055026.1851048,ADC1,0,servo_1,A,1.286
1770055026.2359533,ADC2,0,bus_voltage,V,11.26
1770055026.2864509,THERM,0,motor_temp,C,49.537
1770055026.337134,ADC1,1,servo_2,A,0.89
1770055026.3874967,ADC1,1,servo_2,A,1.321
1770055026.4384775,ADC2,0,bus_voltage,V,12.592
1770055026.4927304,THERM,0,motor_temp,C,53.417
1770055026.5430958,ADC1,0,servo_1,A,1.033
1770055026.5947018,ADC1,0,servo_1,A,1.587
1770055026.6452417,ADC1,0,servo_1,A,1.445
1770055026.6961203,ADC2,0,bus_voltage,V,10.626
1770055026.7468565,THERM,0,motor_temp,C,29.086
1770055026.7978063,ADC1,0,servo_1,A,0.99
1770055026.8482125,ADC1,0,servo_1,A,0.212
1770055026.8990314,ADC1,0,servo_1,A,1.636
1770055026.949603,ADC1,1,servo_2,A,0.525
1770055027.000028,THERM,0,motor_temp,C,43.072
1770055027.0506985,THERM,0,motor_temp,C,42.597
1770055027.1012282,ADC2,0,bus_voltage,V,11.544
1770055027.1521578,THERM,0,motor_temp,C,44.536
1770055027.2027967,ADC1,1,servo_2,A,0.71
1770055027.2536879,ADC2,0,bus_voltage,V,10.207
1770055027.3044615,ADC2,0,bus_voltage,V,11.878
1770055027.3550682,THERM,0,motor_temp,C,43.828
1770055027.405887,ADC1,1,servo_2,A,1.095
1770055027.4564853,THERM,0,motor_temp,C,69.036
1770055027.5071,ADC1,1,servo_2,A,0.756
1770055027.5596786,THERM,0,motor_temp,C,68.295
1770055027.6125505,ADC2,0,bus_voltage,V,10.81
1770055027.6630108,THERM,0,motor_temp,C,39.79
1770055027.7133307,ADC1,0,servo_1,A,1.485
1770055027.764109,ADC1,1,servo_2,A,0.343
1770055027.814433,ADC2,0,bus_voltage,V,11.692
1770055027.865334,ADC1,0,servo_1,A,0.589
1770055027.915753,ADC1,0,servo_1,A,0.203
1770055027.9661376,ADC1,0,servo_1,A,2.029
1770055028.0172374,THERM,0,motor_temp,C,36.566
1770055028.068046,THERM,0,motor_temp,C,53.475
1770055028.1187248,ADC1,0,servo_1,A,0.926
1770055028.1702762,ADC1,0,servo_1,A,1.395
1770055028.2227056,THERM,0,motor_temp,C,32.091
1770055028.2732148,THERM,0,motor_temp,C,42.41
1770055028.3255312,ADC2,0,bus_voltage,V,10.891
1770055028.3763173,ADC2,0,bus_voltage,V,11.75
1770055028.4292498,ADC1,0,servo_1,A,0.556
1770055028.4825935,ADC1,1,servo_2,A,2.278
1770055028.534712,ADC1,1,servo_2,A,2.292
1770055028.587757,ADC1,0,servo_1,A,0.563
1770055028.6397195,THERM,0,motor_temp,C,50.993
1770055028.6902058,ADC2,0,bus_voltage,V,10.007
1770055028.7416143,ADC1,0,servo_1,A,0.821
1770055028.7919986,ADC1,0,servo_1,A,1.129
1770055028.8425512,THERM,0,motor_temp,C,38.887
1770055028.8930473,ADC2,0,bus_voltage,V,10.85
1770055028.9436426,THERM,0,motor_temp,C,38.136
1770055028.9950793,ADC2,0,bus_voltage,V,12.197
1770055029.0462337,ADC1,0,servo_1,A,1.982
1770055029.0968251,ADC2,0,bus_voltage,V,12.359
1770055029.1474154,ADC1,1,servo_2,A,0.933
1770055029.1979327,THERM,0,motor_temp,C,28.102
1770055029.2486753,ADC1,0,servo_1,A,2.479
1770055029.2994747,ADC2,0,bus_voltage,V,10.742
1770055029.3499238,ADC1,0,servo_1,A,1.199
1770055029.400555,ADC1,0,servo_1,A,0.244
1770055029.4513004,ADC1,0,servo_1,A,1.769
1770055029.5023024,ADC1,1,servo_2,A,0.271
1770055029.5537124,ADC1,1,servo_2,A,0.847
1770055029.6048298,ADC1,1,servo_2,A,1.805
1770055029.6554635,ADC1,0,servo_1,A,1.926
1770055029.7062967,ADC1,1,servo_2,A,0.972
1770055029.757092,ADC1,0,servo_1,A,0.717
1770055029.8093624,ADC2,0,bus_voltage,V,12.392
1770055029.860017,ADC2,0,bus_voltage,V,12.185
1770055029.9106584,ADC1,0,servo_1,A,0.47
1770055029.961145,ADC1,0,servo_1,A,2.438
1770055030.0117595,ADC2,0,bus_voltage,V,10.441
1770055030.0624635,ADC1,0,servo_1,A,2.402
1770055030.113091,ADC1,1,servo_2,A,0.25
1770055030.1634645,ADC1,1,servo_2,A,0.942
1770055030.2143056,ADC2,0,bus_voltage,V,11.967
1770055030.2647796,ADC1,1,servo_2,A,1.834
1770055030.3164635,ADC2,0,bus_voltage,V,10.662
1770055030.3674922,ADC2,0,bus_voltage,V,12.009
1770055030.4212568,ADC1,1,servo_2,A,0.866
1770055030.4731321,THERM,0,motor_temp,C,37.547
1770055030.5239167,ADC1,1,servo_2,A,0.222
1770055030.5747278,THERM,0,motor_temp,C,52.654
1770055030.6264274,THERM,0,motor_temp,C,43.972
1770055030.6794486,ADC1,1,servo_2,A,2.447
1770055030.7303493,ADC1,0,servo_1,A,0.355
1770055030.7816896,THERM,0,motor_temp,C,49.499
1770055030.8322613,ADC2,0,bus_voltage,V,11.078
1770055030.882812,ADC2,0,bus_voltage,V,11.38
1770055030.933185,ADC2,0,bus_voltage,V,12.01
1770055030.9838498,THERM,0,motor_temp,C,35.111
1770055031.0342813,ADC1,1,servo_2,A,0.664
1770055031.085616,THERM,0,motor_temp,C,66.013
1770055031.1360266,ADC2,0,bus_voltage,V,10.865
1770055031.1866233,ADC1,1,servo_2,A,0.714
1770055031.2374067,ADC2,0,bus_voltage,V,10.938
1770055031.2880254,ADC1,0,servo_1,A,0.35
1770055031.3386006,THERM,0,motor_temp,C,61.005
1770055031.3891351,ADC1,0,servo_1,A,1.107
1770055031.4399428,THERM,0,motor_temp,C,25.795
1770055031.4907238,ADC2,0,bus_voltage,V,10.209
1770055031.5410573,ADC2,0,bus_voltage,V,12.22
1770055031.5918655,ADC1,1,servo_2,A,0.242
1770055031.6422048,THERM,0,motor_temp,C,55.764
1770055031.6934495,ADC2,0,bus_voltage,V,11.673
1770055031.744082,ADC2,0,bus_voltage,V,10.44
1770055031.7945738,ADC1,1,servo_2,A,1.236
1770055031.8448625,ADC2,0,bus_voltage,V,12.172
1770055031.89556,ADC2,0,bus_voltage,V,12.135
1770055031.9470205,ADC1,0,servo_1,A,0.603
1770055031.997728,ADC1,1,servo_2,A,1.69
1770055032.0484636,THERM,0,motor_temp,C,56.708
1770055032.0992856,ADC2,0,bus_voltage,V,11.879
1770055032.149635,ADC1,0,servo_1,A,2.275
1770055032.2005582,ADC1,0,servo_1,A,2.321
1770055032.2511187,THERM,0,motor_temp,C,49.685
1770055032.3018956,THERM,0,motor_temp,C,27.441
1770055032.352551,ADC1,1,servo_2,A,1.882
1770055032.4031794,ADC1,0,servo_1,A,1.945
1770055032.4537697,THERM,0,motor_temp,C,40.152
1770055032.5045571,ADC1,1,servo_2,A,1.057
1770055032.555161,ADC1,1,servo_2,A,1.471
1770055032.6058068,ADC1,0,servo_1,A,1.294
1770055032.6568973,THERM,0,motor_temp,C,59.715
1770055032.7080054,ADC1,1,servo_2,A,0.419
1770055032.7586405,ADC2,0,bus_voltage,V,10.111
1770055032.8091207,ADC1,1,servo_2,A,2.432
1770055032.8593757,ADC2,0,bus_voltage,V,10.112
1770055032.9100072,ADC1,1,servo_2,A,2.232
1770055032.960572,ADC1,0,servo_1,A,0.728
1770055033.011771,THERM,0,motor_temp,C,41.03
1770055033.0623662,THERM,0,motor_temp,C,55.165
1770055033.1132195,THERM,0,motor_temp,C,42.496
1770055033.1637757,THERM,0,motor_temp,C,29.207
1770055033.214254,THERM,0,motor_temp,C,28.492
1770055033.2648559,THERM,0,motor_temp,C,53.349
1770055033.315584,ADC1,0,servo_1,A,1.356
1770055033.365995,ADC1,0,servo_1,A,2.467
1770055033.4163702,ADC2,0,bus_voltage,V,11.92
1770055033.4668877,ADC2,0,bus_voltage,V,12.491
1770055033.5178404,ADC1,0,servo_1,A,0.956
1770055033.568293,ADC1,1,servo_2,A,0.743
1770055033.6254437,ADC1,0,servo_1,A,1.749
1770055033.6794918,ADC2,0,bus_voltage,V,12.384
1770055033.7302742,ADC1,0,servo_1,A,0.714
1770055033.781163,ADC1,1,servo_2,A,0.608
1770055033.8315995,ADC2,0,bus_voltage,V,10.533
1770055033.8822029,ADC1,0,servo_1,A,1.605
1770055033.9328856,ADC1,1,servo_2,A,0.757
1770055033.9836001,THERM,0,motor_temp,C,68.104
1770055034.0343132,THERM,0,motor_temp,C,59.447
1770055034.0849433,THERM,0,motor_temp,C,37.311
1770055034.1354828,ADC1,0,servo_1,A,0.227
1770055034.1859684,ADC1,1,servo_2,A,0.849
1770055034.2365584,THERM,0,motor_temp,C,41.128
1770055034.2871544,THERM,0,motor_temp,C,69.521
1770055034.3378098,ADC1,1,servo_2,A,2.146
1770055034.388739,ADC1,1,servo_2,A,0.855
1770055034.4396243,ADC1,0,servo_1,A,0.402
1770055034.490902,ADC2,0,bus_voltage,V,11.308
1770055034.5424824,THERM,0,motor_temp,C,27.915
1770055034.5930736,THERM,0,motor_temp,C,42.682
1770055034.6438036,ADC1,1,servo_2,A,0.762
1770055034.6944447,ADC1,1,servo_2,A,1.798
1770055034.7479625,ADC2,0,bus_voltage,V,10.569
1770055034.7987986,THERM,0,motor_temp,C,64.518
1770055034.8492324,ADC2,0,bus_voltage,V,10.924
1770055034.9000077,ADC2,0,bus_voltage,V,10.139
1770055034.9507792,ADC1,0,servo_1,A,0.742
1770055035.0019228,ADC2,0,bus_voltage,V,12.458
1770055035.052342,ADC2,0,bus_voltage,V,11.365
1770055035.1027272,ADC1,1,servo_2,A,2.434
1770055035.1534345,THERM,0,motor_temp,C,66.818
1770055035.204106,ADC1,0,servo_1,A,0.627
1770055035.2544882,THERM,0,motor_temp,C,49.137
1770055035.3050559,ADC1,0,servo_1,A,1.296
1770055035.3554575,ADC1,0,servo_1,A,0.713
1770055035.4063644,ADC2,0,bus_voltage,V,10.869
1770055035.4571247,ADC1,1,servo_2,A,2.133
1770055035.5106058,THERM,0,motor_temp,C,68.626
1770055035.5614538,ADC1,0,servo_1,A,1.073
1770055035.613302,THERM,0,motor_temp,C,52.867
1770055035.6638284,ADC1,0,servo_1,A,1.335
1770055035.7148116,ADC1,0,servo_1,A,2.376
1770055035.7660816,ADC2,0,bus_voltage,V,10.782
1770055035.8168607,ADC1,1,servo_2,A,1.095
1770055035.8676362,THERM,0,motor_temp,C,68.904
1770055035.9181135,ADC1,0,servo_1,A,2.138
1770055035.9687052,ADC2,0,bus_voltage,V,12.322
1770055036.0190518,ADC1,1,servo_2,A,1.499
1770055036.0693347,ADC2,0,bus_voltage,V,11.434
1770055036.1199892,ADC1,0,servo_1,A,1.483
1770055036.1703484,ADC1,0,servo_1,A,1.681
1770055036.2209547,ADC1,1,servo_2,A,1.717
1770055036.2776423,ADC1,1,servo_2,A,1.744
1770055036.3288593,ADC1,1,servo_2,A,1.111
1770055036.3796098,ADC1,1,servo_2,A,0.571
1770055036.4302,THERM,0,motor_temp,C,44.385
1770055036.480822,ADC1,0,servo_1,A,1.345
1770055036.5315204,ADC2,0,bus_voltage,V,11.969
1770055036.5828433,THERM,0,motor_temp,C,58.419
1770055036.6335402,ADC1,0,servo_1,A,0.919
1770055036.6840498,ADC1,1,servo_2,A,1.876
1770055036.7355742,ADC1,1,servo_2,A,2.339
1770055036.7860541,THERM,0,motor_temp,C,66.518
1770055036.837596,ADC1,0,servo_1,A,1.511
1770055036.888503,ADC2,0,bus_voltage,V,12.203
1770055036.939183,THERM,0,motor_temp,C,51.01
1770055036.9895556,ADC1,1,servo_2,A,0.469
1770055037.0403197,ADC2,0,bus_voltage,V,11.891
1770055037.0910413,ADC1,1,servo_2,A,0.258
1770055037.141537,THERM,0,motor_temp,C,32.235
1770055037.1919801,ADC2,0,bus_voltage,V,10.544
1770055037.242437,ADC1,1,servo_2,A,1.161
1770055037.2928665,THERM,0,motor_temp,C,44.608
1770055037.3435893,ADC2,0,bus_voltage,V,12.356
1770055037.393936,ADC2,0,bus_voltage,V,12.41
1770055037.4442148,ADC1,0,servo_1,A,1.836
1770055037.494823,ADC1,0,servo_1,A,1.646
1770055037.5455408,ADC1,0,servo_1,A,1.189
1770055037.5962677,ADC1,0,servo_1,A,0.661
1770055037.6469066,THERM,0,motor_temp,C,55.04
1770055037.697422,ADC1,1,servo_2,A,1.122
1770055037.7477832,ADC1,1,servo_2,A,1.642
1770055037.798253,THERM,0,motor_temp,C,69.673
1770055037.848933,ADC2,0,bus_voltage,V,10.338
1770055037.8992515,ADC1,0,servo_1,A,1.131
1770055037.9498425,ADC1,1,servo_2,A,0.766
1770055038.0009165,ADC1,0,servo_1,A,0.863
1770055038.0513546,THERM,0,motor_temp,C,54.638
1770055038.1020215,ADC1,1,servo_2,A,1.311
1770055038.1525185,THERM,0,motor_temp,C,40.165
1770055038.2031028,ADC2,0,bus_voltage,V,10.706
1770055038.253876,ADC1,1,servo_2,A,1.912
1770055038.3043056,THERM,0,motor_temp,C,38.038
1770055038.3548908,ADC1,0,servo_1,A,0.527
1770055038.4053607,ADC2,0,bus_voltage,V,11.344
1770055038.456096,ADC1,1,servo_2,A,1.105
1770055038.5070875,ADC1,1,servo_2,A,0.817
1770055038.5596006,THERM,0,motor_temp,C,62.17
1770055038.6099565,ADC1,1,servo_2,A,2.449
1770055038.6603572,THERM,0,motor_temp,C,42.096
1770055038.711075,ADC2,0,bus_voltage,V,11.656
1770055038.7616937,ADC1,0,servo_1,A,1.669
1770055038.8128467,THERM,0,motor_temp,C,49.913
1770055038.8632562,ADC1,0,servo_1,A,0.45
1770055038.9143076,ADC1,1,servo_2,A,0.36
1770055038.9650774,THERM,0,motor_temp,C,54.262
1770055039.015657,THERM,0,motor_temp,C,32.636
1770055039.0667512,THERM,0,motor_temp,C,44.734
1770055039.1175432,THERM,0,motor_temp,C,58.975
1770055039.1684027,ADC1,1,servo_2,A,0.298
1770055039.2188025,ADC1,1,servo_2,A,1.761
1770055039.2693646,ADC1,0,servo_1,A,0.884
1770055039.3198278,THERM,0,motor_temp,C,60.9
1770055039.3700964,ADC1,0,servo_1,A,1.363
1770055039.4206562,ADC2,0,bus_voltage,V,10.166
1770055039.4715085,ADC1,0,servo_1,A,1.587
1770055039.5219579,ADC1,1,servo_2,A,1.742
1770055039.5724056,ADC1,0,servo_1,A,2.316
1770055039.62285,ADC1,1,servo_2,A,1.549
1770055039.6733718,ADC1,0,servo_1,A,0.773
1770055039.7267132,THERM,0,motor_temp,C,44.88
1770055039.7774112,ADC1,0,servo_1,A,2.246
1770055039.8299518,ADC1,1,servo_2,A,1.374
1770055039.8843791,ADC2,0,bus_voltage,V,12.293
1770055039.9352238,THERM,0,motor_temp,C,67.092
1770055039.9857583,THERM,0,motor_temp,C,56.775
1770055040.0374966,ADC2,0,bus_voltage,V,11.529
1770055040.0878422,ADC2,0,bus_voltage,V,10.861
1770055040.138433,ADC2,0,bus_voltage,V,11.483
1770055040.1891246,ADC1,1,servo_2,A,0.865
1770055040.239552,THERM,0,motor_temp,C,67.521
1770055040.2900214,ADC1,1,servo_2,A,1.004
1770055040.340387,ADC1,0,servo_1,A,0.585
1770055040.3908703,ADC1,1,servo_2,A,0.308
1770055040.4413157,THERM,0,motor_temp,C,46.455
1770055040.4917045,ADC1,1,servo_2,A,1.289
1770055040.5422423,ADC1,1,servo_2,A,1.275
1770055040.5930674,ADC2,0,bus_voltage,V,11.337
1770055040.6438134,ADC1,0,servo_1,A,1.601
1770055040.7051702,ADC1,0,servo_1,A,1.862
1770055040.7584467,THERM,0,motor_temp,C,34.748
1770055040.8088064,ADC1,0,servo_1,A,0.457
1770055040.8595235,ADC1,0,servo_1,A,1.09
1770055040.911976,ADC2,0,bus_voltage,V,10.531
1770055040.962669,ADC2,0,bus_voltage,V,12.196
1770055041.0131674,ADC1,1,servo_2,A,1.915
1770055041.0638072,ADC1,1,servo_2,A,0.651
1770055041.114446,ADC2,0,bus_voltage,V,11.325
1770055041.165021,ADC1,0,servo_1,A,1.687
1770055041.215551,ADC2,0,bus_voltage,V,10.096
1770055041.266151,ADC1,1,servo_2,A,0.648
1770055041.3166504,ADC1,0,servo_1,A,1.808
1770055041.367148,THERM,0,motor_temp,C,46.03
1770055041.4179795,ADC2,0,bus_voltage,V,11.606
1770055041.468609,THERM,0,motor_temp,C,31.248
1770055041.5191853,THERM,0,motor_temp,C,29.508
1770055041.5699835,ADC1,1,servo_2,A,1.824
1770055041.6205907,ADC1,0,servo_1,A,2.373
1770055041.6710436,ADC1,0,servo_1,A,0.204
1770055041.7218432,ADC1,1,servo_2,A,1.764
1770055041.7725492,ADC2,0,bus_voltage,V,11.229
1770055041.8233807,THERM,0,motor_temp,C,62.181
1770055041.874176,ADC2,0,bus_voltage,V,11.286
1770055041.9245062,ADC2,0,bus_voltage,V,12.101
1770055041.9759426,THERM,0,motor_temp,C,47.667
1770055042.0272894,ADC1,1,servo_2,A,1.747
1770055042.078426,THERM,0,motor_temp,C,47.573
1770055042.1289842,ADC1,1,servo_2,A,0.772
1770055042.1795547,ADC1,0,servo_1,A,0.236
1770055042.2303116,ADC1,0,servo_1,A,1.373
1770055042.2811074,THERM,0,motor_temp,C,35.644
1770055042.3314853,THERM,0,motor_temp,C,61.061
1770055042.382084,ADC2,0,bus_voltage,V,11.681
1770055042.43317,ADC2,0,bus_voltage,V,10.798
1770055042.4839501,ADC1,1,servo_2,A,1.286
1770055042.5346303,THERM,0,motor_temp,C,28.772
1770055042.585469,ADC2,0,bus_voltage,V,12.399
1770055042.6360693,ADC1,1,servo_2,A,2.41
1770055042.6864789,THERM,0,motor_temp,C,63.213
1770055042.7368984,THERM,0,motor_temp,C,53.435
1770055042.7877147,ADC1,1,servo_2,A,0.745
1770055042.838552,THERM,0,motor_temp,C,39.516
1770055042.889333,THERM,0,motor_temp,C,54.575
1770055042.9398127,ADC1,0,servo_1,A,1.588
1770055042.9906838,ADC1,0,servo_1,A,1.523
1770055043.0440416,ADC2,0,bus_voltage,V,12.379
1770055043.1024804,ADC1,1,servo_2,A,0.798
1770055043.155341,ADC1,1,servo_2,A,0.272
1770055043.2073803,ADC1,1,servo_2,A,1.27
1770055043.2582743,ADC1,0,servo_1,A,0.299
1770055043.3088067,ADC2,0,bus_voltage,V,11.906
1770055043.3592653,ADC1,0,servo_1,A,1.817
1770055043.410006,ADC2,0,bus_voltage,V,10.041
1770055043.460487,ADC2,0,bus_voltage,V,12.036
1770055043.5110128,ADC2,0,bus_voltage,V,10.786
1770055043.561449,ADC1,0,servo_1,A,1.902
1770055043.611825,THERM,0,motor_temp,C,66.874
1770055043.6626194,ADC2,0,bus_voltage,V,12.233
1770055043.7134366,ADC1,0,servo_1,A,1.394
1770055043.7639549,ADC2,0,bus_voltage,V,11.8
1770055043.8147652,ADC1,0,servo_1,A,0.279
1770055043.8655114,ADC1,0,servo_1,A,0.652
1770055043.916302,THERM,0,motor_temp,C,59.187
1770055043.9666862,THERM,0,motor_temp,C,56.545
1770055044.0172808,THERM,0,motor_temp,C,27.253
1770055044.0681643,ADC2,0,bus_voltage,V,10.868
1770055044.1191542,ADC2,0,bus_voltage,V,12.525
1770055044.172749,ADC1,1,servo_2,A,0.601
1770055044.2233586,THERM,0,motor_temp,C,55.447
1770055044.2738316,ADC1,1,servo_2,A,1.312
1770055044.324209,ADC2,0,bus_voltage,V,11.914
1770055044.3748965,THERM,0,motor_temp,C,49.231
1770055044.4252977,ADC1,1,servo_2,A,1.864
1770055044.4758697,THERM,0,motor_temp,C,66.925
1770055044.526528,ADC2,0,bus_voltage,V,12.073
1770055044.5770426,THERM,0,motor_temp,C,26.349
1770055044.6275287,THERM,0,motor_temp,C,38.168
1770055044.6783593,ADC1,0,servo_1,A,0.585
1770055044.7290373,THERM,0,motor_temp,C,47.192
1770055044.7801952,ADC2,0,bus_voltage,V,10.431
1770055044.8305762,ADC1,1,servo_2,A,2.439
1770055044.8811407,THERM,0,motor_temp,C,69.969
1770055044.9320729,ADC1,0,servo_1,A,0.652
1770055044.9824789,ADC1,0,servo_1,A,0.652
1770055045.0374696,ADC1,0,servo_1,A,0.794
1770055045.0889394,ADC2,0,bus_voltage,V,11.566
1770055045.1398711,ADC1,0,servo_1,A,1.564
1770055045.1910996,ADC2,0,bus_voltage,V,10.284
1770055045.2434936,ADC2,0,bus_voltage,V,10.454
1770055045.2937694,ADC1,0,servo_1,A,0.824
1770055045.3444152,THERM,0,motor_temp,C,27.471
1770055045.3951552,ADC2,0,bus_voltage,V,10.745
1770055045.4455342,ADC1,1,servo_2,A,0.94
1770055045.4960427,ADC2,0,bus_voltage,V,10.511
1770055045.5469604,ADC1,0,servo_1,A,1.824
1770055045.5976477,THERM,0,motor_temp,C,34.051
1770055045.6485002,ADC1,0,servo_1,A,0.812
1770055045.699296,THERM,0,motor_temp,C,45.437
1770055045.7496138,ADC1,1,servo_2,A,0.696
1770055045.8002748,THERM,0,motor_temp,C,33.344
1770055045.8509665,ADC1,1,servo_2,A,1.693
1770055045.9020245,THERM,0,motor_temp,C,36.194
1770055045.952412,ADC2,0,bus_voltage,V,12.144
1770055046.0031507,ADC1,0,servo_1,A,0.457
1770055046.054282,THERM,0,motor_temp,C,53.503
1770055046.1049228,ADC2,0,bus_voltage,V,12.403
1770055046.1553378,ADC1,0,servo_1,A,2.015
1770055046.206683,ADC1,1,servo_2,A,0.556
1770055046.2573168,ADC1,1,servo_2,A,0.831
1770055046.3080919,ADC1,0,servo_1,A,1.326
1770055046.3585508,THERM,0,motor_temp,C,44.457
1770055046.4093227,ADC2,0,bus_voltage,V,12.331
1770055046.459786,ADC1,1,servo_2,A,0.789
1770055046.5104945,ADC2,0,bus_voltage,V,10.122
1770055046.560952,THERM,0,motor_temp,C,68.675
1770055046.611569,THERM,0,motor_temp,C,25.101
1770055046.6618667,ADC1,1,servo_2,A,2.186
1770055046.7123442,ADC1,1,servo_2,A,1.354
1770055046.7628384,ADC2,0,bus_voltage,V,10.311
1770055046.815154,ADC1,1,servo_2,A,0.589
1770055046.8659885,THERM,0,motor_temp,C,29.865
1770055046.9174297,ADC1,0,servo_1,A,0.246
1770055046.9677877,ADC2,0,bus_voltage,V,12.561
1770055047.0183046,THERM,0,motor_temp,C,58.008
1770055047.0689304,THERM,0,motor_temp,C,55.174
1770055047.119263,THERM,0,motor_temp,C,31.116
1770055047.1698887,ADC2,0,bus_voltage,V,10.211
1770055047.2226944,ADC2,0,bus_voltage,V,10.77
1770055047.2745216,ADC1,1,servo_2,A,0.641
1770055047.325918,THERM,0,motor_temp,C,49.767
1770055047.3763754,ADC2,0,bus_voltage,V,12.375
1770055047.4267285,ADC1,1,servo_2,A,2.129
1770055047.4771824,ADC1,1,servo_2,A,1.627
1770055047.5276473,ADC2,0,bus_voltage,V,10.194
1770055047.5786707,ADC2,0,bus_voltage,V,11.037
1770055047.6298583,THERM,0,motor_temp,C,60.508
1770055047.6802337,THERM,0,motor_temp,C,57.259
1770055047.7306418,ADC1,1,servo_2,A,1.906
1770055047.781132,ADC2,0,bus_voltage,V,12.507
1770055047.8315585,THERM,0,motor_temp,C,31.719
1770055047.88212,THERM,0,motor_temp,C,64.998
1770055047.933044,ADC1,0,servo_1,A,0.352
1770055047.9840655,ADC1,1,servo_2,A,0.495
1770055048.034843,ADC1,0,servo_1,A,2.028
1770055048.0852125,ADC1,1,servo_2,A,2.301
1770055048.1369467,ADC1,1,servo_2,A,0.839
1770055048.1926835,ADC1,0,servo_1,A,1.008
1770055048.2435398,THERM,0,motor_temp,C,65.867
1770055048.2941003,ADC2,0,bus_voltage,V,12.588
1770055048.3446865,THERM,0,motor_temp,C,51.547
1770055048.3954697,THERM,0,motor_temp,C,60.823
1770055048.4459865,ADC2,0,bus_voltage,V,10.045
1770055048.496843,THERM,0,motor_temp,C,68.919
1770055048.5476794,ADC1,1,servo_2,A,2.044
1770055048.598094,ADC1,1,servo_2,A,0.654
1770055048.6485353,ADC1,1,servo_2,A,1.71
1770055048.69929,ADC2,0,bus_voltage,V,11.997
1770055048.749862,ADC1,1,servo_2,A,0.245
1770055048.8006458,ADC1,0,servo_1,A,1.984
1770055048.8510337,ADC1,0,servo_1,A,1.866
1770055048.909094,ADC2,0,bus_voltage,V,12.453
1770055048.959915,ADC2,0,bus_voltage,V,12.073
1770055049.0105653,ADC2,0,bus_voltage,V,10.711
1770055049.061357,ADC1,1,servo_2,A,2.356
1770055049.116673,ADC2,0,bus_voltage,V,12.377
1770055049.1702623,ADC2,0,bus_voltage,V,11.906
1770055049.225734,ADC1,0,servo_1,A,2.412
1770055049.276341,THERM,0,motor_temp,C,64.664
1770055049.3267963,THERM,0,motor_temp,C,56.66
1770055049.3772275,ADC1,0,servo_1,A,0.579
1770055049.4276555,ADC1,1,servo_2,A,2.185
1770055049.4780707,ADC2,0,bus_voltage,V,11.827
1770055049.5284464,ADC2,0,bus_voltage,V,10.377
1770055049.5790222,ADC2,0,bus_voltage,V,12.462
1770055049.6297233,THERM,0,motor_temp,C,64.981
1770055049.680195,THERM,0,motor_temp,C,68.63
1770055049.7310505,ADC2,0,bus_voltage,V,10.62
1770055049.7815347,ADC2,0,bus_voltage,V,10.646
1770055049.832336,ADC1,1,servo_2,A,0.995
1770055049.8829062,THERM,0,motor_temp,C,61.677
1770055049.9334464,THERM,0,motor_temp,C,64.721
1770055049.9843895,ADC1,0,servo_1,A,1.561
1770055050.0346887,ADC1,1,servo_2,A,1.463
1770055050.0852404,ADC1,1,servo_2,A,1.668
1770055050.1358252,THERM,0,motor_temp,C,44.674
1770055050.1862166,ADC1,1,servo_2,A,1.571
1770055050.2366638,THERM,0,motor_temp,C,53.196
1770055050.287436,ADC1,1,servo_2,A,1.699
1770055050.3378468,THERM,0,motor_temp,C,25.561
1770055050.388366,ADC2,0,bus_voltage,V,10.015
1770055050.4388096,THERM,0,motor_temp,C,27.923
1770055050.489394,ADC2,0,bus_voltage,V,10.291
1770055050.5398824,ADC1,0,servo_1,A,0.687
1770055050.5914447,ADC2,0,bus_voltage,V,11.987
1770055050.6423414,ADC1,1,servo_2,A,2.418
1770055050.6939487,ADC1,1,servo_2,A,2.115
1770055050.7463298,THERM,0,motor_temp,C,41.385
1770055050.7967803,ADC1,0,servo_1,A,1.777
1770055050.84748,ADC2,0,bus_voltage,V,10.1
1770055050.9005365,ADC2,0,bus_voltage,V,12.189
1770055050.9512966,ADC1,1,servo_2,A,2.147
1770055051.0017333,ADC2,0,bus_voltage,V,11.536
1770055051.0666313,THERM,0,motor_temp,C,51.869
1770055051.1178586,THERM,0,motor_temp,C,41.372
1770055051.1689832,ADC2,0,bus_voltage,V,12.575
1770055051.2193491,ADC1,0,servo_1,A,1.568
1770055051.2698874,THERM,0,motor_temp,C,31.352
1770055051.320641,ADC1,1,servo_2,A,0.298
1770055051.3783464,ADC2,0,bus_voltage,V,10.912
1770055051.4293876,ADC2,0,bus_voltage,V,11.29
1770055051.480145,ADC2,0,bus_voltage,V,10.593
1770055051.530681,ADC1,1,servo_2,A,2.328
1770055051.5810056,THERM,0,motor_temp,C,49.615
1770055051.631299,ADC1,0,servo_1,A,0.997
1770055051.6817763,ADC2,0,bus_voltage,V,11.128
1770055051.7322283,THERM,0,motor_temp,C,35.579
1770055051.7833083,THERM,0,motor_temp,C,52.533
1770055051.8341382,THERM,0,motor_temp,C,44.248
1770055051.884768,ADC1,1,servo_2,A,1.785
1770055051.935694,ADC2,0,bus_voltage,V,10.68
1770055051.9862943,ADC1,0,servo_1,A,1.451
1770055052.036868,ADC1,0,servo_1,A,1.58
1770055052.08748,ADC1,0,servo_1,A,2.034
1770055052.1383345,ADC2,0,bus_voltage,V,12.44
1770055052.1902957,ADC1,0,servo_1,A,1.139
1770055052.2415836,THERM,0,motor_temp,C,39.395
1770055052.2929232,ADC2,0,bus_voltage,V,10.54
1770055052.343667,ADC1,0,servo_1,A,0.812
1770055052.3940606,ADC1,1,servo_2,A,1.516
1770055052.444495,ADC2,0,bus_voltage,V,11.481
1770055052.4958708,ADC1,1,servo_2,A,1.739
1770055052.5471163,ADC2,0,bus_voltage,V,11.378
1770055052.5987325,THERM,0,motor_temp,C,67.151
1770055052.649433,THERM,0,motor_temp,C,60.08
1770055052.7001574,ADC2,0,bus_voltage,V,10.41
1770055052.7517962,THERM,0,motor_temp,C,41.694
1770055052.8025892,THERM,0,motor_temp,C,31.854
1770055052.8530393,ADC2,0,bus_voltage,V,10.892
1770055052.9037855,ADC1,0,servo_1,A,2.188
1770055052.954341,ADC2,0,bus_voltage,V,10.56
1770055053.0047047,ADC1,0,servo_1,A,1.929
1770055053.0555618,THERM,0,motor_temp,C,56.38
1770055053.1063905,ADC2,0,bus_voltage,V,10.616
1770055053.1571777,ADC2,0,bus_voltage,V,12.229
1770055053.2082298,THERM,0,motor_temp,C,46.2
1770055053.260572,ADC1,1,servo_2,A,0.847
1770055053.3131056,ADC1,0,servo_1,A,0.885
1770055053.3700037,ADC2,0,bus_voltage,V,12.291
1770055053.4217377,ADC2,0,bus_voltage,V,10.042
1770055053.4724317,ADC1,0,servo_1,A,2.143
1770055053.5228486,ADC2,0,bus_voltage,V,12.169
1770055053.5736587,ADC2,0,bus_voltage,V,11.949
1770055053.6242452,ADC1,1,servo_2,A,1.826
1770055053.6747265,ADC1,1,servo_2,A,0.785
1770055053.7254922,THERM,0,motor_temp,C,66.84
1770055053.7760413,THERM,0,motor_temp,C,64.9
1770055053.8264742,ADC1,0,servo_1,A,0.291
1770055053.8776367,ADC2,0,bus_voltage,V,10.139
1770055053.9282126,ADC1,1,servo_2,A,2.362
1770055053.9786613,ADC1,1,servo_2,A,0.721
1770055054.029056,ADC1,1,servo_2,A,2.389
1770055054.081357,ADC2,0,bus_voltage,V,10.805
1770055054.1318114,ADC1,1,servo_2,A,1.299
1770055054.1822257,ADC2,0,bus_voltage,V,11.614
1770055054.2328322,THERM,0,motor_temp,C,55.507
1770055054.2880335,ADC1,0,servo_1,A,0.565
1770055054.3404434,THERM,0,motor_temp,C,65.678
1770055054.3912294,ADC1,1,servo_2,A,1.68
1770055054.4427607,ADC2,0,bus_voltage,V,10.816
1770055054.4941158,ADC1,1,servo_2,A,2.479
1770055054.5448554,THERM,0,motor_temp,C,35.342
1770055054.595669,ADC1,0,servo_1,A,0.717
1770055054.6469445,ADC1,0,servo_1,A,2.249
1770055054.6977255,THERM,0,motor_temp,C,32.115
1770055054.7486389,ADC1,1,servo_2,A,0.802
1770055054.7994485,ADC1,0,servo_1,A,1.025
1770055054.8500352,THERM,0,motor_temp,C,41.763
1770055054.9006622,ADC2,0,bus_voltage,V,10.026
1770055054.9511454,ADC1,1,servo_2,A,1.999
1770055055.0015,THERM,0,motor_temp,C,29.726
1770055055.0522034,ADC1,1,servo_2,A,0.692
1770055055.102966,THERM,0,motor_temp,C,67.898
1770055055.1535573,ADC1,0,servo_1,A,2.019
1770055055.2043936,ADC1,0,servo_1,A,1.193
1770055055.255295,THERM,0,motor_temp,C,51.483
1770055055.3060687,ADC1,1,servo_2,A,0.857
1770055055.3564827,ADC2,0,bus_voltage,V,10.148
1770055055.4069016,ADC1,0,servo_1,A,0.404
1770055055.4576948,ADC2,0,bus_voltage,V,12.411
1770055055.508347,ADC1,0,servo_1,A,0.437
1770055055.559174,THERM,0,motor_temp,C,42.242
1770055055.610323,THERM,0,motor_temp,C,43.77
1770055055.6609943,ADC2,0,bus_voltage,V,10.609
1770055055.711431,ADC2,0,bus_voltage,V,11.687
1770055055.7621047,THERM,0,motor_temp,C,63.668
1770055055.8129122,ADC1,1,servo_2,A,2.108
1770055055.8634212,ADC1,0,servo_1,A,1.353
1770055055.9138715,ADC1,0,servo_1,A,1.615
1770055055.9642467,ADC2,0,bus_voltage,V,10.733
1770055056.0145676,ADC1,1,servo_2,A,1.304
1770055056.065185,ADC1,1,servo_2,A,2.215
1770055056.1159601,ADC1,1,servo_2,A,1.058
1770055056.166629,ADC1,0,servo_1,A,1.435
1770055056.2174287,ADC1,1,servo_2,A,0.787
1770055056.2680485,ADC2,0,bus_voltage,V,12.582
1770055056.3187456,ADC1,0,servo_1,A,1.27
1770055056.369544,ADC1,0,servo_1,A,1.086
1770055056.4216833,ADC2,0,bus_voltage,V,11.752
1770055056.4722002,ADC2,0,bus_voltage,V,11.679
1770055056.5227103,ADC1,0,servo_1,A,0.479
1770055056.573273,THERM,0,motor_temp,C,55.949
1770055056.6237783,ADC1,0,servo_1,A,0.854
1770055056.67436,ADC2,0,bus_voltage,V,10.702
1770055056.724715,ADC1,0,servo_1,A,0.539
1770055056.7753751,ADC1,1,servo_2,A,0.996
1770055056.826151,ADC1,0,servo_1,A,1.818
1770055056.8764596,ADC1,0,servo_1,A,1.071
1770055056.9273577,ADC2,0,bus_voltage,V,10.719
1770055056.977928,THERM,0,motor_temp,C,46.209
1770055057.0287004,ADC1,0,servo_1,A,1.813
1770055057.0790596,ADC1,1,servo_2,A,1.169
1770055057.1294765,THERM,0,motor_temp,C,40.574
1770055057.180217,THERM,0,motor_temp,C,67.164
1770055057.2309434,ADC1,1,servo_2,A,0.448
1770055057.2818484,THERM,0,motor_temp,C,46.943
1770055057.332662,ADC2,0,bus_voltage,V,12.32
1770055057.3832633,ADC2,0,bus_voltage,V,11.164
1770055057.4338274,ADC2,0,bus_voltage,V,11.781
1770055057.4843583,ADC1,1,servo_2,A,2.174
1770055057.5349777,ADC2,0,bus_voltage,V,11.551
1770055057.58928,ADC1,0,servo_1,A,1.415
1770055057.6446843,ADC1,1,servo_2,A,2.398
1770055057.6958108,ADC2,0,bus_voltage,V,11.585
1770055057.7463534,ADC2,0,bus_voltage,V,10.023
1770055057.7968726,THERM,0,motor_temp,C,33.047
1770055057.847158,ADC1,0,servo_1,A,1.372
1770055057.897688,ADC1,1,servo_2,A,0.508
1770055057.9482887,ADC1,0,servo_1,A,1.785
1770055057.9987125,ADC2,0,bus_voltage,V,10.118
1770055058.050075,THERM,0,motor_temp,C,47.901
1770055058.1008708,THERM,0,motor_temp,C,47.576
1770055058.151587,ADC2,0,bus_voltage,V,12.285
1770055058.20231,ADC2,0,bus_voltage,V,11.225
1770055058.2529006,ADC2,0,bus_voltage,V,11.305
1770055058.3034453,THERM,0,motor_temp,C,69.818
1770055058.354289,THERM,0,motor_temp,C,35.102
1770055058.4051635,ADC2,0,bus_voltage,V,10.895
1770055058.4560914,ADC1,1,servo_2,A,1.888
1770055058.506684,ADC1,0,servo_1,A,2.427
1770055058.557551,ADC2,0,bus_voltage,V,10.225
1770055058.6082866,THERM,0,motor_temp,C,33.748
1770055058.658821,ADC1,0,servo_1,A,2.438
1770055058.7092845,THERM,0,motor_temp,C,42.747
1770055058.759938,ADC1,1,servo_2,A,1.067
1770055058.8107367,ADC2,0,bus_voltage,V,12.202
1770055058.8616357,THERM,0,motor_temp,C,37.585
1770055058.9119425,ADC1,0,servo_1,A,1.695
1770055058.9628708,ADC2,0,bus_voltage,V,11.608
1770055059.0135105,THERM,0,motor_temp,C,25.013
1770055059.0638661,THERM,0,motor_temp,C,60.654
1770055059.114341,ADC2,0,bus_voltage,V,10.415
1770055059.1649935,THERM,0,motor_temp,C,66.589
1770055059.2154582,ADC2,0,bus_voltage,V,12.372
1770055059.266148,ADC1,1,servo_2,A,0.796
1770055059.3170757,ADC2,0,bus_voltage,V,10.253
1770055059.3678617,ADC1,1,servo_2,A,2.056
1770055059.4184926,ADC1,1,servo_2,A,0.272
1770055059.469113,ADC1,0,servo_1,A,1.971
1770055059.5197809,ADC1,0,servo_1,A,1.173
1770055059.5708477,ADC1,1,servo_2,A,0.42
1770055059.6222284,ADC1,1,servo_2,A,1.537
1770055059.6731806,THERM,0,motor_temp,C,69.209
1770055059.723655,THERM,0,motor_temp,C,29.377
1770055059.7750645,ADC2,0,bus_voltage,V,11.408
1770055059.8266528,ADC2,0,bus_voltage,V,10.495
1770055059.8773382,ADC1,1,servo_2,A,1.044
1770055059.9277916,ADC1,1,servo_2,A,1.545
1770055059.9784112,THERM,0,motor_temp,C,47.052
1770055060.0291598,ADC1,1,servo_2,A,1.648
1770055060.0796173,ADC2,0,bus_voltage,V,12.39
1770055060.130433,THERM,0,motor_temp,C,50.445
1770055060.1813734,ADC1,1,servo_2,A,1.657
1770055060.231706,ADC1,0,servo_1,A,2.146
1770055060.2822516,ADC1,0,servo_1,A,1.317
1770055060.336063,ADC1,0,servo_1,A,0.903
1770055060.3865807,THERM,0,motor_temp,C,46.383
1770055060.439443,ADC1,0,servo_1,A,1.923
1770055060.4902356,THERM,0,motor_temp,C,39.8
1770055060.5439894,ADC1,1,servo_2,A,0.269
1770055060.5946023,ADC2,0,bus_voltage,V,10.017
1770055060.6450498,ADC2,0,bus_voltage,V,11.551
1770055060.6988192,ADC2,0,bus_voltage,V,11.182
1770055060.7509794,THERM,0,motor_temp,C,48.424
1770055060.8020747,ADC1,1,servo_2,A,0.295
1770055060.85295,ADC1,0,servo_1,A,1.216
1770055060.9038365,ADC2,0,bus_voltage,V,10.635
1770055060.954629,ADC1,0,servo_1,A,0.439
1770055061.0057118,ADC1,0,servo_1,A,2.028
1770055061.0561612,THERM,0,motor_temp,C,47.503
1770055061.107648,ADC2,0,bus_voltage,V,11.337
1770055061.1581254,ADC2,0,bus_voltage,V,11.003
1770055061.208635,ADC1,1,servo_2,A,1.908
1770055061.2592044,ADC1,0,servo_1,A,1.005
1770055061.3095524,THERM,0,motor_temp,C,44.755
1770055061.3604321,ADC1,0,servo_1,A,2.407
1770055061.4111803,ADC2,0,bus_voltage,V,11.944
1770055061.4620707,ADC1,1,servo_2,A,2.034
1770055061.5130394,ADC1,1,servo_2,A,0.886
1770055061.5636654,THERM,0,motor_temp,C,49.586
1770055061.6143947,ADC1,1,servo_2,A,2.267
1770055061.6653311,ADC1,0,servo_1,A,0.662
1770055061.715859,ADC1,1,servo_2,A,1.844
1770055061.7667177,ADC1,0,servo_1,A,0.775
1770055061.8175187,ADC1,1,servo_2,A,0.73
1770055061.8683467,THERM,0,motor_temp,C,54.083
1770055061.9190578,ADC1,0,servo_1,A,0.906
1770055061.9699376,THERM,0,motor_temp,C,57.366
1770055062.0206342,THERM,0,motor_temp,C,40.21
1770055062.071399,ADC1,1,servo_2,A,2.131
1770055062.1222413,THERM,0,motor_temp,C,41.988
1770055062.1729157,ADC1,0,servo_1,A,0.919
1770055062.223421,ADC1,1,servo_2,A,1.738
1770055062.2740726,ADC1,1,servo_2,A,2.221
1770055062.324761,ADC1,0,servo_1,A,0.402
1770055062.3752596,ADC1,1,servo_2,A,0.64
1770055062.425946,ADC1,1,servo_2,A,1.483
1770055062.481247,ADC2,0,bus_voltage,V,10.661
1770055062.5324743,ADC1,1,servo_2,A,2.093
1770055062.5836759,ADC1,1,servo_2,A,0.736
1770055062.63461,ADC1,0,servo_1,A,0.837
1770055062.6854546,THERM,0,motor_temp,C,57.921
1770055062.736214,ADC1,0,servo_1,A,0.668
1770055062.7869387,ADC2,0,bus_voltage,V,12.157
1770055062.8378506,THERM,0,motor_temp,C,53.159
1770055062.8884118,ADC2,0,bus_voltage,V,11.739
1770055062.938872,THERM,0,motor_temp,C,41.311
1770055062.9893157,ADC1,0,servo_1,A,1.311
1770055063.0414932,THERM,0,motor_temp,C,60.597
1770055063.092391,ADC1,1,servo_2,A,2.405
1770055063.142717,ADC1,1,servo_2,A,0.645
1770055063.1934574,THERM,0,motor_temp,C,47.648
1770055063.2442174,ADC1,0,servo_1,A,1.433
1770055063.2950022,ADC2,0,bus_voltage,V,12.234
1770055063.3457382,ADC1,1,servo_2,A,0.946
1770055063.3966296,ADC1,0,servo_1,A,0.438
1770055063.447149,ADC2,0,bus_voltage,V,10.358
1770055063.4977562,THERM,0,motor_temp,C,60.4
1770055063.5480838,ADC1,0,servo_1,A,0.891
1770055063.5985565,ADC1,0,servo_1,A,1.944
1770055063.649183,ADC1,1,servo_2,A,1.555
1770055063.7000139,THERM,0,motor_temp,C,62.191
1770055063.7507703,ADC1,1,servo_2,A,1.614
1770055063.8037086,ADC1,0,servo_1,A,0.755
1770055063.8544133,ADC1,1,servo_2,A,1.189
1770055063.9061205,THERM,0,motor_temp,C,34.195
1770055063.956819,ADC1,0,servo_1,A,0.348
1770055064.007276,THERM,0,motor_temp,C,42.813
1770055064.0580306,ADC1,1,servo_2,A,1.2
1770055064.1096494,ADC1,0,servo_1,A,1.77
1770055064.1609206,THERM,0,motor_temp,C,45.386
1770055064.2115362,THERM,0,motor_temp,C,45.08
1770055064.2620625,ADC1,1,servo_2,A,0.919
1770055064.3129246,ADC1,0,servo_1,A,1.119
1770055064.363191,ADC1,0,servo_1,A,2.326
1770055064.4135122,ADC2,0,bus_voltage,V,11.939
1770055064.4647558,THERM,0,motor_temp,C,48.786
1770055064.515959,ADC1,1,servo_2,A,1.793
1770055064.5690863,ADC1,0,servo_1,A,2.471
1770055064.6197488,THERM,0,motor_temp,C,32.004
1770055064.670726,ADC1,0,servo_1,A,0.226
1770055064.721152,THERM,0,motor_temp,C,60.018
1770055064.771759,ADC2,0,bus_voltage,V,11.713
1770055064.8222463,ADC2,0,bus_voltage,V,11.04
1770055064.8727164,ADC1,1,servo_2,A,0.754
1770055064.923316,ADC1,0,servo_1,A,0.54
1770055064.9810069,ADC1,1,servo_2,A,0.482
1770055065.03189,THERM,0,motor_temp,C,63.535
1770055065.0829086,ADC2,0,bus_voltage,V,11.444
1770055065.1334052,THERM,0,motor_temp,C,50.36
1770055065.1841931,ADC1,1,servo_2,A,1.457
1770055065.2350433,ADC2,0,bus_voltage,V,11.473
1770055065.2859442,THERM,0,motor_temp,C,32.632
1770055065.3367536,ADC2,0,bus_voltage,V,11.463
1770055065.387395,THERM,0,motor_temp,C,41.241
1770055065.4377284,ADC2,0,bus_voltage,V,11.02
1770055065.4883144,ADC1,1,servo_2,A,0.842
1770055065.5390644,ADC2,0,bus_voltage,V,11.347
1770055065.589525,ADC1,1,servo_2,A,0.993
1770055065.6403368,THERM,0,motor_temp,C,60.866
1770055065.6909664,ADC1,1,servo_2,A,2.138
1770055065.7416356,ADC1,0,servo_1,A,1.177
1770055065.7922204,ADC1,1,servo_2,A,0.721
1770055065.8429663,THERM,0,motor_temp,C,28.655
1770055065.8936393,ADC1,1,servo_2,A,0.972
1770055065.9445348,ADC1,1,servo_2,A,1.725
1770055065.9964576,ADC2,0,bus_voltage,V,10.829
1770055066.0475183,ADC1,1,servo_2,A,1.115
1770055066.098752,ADC1,0,servo_1,A,1.237
1770055066.1491609,ADC1,1,servo_2,A,1.892
1770055066.1995816,ADC2,0,bus_voltage,V,10.521
1770055066.2503846,ADC2,0,bus_voltage,V,10.119
1770055066.3011696,ADC2,0,bus_voltage,V,10.209
1770055066.351693,THERM,0,motor_temp,C,49.92
1770055066.402084,ADC2,0,bus_voltage,V,10.218
1770055066.452541,ADC1,1,servo_2,A,2.031
1770055066.5030527,ADC2,0,bus_voltage,V,10.297
1770055066.5536134,THERM,0,motor_temp,C,35.965
1770055066.6040692,ADC2,0,bus_voltage,V,10.982
1770055066.6547725,ADC2,0,bus_voltage,V,11.262
1770055066.7050836,ADC1,1,servo_2,A,1.631
1770055066.7560353,ADC1,1,servo_2,A,2.483
1770055066.8064797,THERM,0,motor_temp,C,33.507
1770055066.8570757,ADC2,0,bus_voltage,V,12.097
1770055066.9078116,ADC1,0,servo_1,A,1.125
1770055066.9583676,ADC1,0,servo_1,A,2.064
1770055067.0092251,ADC1,1,servo_2,A,0.311
1770055067.0596566,ADC1,1,servo_2,A,1.927
1770055067.110397,THERM,0,motor_temp,C,39.645
1770055067.160796,ADC1,0,servo_1,A,2.252
1770055067.211195,ADC1,0,servo_1,A,0.846
1770055067.2615995,THERM,0,motor_temp,C,43.562
1770055067.3120131,ADC2,0,bus_voltage,V,12.261
1770055067.3629148,THERM,0,motor_temp,C,59.285
1770055067.4133365,ADC1,0,servo_1,A,1.47
1770055067.463855,ADC1,1,servo_2,A,2.497
1770055067.5147295,ADC1,0,servo_1,A,0.967
1770055067.5651686,ADC1,0,servo_1,A,0.956
1770055067.615916,ADC1,0,servo_1,A,2.015
1770055067.6663618,THERM,0,motor_temp,C,33.952
1770055067.7170699,ADC1,1,servo_2,A,1.596
1770055067.7677622,ADC1,1,servo_2,A,0.236
1770055067.8189511,ADC1,0,servo_1,A,0.533
1770055067.8695984,THERM,0,motor_temp,C,41.967
1770055067.9209883,ADC1,1,servo_2,A,1.324
1770055067.9715476,ADC1,0,servo_1,A,0.754
1770055068.022268,ADC1,0,servo_1,A,0.899
1770055068.0782776,THERM,0,motor_temp,C,59.692
1770055068.1295485,ADC1,0,servo_1,A,1.36
1770055068.1808307,ADC1,1,servo_2,A,0.586
1770055068.2325628,ADC1,0,servo_1,A,2.276
1770055068.2832808,ADC2,0,bus_voltage,V,11.528
1770055068.3339493,ADC2,0,bus_voltage,V,11.599
1770055068.384893,ADC1,0,servo_1,A,1.711
1770055068.4357457,ADC1,1,servo_2,A,2.404
1770055068.4866724,THERM,0,motor_temp,C,48.1
1770055068.537206,THERM,0,motor_temp,C,38.011
1770055068.5875795,THERM,0,motor_temp,C,68.027
1770055068.6382163,ADC1,1,servo_2,A,1.934
1770055068.6889129,ADC2,0,bus_voltage,V,10.317
1770055068.7393134,ADC1,0,servo_1,A,1.332
1770055068.790138,ADC1,1,servo_2,A,0.876
1770055068.840872,ADC2,0,bus_voltage,V,11.576
1770055068.891275,ADC2,0,bus_voltage,V,12.125
1770055068.9416373,ADC2,0,bus_voltage,V,11.286
1770055068.9921553,ADC2,0,bus_voltage,V,12.333
1770055069.0428433,THERM,0,motor_temp,C,63.246
1770055069.0994427,THERM,0,motor_temp,C,66.037
1770055069.1498153,ADC1,0,servo_1,A,1.704
1770055069.2016788,ADC1,1,servo_2,A,0.839
1770055069.252111,ADC2,0,bus_voltage,V,10.047
1770055069.302824,ADC1,1,servo_2,A,0.49
1770055069.353197,ADC2,0,bus_voltage,V,11.947
1770055069.4036946,ADC1,0,servo_1,A,2.363
1770055069.4543767,ADC1,0,servo_1,A,2.069
1770055069.5052965,THERM,0,motor_temp,C,29.526
1770055069.5556083,ADC2,0,bus_voltage,V,10.301
1770055069.606334,ADC2,0,bus_voltage,V,11.972
1770055069.6571016,ADC1,1,servo_2,A,1.015
1770055069.7078283,ADC1,0,servo_1,A,2.227
1770055069.7583332,ADC1,0,servo_1,A,0.352
1770055069.8092656,THERM,0,motor_temp,C,53.072
1770055069.859982,THERM,0,motor_temp,C,36.908
1770055069.9104915,THERM,0,motor_temp,C,31.701
1770055069.9611542,ADC1,0,servo_1,A,1.565
1770055070.0118887,ADC2,0,bus_voltage,V,11.916
1770055070.06343,THERM,0,motor_temp,C,53.081
1770055070.1153564,ADC2,0,bus_voltage,V,10.171
1770055070.1660497,ADC1,0,servo_1,A,1.579
1770055070.2164886,THERM,0,motor_temp,C,48.999
1770055070.2673466,THERM,0,motor_temp,C,55.06
1770055070.3191664,ADC2,0,bus_voltage,V,10.51
1770055070.3700304,ADC2,0,bus_voltage,V,11.068
1770055070.421228,ADC1,1,servo_2,A,2.039
1770055070.4716623,ADC2,0,bus_voltage,V,10.198
1770055070.5223873,ADC1,1,servo_2,A,0.678
1770055070.5728269,THERM,0,motor_temp,C,58.023
1770055070.6232133,THERM,0,motor_temp,C,56.09
1770055070.673953,ADC1,1,servo_2,A,2.327
1770055070.7244816,ADC1,0,servo_1,A,2.384
1770055070.775403,ADC1,1,servo_2,A,1.437
1770055070.826125,THERM,0,motor_temp,C,52.751
1770055070.8766866,ADC2,0,bus_voltage,V,10.818
1770055070.9269967,THERM,0,motor_temp,C,26.057
1770055070.9776125,ADC1,0,servo_1,A,2.042
1770055071.0282545,THERM,0,motor_temp,C,44.345
1770055071.0845108,THERM,0,motor_temp,C,36.124
1770055071.1376524,ADC2,0,bus_voltage,V,11.361
1770055071.1914291,ADC1,0,servo_1,A,2.27
1770055071.2421393,THERM,0,motor_temp,C,50.823
1770055071.2946491,ADC2,0,bus_voltage,V,10.307
1770055071.345357,ADC1,0,servo_1,A,2.418
1770055071.3958006,ADC1,0,servo_1,A,1.228
1770055071.4463053,ADC1,0,servo_1,A,0.632
1770055071.4969914,THERM,0,motor_temp,C,39.969
1770055071.5473907,THERM,0,motor_temp,C,57.663
1770055071.59818,THERM,0,motor_temp,C,66.599
1770055071.6484997,ADC1,1,servo_2,A,1.853
1770055071.6991942,ADC1,0,servo_1,A,1.561
1770055071.7495801,ADC1,1,servo_2,A,1.202
1770055071.8002844,ADC2,0,bus_voltage,V,10.807
1770055071.8508399,THERM,0,motor_temp,C,44.95
1770055071.901222,ADC1,0,servo_1,A,2.11
1770055071.9516757,THERM,0,motor_temp,C,40.117
1770055072.002246,THERM,0,motor_temp,C,43.777
1770055072.0529268,ADC1,1,servo_2,A,2.471
1770055072.1034696,ADC2,0,bus_voltage,V,11.055
1770055072.153926,ADC1,1,servo_2,A,0.276
1770055072.204694,ADC1,1,servo_2,A,0.299
1770055072.255679,ADC2,0,bus_voltage,V,11.767
1770055072.3076508,ADC1,0,servo_1,A,0.337
1770055072.3583996,ADC1,0,servo_1,A,0.668
1770055072.4087596,ADC1,0,servo_1,A,0.295
1770055072.4594889,ADC1,1,servo_2,A,0.582
1770055072.5100534,ADC1,0,servo_1,A,1.14
1770055072.560405,ADC1,0,servo_1,A,2.114
1770055072.6112282,ADC1,1,servo_2,A,1.894
1770055072.6615295,THERM,0,motor_temp,C,61.1
1770055072.712821,ADC1,1,servo_2,A,1.545
1770055072.7633257,ADC2,0,bus_voltage,V,12.501
1770055072.8142061,THERM,0,motor_temp,C,55.66
1770055072.8648946,ADC1,1,servo_2,A,0.684
1770055072.9151857,ADC1,0,servo_1,A,0.236
1770055072.9654858,ADC2,0,bus_voltage,V,11.079
1770055073.0159278,ADC2,0,bus_voltage,V,12.286
1770055073.0666614,ADC1,1,servo_2,A,1.409
1770055073.1173491,THERM,0,motor_temp,C,40.372
1770055073.1680033,ADC2,0,bus_voltage,V,11.943
1770055073.218313,ADC1,0,servo_1,A,0.244
1770055073.2690043,ADC2,0,bus_voltage,V,10.952
1770055073.3194911,ADC1,1,servo_2,A,2.414
1770055073.3708947,ADC1,0,servo_1,A,1.023
1770055073.4212756,ADC1,1,servo_2,A,2.35
1770055073.4721413,ADC1,0,servo_1,A,0.205
1770055073.5225592,ADC1,1,servo_2,A,1.226
1770055073.5733051,THERM,0,motor_temp,C,67.063
1770055073.6237514,THERM,0,motor_temp,C,61.8
1770055073.6746566,ADC2,0,bus_voltage,V,11.125
1770055073.725151,ADC1,1,servo_2,A,1.318
1770055073.7756855,ADC1,1,servo_2,A,2.338
1770055073.8290687,ADC1,0,servo_1,A,1.434
1770055073.8804455,THERM,0,motor_temp,C,55.071
1770055073.9310894,ADC2,0,bus_voltage,V,11.427
1770055073.9817653,ADC1,0,servo_1,A,0.722
1770055074.0323827,ADC1,1,servo_2,A,2.275
1770055074.082838,THERM,0,motor_temp,C,50.617
1770055074.1336277,THERM,0,motor_temp,C,52.835
1770055074.1855342,ADC1,0,servo_1,A,1.884
1770055074.236789,THERM,0,motor_temp,C,43.61
1770055074.287212,ADC1,1,servo_2,A,2.5
1770055074.337922,ADC1,0,servo_1,A,2.485
1770055074.3889277,ADC1,0,servo_1,A,1.31
1770055074.4395802,ADC1,1,servo_2,A,0.861
1770055074.4903936,ADC2,0,bus_voltage,V,10.541
1770055074.541099,ADC2,0,bus_voltage,V,12.594
1770055074.591449,ADC1,0,servo_1,A,1.957
1770055074.6420612,ADC1,0,servo_1,A,1.06
1770055074.6940598,THERM,0,motor_temp,C,60.821
1770055074.744622,ADC2,0,bus_voltage,V,12.27
1770055074.7959425,ADC2,0,bus_voltage,V,11.27
1770055074.8466194,THERM,0,motor_temp,C,64.218
1770055074.897393,THERM,0,motor_temp,C,42.082
1770055074.9479914,ADC1,0,servo_1,A,2.303
1770055074.9987645,ADC1,1,servo_2,A,0.634
1770055075.0494125,ADC2,0,bus_voltage,V,10.94
1770055075.101274,ADC2,0,bus_voltage,V,11.298
1770055075.1516714,ADC1,1,servo_2,A,2.02
1770055075.2023294,ADC2,0,bus_voltage,V,11.087
1770055075.2545838,ADC2,0,bus_voltage,V,10.151
1770055075.3057158,ADC1,0,servo_1,A,0.484
1770055075.3572736,ADC1,1,servo_2,A,1.601
1770055075.4080412,ADC1,1,servo_2,A,2.384
1770055075.4587631,ADC2,0,bus_voltage,V,10.42
1770055075.5095012,THERM,0,motor_temp,C,58.837
1770055075.5601559,THERM,0,motor_temp,C,52.118
1770055075.6113267,ADC1,0,servo_1,A,2.461
1770055075.661923,THERM,0,motor_temp,C,35.47
1770055075.71243,ADC2,0,bus_voltage,V,11.004
1770055075.7629466,THERM,0,motor_temp,C,63.9
1770055075.8134665,ADC1,1,servo_2,A,1.27
1770055075.864016,ADC2,0,bus_voltage,V,11.587
1770055075.9144435,ADC2,0,bus_voltage,V,10.358
1770055075.9650414,ADC1,0,servo_1,A,1.353
1770055076.0157216,ADC2,0,bus_voltage,V,12.13
1770055076.0665207,ADC1,1,servo_2,A,0.363
1770055076.1170936,THERM,0,motor_temp,C,61.843
1770055076.1680667,ADC1,1,servo_2,A,1.815
1770055076.218825,ADC2,0,bus_voltage,V,10.303
1770055076.269114,ADC1,0,servo_1,A,2.029
1770055076.319841,ADC2,0,bus_voltage,V,11.711
1770055076.376478,ADC2,0,bus_voltage,V,10.046
1770055076.4279106,THERM,0,motor_temp,C,46.329
1770055076.478795,THERM,0,motor_temp,C,51.794
1770055076.5291548,ADC2,0,bus_voltage,V,11.496
1770055076.5795674,THERM,0,motor_temp,C,50.163
1770055076.6306536,ADC1,1,servo_2,A,2.096
1770055076.6811688,ADC1,0,servo_1,A,0.71
1770055076.7318757,ADC1,1,servo_2,A,1.422
1770055076.782432,THERM,0,motor_temp,C,69.624
1770055076.8327696,ADC1,0,servo_1,A,0.637
1770055076.8832374,ADC1,0,servo_1,A,1.279
1770055076.9338806,ADC2,0,bus_voltage,V,10.723
1770055076.9843066,ADC1,1,servo_2,A,2.164
1770055077.0387487,ADC1,1,servo_2,A,0.332
1770055077.0900311,ADC1,1,servo_2,A,1.283
1770055077.1431124,ADC1,0,servo_1,A,1.788
1770055077.193971,ADC1,1,servo_2,A,1.153
1770055077.2447414,ADC1,1,servo_2,A,1.165
1770055077.2954628,ADC2,0,bus_voltage,V,11.75
1770055077.3459773,ADC1,0,servo_1,A,1.136
1770055077.3986542,THERM,0,motor_temp,C,69.037
1770055077.4501216,ADC2,0,bus_voltage,V,10.81
1770055077.501102,THERM,0,motor_temp,C,67.8
1770055077.5515335,THERM,0,motor_temp,C,36.545
1770055077.6020713,THERM,0,motor_temp,C,28.204
1770055077.6523705,ADC1,1,servo_2,A,1.205
1770055077.7027757,ADC1,0,servo_1,A,2.355
1770055077.7532413,THERM,0,motor_temp,C,61.089
1770055077.8039315,THERM,0,motor_temp,C,51.434
1770055077.8542798,ADC1,0,servo_1,A,2.28
1770055077.9048307,THERM,0,motor_temp,C,65.798
1770055077.9556155,ADC2,0,bus_voltage,V,10.452
1770055078.0061944,ADC1,0,servo_1,A,0.971
1770055078.0568159,ADC2,0,bus_voltage,V,11.715
1770055078.1074822,THERM,0,motor_temp,C,44.108
1770055078.1582913,ADC2,0,bus_voltage,V,10.522
1770055078.2089133,ADC1,1,servo_2,A,2.029
1770055078.2598195,ADC1,1,servo_2,A,0.968
1770055078.310476,ADC1,1,servo_2,A,0.492
1770055078.3608477,ADC2,0,bus_voltage,V,10.367
1770055078.4115398,ADC2,0,bus_voltage,V,12.26
1770055078.4630575,ADC2,0,bus_voltage,V,11.896
1770055078.5136766,THERM,0,motor_temp,C,53.918
1770055078.5659993,ADC1,1,servo_2,A,1.044
1770055078.6167517,ADC1,0,servo_1,A,0.592
1770055078.6671154,THERM,0,motor_temp,C,32.407
1770055078.7177668,ADC2,0,bus_voltage,V,11.663
1770055078.768302,THERM,0,motor_temp,C,37.78
1770055078.8187234,ADC1,1,servo_2,A,2.284
1770055078.8690794,ADC1,1,servo_2,A,1.437
1770055078.9196928,ADC1,1,servo_2,A,1.174
1770055078.970273,ADC1,1,servo_2,A,0.466
1770055079.0209663,ADC2,0,bus_voltage,V,10.15
1770055079.0715811,ADC2,0,bus_voltage,V,10.792
1770055079.1302843,THERM,0,motor_temp,C,26.79
1770055079.181334,THERM,0,motor_temp,C,32.928
1770055079.2321174,ADC1,1,servo_2,A,2.143
1770055079.283005,ADC1,0,servo_1,A,0.558
1770055079.3335865,ADC2,0,bus_voltage,V,10.882
1770055079.385041,ADC1,0,servo_1,A,1.425
1770055079.4354503,ADC2,0,bus_voltage,V,10.877
1770055079.486177,THERM,0,motor_temp,C,57.846
1770055079.5368013,THERM,0,motor_temp,C,59.739
1770055079.5872686,ADC1,0,servo_1,A,1.715
1770055079.6376905,THERM,0,motor_temp,C,55.593
1770055079.6881244,ADC1,1,servo_2,A,0.759
1770055079.7386086,THERM,0,motor_temp,C,58.999
1770055079.789212,THERM,0,motor_temp,C,53.911
1770055079.8398042,ADC2,0,bus_voltage,V,10.452
1770055079.890354,ADC1,1,servo_2,A,1.932
1770055079.940939,ADC1,1,servo_2,A,1.257
1770055079.9914067,ADC2,0,bus_voltage,V,10.809
1770055080.0417666,ADC2,0,bus_voltage,V,11.795
1770055080.0925033,THERM,0,motor_temp,C,27.579
1770055080.143139,ADC1,0,servo_1,A,1.905
1770055080.193777,ADC1,0,servo_1,A,0.481
1770055080.244535,ADC2,0,bus_voltage,V,11.656
1770055080.2949908,THERM,0,motor_temp,C,52.78
1770055080.3455775,ADC1,0,servo_1,A,1.748
1770055080.3965008,ADC1,0,servo_1,A,1.891
1770055080.4478304,ADC1,0,servo_1,A,2.457
1770055080.4986098,THERM,0,motor_temp,C,36.807
1770055080.5504737,ADC2,0,bus_voltage,V,10.791
1770055080.6008763,THERM,0,motor_temp,C,54.52
1770055080.6514037,ADC1,1,servo_2,A,0.545
1770055080.7022216,ADC1,0,servo_1,A,1.86
1770055080.7528772,THERM,0,motor_temp,C,43.958
1770055080.8037705,ADC1,0,servo_1,A,0.922
1770055080.8545206,ADC2,0,bus_voltage,V,11.131
1770055080.9050417,ADC1,0,servo_1,A,0.411
1770055080.9554515,ADC1,0,servo_1,A,0.437
1770055081.0061305,THERM,0,motor_temp,C,54.624
1770055081.056923,ADC1,0,servo_1,A,2.491
1770055081.107349,ADC1,0,servo_1,A,1.004
1770055081.1581168,THERM,0,motor_temp,C,39.531
1770055081.20858,ADC2,0,bus_voltage,V,12.434
1770055081.2589977,ADC1,0,servo_1,A,2.31
1770055081.309851,ADC2,0,bus_voltage,V,10.803
1770055081.3604898,ADC2,0,bus_voltage,V,10.695
1770055081.4109342,ADC1,1,servo_2,A,1.273
1770055081.4614437,ADC2,0,bus_voltage,V,10.069
1770055081.5121312,ADC1,1,servo_2,A,2.095
1770055081.5632863,ADC2,0,bus_voltage,V,11.654
1770055081.613937,ADC1,1,servo_2,A,1.886
1770055081.6644282,ADC1,1,servo_2,A,2.022
1770055081.7150443,ADC1,1,servo_2,A,1.113
1770055081.765369,ADC1,0,servo_1,A,0.7
1770055081.8199365,ADC1,1,servo_2,A,0.434
1770055081.8762362,ADC1,1,servo_2,A,0.495
1770055081.9304926,ADC1,1,servo_2,A,1.618
1770055081.9812276,THERM,0,motor_temp,C,49.634
1770055082.031935,THERM,0,motor_temp,C,62.595
1770055082.0825686,THERM,0,motor_temp,C,40.118
1770055082.1332693,THERM,0,motor_temp,C,48.532
1770055082.1840491,ADC2,0,bus_voltage,V,11.461
1770055082.2345097,ADC1,0,servo_1,A,1.342
1770055082.2851744,ADC1,1,servo_2,A,2.184
1770055082.33592,ADC2,0,bus_voltage,V,11.343
1770055082.386355,ADC2,0,bus_voltage,V,12.225
1770055082.4369018,THERM,0,motor_temp,C,58.989
1770055082.487673,ADC2,0,bus_voltage,V,10.921
1770055082.5381694,ADC1,1,servo_2,A,2.387
1770055082.5896344,ADC1,1,servo_2,A,0.313
1770055082.640224,ADC1,0,servo_1,A,0.527
1770055082.6925635,THERM,0,motor_temp,C,58.373
1770055082.7440588,ADC2,0,bus_voltage,V,12.034
1770055082.7950943,ADC2,0,bus_voltage,V,10.081
1770055082.8457348,ADC1,1,servo_2,A,0.641
1770055082.896254,ADC1,0,servo_1,A,1.558
1770055082.947098,ADC1,1,servo_2,A,2.371
1770055082.997757,ADC2,0,bus_voltage,V,11.036
1770055083.048307,THERM,0,motor_temp,C,66.985
1770055083.0990236,ADC1,0,servo_1,A,1.803
1770055083.1495202,ADC1,0,servo_1,A,2.492
1770055083.2000127,THERM,0,motor_temp,C,26.768
1770055083.2503703,ADC1,1,servo_2,A,0.902
1770055083.3010213,ADC2,0,bus_voltage,V,10.886
1770055083.3536973,ADC2,0,bus_voltage,V,10.957
1770055083.404469,THERM,0,motor_temp,C,58.073
1770055083.4548864,ADC1,1,servo_2,A,0.912
1770055083.505573,ADC1,0,servo_1,A,1.655
1770055083.557455,ADC1,1,servo_2,A,1.357
1770055083.607948,ADC1,0,servo_1,A,1.211
1770055083.6584604,ADC1,1,servo_2,A,1.743
1770055083.7117922,ADC2,0,bus_voltage,V,12.037
1770055083.7634203,ADC1,0,servo_1,A,1.853
1770055083.813938,ADC1,0,servo_1,A,2.054
1770055083.86454,THERM,0,motor_temp,C,42.869
1770055083.9154673,ADC2,0,bus_voltage,V,11.711
1770055083.9677737,ADC1,1,servo_2,A,1.258
1770055084.018215,ADC1,0,servo_1,A,2.282
1770055084.0687635,THERM,0,motor_temp,C,43.06
1770055084.120746,ADC1,1,servo_2,A,1.072
1770055084.171365,THERM,0,motor_temp,C,49.804
1770055084.222144,ADC1,0,servo_1,A,1.936
1770055084.2725923,ADC2,0,bus_voltage,V,10.98
1770055084.323023,ADC1,0,servo_1,A,0.945
1770055084.373822,ADC1,0,servo_1,A,1.129
1770055084.4242861,ADC1,1,servo_2,A,0.899
1770055084.4746242,ADC2,0,bus_voltage,V,12.071
1770055084.5253494,ADC1,1,servo_2,A,1.376
1770055084.5760658,ADC1,0,servo_1,A,0.323
1770055084.6272237,ADC1,1,servo_2,A,0.69
1770055084.681192,ADC2,0,bus_voltage,V,10.775
1770055084.7327545,ADC1,0,servo_1,A,2.169
1770055084.783681,THERM,0,motor_temp,C,36.946
1770055084.8343048,ADC1,0,servo_1,A,2.23
1770055084.885045,ADC1,0,servo_1,A,1.775
1770055084.9354854,ADC2,0,bus_voltage,V,10.044
1770055084.9861925,THERM,0,motor_temp,C,48.138
1770055085.0366766,ADC2,0,bus_voltage,V,11.093
1770055085.0873702,ADC1,0,servo_1,A,0.422
1770055085.1384022,ADC2,0,bus_voltage,V,10.192
1770055085.1891615,ADC2,0,bus_voltage,V,12.149
1770055085.2398899,ADC1,0,servo_1,A,2.29
1770055085.290495,ADC1,1,servo_2,A,1.874
1770055085.340898,ADC1,0,servo_1,A,0.392
1770055085.3915014,ADC1,1,servo_2,A,1.095
1770055085.44283,ADC1,0,servo_1,A,0.924
1770055085.4935174,ADC2,0,bus_voltage,V,12.399
1770055085.5465157,ADC1,1,servo_2,A,1.147
1770055085.5975575,THERM,0,motor_temp,C,58.398
1770055085.6492984,ADC2,0,bus_voltage,V,11.055
1770055085.7002342,THERM,0,motor_temp,C,34.659
1770055085.7507997,ADC2,0,bus_voltage,V,11.026
1770055085.8014998,ADC1,1,servo_2,A,1.882
1770055085.8522735,ADC1,0,servo_1,A,1.484
1770055085.9026246,ADC1,0,servo_1,A,1.259
1770055085.9532142,ADC1,1,servo_2,A,2.49
1770055086.0038962,THERM,0,motor_temp,C,50.436
1770055086.0543845,ADC1,0,servo_1,A,0.334
1770055086.1050825,THERM,0,motor_temp,C,50.463
1770055086.1558154,ADC1,1,servo_2,A,1.708
1770055086.2062838,THERM,0,motor_temp,C,64.155
1770055086.2566478,ADC1,0,servo_1,A,1.641
1770055086.307552,ADC1,1,servo_2,A,1.308
1770055086.358143,ADC2,0,bus_voltage,V,12.421
1770055086.4086244,ADC2,0,bus_voltage,V,12.392
1770055086.45914,ADC2,0,bus_voltage,V,10.504
1770055086.5095234,ADC1,0,servo_1,A,1.12
1770055086.5629249,ADC1,0,servo_1,A,2.371
1770055086.6137924,ADC1,0,servo_1,A,0.758
1770055086.6646152,ADC1,1,servo_2,A,0.937
1770055086.7151208,ADC2,0,bus_voltage,V,10.232
1770055086.765844,ADC1,0,servo_1,A,1.492
1770055086.8164124,ADC1,0,servo_1,A,1.198
1770055086.8671887,ADC1,0,servo_1,A,1.635
1770055086.9178324,ADC1,0,servo_1,A,0.913
1770055086.9684575,THERM,0,motor_temp,C,29.112
1770055087.0203364,ADC2,0,bus_voltage,V,10.637
1770055087.070765,ADC1,1,servo_2,A,1.345
1770055087.1213903,ADC1,1,servo_2,A,1.004
1770055087.1720033,ADC2,0,bus_voltage,V,12.557
1770055087.2225688,ADC1,0,servo_1,A,2.316
1770055087.273021,THERM,0,motor_temp,C,58.757
1770055087.3238118,THERM,0,motor_temp,C,57.914
1770055087.3742802,ADC1,1,servo_2,A,1.477
1770055087.4246624,ADC1,0,servo_1,A,1.434
1770055087.4752028,ADC1,0,servo_1,A,1.758
1770055087.5256379,ADC1,0,servo_1,A,1.106
1770055087.5761302,ADC1,1,servo_2,A,0.415
1770055087.6289506,THERM,0,motor_temp,C,26.39
1770055087.6803174,THERM,0,motor_temp,C,45.808
1770055087.7309825,ADC1,0,servo_1,A,1.303
1770055087.7815175,ADC2,0,bus_voltage,V,12.271
1770055087.832283,ADC1,1,servo_2,A,1.811
1770055087.8832328,ADC1,1,servo_2,A,2.118
1770055087.9336824,ADC2,0,bus_voltage,V,10.204
1770055087.9844172,THERM,0,motor_temp,C,45.41
1770055088.0349045,ADC1,0,servo_1,A,1.074
1770055088.085598,THERM,0,motor_temp,C,56.289
1770055088.1362252,ADC2,0,bus_voltage,V,12.283
1770055088.1870432,THERM,0,motor_temp,C,60.175
1770055088.2379103,ADC2,0,bus_voltage,V,11.828
1770055088.2883666,THERM,0,motor_temp,C,30.399
1770055088.3391585,ADC2,0,bus_voltage,V,10.396
1770055088.3894632,ADC1,1,servo_2,A,2.02
1770055088.4408278,ADC1,0,servo_1,A,1.825
1770055088.4912188,ADC2,0,bus_voltage,V,10.535
1770055088.5416305,ADC2,0,bus_voltage,V,10.504
1770055088.5922444,THERM,0,motor_temp,C,44.66
1770055088.642731,ADC2,0,bus_voltage,V,11.113
1770055088.6931798,ADC2,0,bus_voltage,V,12.583
1770055088.74399,THERM,0,motor_temp,C,63.624
1770055088.7944605,THERM,0,motor_temp,C,56.827
1770055088.8449678,THERM,0,motor_temp,C,33.398
1770055088.8967414,THERM,0,motor_temp,C,67.308
1770055088.947539,ADC1,1,servo_2,A,1.207
1770055088.9981418,ADC2,0,bus_voltage,V,10.207
1770055089.0487301,THERM,0,motor_temp,C,66.93
1770055089.0994902,ADC1,0,servo_1,A,0.403
1770055089.150101,ADC1,0,servo_1,A,0.609
1770055089.2006905,ADC2,0,bus_voltage,V,11.775
1770055089.2511382,THERM,0,motor_temp,C,57.18
1770055089.3016436,ADC2,0,bus_voltage,V,11.745
1770055089.3520267,THERM,0,motor_temp,C,54.377
1770055089.402357,ADC2,0,bus_voltage,V,11.998
1770055089.4530816,ADC1,1,servo_2,A,1.462
1770055089.503888,ADC1,1,servo_2,A,1.943
1770055089.554503,ADC1,0,servo_1,A,2.398
1770055089.6050715,ADC1,1,servo_2,A,2.384
1770055089.6558137,ADC1,1,servo_2,A,2.433
1770055089.7065098,ADC1,0,servo_1,A,1.066
1770055089.7573965,ADC1,0,servo_1,A,0.926
1770055089.8077571,ADC1,1,servo_2,A,0.871
1770055089.858482,ADC1,0,servo_1,A,0.958
1770055089.9093118,ADC2,0,bus_voltage,V,10.083
1770055089.9597518,ADC1,0,servo_1,A,0.206
1770055090.0106308,ADC1,1,servo_2,A,1.034
1770055090.0616195,THERM,0,motor_temp,C,41.01
1770055090.114366,ADC1,0,servo_1,A,1.606
1770055090.1658862,THERM,0,motor_temp,C,48.254
1770055090.2164557,ADC1,1,servo_2,A,2.308
1770055090.2673159,THERM,0,motor_temp,C,69.859
1770055090.3178616,ADC1,0,servo_1,A,0.735
1770055090.3685913,ADC2,0,bus_voltage,V,12.393
1770055090.4191465,ADC1,0,servo_1,A,1.229
1770055090.4696884,THERM,0,motor_temp,C,27.509
1770055090.5201826,ADC1,0,servo_1,A,1.64
1770055090.5710096,ADC1,0,servo_1,A,1.898
1770055090.621574,ADC1,0,servo_1,A,0.267
1770055090.6723695,ADC1,0,servo_1,A,1.001
1770055090.7230623,THERM,0,motor_temp,C,47.346
1770055090.7738733,ADC1,0,servo_1,A,0.7
1770055090.8245592,ADC1,0,servo_1,A,1.215
1770055090.8750067,ADC1,1,servo_2,A,2.29
1770055090.92539,ADC1,0,servo_1,A,1.757
1770055090.9761236,ADC1,1,servo_2,A,1.161
1770055091.0265915,ADC2,0,bus_voltage,V,11.02
1770055091.0770245,ADC2,0,bus_voltage,V,11.07
1770055091.127851,ADC1,1,servo_2,A,2.322
1770055091.1787698,ADC1,0,servo_1,A,1.235
1770055091.2300086,ADC1,0,servo_1,A,0.699
1770055091.2805645,ADC1,1,servo_2,A,0.829
1770055091.3312402,ADC1,1,servo_2,A,0.339
1770055091.3815372,THERM,0,motor_temp,C,28.409
1770055091.432155,ADC1,1,servo_2,A,1.734
1770055091.48273,ADC1,0,servo_1,A,2.014
1770055091.533157,ADC1,1,servo_2,A,2.019
1770055091.5839329,ADC2,0,bus_voltage,V,12.364
1770055091.6345694,ADC1,1,servo_2,A,0.951
1770055091.6851919,ADC2,0,bus_voltage,V,11.916
1770055091.7357974,THERM,0,motor_temp,C,46.443
1770055091.7864673,THERM,0,motor_temp,C,69.936
1770055091.837102,ADC1,0,servo_1,A,1.008
1770055091.8880968,ADC1,0,servo_1,A,1.566
1770055091.9396653,ADC2,0,bus_voltage,V,10.678
1770055091.9901521,THERM,0,motor_temp,C,32.547
1770055092.040619,THERM,0,motor_temp,C,36.246
1770055092.0911963,THERM,0,motor_temp,C,47.598
1770055092.1420403,ADC1,1,servo_2,A,0.4
1770055092.1950705,ADC1,1,servo_2,A,0.22
1770055092.246009,ADC1,0,servo_1,A,1.566
1770055092.2978067,ADC2,0,bus_voltage,V,10.12
1770055092.348327,ADC2,0,bus_voltage,V,11.675
1770055092.399018,THERM,0,motor_temp,C,53.084
1770055092.4500906,ADC1,1,servo_2,A,0.799
1770055092.5007524,THERM,0,motor_temp,C,61.887
1770055092.5513792,ADC1,0,servo_1,A,1.849
1770055092.6017387,ADC1,1,servo_2,A,1.302
1770055092.6521108,ADC2,0,bus_voltage,V,10.933
1770055092.702866,ADC1,1,servo_2,A,1.552
1770055092.7537398,THERM,0,motor_temp,C,30.083
1770055092.8046172,THERM,0,motor_temp,C,51.844
1770055092.8553612,ADC2,0,bus_voltage,V,10.479
1770055092.906043,ADC2,0,bus_voltage,V,12.337
1770055092.9568179,THERM,0,motor_temp,C,25.641
1770055093.0075574,ADC1,0,servo_1,A,2.026
1770055093.0581844,ADC1,0,servo_1,A,1.065
1770055093.1161356,THERM,0,motor_temp,C,39.804
1770055093.1688895,ADC2,0,bus_voltage,V,11.727
1770055093.2193377,ADC2,0,bus_voltage,V,12.284
1770055093.2700632,ADC1,1,servo_2,A,1.72
1770055093.3205307,ADC1,0,servo_1,A,0.577
1770055093.370924,ADC1,1,servo_2,A,2.488
1770055093.421258,ADC1,0,servo_1,A,2.037
1770055093.471584,ADC2,0,bus_voltage,V,11.909
1770055093.521951,ADC1,0,servo_1,A,0.409
1770055093.5723474,ADC1,0,servo_1,A,0.631
1770055093.6229675,THERM,0,motor_temp,C,44.111
1770055093.6737556,ADC1,1,servo_2,A,0.211
1770055093.724499,ADC1,1,servo_2,A,2.329
1770055093.7751904,ADC1,0,servo_1,A,0.984
1770055093.8259299,ADC1,1,servo_2,A,0.694
1770055093.8766148,ADC1,0,servo_1,A,1.296
1770055093.927122,THERM,0,motor_temp,C,44.925
1770055093.9777112,ADC1,1,servo_2,A,1.117
1770055094.0296216,ADC1,1,servo_2,A,0.238
1770055094.0807133,ADC1,0,servo_1,A,1.591
1770055094.1315155,ADC1,1,servo_2,A,2.494
1770055094.1822062,ADC2,0,bus_voltage,V,10.113
1770055094.2328897,THERM,0,motor_temp,C,61.535
1770055094.2834828,ADC1,1,servo_2,A,1.445
1770055094.3342485,THERM,0,motor_temp,C,32.232
1770055094.384998,ADC1,1,servo_2,A,0.601
1770055094.4354587,ADC1,1,servo_2,A,0.566
1770055094.4859774,THERM,0,motor_temp,C,55.454
1770055094.5367575,ADC1,0,servo_1,A,1.375
1770055094.5871325,THERM,0,motor_temp,C,40.516
1770055094.6374419,THERM,0,motor_temp,C,38.203
1770055094.688019,THERM,0,motor_temp,C,46.629
1770055094.7385602,ADC2,0,bus_voltage,V,11.117
1770055094.7893813,ADC1,0,servo_1,A,1.56
1770055094.841334,THERM,0,motor_temp,C,49.839
1770055094.891778,ADC2,0,bus_voltage,V,12.46
1770055094.9422731,ADC1,0,servo_1,A,0.981
1770055094.9928026,ADC1,0,servo_1,A,0.528
1770055095.043569,ADC2,0,bus_voltage,V,10.3
1770055095.0976212,ADC1,1,servo_2,A,0.345
1770055095.1485276,ADC1,0,servo_1,A,0.327
1770055095.199528,THERM,0,motor_temp,C,26.751
1770055095.2499945,ADC2,0,bus_voltage,V,11.942
1770055095.300468,ADC1,0,servo_1,A,0.315
1770055095.3509102,ADC2,0,bus_voltage,V,12.238
1770055095.4013963,ADC1,0,servo_1,A,1.649
1770055095.4521267,ADC1,1,servo_2,A,1.028
1770055095.502692,ADC1,1,servo_2,A,2.006
1770055095.5532975,THERM,0,motor_temp,C,59.989
1770055095.6040027,THERM,0,motor_temp,C,47.033
1770055095.6544058,ADC1,0,servo_1,A,1.933
1770055095.70486,ADC2,0,bus_voltage,V,10.653
1770055095.755318,ADC2,0,bus_voltage,V,11.617
1770055095.8059566,ADC1,1,servo_2,A,1.911
1770055095.8562624,ADC1,1,servo_2,A,1.407
1770055095.9068694,ADC2,0,bus_voltage,V,11.404
1770055095.9575455,ADC1,0,servo_1,A,1.137
1770055096.0082955,ADC1,0,servo_1,A,2.207
1770055096.059932,ADC1,0,servo_1,A,2.412
1770055096.1138394,THERM,0,motor_temp,C,46.778
1770055096.1644213,ADC1,1,servo_2,A,2.266
1770055096.215081,THERM,0,motor_temp,C,45.507
1770055096.2658935,ADC1,0,servo_1,A,1.606
1770055096.3167052,ADC2,0,bus_voltage,V,12.578
1770055096.3671286,ADC1,0,servo_1,A,0.634
1770055096.4179566,ADC1,0,servo_1,A,2.017
1770055096.468674,ADC2,0,bus_voltage,V,10.305
1770055096.5190587,ADC1,1,servo_2,A,0.933
1770055096.5697608,THERM,0,motor_temp,C,26.192
1770055096.6200721,ADC1,0,servo_1,A,0.203
1770055096.6705348,ADC1,1,servo_2,A,1.921
1770055096.7212453,ADC1,0,servo_1,A,1.355
1770055096.7718785,ADC1,0,servo_1,A,0.304
1770055096.8226435,ADC1,1,servo_2,A,0.303
1770055096.8733273,THERM,0,motor_temp,C,29.807
1770055096.9240556,THERM,0,motor_temp,C,67.502
1770055096.9745867,ADC1,0,servo_1,A,2.149
1770055097.0251698,ADC1,0,servo_1,A,2.376
1770055097.0756083,THERM,0,motor_temp,C,60.242
1770055097.1276643,ADC1,1,servo_2,A,1.694
1770055097.181081,THERM,0,motor_temp,C,49.094
1770055097.2314534,ADC1,0,servo_1,A,0.951
1770055097.2837188,ADC2,0,bus_voltage,V,12.501
1770055097.3342948,ADC1,0,servo_1,A,0.272
1770055097.3846679,THERM,0,motor_temp,C,34.24
1770055097.4351125,ADC1,0,servo_1,A,0.667
1770055097.4856694,ADC1,0,servo_1,A,1.531
1770055097.5363152,ADC1,0,servo_1,A,0.472
1770055097.5868075,ADC1,1,servo_2,A,0.413
1770055097.6372542,ADC1,1,servo_2,A,1.208
1770055097.687988,ADC2,0,bus_voltage,V,12.37
1770055097.7387185,ADC2,0,bus_voltage,V,10.103
1770055097.789526,ADC2,0,bus_voltage,V,11.337
1770055097.840008,ADC1,1,servo_2,A,1.893
1770055097.8904471,THERM,0,motor_temp,C,49.581
1770055097.9411376,ADC1,1,servo_2,A,0.797
1770055097.9953873,ADC2,0,bus_voltage,V,11.469
1770055098.0462105,ADC2,0,bus_voltage,V,10.143
1770055098.0990076,ADC2,0,bus_voltage,V,11.152
1770055098.149573,ADC1,1,servo_2,A,1.692
1770055098.2003303,THERM,0,motor_temp,C,32.902
1770055098.2512097,THERM,0,motor_temp,C,64.767
1770055098.3024564,ADC1,1,servo_2,A,1.14
1770055098.353095,ADC1,1,servo_2,A,1.431
1770055098.4033792,ADC2,0,bus_voltage,V,11.008
1770055098.454117,THERM,0,motor_temp,C,57.951
1770055098.5048175,THERM,0,motor_temp,C,50.782
1770055098.5552354,ADC2,0,bus_voltage,V,12.332
1770055098.6056771,ADC1,0,servo_1,A,1.557
1770055098.6563103,THERM,0,motor_temp,C,30.416
1770055098.7068975,THERM,0,motor_temp,C,58.335
1770055098.757628,ADC1,0,servo_1,A,1.091
1770055098.8080935,ADC1,1,servo_2,A,1.75
1770055098.859321,ADC2,0,bus_voltage,V,11.156
1770055098.9099617,ADC2,0,bus_voltage,V,10.652
1770055098.9605815,ADC2,0,bus_voltage,V,10.352
1770055099.0111542,ADC1,0,servo_1,A,1.648
1770055099.0619614,ADC2,0,bus_voltage,V,12.451
1770055099.1125767,THERM,0,motor_temp,C,60.581
1770055099.1630085,THERM,0,motor_temp,C,38.008
1770055099.2136924,ADC1,0,servo_1,A,1.319
1770055099.2641284,ADC2,0,bus_voltage,V,10.249
1770055099.3171346,THERM,0,motor_temp,C,55.412
1770055099.3677115,ADC2,0,bus_voltage,V,12.079
1770055099.4193091,THERM,0,motor_temp,C,66.2
1770055099.4696174,ADC1,1,servo_2,A,2.39
1770055099.520423,ADC1,0,servo_1,A,2.34
1770055099.5709784,ADC1,0,servo_1,A,1.143
1770055099.6215212,THERM,0,motor_temp,C,53.046
1770055099.6722052,ADC2,0,bus_voltage,V,10.873
1770055099.7226963,THERM,0,motor_temp,C,49.595
1770055099.7734466,ADC1,1,servo_2,A,0.759
1770055099.8241134,ADC1,1,servo_2,A,1.975
1770055099.8744164,ADC2,0,bus_voltage,V,11.813
1770055099.925214,ADC1,1,servo_2,A,2.413
1770055099.9759448,ADC1,0,servo_1,A,0.876
1770055100.0264938,ADC1,1,servo_2,A,0.516
1770055100.0773194,ADC2,0,bus_voltage,V,11.646
1770055100.129153,ADC1,1,servo_2,A,0.353
1770055100.1794147,ADC1,0,servo_1,A,2.335
1770055100.2300375,THERM,0,motor_temp,C,33.218
1770055100.280422,ADC2,0,bus_voltage,V,11.275
1770055100.332352,ADC1,1,servo_2,A,2.316
1770055100.382912,THERM,0,motor_temp,C,66.579
1770055100.4338133,ADC1,1,servo_2,A,1.65
1770055100.484562,ADC1,0,servo_1,A,1.639
1770055100.534919,ADC2,0,bus_voltage,V,10.032
1770055100.5855927,THERM,0,motor_temp,C,28.15
1770055100.635962,ADC2,0,bus_voltage,V,10.238
1770055100.686284,ADC2,0,bus_voltage,V,10.61
1770055100.7367442,ADC1,1,servo_2,A,0.666
1770055100.787256,ADC1,1,servo_2,A,1.246
1770055100.837601,THERM,0,motor_temp,C,65.205
1770055100.8880267,ADC2,0,bus_voltage,V,10.663
1770055100.9385104,ADC1,1,servo_2,A,1.589
1770055100.9892535,THERM,0,motor_temp,C,54.274
1770055101.0398228,ADC1,1,servo_2,A,1.358
1770055101.0904856,THERM,0,motor_temp,C,66.057
1770055101.1412756,ADC1,0,servo_1,A,1.393
1770055101.19199,ADC1,0,servo_1,A,0.884
1770055101.242477,THERM,0,motor_temp,C,67.036
1770055101.2929943,ADC2,0,bus_voltage,V,11.997
1770055101.343806,THERM,0,motor_temp,C,65.427
1770055101.3951712,ADC2,0,bus_voltage,V,11.399
1770055101.4487152,THERM,0,motor_temp,C,35.963
1770055101.499024,ADC1,1,servo_2,A,2.398
1770055101.5504837,THERM,0,motor_temp,C,58.507
1770055101.6013498,ADC2,0,bus_voltage,V,12.338
1770055101.6533232,ADC1,0,servo_1,A,1.281
1770055101.703926,THERM,0,motor_temp,C,27.389
1770055101.7543066,THERM,0,motor_temp,C,37.815
1770055101.8047206,ADC2,0,bus_voltage,V,11.071
1770055101.855278,ADC1,1,servo_2,A,0.482
1770055101.9059234,ADC2,0,bus_voltage,V,10.21
1770055101.9563305,THERM,0,motor_temp,C,65.12
1770055102.0070395,ADC2,0,bus_voltage,V,10.428
1770055102.0579793,ADC1,0,servo_1,A,0.206
1770055102.111041,ADC1,0,servo_1,A,1.035
1770055102.1633086,ADC1,0,servo_1,A,0.292
1770055102.2142556,THERM,0,motor_temp,C,57.804
1770055102.2654681,THERM,0,motor_temp,C,64.09
1770055102.3157804,ADC1,0,servo_1,A,1.984
1770055102.3683412,ADC1,0,servo_1,A,1.599
1770055102.4201176,ADC2,0,bus_voltage,V,11.221
1770055102.4711711,ADC1,1,servo_2,A,2.419
1770055102.5217464,ADC1,0,servo_1,A,0.837
1770055102.5727773,ADC1,0,servo_1,A,0.3
1770055102.6233423,ADC1,1,servo_2,A,0.398
1770055102.67401,THERM,0,motor_temp,C,41.226
1770055102.7245162,ADC1,0,servo_1,A,0.838
1770055102.7756326,THERM,0,motor_temp,C,25.976
1770055102.8260627,THERM,0,motor_temp,C,32.685
1770055102.8766584,ADC1,1,servo_2,A,1.449
1770055102.9274578,ADC2,0,bus_voltage,V,10.503
1770055102.9781747,ADC1,0,servo_1,A,2.315
1770055103.0289614,THERM,0,motor_temp,C,49.626
1770055103.0793922,ADC2,0,bus_voltage,V,10.513
1770055103.130072,ADC1,0,servo_1,A,1.844
1770055103.1807253,ADC1,0,servo_1,A,0.413
1770055103.2313395,ADC1,0,servo_1,A,1.361
1770055103.2817333,THERM,0,motor_temp,C,31.237
1770055103.3323338,ADC2,0,bus_voltage,V,12.244
1770055103.3826632,ADC1,0,servo_1,A,1.231
1770055103.4332922,THERM,0,motor_temp,C,54.676
1770055103.4854734,ADC2,0,bus_voltage,V,10.991
1770055103.5364444,ADC2,0,bus_voltage,V,10.32
1770055103.5874507,ADC1,0,servo_1,A,1.066
1770055103.6380048,ADC1,0,servo_1,A,1.088
1770055103.6884305,ADC1,0,servo_1,A,0.715
1770055103.7390091,THERM,0,motor_temp,C,60.244
1770055103.7894845,ADC1,0,servo_1,A,1.473
1770055103.8407776,ADC1,0,servo_1,A,2.124
1770055103.8912609,ADC1,0,servo_1,A,1.845
1770055103.9415789,ADC1,1,servo_2,A,0.503
1770055103.9919298,THERM,0,motor_temp,C,25.819
1770055104.0423524,ADC2,0,bus_voltage,V,12.1
1770055104.0927906,ADC2,0,bus_voltage,V,12.449
1770055104.1433642,THERM,0,motor_temp,C,48.842
1770055104.194379,ADC1,1,servo_2,A,1.738
1770055104.2479918,THERM,0,motor_temp,C,55.688
1770055104.2992842,THERM,0,motor_temp,C,59.755
1770055104.3498557,ADC2,0,bus_voltage,V,10.073
1770055104.4025424,ADC2,0,bus_voltage,V,11.305
1770055104.4541419,THERM,0,motor_temp,C,33.67
1770055104.5047562,THERM,0,motor_temp,C,38.843
1770055104.555196,ADC1,0,servo_1,A,2.254
1770055104.6055832,ADC2,0,bus_voltage,V,11.545
1770055104.655986,ADC2,0,bus_voltage,V,11.025
1770055104.7063,ADC1,1,servo_2,A,1.416
1770055104.7567918,ADC1,1,servo_2,A,1.566
1770055104.8074672,ADC2,0,bus_voltage,V,11.069
1770055104.8581629,ADC1,1,servo_2,A,1.987
1770055104.9085853,THERM,0,motor_temp,C,57.463
1770055104.9592779,THERM,0,motor_temp,C,42.02
1770055105.0097463,ADC2,0,bus_voltage,V,11.541
1770055105.0601406,ADC2,0,bus_voltage,V,11.312
1770055105.1108289,ADC2,0,bus_voltage,V,11.579
1770055105.1611297,ADC2,0,bus_voltage,V,11.753
1770055105.211484,THERM,0,motor_temp,C,66.736
1770055105.261936,ADC2,0,bus_voltage,V,12.242
1770055105.3127854,ADC2,0,bus_voltage,V,12.546
1770055105.3634174,THERM,0,motor_temp,C,28.397
1770055105.4139566,THERM,0,motor_temp,C,36.107
1770055105.4645393,ADC2,0,bus_voltage,V,11.166
1770055105.5152962,THERM,0,motor_temp,C,45.474
1770055105.56686,THERM,0,motor_temp,C,46.758
1770055105.618389,ADC1,1,servo_2,A,2.498
1770055105.6698596,ADC2,0,bus_voltage,V,12.27
1770055105.72047,THERM,0,motor_temp,C,46.874
1770055105.7718625,ADC2,0,bus_voltage,V,10.759
1770055105.8222778,ADC2,0,bus_voltage,V,10.174
1770055105.8731816,ADC1,0,servo_1,A,1.41
1770055105.9238906,ADC1,0,servo_1,A,1.106
1770055105.9744987,ADC1,0,servo_1,A,2.235
1770055106.0258696,ADC1,0,servo_1,A,0.901
1770055106.0764813,ADC1,0,servo_1,A,1.325
1770055106.1269586,ADC1,0,servo_1,A,1.907
1770055106.17761,ADC2,0,bus_voltage,V,10.256
1770055106.2280903,ADC2,0,bus_voltage,V,11.788
1770055106.2784412,ADC2,0,bus_voltage,V,10.342
1770055106.3296826,ADC1,0,servo_1,A,1.076
1770055106.380327,ADC1,0,servo_1,A,0.249
1770055106.4311059,ADC2,0,bus_voltage,V,11.985
1770055106.4816458,THERM,0,motor_temp,C,37.277
1770055106.5321994,THERM,0,motor_temp,C,57.711
1770055106.5829976,THERM,0,motor_temp,C,39.659
1770055106.6334412,ADC1,0,servo_1,A,1.526
1770055106.686234,THERM,0,motor_temp,C,68.091
1770055106.7376082,ADC1,0,servo_1,A,0.269
1770055106.7884052,ADC1,0,servo_1,A,2.097
1770055106.8391206,ADC2,0,bus_voltage,V,11.41
1770055106.889604,ADC2,0,bus_voltage,V,12.532
1770055106.9403076,ADC2,0,bus_voltage,V,10.424
1770055106.9910848,ADC1,1,servo_2,A,0.834
1770055107.0418036,ADC2,0,bus_voltage,V,11.408
1770055107.0923162,ADC1,1,servo_2,A,0.467
1770055107.1428618,ADC1,0,servo_1,A,0.584
1770055107.1933148,ADC1,1,servo_2,A,2.233
1770055107.2437057,ADC1,1,servo_2,A,0.25
1770055107.2943943,ADC1,1,servo_2,A,2.429
1770055107.3449147,ADC1,0,servo_1,A,2.462
1770055107.39552,ADC1,0,servo_1,A,2.277
1770055107.4465735,ADC1,0,servo_1,A,2.0
1770055107.4978487,ADC1,0,servo_1,A,0.289
1770055107.548741,ADC2,0,bus_voltage,V,11.559
1770055107.5993714,ADC1,1,servo_2,A,0.272
1770055107.6511166,ADC1,0,servo_1,A,1.837
1770055107.7021804,THERM,0,motor_temp,C,44.664
1770055107.753611,ADC1,1,servo_2,A,2.117
1770055107.804134,ADC1,1,servo_2,A,0.525
1770055107.8545525,THERM,0,motor_temp,C,57.239
1770055107.9052014,ADC1,1,servo_2,A,2.143
1770055107.9555783,ADC1,0,servo_1,A,0.858
1770055108.0062847,ADC1,0,servo_1,A,1.255
1770055108.0578437,ADC1,0,servo_1,A,2.39
1770055108.1085591,ADC1,0,servo_1,A,1.882
1770055108.159061,ADC1,0,servo_1,A,0.376
1770055108.2097175,ADC1,1,servo_2,A,1.788
1770055108.2603402,THERM,0,motor_temp,C,68.645
1770055108.3111813,ADC2,0,bus_voltage,V,12.083
1770055108.3619554,ADC2,0,bus_voltage,V,11.853
1770055108.4122734,ADC1,0,servo_1,A,1.223
1770055108.4628503,ADC1,0,servo_1,A,2.044
1770055108.5136404,ADC2,0,bus_voltage,V,10.724
1770055108.5641587,ADC1,0,servo_1,A,1.003
1770055108.6167626,ADC1,1,servo_2,A,2.42
1770055108.6693988,ADC2,0,bus_voltage,V,11.355
1770055108.722245,ADC2,0,bus_voltage,V,12.539
1770055108.773621,ADC2,0,bus_voltage,V,10.395
1770055108.8261383,ADC1,0,servo_1,A,1.023
1770055108.8766236,THERM,0,motor_temp,C,28.361
1770055108.927754,THERM,0,motor_temp,C,62.015
1770055108.9783437,ADC2,0,bus_voltage,V,12.205
1770055109.0286698,THERM,0,motor_temp,C,64.381
1770055109.0790846,ADC1,0,servo_1,A,0.831
1770055109.1294422,THERM,0,motor_temp,C,33.421
1770055109.1800046,ADC2,0,bus_voltage,V,12.49
1770055109.2302687,ADC1,0,servo_1,A,1.58
1770055109.2808008,ADC2,0,bus_voltage,V,11.993
1770055109.3312397,THERM,0,motor_temp,C,25.659
1770055109.3820207,ADC1,1,servo_2,A,1.832
1770055109.4326026,THERM,0,motor_temp,C,56.338
1770055109.483892,ADC1,0,servo_1,A,0.488
1770055109.5346675,ADC2,0,bus_voltage,V,11.32
1770055109.5853522,ADC1,0,servo_1,A,2.019
1770055109.6361134,THERM,0,motor_temp,C,33.116
1770055109.686827,THERM,0,motor_temp,C,54.214
1770055109.7376177,ADC1,1,servo_2,A,0.902
1770055109.7884722,ADC1,0,servo_1,A,1.182
1770055109.8391192,THERM,0,motor_temp,C,38.03
1770055109.889892,ADC2,0,bus_voltage,V,12.161
1770055109.9405944,ADC1,1,servo_2,A,2.421
1770055109.9913561,ADC2,0,bus_voltage,V,10.078
1770055110.0416677,ADC1,0,servo_1,A,1.446
1770055110.0922644,ADC2,0,bus_voltage,V,10.949
1770055110.1428785,ADC1,0,servo_1,A,1.651
1770055110.193194,ADC2,0,bus_voltage,V,11.446
1770055110.2439163,THERM,0,motor_temp,C,50.096
1770055110.2946258,ADC1,0,servo_1,A,1.937
1770055110.344934,THERM,0,motor_temp,C,25.443
1770055110.3953226,ADC1,1,servo_2,A,0.348
1770055110.4457994,ADC2,0,bus_voltage,V,11.393
1770055110.49713,THERM,0,motor_temp,C,63.472
1770055110.547595,THERM,0,motor_temp,C,27.191
1770055110.598993,ADC1,0,servo_1,A,1.813
1770055110.6497254,THERM,0,motor_temp,C,50.974
1770055110.7002547,ADC1,1,servo_2,A,1.389
1770055110.7528107,THERM,0,motor_temp,C,47.588
1770055110.8039515,ADC1,1,servo_2,A,1.022
1770055110.8548837,THERM,0,motor_temp,C,57.943
1770055110.9055595,ADC1,1,servo_2,A,1.483
1770055110.9562874,ADC2,0,bus_voltage,V,10.216
1770055111.007178,ADC2,0,bus_voltage,V,10.87
1770055111.0576591,THERM,0,motor_temp,C,51.016
1770055111.1081514,ADC1,1,servo_2,A,0.503
1770055111.1589181,ADC1,0,servo_1,A,1.136
1770055111.2094476,ADC1,0,servo_1,A,0.958
1770055111.2601175,ADC2,0,bus_voltage,V,10.177
1770055111.3107584,THERM,0,motor_temp,C,42.084
1770055111.3611987,ADC1,0,servo_1,A,2.433
1770055111.4118686,ADC1,0,servo_1,A,1.042
1770055111.4627118,THERM,0,motor_temp,C,42.228
1770055111.5134902,ADC1,0,servo_1,A,0.683
1770055111.5642333,ADC1,0,servo_1,A,1.698
1770055111.615037,THERM,0,motor_temp,C,49.033
1770055111.6654978,THERM,0,motor_temp,C,38.077
1770055111.7163148,ADC2,0,bus_voltage,V,10.806
1770055111.766707,ADC1,0,servo_1,A,1.234
1770055111.8171709,ADC1,1,servo_2,A,2.207
1770055111.8679938,THERM,0,motor_temp,C,31.065
1770055111.9225414,ADC1,0,servo_1,A,0.451
1770055111.9734352,ADC1,1,servo_2,A,1.892
1770055112.0238905,ADC1,0,servo_1,A,2.271
1770055112.074244,ADC1,0,servo_1,A,1.765
1770055112.1247466,ADC2,0,bus_voltage,V,10.09
1770055112.1753974,THERM,0,motor_temp,C,36.501
1770055112.2261171,THERM,0,motor_temp,C,66.698
1770055112.27647,ADC1,1,servo_2,A,1.778
1770055112.3271499,THERM,0,motor_temp,C,25.047
1770055112.3776274,ADC1,1,servo_2,A,2.269
1770055112.4284334,ADC2,0,bus_voltage,V,12.329
1770055112.47902,ADC1,0,servo_1,A,1.123
1770055112.5297368,ADC1,0,servo_1,A,1.54
1770055112.5808802,ADC1,1,servo_2,A,2.09
1770055112.6316102,ADC2,0,bus_voltage,V,12.047
1770055112.6831796,ADC2,0,bus_voltage,V,11.871
1770055112.7336805,ADC2,0,bus_voltage,V,10.921
1770055112.7845309,ADC1,1,servo_2,A,1.304
1770055112.8350613,ADC1,0,servo_1,A,0.237
1770055112.885755,ADC2,0,bus_voltage,V,10.75
1770055112.9363346,ADC1,0,servo_1,A,2.006
1770055112.9869542,ADC2,0,bus_voltage,V,11.321
1770055113.0375986,ADC1,1,servo_2,A,2.247
1770055113.0882406,ADC1,1,servo_2,A,0.383
1770055113.1388893,ADC1,1,servo_2,A,1.849
1770055113.1894739,ADC2,0,bus_voltage,V,11.126
1770055113.2399578,ADC2,0,bus_voltage,V,11.151
1770055113.2905333,ADC1,0,servo_1,A,2.39
1770055113.3412766,ADC1,1,servo_2,A,1.275
1770055113.3916779,ADC2,0,bus_voltage,V,10.067
1770055113.4423974,THERM,0,motor_temp,C,29.828
1770055113.493154,ADC2,0,bus_voltage,V,11.51
1770055113.5438516,ADC1,1,servo_2,A,1.131
1770055113.5945852,ADC2,0,bus_voltage,V,11.351
1770055113.6450765,THERM,0,motor_temp,C,34.332
1770055113.6960266,THERM,0,motor_temp,C,36.277
1770055113.7464607,ADC2,0,bus_voltage,V,12.284
1770055113.7967682,ADC2,0,bus_voltage,V,10.736
1770055113.8471332,ADC2,0,bus_voltage,V,11.189
1770055113.89789,ADC1,1,servo_2,A,1.278
1770055113.9519222,ADC2,0,bus_voltage,V,10.127
1770055114.0022187,ADC1,1,servo_2,A,2.276
1770055114.052948,ADC1,1,servo_2,A,1.715
1770055114.1035626,ADC1,1,servo_2,A,1.247
1770055114.1543274,ADC2,0,bus_voltage,V,10.174
1770055114.2049863,ADC1,0,servo_1,A,0.25
1770055114.2557425,ADC1,1,servo_2,A,0.66
1770055114.30625,THERM,0,motor_temp,C,46.18
1770055114.3569102,ADC1,0,servo_1,A,0.817
1770055114.407285,THERM,0,motor_temp,C,33.559
1770055114.457821,ADC1,1,servo_2,A,2.011
1770055114.5085413,ADC2,0,bus_voltage,V,11.419
1770055114.5593948,ADC1,1,servo_2,A,1.951
1770055114.609732,ADC1,0,servo_1,A,0.464
1770055114.6604028,ADC2,0,bus_voltage,V,10.962
1770055114.7155278,ADC1,1,servo_2,A,1.693
1770055114.7666862,ADC1,0,servo_1,A,2.302
1770055114.8172212,THERM,0,motor_temp,C,27.833
1770055114.868045,THERM,0,motor_temp,C,28.309
1770055114.919961,ADC2,0,bus_voltage,V,10.875
1770055114.9722962,ADC1,1,servo_2,A,0.701
1770055115.0256252,ADC1,0,servo_1,A,1.272
1770055115.077418,ADC1,0,servo_1,A,0.545
1770055115.1287205,ADC2,0,bus_voltage,V,11.752
1770055115.1793082,THERM,0,motor_temp,C,25.536
1770055115.231169,THERM,0,motor_temp,C,36.354
1770055115.2820427,THERM,0,motor_temp,C,61.898
1770055115.3326807,ADC1,1,servo_2,A,1.053
1770055115.383516,ADC2,0,bus_voltage,V,10.237
1770055115.4340613,THERM,0,motor_temp,C,37.092
1770055115.4846942,ADC2,0,bus_voltage,V,12.356
1770055115.5353184,ADC2,0,bus_voltage,V,11.799
1770055115.5858548,THERM,0,motor_temp,C,33.504
1770055115.6364532,ADC1,1,servo_2,A,2.08
1770055115.686951,THERM,0,motor_temp,C,28.9
1770055115.7374828,ADC1,0,servo_1,A,0.66
1770055115.7878656,THERM,0,motor_temp,C,36.423
1770055115.838546,ADC2,0,bus_voltage,V,12.451
1770055115.8890586,ADC1,1,servo_2,A,1.505
1770055115.939445,ADC1,0,servo_1,A,1.98
1770055115.9902384,ADC2,0,bus_voltage,V,10.497
1770055116.043957,ADC1,1,servo_2,A,1.783
1770055116.0948298,THERM,0,motor_temp,C,42.321
1770055116.145206,ADC2,0,bus_voltage,V,11.122
1770055116.1973345,ADC1,0,servo_1,A,0.365
1770055116.248385,ADC2,0,bus_voltage,V,10.819
1770055116.2988408,ADC1,1,servo_2,A,0.436
1770055116.3493693,ADC1,1,servo_2,A,1.121
1770055116.3999796,ADC1,1,servo_2,A,2.08
1770055116.450435,THERM,0,motor_temp,C,46.204
1770055116.5008686,THERM,0,motor_temp,C,32.195
1770055116.55126,ADC1,0,servo_1,A,0.314
1770055116.6017764,ADC2,0,bus_voltage,V,10.779
1770055116.65239,ADC1,1,servo_2,A,0.478
1770055116.7029874,ADC1,1,servo_2,A,1.7
1770055116.7535467,ADC1,1,servo_2,A,1.281
1770055116.804363,THERM,0,motor_temp,C,28.187
1770055116.8549607,ADC1,1,servo_2,A,1.365
1770055116.9053826,THERM,0,motor_temp,C,53.728
1770055116.958851,ADC1,0,servo_1,A,1.709
1770055117.0093005,ADC1,0,servo_1,A,0.569
1770055117.0597034,ADC1,0,servo_1,A,2.223
1770055117.11077,ADC1,1,servo_2,A,1.044
1770055117.1613414,THERM,0,motor_temp,C,61.319
1770055117.2118633,ADC1,0,servo_1,A,0.749
1770055117.2623794,THERM,0,motor_temp,C,37.787
1770055117.3130817,ADC1,0,servo_1,A,0.802
1770055117.3636289,ADC2,0,bus_voltage,V,10.964
1770055117.4142919,THERM,0,motor_temp,C,33.302
1770055117.4647923,THERM,0,motor_temp,C,54.461
1770055117.5154302,ADC2,0,bus_voltage,V,10.469
1770055117.5662098,THERM,0,motor_temp,C,33.616
1770055117.6169424,ADC2,0,bus_voltage,V,11.884
1770055117.6676521,ADC1,1,servo_2,A,0.572
1770055117.7183113,ADC1,1,servo_2,A,1.633
1770055117.768831,ADC2,0,bus_voltage,V,10.394
1770055117.8196726,THERM,0,motor_temp,C,56.915
1770055117.8702776,ADC2,0,bus_voltage,V,12.169
1770055117.921317,ADC1,0,servo_1,A,1.931
1770055117.9718347,ADC2,0,bus_voltage,V,12.581
1770055118.0224187,ADC1,0,servo_1,A,1.415
1770055118.0732248,THERM,0,motor_temp,C,52.389
1770055118.1238186,ADC1,1,servo_2,A,1.38
1770055118.1747417,ADC1,1,servo_2,A,0.266
1770055118.2251763,THERM,0,motor_temp,C,25.737
1770055118.2756143,ADC1,1,servo_2,A,1.849
1770055118.326386,THERM,0,motor_temp,C,67.76
1770055118.3771417,ADC1,0,servo_1,A,0.218
1770055118.427925,ADC1,0,servo_1,A,1.108
1770055118.4786162,ADC2,0,bus_voltage,V,10.545
1770055118.5290616,ADC1,0,servo_1,A,1.466
1770055118.5794935,ADC2,0,bus_voltage,V,11.394
1770055118.6299014,ADC1,0,servo_1,A,0.481
1770055118.6807356,THERM,0,motor_temp,C,33.778
1770055118.7314775,ADC1,0,servo_1,A,1.716
1770055118.7820587,ADC1,0,servo_1,A,1.027
1770055118.8331945,ADC1,0,servo_1,A,1.137
1770055118.8840587,ADC1,1,servo_2,A,0.817
1770055118.9352775,ADC1,0,servo_1,A,0.76
1770055118.9859781,ADC2,0,bus_voltage,V,11.008
1770055119.0366342,ADC1,1,servo_2,A,2.236
1770055119.0872903,ADC1,1,servo_2,A,1.513
1770055119.137882,THERM,0,motor_temp,C,27.016
1770055119.1883757,THERM,0,motor_temp,C,58.539
1770055119.2392113,ADC2,0,bus_voltage,V,11.43
1770055119.2895367,ADC1,0,servo_1,A,0.682
1770055119.339811,THERM,0,motor_temp,C,41.671
1770055119.3905332,ADC1,0,servo_1,A,0.487
1770055119.4413052,ADC1,1,servo_2,A,1.162
1770055119.4917552,ADC1,1,servo_2,A,2.307
1770055119.5422661,ADC1,0,servo_1,A,0.865
1770055119.5927083,ADC1,1,servo_2,A,1.953
1770055119.6432679,ADC1,1,servo_2,A,2.05
1770055119.6939085,ADC1,1,servo_2,A,1.386
1770055119.7442966,ADC1,0,servo_1,A,1.606
1770055119.7951884,THERM,0,motor_temp,C,66.481
1770055119.8458288,ADC1,1,servo_2,A,2.413
1770055119.8962805,ADC1,1,servo_2,A,1.707
1770055119.946937,ADC2,0,bus_voltage,V,12.015
1770055119.9977338,THERM,0,motor_temp,C,32.078
1770055120.0486126,ADC1,0,servo_1,A,1.166
1770055120.0994544,ADC1,1,servo_2,A,1.457
1770055120.1510754,ADC1,0,servo_1,A,1.307
1770055120.2021322,ADC2,0,bus_voltage,V,10.924
1770055120.2531338,THERM,0,motor_temp,C,53.48
1770055120.3036032,ADC1,0,servo_1,A,0.228
1770055120.3543618,ADC1,1,servo_2,A,0.228
1770055120.4050298,THERM,0,motor_temp,C,32.731
1770055120.4555807,ADC2,0,bus_voltage,V,10.78
1770055120.5060544,ADC1,1,servo_2,A,1.795
1770055120.556866,ADC2,0,bus_voltage,V,12.358
1770055120.60747,ADC2,0,bus_voltage,V,12.148
1770055120.6579108,ADC2,0,bus_voltage,V,12.175
1770055120.7084908,ADC1,1,servo_2,A,2.474
1770055120.7592785,ADC1,1,servo_2,A,1.305
1770055120.8099587,THERM,0,motor_temp,C,56.411
1770055120.8603773,THERM,0,motor_temp,C,60.131
1770055120.9112258,ADC2,0,bus_voltage,V,11.483
1770055120.9617772,ADC2,0,bus_voltage,V,12.084
1770055121.0129087,ADC2,0,bus_voltage,V,12.049
1770055121.0640028,ADC2,0,bus_voltage,V,12.384
1770055121.1152768,ADC2,0,bus_voltage,V,10.554
1770055121.1658156,ADC1,1,servo_2,A,0.32
1770055121.2162795,THERM,0,motor_temp,C,44.031
1770055121.2670844,ADC1,1,servo_2,A,1.476
1770055121.3178089,ADC1,1,servo_2,A,1.683
1770055121.368358,ADC2,0,bus_voltage,V,11.929
1770055121.4190044,ADC1,1,servo_2,A,2.021
1770055121.4694972,ADC2,0,bus_voltage,V,11.444
1770055121.520072,ADC2,0,bus_voltage,V,10.226
1770055121.570531,THERM,0,motor_temp,C,62.624
1770055121.6212456,THERM,0,motor_temp,C,28.468
1770055121.6716845,ADC1,1,servo_2,A,0.854
1770055121.7221167,THERM,0,motor_temp,C,59.671
1770055121.77273,ADC1,1,servo_2,A,1.991
1770055121.823387,ADC2,0,bus_voltage,V,10.631
1770055121.8739185,ADC2,0,bus_voltage,V,10.1
1770055121.9243827,THERM,0,motor_temp,C,46.485
1770055121.9747396,ADC1,1,servo_2,A,1.213
1770055122.0251694,THERM,0,motor_temp,C,54.975
1770055122.0783937,ADC2,0,bus_voltage,V,11.183
1770055122.131391,THERM,0,motor_temp,C,46.636
1770055122.1834788,ADC2,0,bus_voltage,V,12.508
1770055122.234813,ADC1,0,servo_1,A,0.435
1770055122.2868743,ADC1,1,servo_2,A,2.22
1770055122.3376274,ADC2,0,bus_voltage,V,10.535
1770055122.388053,ADC1,0,servo_1,A,1.384
1770055122.438819,ADC1,1,servo_2,A,1.34
1770055122.4893026,ADC2,0,bus_voltage,V,11.474
1770055122.5398943,ADC1,0,servo_1,A,0.361
1770055122.5904403,ADC1,0,servo_1,A,0.698
1770055122.6408165,ADC1,0,servo_1,A,2.322
1770055122.6913362,THERM,0,motor_temp,C,26.568
1770055122.742059,ADC1,0,servo_1,A,0.421
1770055122.7925274,ADC2,0,bus_voltage,V,11.37
1770055122.8432515,ADC2,0,bus_voltage,V,10.81
1770055122.8937619,THERM,0,motor_temp,C,50.496
1770055122.9496977,ADC2,0,bus_voltage,V,10.487
1770055123.0019963,ADC2,0,bus_voltage,V,11.066
1770055123.0525193,ADC1,1,servo_2,A,0.58
1770055123.1029074,ADC1,0,servo_1,A,1.001
1770055123.1536646,THERM,0,motor_temp,C,25.163
1770055123.2040093,ADC2,0,bus_voltage,V,10.508
1770055123.2555282,ADC2,0,bus_voltage,V,10.489
1770055123.308072,ADC1,0,servo_1,A,0.807
1770055123.358978,ADC1,1,servo_2,A,0.915
1770055123.4096768,ADC1,0,servo_1,A,1.302
1770055123.4601045,ADC1,0,servo_1,A,1.807
1770055123.510777,ADC1,0,servo_1,A,0.337
1770055123.5612292,ADC1,0,servo_1,A,1.244
1770055123.6116652,ADC1,1,servo_2,A,0.889
1770055123.6623502,THERM,0,motor_temp,C,50.045
1770055123.713099,ADC1,1,servo_2,A,1.126
1770055123.7637253,ADC1,0,servo_1,A,1.183
1770055123.814137,THERM,0,motor_temp,C,47.921
1770055123.8646579,ADC2,0,bus_voltage,V,10.41
1770055123.915275,ADC1,1,servo_2,A,0.219
1770055123.9660888,THERM,0,motor_temp,C,64.102
1770055124.016753,ADC1,1,servo_2,A,0.824
1770055124.0683422,ADC1,1,servo_2,A,0.554
1770055124.1201627,THERM,0,motor_temp,C,59.351
1770055124.171022,ADC1,0,servo_1,A,2.085
1770055124.2215152,ADC1,0,servo_1,A,1.835
1770055124.2719233,THERM,0,motor_temp,C,61.507
1770055124.3226025,ADC2,0,bus_voltage,V,11.68
1770055124.3731387,ADC1,1,servo_2,A,0.273
1770055124.4238954,THERM,0,motor_temp,C,35.749
1770055124.4743555,THERM,0,motor_temp,C,63.904
1770055124.5251188,THERM,0,motor_temp,C,32.775
1770055124.575462,ADC2,0,bus_voltage,V,11.654
1770055124.6259358,ADC1,0,servo_1,A,0.419
1770055124.6762657,ADC1,0,servo_1,A,1.798
1770055124.7269788,ADC1,0,servo_1,A,2.051
1770055124.7775254,ADC2,0,bus_voltage,V,12.053
1770055124.8281245,ADC2,0,bus_voltage,V,11.808
1770055124.8786392,THERM,0,motor_temp,C,61.07
1770055124.9315531,THERM,0,motor_temp,C,27.159
1770055124.9822364,ADC1,0,servo_1,A,0.221
1770055125.032721,ADC1,0,servo_1,A,0.483
1770055125.0835025,ADC2,0,bus_voltage,V,11.469
1770055125.134177,THERM,0,motor_temp,C,40.694
1770055125.1849885,THERM,0,motor_temp,C,51.513
1770055125.2366388,THERM,0,motor_temp,C,67.252
1770055125.2904818,ADC1,0,servo_1,A,0.934
1770055125.3410876,ADC1,1,servo_2,A,0.741
1770055125.3933659,ADC2,0,bus_voltage,V,10.435
1770055125.444027,THERM,0,motor_temp,C,59.632
1770055125.4945507,ADC1,1,servo_2,A,2.492
1770055125.5449665,ADC2,0,bus_voltage,V,11.699
1770055125.5957375,THERM,0,motor_temp,C,46.913
1770055125.6463923,THERM,0,motor_temp,C,26.671
1770055125.6972828,ADC2,0,bus_voltage,V,11.493
1770055125.747812,ADC1,1,servo_2,A,2.304
1770055125.798474,THERM,0,motor_temp,C,66.135
1770055125.849035,THERM,0,motor_temp,C,34.69
1770055125.899507,ADC2,0,bus_voltage,V,11.974
1770055125.9502943,ADC1,0,servo_1,A,2.061
1770055126.0009496,ADC1,1,servo_2,A,1.935
1770055126.0516057,ADC1,0,servo_1,A,1.962
1770055126.102167,THERM,0,motor_temp,C,43.464
1770055126.1527176,THERM,0,motor_temp,C,65.706
1770055126.2033923,ADC1,0,servo_1,A,1.651
1770055126.2539346,ADC2,0,bus_voltage,V,10.816
1770055126.3045242,ADC2,0,bus_voltage,V,11.395
1770055126.3548667,THERM,0,motor_temp,C,66.442
1770055126.4052994,ADC1,1,servo_2,A,0.986
1770055126.4559472,ADC1,1,servo_2,A,1.299
1770055126.5067027,ADC2,0,bus_voltage,V,12.424
1770055126.5573692,ADC1,0,servo_1,A,0.546
1770055126.607983,ADC1,1,servo_2,A,1.738
1770055126.658647,THERM,0,motor_temp,C,53.633
1770055126.7091095,THERM,0,motor_temp,C,31.022
1770055126.7595286,ADC1,1,servo_2,A,0.868
1770055126.8100185,THERM,0,motor_temp,C,64.357
1770055126.8604188,THERM,0,motor_temp,C,25.218
1770055126.9108107,ADC2,0,bus_voltage,V,11.292
1770055126.9614632,THERM,0,motor_temp,C,27.84
1770055127.0118868,ADC2,0,bus_voltage,V,11.913
1770055127.063486,THERM,0,motor_temp,C,62.673
1770055127.1145644,ADC1,0,servo_1,A,0.766
1770055127.1659129,THERM,0,motor_temp,C,41.258
1770055127.2164886,ADC2,0,bus_voltage,V,11.074
1770055127.2672064,ADC1,0,servo_1,A,0.408
1770055127.3177762,ADC1,1,servo_2,A,0.274
1770055127.3691561,THERM,0,motor_temp,C,64.719
1770055127.4199758,ADC2,0,bus_voltage,V,10.796
1770055127.4703817,ADC1,1,servo_2,A,1.284
1770055127.5207577,THERM,0,motor_temp,C,32.638
1770055127.5714915,THERM,0,motor_temp,C,67.059
1770055127.621887,THERM,0,motor_temp,C,42.502
1770055127.6723528,ADC2,0,bus_voltage,V,11.673
1770055127.7229636,ADC1,0,servo_1,A,0.886
1770055127.7737503,ADC2,0,bus_voltage,V,11.632
1770055127.8244858,ADC2,0,bus_voltage,V,10.379
1770055127.8749568,ADC1,0,servo_1,A,1.743
1770055127.9255867,ADC1,1,servo_2,A,1.752
1770055127.976051,ADC2,0,bus_voltage,V,11.568
1770055128.0265698,ADC2,0,bus_voltage,V,11.235
1770055128.0771873,ADC1,1,servo_2,A,1.432
1770055128.127647,ADC1,1,servo_2,A,1.043
1770055128.178116,ADC1,0,servo_1,A,0.877
1770055128.2285783,ADC2,0,bus_voltage,V,10.463
1770055128.2794502,THERM,0,motor_temp,C,68.26
1770055128.3298407,THERM,0,motor_temp,C,61.841
1770055128.3802886,THERM,0,motor_temp,C,26.33
1770055128.4311852,ADC2,0,bus_voltage,V,12.447
1770055128.4821556,THERM,0,motor_temp,C,53.985
1770055128.532798,ADC1,0,servo_1,A,1.239
1770055128.58341,ADC1,1,servo_2,A,0.259
1770055128.6342626,ADC1,1,servo_2,A,0.904
1770055128.6849604,ADC2,0,bus_voltage,V,10.177
1770055128.735623,THERM,0,motor_temp,C,29.423
1770055128.7862592,ADC2,0,bus_voltage,V,10.274
1770055128.8370376,THERM,0,motor_temp,C,43.678
1770055128.8877144,ADC2,0,bus_voltage,V,11.11
1770055128.938185,ADC2,0,bus_voltage,V,10.125
1770055128.9887602,ADC1,1,servo_2,A,1.974
1770055129.039576,ADC2,0,bus_voltage,V,10.383
1770055129.090029,ADC2,0,bus_voltage,V,12.511
1770055129.1407716,ADC1,1,servo_2,A,2.47
1770055129.1912217,ADC1,0,servo_1,A,2.421
1770055129.2417946,THERM,0,motor_temp,C,53.929
1770055129.2923858,ADC2,0,bus_voltage,V,12.385
1770055129.3428595,ADC1,1,servo_2,A,0.497
1770055129.3933256,THERM,0,motor_temp,C,68.806
1770055129.4438088,ADC2,0,bus_voltage,V,12.586
1770055129.4944115,THERM,0,motor_temp,C,62.628
1770055129.545808,ADC1,1,servo_2,A,0.247
1770055129.59642,ADC1,0,servo_1,A,1.095
1770055129.646961,ADC1,0,servo_1,A,0.861
1770055129.69747,ADC1,0,servo_1,A,1.439
1770055129.748189,ADC1,1,servo_2,A,0.481
1770055129.7986166,ADC1,1,servo_2,A,0.828
1770055129.8490198,ADC1,1,servo_2,A,2.261
1770055129.8996882,ADC2,0,bus_voltage,V,11.106
1770055129.950191,ADC2,0,bus_voltage,V,10.637
1770055130.0009298,ADC1,1,servo_2,A,1.861
1770055130.0513458,ADC2,0,bus_voltage,V,10.114
1770055130.101785,THERM,0,motor_temp,C,43.293
1770055130.1522725,ADC1,0,servo_1,A,2.239
1770055130.2026672,ADC1,1,servo_2,A,2.357
1770055130.2531285,ADC1,0,servo_1,A,1.319
1770055130.3038125,THERM,0,motor_temp,C,67.155
1770055130.3543108,ADC1,1,servo_2,A,2.288
1770055130.4051552,ADC2,0,bus_voltage,V,11.588
1770055130.4558053,ADC1,0,servo_1,A,0.356
1770055130.5064497,ADC1,1,servo_2,A,2.192
1770055130.5569038,THERM,0,motor_temp,C,67.47
1770055130.6077116,ADC1,0,servo_1,A,1.076
1770055130.6581821,ADC2,0,bus_voltage,V,10.589
1770055130.7086349,ADC1,1,servo_2,A,2.061
1770055130.7594078,ADC1,0,servo_1,A,1.252
1770055130.8098953,ADC2,0,bus_voltage,V,11.709
1770055130.8602147,ADC1,0,servo_1,A,0.992
1770055130.910981,THERM,0,motor_temp,C,45.6
1770055130.961247,ADC1,0,servo_1,A,1.595
1770055131.0118845,THERM,0,motor_temp,C,63.839
1770055131.0636814,ADC2,0,bus_voltage,V,12.014
1770055131.1145687,ADC1,0,servo_1,A,2.026
1770055131.165267,ADC1,0,servo_1,A,1.087
1770055131.2174044,ADC2,0,bus_voltage,V,12.142
1770055131.268065,ADC2,0,bus_voltage,V,10.015
1770055131.3188744,ADC2,0,bus_voltage,V,11.967
1770055131.3692737,ADC1,1,servo_2,A,1.929
1770055131.4197998,ADC2,0,bus_voltage,V,10.665
1770055131.470367,ADC1,1,servo_2,A,1.104
1770055131.5212736,THERM,0,motor_temp,C,52.979
1770055131.5721195,THERM,0,motor_temp,C,41.953
1770055131.6224756,ADC2,0,bus_voltage,V,11.674
1770055131.67297,ADC1,0,servo_1,A,2.013
1770055131.7233875,THERM,0,motor_temp,C,48.068
1770055131.7738607,ADC2,0,bus_voltage,V,10.935
1770055131.8244588,THERM,0,motor_temp,C,54.578
1770055131.87513,ADC1,1,servo_2,A,1.526
1770055131.925476,THERM,0,motor_temp,C,34.44
1770055131.9758835,ADC1,1,servo_2,A,1.994
1770055132.0262396,THERM,0,motor_temp,C,33.337
1770055132.0768158,ADC1,1,servo_2,A,0.269
1770055132.127307,ADC1,0,servo_1,A,0.276
1770055132.1777525,THERM,0,motor_temp,C,62.113
1770055132.2283123,ADC1,1,servo_2,A,1.444
1770055132.2791848,ADC1,0,servo_1,A,1.374
1770055132.3296492,ADC2,0,bus_voltage,V,10.213
1770055132.3804522,ADC2,0,bus_voltage,V,11.307
1770055132.4309916,ADC2,0,bus_voltage,V,10.443
1770055132.4816842,ADC1,0,servo_1,A,1.615
1770055132.5322053,THERM,0,motor_temp,C,43.409
1770055132.5829756,ADC1,0,servo_1,A,0.782
1770055132.6337,ADC1,1,servo_2,A,1.056
1770055132.6842194,ADC1,1,servo_2,A,0.591
1770055132.7349377,ADC1,1,servo_2,A,1.351
1770055132.7854946,ADC1,1,servo_2,A,0.474
1770055132.8358421,ADC1,1,servo_2,A,0.882
1770055132.8862884,ADC1,0,servo_1,A,2.02
1770055132.936645,ADC1,0,servo_1,A,2.412
1770055132.9871233,ADC1,0,servo_1,A,1.022
1770055133.037652,ADC1,0,servo_1,A,2.218
1770055133.0881927,ADC1,0,servo_1,A,1.04
1770055133.1387358,THERM,0,motor_temp,C,57.049
1770055133.1894648,THERM,0,motor_temp,C,33.164
1770055133.2399137,THERM,0,motor_temp,C,62.41
1770055133.2908015,ADC1,0,servo_1,A,1.936
1770055133.341299,THERM,0,motor_temp,C,52.595
1770055133.3920927,THERM,0,motor_temp,C,61.259
1770055133.4428236,THERM,0,motor_temp,C,27.769
1770055133.49352,ADC2,0,bus_voltage,V,12.203
1770055133.5442297,ADC2,0,bus_voltage,V,11.54
1770055133.5947962,ADC2,0,bus_voltage,V,12.376
1770055133.6455255,ADC2,0,bus_voltage,V,10.899
1770055133.6962624,ADC1,1,servo_2,A,1.421
1770055133.7469823,ADC1,1,servo_2,A,2.039
1770055133.7973475,THERM,0,motor_temp,C,29.866
1770055133.848192,ADC1,0,servo_1,A,1.36
1770055133.8988874,THERM,0,motor_temp,C,58.164
1770055133.9492118,ADC1,1,servo_2,A,1.184
1770055133.9996967,ADC1,1,servo_2,A,2.314
1770055134.0505924,ADC1,1,servo_2,A,0.225
1770055134.1012003,THERM,0,motor_temp,C,28.654
1770055134.151732,ADC2,0,bus_voltage,V,10.029
1770055134.2025006,THERM,0,motor_temp,C,69.638
1770055134.25306,ADC2,0,bus_voltage,V,12.522
1770055134.3037078,ADC1,0,servo_1,A,0.73
1770055134.354196,ADC2,0,bus_voltage,V,11.297
1770055134.4045782,ADC2,0,bus_voltage,V,12.312
1770055134.4552436,ADC1,1,servo_2,A,0.286
1770055134.5059588,ADC2,0,bus_voltage,V,11.39
1770055134.5567026,ADC1,1,servo_2,A,1.666
1770055134.607445,ADC1,0,servo_1,A,2.342
1770055134.6582608,ADC2,0,bus_voltage,V,10.179
1770055134.7091823,ADC1,1,servo_2,A,2.255
1770055134.7596257,ADC1,0,servo_1,A,1.557
1770055134.8100405,ADC1,1,servo_2,A,0.887
1770055134.860713,ADC1,0,servo_1,A,0.566
1770055134.911291,ADC1,1,servo_2,A,1.329
1770055134.961884,ADC1,0,servo_1,A,0.947
1770055135.0126598,ADC1,0,servo_1,A,1.213
1770055135.0635648,ADC1,0,servo_1,A,2.191
1770055135.1143694,ADC2,0,bus_voltage,V,10.645
1770055135.1649582,ADC1,0,servo_1,A,0.719
1770055135.2153237,THERM,0,motor_temp,C,66.968
1770055135.2660706,THERM,0,motor_temp,C,34.521
1770055135.316528,ADC1,1,servo_2,A,0.952
1770055135.367032,THERM,0,motor_temp,C,25.699
1770055135.4175642,ADC1,0,servo_1,A,1.444
1770055135.4679413,ADC2,0,bus_voltage,V,12.491
1770055135.5200365,ADC2,0,bus_voltage,V,12.042
1770055135.571201,ADC2,0,bus_voltage,V,11.383
1770055135.6214716,THERM,0,motor_temp,C,69.441
1770055135.672073,THERM,0,motor_temp,C,29.513
1770055135.722695,THERM,0,motor_temp,C,33.897
1770055135.7735813,ADC1,1,servo_2,A,0.245
1770055135.824077,ADC1,1,servo_2,A,0.797
1770055135.8748043,THERM,0,motor_temp,C,53.229
1770055135.9254365,ADC2,0,bus_voltage,V,11.894
1770055135.976203,ADC2,0,bus_voltage,V,10.238
1770055136.026707,ADC2,0,bus_voltage,V,10.041
1770055136.0778053,ADC2,0,bus_voltage,V,11.474
1770055136.1285417,THERM,0,motor_temp,C,27.678
1770055136.1793637,ADC2,0,bus_voltage,V,12.38
1770055136.2300496,ADC1,0,servo_1,A,0.963
1770055136.2807431,ADC1,0,servo_1,A,0.832
1770055136.331545,ADC1,1,servo_2,A,0.341
1770055136.3817515,ADC1,1,servo_2,A,0.745
1770055136.4324274,ADC1,1,servo_2,A,2.436
1770055136.4833386,ADC1,1,servo_2,A,0.565
1770055136.535283,THERM,0,motor_temp,C,61.092
1770055136.5860324,ADC1,1,servo_2,A,1.064
1770055136.636735,ADC1,0,servo_1,A,2.353
1770055136.6876662,ADC2,0,bus_voltage,V,11.514
1770055136.7386217,ADC1,0,servo_1,A,0.27
1770055136.7892597,ADC2,0,bus_voltage,V,10.755
1770055136.8396409,ADC1,1,servo_2,A,0.723
1770055136.890423,ADC2,0,bus_voltage,V,12.059
1770055136.9413598,ADC1,0,servo_1,A,1.574
1770055136.9921365,ADC1,0,servo_1,A,0.694
1770055137.0427878,THERM,0,motor_temp,C,31.526
1770055137.093431,THERM,0,motor_temp,C,66.407
1770055137.144273,ADC1,1,servo_2,A,1.363
1770055137.1946785,ADC1,0,servo_1,A,2.444
1770055137.2453437,ADC1,0,servo_1,A,1.1
1770055137.2959452,THERM,0,motor_temp,C,52.321
1770055137.3462756,ADC1,1,servo_2,A,0.617
1770055137.3969102,ADC1,1,servo_2,A,2.351
1770055137.4477007,THERM,0,motor_temp,C,58.771
1770055137.4984245,THERM,0,motor_temp,C,40.201
1770055137.5491502,ADC1,1,servo_2,A,0.53
1770055137.5997026,ADC2,0,bus_voltage,V,10.754
1770055137.6503918,ADC1,0,servo_1,A,2.231
1770055137.7012293,ADC1,1,servo_2,A,2.26
1770055137.7518377,ADC1,1,servo_2,A,2.277
1770055137.8026357,ADC1,1,servo_2,A,0.462
1770055137.8535028,THERM,0,motor_temp,C,42.269
1770055137.9040558,ADC1,0,servo_1,A,2.491
1770055137.954534,ADC1,1,servo_2,A,2.458
1770055138.004969,ADC1,0,servo_1,A,2.054
1770055138.0553088,THERM,0,motor_temp,C,60.164
1770055138.1060252,ADC2,0,bus_voltage,V,10.476
1770055138.1568027,ADC2,0,bus_voltage,V,12.428
1770055138.2076654,THERM,0,motor_temp,C,55.875
1770055138.2584102,ADC1,1,servo_2,A,1.053
1770055138.3092906,THERM,0,motor_temp,C,26.072
1770055138.3599854,ADC1,0,servo_1,A,2.177
1770055138.4104056,ADC2,0,bus_voltage,V,11.354
1770055138.4611795,ADC2,0,bus_voltage,V,11.647
1770055138.5131838,THERM,0,motor_temp,C,38.706
1770055138.5642247,ADC1,1,servo_2,A,0.333
1770055138.6146784,THERM,0,motor_temp,C,33.077
1770055138.6651912,ADC1,1,servo_2,A,1.605
1770055138.715858,ADC2,0,bus_voltage,V,11.781
1770055138.7664149,ADC1,1,servo_2,A,1.473
1770055138.8169396,ADC2,0,bus_voltage,V,10.504
1770055138.8675275,ADC1,1,servo_2,A,0.733
1770055138.9180937,ADC1,0,servo_1,A,0.633
1770055138.968565,ADC1,1,servo_2,A,1.071
1770055139.0193038,ADC1,0,servo_1,A,1.201
1770055139.0699575,THERM,0,motor_temp,C,51.502
1770055139.1206996,ADC1,1,servo_2,A,1.34
1770055139.1711605,ADC1,1,servo_2,A,2.466
1770055139.2217686,ADC1,1,servo_2,A,1.325
1770055139.272126,ADC1,0,servo_1,A,0.831
1770055139.3235235,ADC1,0,servo_1,A,1.581
1770055139.373999,ADC1,1,servo_2,A,0.296
1770055139.4248087,ADC2,0,bus_voltage,V,12.031
1770055139.4762902,ADC2,0,bus_voltage,V,12.048
1770055139.5273807,ADC2,0,bus_voltage,V,10.964
1770055139.5783503,ADC1,1,servo_2,A,2.184
1770055139.630242,ADC1,0,servo_1,A,1.762
1770055139.680991,ADC1,0,servo_1,A,1.023
1770055139.7320065,ADC2,0,bus_voltage,V,10.945
1770055139.7823708,ADC1,0,servo_1,A,1.834
1770055139.8327606,ADC1,1,servo_2,A,0.546
1770055139.883147,ADC1,1,servo_2,A,0.3
1770055139.9337618,ADC2,0,bus_voltage,V,11.975
1770055139.9841685,THERM,0,motor_temp,C,67.444
1770055140.0344758,ADC1,0,servo_1,A,0.356
1770055140.0852306,THERM,0,motor_temp,C,61.501
1770055140.135969,ADC1,0,servo_1,A,2.074
1770055140.1866484,ADC2,0,bus_voltage,V,11.082
1770055140.2372537,ADC1,0,servo_1,A,2.026
1770055140.287877,ADC2,0,bus_voltage,V,12.067
1770055140.3387606,THERM,0,motor_temp,C,39.874
1770055140.3894062,ADC2,0,bus_voltage,V,12.536
1770055140.4398763,ADC1,1,servo_2,A,1.119
1770055140.4905508,THERM,0,motor_temp,C,66.995
1770055140.5417585,ADC2,0,bus_voltage,V,10.537
1770055140.5926294,ADC1,0,servo_1,A,1.005
1770055140.643537,ADC2,0,bus_voltage,V,10.655
1770055140.6941202,ADC1,0,servo_1,A,1.248
1770055140.7444623,ADC2,0,bus_voltage,V,10.61
1770055140.7949445,ADC1,0,servo_1,A,2.257
1770055140.845501,ADC1,0,servo_1,A,0.842
1770055140.8962653,THERM,0,motor_temp,C,33.235
1770055140.9467223,THERM,0,motor_temp,C,64.299
1770055140.9971616,ADC2,0,bus_voltage,V,10.11
1770055141.0477452,ADC1,1,servo_2,A,1.699
1770055141.098251,ADC1,1,servo_2,A,2.008
1770055141.1493275,THERM,0,motor_temp,C,65.206
1770055141.1997592,ADC2,0,bus_voltage,V,11.014
1770055141.2508013,THERM,0,motor_temp,C,40.883
1770055141.3011856,ADC1,1,servo_2,A,1.399
1770055141.3519037,ADC1,0,servo_1,A,2.312
1770055141.402531,ADC1,0,servo_1,A,1.316
1770055141.453128,ADC1,0,servo_1,A,2.081
1770055141.503517,ADC1,1,servo_2,A,2.279
1770055141.5539317,THERM,0,motor_temp,C,37.295
1770055141.6057887,ADC1,1,servo_2,A,0.877
1770055141.6564312,ADC2,0,bus_voltage,V,11.452
1770055141.7067914,THERM,0,motor_temp,C,35.732
1770055141.7573595,THERM,0,motor_temp,C,39.73
1770055141.807817,ADC1,1,servo_2,A,0.443
1770055141.8583822,ADC1,0,servo_1,A,2.157
1770055141.9087365,ADC1,1,servo_2,A,2.294
1770055141.9594047,ADC1,0,servo_1,A,1.033
1770055142.009735,THERM,0,motor_temp,C,29.854
1770055142.0600848,ADC2,0,bus_voltage,V,11.108
1770055142.1105459,ADC1,1,servo_2,A,0.229
1770055142.1610677,THERM,0,motor_temp,C,37.361
1770055142.2118104,ADC2,0,bus_voltage,V,11.683
1770055142.2622414,THERM,0,motor_temp,C,69.087
1770055142.312894,ADC1,1,servo_2,A,2.2
1770055142.3633528,THERM,0,motor_temp,C,57.407
1770055142.413866,ADC2,0,bus_voltage,V,10.146
1770055142.4644206,ADC2,0,bus_voltage,V,11.987
1770055142.5159967,ADC2,0,bus_voltage,V,11.583
1770055142.5664532,ADC1,1,servo_2,A,1.936
1770055142.6173003,ADC1,0,servo_1,A,1.262
1770055142.667975,ADC1,1,servo_2,A,0.523
1770055142.7185202,ADC1,1,servo_2,A,0.292
1770055142.7692654,ADC2,0,bus_voltage,V,10.471
1770055142.819989,THERM,0,motor_temp,C,62.684
1770055142.8704731,ADC2,0,bus_voltage,V,12.256
1770055142.9210641,ADC2,0,bus_voltage,V,12.378
1770055142.9716265,ADC1,1,servo_2,A,1.808
1770055143.0221212,ADC1,1,servo_2,A,2.246
1770055143.0724156,ADC2,0,bus_voltage,V,10.212
1770055143.123179,ADC2,0,bus_voltage,V,11.845
1770055143.173867,ADC1,1,servo_2,A,2.255
1770055143.2242637,THERM,0,motor_temp,C,28.838
1770055143.2747507,THERM,0,motor_temp,C,64.698
1770055143.3277209,ADC1,1,servo_2,A,1.515
1770055143.378262,THERM,0,motor_temp,C,46.541
1770055143.429753,ADC2,0,bus_voltage,V,11.311
1770055143.4811745,ADC1,0,servo_1,A,1.756
1770055143.5316591,ADC2,0,bus_voltage,V,12.185
1770055143.5823307,ADC2,0,bus_voltage,V,11.405
1770055143.632599,ADC2,0,bus_voltage,V,12.315
1770055143.6833665,ADC1,1,servo_2,A,0.62
1770055143.7346113,ADC1,0,servo_1,A,1.02
1770055143.7851858,ADC1,0,servo_1,A,0.883
1770055143.8355908,ADC1,1,servo_2,A,0.328
1770055143.8860538,ADC1,1,servo_2,A,1.874
1770055143.9366832,ADC1,0,servo_1,A,1.171
1770055143.98731,ADC1,0,servo_1,A,0.5
1770055144.0379245,ADC2,0,bus_voltage,V,10.649
1770055144.088422,ADC1,1,servo_2,A,0.334
1770055144.1387115,ADC1,0,servo_1,A,0.905
1770055144.1891477,ADC1,1,servo_2,A,2.427
1770055144.2399101,ADC1,1,servo_2,A,2.226
1770055144.290586,ADC2,0,bus_voltage,V,10.285
1770055144.3419564,THERM,0,motor_temp,C,63.019
1770055144.3926098,ADC1,1,servo_2,A,1.83
1770055144.4431589,ADC2,0,bus_voltage,V,10.39
1770055144.4939535,THERM,0,motor_temp,C,41.9
1770055144.5446959,THERM,0,motor_temp,C,56.981
1770055144.5954459,ADC2,0,bus_voltage,V,11.334
1770055144.645966,ADC2,0,bus_voltage,V,12.149
1770055144.6967177,ADC1,1,servo_2,A,1.363
1770055144.747222,THERM,0,motor_temp,C,39.637
1770055144.7974722,ADC2,0,bus_voltage,V,12.172
1770055144.8479443,ADC2,0,bus_voltage,V,10.395
1770055144.8987658,ADC1,0,servo_1,A,1.883
1770055144.9492638,ADC2,0,bus_voltage,V,10.987
1770055144.9998262,ADC1,0,servo_1,A,2.233
1770055145.0501041,ADC1,0,servo_1,A,0.99
1770055145.1005669,ADC1,0,servo_1,A,0.745
1770055145.1512468,ADC1,1,servo_2,A,0.367
1770055145.2018006,ADC2,0,bus_voltage,V,11.149
1770055145.2526722,ADC1,1,servo_2,A,0.35
1770055145.3035772,ADC1,1,servo_2,A,1.7
1770055145.3544033,ADC1,0,servo_1,A,1.265
1770055145.4047456,ADC1,1,servo_2,A,0.968
1770055145.4552453,ADC1,0,servo_1,A,1.724
1770055145.5058012,ADC1,0,servo_1,A,0.241
1770055145.5566278,ADC1,1,servo_2,A,0.596
1770055145.607388,ADC1,1,servo_2,A,0.846
1770055145.659433,ADC1,0,servo_1,A,2.209
1770055145.710401,THERM,0,motor_temp,C,59.137
1770055145.7614193,ADC1,1,servo_2,A,1.419
1770055145.8123944,ADC1,1,servo_2,A,2.291
1770055145.8631892,ADC1,0,servo_1,A,2.217
1770055145.9135747,ADC1,0,servo_1,A,2.438
1770055145.9639537,ADC1,0,servo_1,A,1.089
1770055146.0143332,THERM,0,motor_temp,C,29.199
1770055146.064858,ADC1,0,servo_1,A,1.45
1770055146.1155233,ADC1,0,servo_1,A,0.373
1770055146.1658933,ADC1,1,servo_2,A,2.047
1770055146.2166915,THERM,0,motor_temp,C,27.31
1770055146.2670622,ADC2,0,bus_voltage,V,10.148
1770055146.3177342,THERM,0,motor_temp,C,35.365
1770055146.3683114,ADC1,0,servo_1,A,0.381
1770055146.419014,ADC1,1,servo_2,A,2.113
1770055146.4698167,ADC2,0,bus_voltage,V,11.395
1770055146.5204535,ADC2,0,bus_voltage,V,10.16
1770055146.5712745,ADC2,0,bus_voltage,V,10.759
1770055146.621753,ADC1,0,servo_1,A,2.069
1770055146.672524,ADC2,0,bus_voltage,V,10.538
1770055146.7232907,ADC2,0,bus_voltage,V,11.323
1770055146.773879,ADC1,1,servo_2,A,2.124
1770055146.825594,THERM,0,motor_temp,C,28.808
1770055146.87629,ADC2,0,bus_voltage,V,10.803
1770055146.926891,ADC1,0,servo_1,A,1.459
1770055146.9773066,ADC1,0,servo_1,A,2.401
1770055147.0277615,ADC1,0,servo_1,A,0.819
1770055147.0786307,ADC1,1,servo_2,A,2.157
1770055147.1294312,ADC1,1,servo_2,A,1.153
1770055147.180407,ADC1,0,servo_1,A,2.366
1770055147.230944,ADC1,0,servo_1,A,0.328
1770055147.2813132,ADC1,0,servo_1,A,0.996
1770055147.3318756,ADC1,1,servo_2,A,1.811
1770055147.3822443,ADC2,0,bus_voltage,V,10.053
1770055147.4331262,THERM,0,motor_temp,C,57.822
1770055147.4838452,ADC1,0,servo_1,A,2.118
1770055147.5350027,ADC2,0,bus_voltage,V,11.316
1770055147.5853922,ADC2,0,bus_voltage,V,12.592
1770055147.6364973,ADC1,0,servo_1,A,1.157
1770055147.6869445,ADC2,0,bus_voltage,V,10.515
1770055147.737682,ADC2,0,bus_voltage,V,10.331
1770055147.788667,THERM,0,motor_temp,C,50.571
1770055147.8392475,ADC2,0,bus_voltage,V,10.53
1770055147.89136,THERM,0,motor_temp,C,26.668
1770055147.9421139,ADC2,0,bus_voltage,V,10.481
1770055147.9924793,ADC1,0,servo_1,A,1.221
1770055148.0433059,THERM,0,motor_temp,C,61.556
1770055148.0946248,ADC2,0,bus_voltage,V,10.771
1770055148.1451778,ADC2,0,bus_voltage,V,11.126
1770055148.1959467,ADC1,1,servo_2,A,0.747
1770055148.246592,ADC2,0,bus_voltage,V,10.977
1770055148.2976391,ADC2,0,bus_voltage,V,10.402
1770055148.3487074,ADC2,0,bus_voltage,V,12.353
1770055148.4004242,ADC1,1,servo_2,A,1.359
1770055148.451652,ADC1,0,servo_1,A,1.376
1770055148.5022256,ADC2,0,bus_voltage,V,11.07
1770055148.552636,ADC2,0,bus_voltage,V,10.083
1770055148.6030505,ADC1,1,servo_2,A,0.64
1770055148.6538339,ADC2,0,bus_voltage,V,10.136
1770055148.7048059,ADC1,1,servo_2,A,1.59
1770055148.7556815,ADC2,0,bus_voltage,V,12.436
1770055148.8064544,THERM,0,motor_temp,C,44.687
1770055148.8572352,ADC2,0,bus_voltage,V,11.92
1770055148.9076865,ADC1,0,servo_1,A,0.699
1770055148.9583783,ADC2,0,bus_voltage,V,10.854
1770055149.0089161,ADC2,0,bus_voltage,V,11.527
1770055149.0595245,ADC1,1,servo_2,A,0.409
1770055149.1100032,ADC1,0,servo_1,A,2.145
1770055149.160619,THERM,0,motor_temp,C,34.486
1770055149.2112238,ADC1,1,servo_2,A,2.031
1770055149.261665,ADC1,0,servo_1,A,1.761
1770055149.3123584,ADC2,0,bus_voltage,V,12.111
1770055149.362896,THERM,0,motor_temp,C,38.72
1770055149.41319,ADC1,0,servo_1,A,2.39
1770055149.4638195,ADC2,0,bus_voltage,V,10.777
1770055149.5146108,ADC1,0,servo_1,A,0.285
1770055149.565017,THERM,0,motor_temp,C,38.264
1770055149.6158314,THERM,0,motor_temp,C,38.747
1770055149.66621,ADC1,0,servo_1,A,0.778
1770055149.7169087,ADC1,1,servo_2,A,1.467
1770055149.767696,THERM,0,motor_temp,C,40.588
1770055149.818181,ADC1,1,servo_2,A,0.622
1770055149.8696487,ADC1,1,servo_2,A,0.975
1770055149.9204063,ADC1,1,servo_2,A,1.935
1770055149.9708292,ADC1,1,servo_2,A,1.899
1770055150.021427,ADC2,0,bus_voltage,V,11.23
1770055150.0719025,ADC1,1,servo_2,A,0.682
1770055150.123421,THERM,0,motor_temp,C,34.439
1770055150.1746683,ADC1,0,servo_1,A,2.174
1770055150.2253878,ADC1,1,servo_2,A,0.838
1770055150.2761168,THERM,0,motor_temp,C,37.236
1770055150.326545,THERM,0,motor_temp,C,62.032
1770055150.3777754,ADC1,0,servo_1,A,0.773
1770055150.4284585,ADC1,1,servo_2,A,0.512
1770055150.4791894,ADC1,1,servo_2,A,1.511
1770055150.5297592,ADC1,0,servo_1,A,2.154
1770055150.580511,ADC2,0,bus_voltage,V,11.436
1770055150.631174,THERM,0,motor_temp,C,49.503
1770055150.6817026,ADC1,0,servo_1,A,2.494
1770055150.7323484,ADC1,1,servo_2,A,1.084
1770055150.7845364,ADC1,0,servo_1,A,0.306
1770055150.835301,THERM,0,motor_temp,C,47.774
1770055150.8870156,ADC1,1,servo_2,A,2.341
1770055150.9385297,THERM,0,motor_temp,C,36.7
1770055150.9891644,ADC1,1,servo_2,A,1.012
1770055151.0395749,ADC1,0,servo_1,A,1.621
1770055151.0905023,ADC1,1,servo_2,A,0.581
1770055151.1414618,THERM,0,motor_temp,C,30.283
1770055151.1921422,ADC1,0,servo_1,A,1.662
1770055151.2431028,ADC1,1,servo_2,A,1.807
1770055151.293866,ADC2,0,bus_voltage,V,10.54
1770055151.3446891,ADC2,0,bus_voltage,V,11.47
1770055151.3950107,ADC2,0,bus_voltage,V,11.913
1770055151.445502,ADC1,1,servo_2,A,1.63
1770055151.4963665,ADC1,0,servo_1,A,1.782
1770055151.5467458,THERM,0,motor_temp,C,42.413
1770055151.5975144,ADC2,0,bus_voltage,V,11.45
1770055151.6481605,ADC1,0,servo_1,A,0.549
1770055151.6996508,THERM,0,motor_temp,C,45.471
1770055151.751026,THERM,0,motor_temp,C,35.937
1770055151.803434,THERM,0,motor_temp,C,63.682
1770055151.8541658,THERM,0,motor_temp,C,29.243
1770055151.90468,THERM,0,motor_temp,C,62.667
1770055151.9553268,ADC1,1,servo_2,A,2.49
1770055152.006317,ADC1,1,servo_2,A,1.136
1770055152.05708,THERM,0,motor_temp,C,32.203
1770055152.1084476,ADC1,1,servo_2,A,1.727
1770055152.1590207,ADC2,0,bus_voltage,V,10.546
1770055152.210002,ADC1,0,servo_1,A,1.843
1770055152.260572,THERM,0,motor_temp,C,62.942
1770055152.3111882,ADC1,1,servo_2,A,0.582
1770055152.3616881,ADC2,0,bus_voltage,V,10.547
1770055152.4124541,ADC1,0,servo_1,A,0.814
1770055152.4631882,THERM,0,motor_temp,C,31.458
1770055152.513431,ADC1,0,servo_1,A,0.34
1770055152.5637133,ADC1,1,servo_2,A,2.481
1770055152.6141665,ADC1,0,servo_1,A,1.772
1770055152.66455,ADC1,1,servo_2,A,2.463
1770055152.7151704,ADC2,0,bus_voltage,V,10.759
1770055152.7662923,ADC2,0,bus_voltage,V,12.374
1770055152.817008,ADC2,0,bus_voltage,V,10.726
1770055152.8674197,ADC1,1,servo_2,A,1.566
1770055152.9181066,ADC2,0,bus_voltage,V,10.63
1770055152.9687798,ADC1,0,servo_1,A,1.128
1770055153.0192833,ADC1,1,servo_2,A,0.986
1770055153.0712755,ADC2,0,bus_voltage,V,10.704
1770055153.1217253,THERM,0,motor_temp,C,57.025
1770055153.1721516,ADC2,0,bus_voltage,V,11.052
1770055153.2229826,ADC1,1,servo_2,A,1.908
1770055153.2735493,ADC2,0,bus_voltage,V,11.469
1770055153.3261492,THERM,0,motor_temp,C,69.851
1770055153.3771722,ADC1,1,servo_2,A,1.927
1770055153.4275537,ADC1,0,servo_1,A,1.308
1770055153.4783401,ADC2,0,bus_voltage,V,11.944
1770055153.5293114,THERM,0,motor_temp,C,27.798
1770055153.5798476,ADC2,0,bus_voltage,V,10.241
1770055153.630717,ADC2,0,bus_voltage,V,12.245
1770055153.681086,THERM,0,motor_temp,C,59.19
1770055153.73187,ADC2,0,bus_voltage,V,10.616
1770055153.7825742,THERM,0,motor_temp,C,45.461
1770055153.8344061,ADC1,1,servo_2,A,1.052
1770055153.8865986,ADC2,0,bus_voltage,V,11.78
1770055153.9374433,ADC2,0,bus_voltage,V,10.965
1770055153.98952,ADC1,1,servo_2,A,1.876
1770055154.0404365,ADC1,0,servo_1,A,0.929
1770055154.0992885,ADC1,1,servo_2,A,2.08
1770055154.1506057,ADC2,0,bus_voltage,V,11.118
1770055154.2017572,THERM,0,motor_temp,C,30.476
1770055154.2522404,ADC1,1,servo_2,A,2.481
1770055154.3027766,THERM,0,motor_temp,C,47.692
1770055154.3534925,THERM,0,motor_temp,C,31.235
1770055154.4041867,ADC1,0,servo_1,A,0.331
1770055154.4547389,ADC2,0,bus_voltage,V,10.926
1770055154.5055237,ADC2,0,bus_voltage,V,11.224
1770055154.556341,THERM,0,motor_temp,C,39.696
1770055154.6068711,THERM,0,motor_temp,C,33.129
1770055154.657643,THERM,0,motor_temp,C,59.827
1770055154.7081037,ADC1,1,servo_2,A,1.001
1770055154.7585654,ADC1,1,servo_2,A,2.411
1770055154.8099403,ADC1,1,servo_2,A,1.893
1770055154.8606756,ADC1,0,servo_1,A,1.234
1770055154.911242,THERM,0,motor_temp,C,47.075
1770055154.961896,ADC1,1,servo_2,A,2.427
1770055155.0128996,ADC2,0,bus_voltage,V,10.429
1770055155.0636814,ADC1,1,servo_2,A,1.865
1770055155.1144235,ADC2,0,bus_voltage,V,12.509
1770055155.1655016,THERM,0,motor_temp,C,40.258
1770055155.2162862,THERM,0,motor_temp,C,46.14
1770055155.266777,ADC2,0,bus_voltage,V,10.974
1770055155.3173473,THERM,0,motor_temp,C,51.353
1770055155.368131,ADC2,0,bus_voltage,V,11.443
1770055155.4185555,THERM,0,motor_temp,C,44.94
1770055155.4693725,ADC1,1,servo_2,A,0.304
1770055155.5200963,THERM,0,motor_temp,C,41.871
1770055155.5708604,ADC1,0,servo_1,A,2.062
1770055155.6215951,ADC1,0,servo_1,A,1.775
1770055155.67233,ADC1,1,servo_2,A,0.91
1770055155.7228813,THERM,0,motor_temp,C,58.353
1770055155.7737577,ADC1,1,servo_2,A,0.8
1770055155.82441,ADC1,0,servo_1,A,1.626
1770055155.8751092,ADC2,0,bus_voltage,V,11.127
1770055155.9265664,ADC1,0,servo_1,A,2.225
1770055155.9771333,ADC1,0,servo_1,A,2.174
1770055156.029782,ADC1,0,servo_1,A,1.71
1770055156.0831199,THERM,0,motor_temp,C,34.331
1770055156.133787,ADC1,1,servo_2,A,0.346
1770055156.1861055,ADC2,0,bus_voltage,V,11.346
1770055156.2370975,ADC1,1,servo_2,A,0.286
1770055156.2878084,ADC1,0,servo_1,A,0.361
1770055156.3386335,ADC2,0,bus_voltage,V,11.857
1770055156.3894715,ADC1,0,servo_1,A,2.067
1770055156.4402418,ADC1,0,servo_1,A,1.977
1770055156.4915838,THERM,0,motor_temp,C,36.832
1770055156.5422251,ADC2,0,bus_voltage,V,10.048
1770055156.5931027,ADC1,1,servo_2,A,1.226
1770055156.6435146,ADC1,1,servo_2,A,2.39
1770055156.6941679,ADC2,0,bus_voltage,V,10.721
1770055156.744432,ADC1,0,servo_1,A,0.358
1770055156.795085,ADC1,0,servo_1,A,1.423
1770055156.8454845,ADC1,1,servo_2,A,0.435
1770055156.8962355,ADC2,0,bus_voltage,V,10.269
1770055156.9469547,ADC1,1,servo_2,A,0.828
1770055156.9974995,THERM,0,motor_temp,C,44.889
1770055157.0482807,ADC1,0,servo_1,A,0.51
1770055157.0988111,ADC2,0,bus_voltage,V,11.496
1770055157.1495326,ADC1,0,servo_1,A,1.281
1770055157.2000504,ADC2,0,bus_voltage,V,10.726
1770055157.2508216,ADC2,0,bus_voltage,V,10.141
1770055157.301357,ADC1,1,servo_2,A,1.063
1770055157.3517673,ADC2,0,bus_voltage,V,11.87
1770055157.4022217,ADC2,0,bus_voltage,V,10.734
1770055157.4530156,ADC1,0,servo_1,A,1.518
1770055157.503513,ADC2,0,bus_voltage,V,10.343
1770055157.554017,THERM,0,motor_temp,C,58.021
1770055157.6043699,THERM,0,motor_temp,C,56.793
1770055157.6552312,ADC1,1,servo_2,A,0.886
1770055157.7059257,ADC2,0,bus_voltage,V,11.23
1770055157.756207,ADC2,0,bus_voltage,V,10.291
1770055157.806653,ADC1,1,servo_2,A,0.705
1770055157.8571978,ADC1,1,servo_2,A,1.422
1770055157.9077325,ADC2,0,bus_voltage,V,11.025
1770055157.9584732,ADC2,0,bus_voltage,V,11.921
1770055158.0090744,ADC2,0,bus_voltage,V,12.159
1770055158.059555,ADC2,0,bus_voltage,V,11.076
1770055158.1102145,ADC2,0,bus_voltage,V,10.739
1770055158.160934,ADC2,0,bus_voltage,V,11.434
1770055158.2117217,ADC1,0,servo_1,A,1.44
1770055158.2621953,THERM,0,motor_temp,C,65.853
1770055158.3131301,ADC1,0,servo_1,A,2.039
1770055158.3638313,THERM,0,motor_temp,C,53.091
1770055158.4145217,ADC2,0,bus_voltage,V,10.59
1770055158.4651704,ADC1,0,servo_1,A,1.872
1770055158.5158072,THERM,0,motor_temp,C,52.995
1770055158.5662932,THERM,0,motor_temp,C,53.17
1770055158.6170366,ADC1,0,servo_1,A,2.115
1770055158.6682956,THERM,0,motor_temp,C,52.594
1770055158.7190537,ADC2,0,bus_voltage,V,12.521
1770055158.7695005,ADC1,1,servo_2,A,1.598
1770055158.8199837,THERM,0,motor_temp,C,28.594
1770055158.8705482,ADC1,1,servo_2,A,2.496
1770055158.920972,ADC1,1,servo_2,A,0.33
1770055158.971685,ADC1,1,servo_2,A,2.01
1770055159.022413,ADC2,0,bus_voltage,V,10.882
1770055159.078205,THERM,0,motor_temp,C,40.748
1770055159.1290917,ADC1,1,servo_2,A,1.644
1770055159.1796727,ADC2,0,bus_voltage,V,10.007
1770055159.2303116,ADC1,1,servo_2,A,1.273
1770055159.2807405,ADC2,0,bus_voltage,V,11.312
1770055159.3313036,ADC1,1,servo_2,A,1.79
1770055159.3816838,ADC1,0,servo_1,A,0.623
1770055159.432172,ADC2,0,bus_voltage,V,12.202
1770055159.4828062,THERM,0,motor_temp,C,47.495
1770055159.5334988,THERM,0,motor_temp,C,27.583
1770055159.5838654,ADC1,1,servo_2,A,1.703
1770055159.634348,ADC2,0,bus_voltage,V,12.194
1770055159.684778,ADC1,0,servo_1,A,2.443
1770055159.7352753,ADC1,1,servo_2,A,0.295
1770055159.7857835,ADC1,1,servo_2,A,1.184
1770055159.8366203,ADC1,0,servo_1,A,1.094
1770055159.8871248,ADC1,0,servo_1,A,2.367
1770055159.937877,ADC1,1,servo_2,A,1.13
1770055159.9884129,THERM,0,motor_temp,C,34.738
1770055160.0389247,THERM,0,motor_temp,C,46.556
1770055160.0892813,ADC1,0,servo_1,A,1.04
1770055160.141663,ADC1,1,servo_2,A,2.172
1770055160.1949637,ADC1,1,servo_2,A,1.483
1770055160.247769,THERM,0,motor_temp,C,46.693
1770055160.301129,ADC1,0,servo_1,A,0.28
1770055160.3522925,THERM,0,motor_temp,C,58.068
1770055160.4045954,ADC1,0,servo_1,A,1.379
1770055160.4549801,ADC1,0,servo_1,A,1.165
1770055160.5056343,THERM,0,motor_temp,C,47.238
1770055160.5560315,ADC1,1,servo_2,A,2.359
1770055160.6068444,ADC2,0,bus_voltage,V,11.512
1770055160.6581237,ADC2,0,bus_voltage,V,12.364
1770055160.7089415,ADC1,0,servo_1,A,2.439
1770055160.759783,ADC1,1,servo_2,A,1.388
1770055160.8103771,THERM,0,motor_temp,C,48.459
1770055160.8610432,ADC1,0,servo_1,A,1.822
1770055160.9114132,ADC1,0,servo_1,A,1.373
1770055160.9617667,ADC1,1,servo_2,A,2.087
1770055161.0125592,ADC1,0,servo_1,A,0.49
1770055161.0637004,ADC1,0,servo_1,A,1.728
1770055161.114271,ADC1,0,servo_1,A,1.478
1770055161.164988,ADC2,0,bus_voltage,V,10.122
1770055161.2154758,ADC1,0,servo_1,A,2.392
1770055161.2663913,ADC2,0,bus_voltage,V,11.1
1770055161.316703,ADC1,1,servo_2,A,1.351
1770055161.3674698,ADC2,0,bus_voltage,V,12.058
1770055161.4179778,THERM,0,motor_temp,C,58.572
1770055161.468372,ADC1,1,servo_2,A,0.592
1770055161.5208178,ADC1,1,servo_2,A,2.143
1770055161.5715132,ADC1,0,servo_1,A,2.409
1770055161.6221094,ADC1,0,servo_1,A,0.591
1770055161.6731095,ADC1,1,servo_2,A,1.275
1770055161.7241874,THERM,0,motor_temp,C,34.724
1770055161.7756736,ADC1,1,servo_2,A,0.523
1770055161.8265097,ADC2,0,bus_voltage,V,11.31
1770055161.876984,ADC1,0,servo_1,A,2.315
1770055161.9276721,ADC1,0,servo_1,A,2.16
1770055161.9781182,ADC1,0,servo_1,A,2.428
1770055162.0285883,ADC1,1,servo_2,A,2.076
1770055162.0794241,ADC1,1,servo_2,A,0.22
1770055162.129778,ADC2,0,bus_voltage,V,11.707
1770055162.1801426,ADC2,0,bus_voltage,V,10.547
1770055162.231755,ADC2,0,bus_voltage,V,10.43
1770055162.2822618,THERM,0,motor_temp,C,69.104
1770055162.332766,ADC2,0,bus_voltage,V,10.349
1770055162.3836205,ADC1,0,servo_1,A,1.905
1770055162.4343934,THERM,0,motor_temp,C,67.717
1770055162.4848647,ADC1,0,servo_1,A,1.279
1770055162.5354018,ADC1,1,servo_2,A,0.965
1770055162.586255,ADC1,0,servo_1,A,1.938
1770055162.6370747,ADC2,0,bus_voltage,V,11.901
1770055162.687886,ADC2,0,bus_voltage,V,10.787
1770055162.7387414,ADC2,0,bus_voltage,V,10.727
1770055162.7892532,ADC1,0,servo_1,A,1.914
1770055162.8396773,ADC2,0,bus_voltage,V,10.598
1770055162.8903413,ADC1,1,servo_2,A,1.303
1770055162.9411094,ADC2,0,bus_voltage,V,10.117
1770055162.9916992,ADC1,1,servo_2,A,2.187
1770055163.0425665,ADC2,0,bus_voltage,V,12.091
1770055163.0930321,ADC1,0,servo_1,A,0.344
1770055163.1435196,ADC2,0,bus_voltage,V,10.913
1770055163.1941059,ADC2,0,bus_voltage,V,10.094
1770055163.244555,ADC1,0,servo_1,A,2.192
1770055163.2952576,ADC2,0,bus_voltage,V,11.643
1770055163.3458185,ADC1,1,servo_2,A,1.371
1770055163.3964148,ADC1,1,servo_2,A,1.841
1770055163.447007,ADC1,0,servo_1,A,1.56
1770055163.498673,ADC2,0,bus_voltage,V,12.324
1770055163.5497994,THERM,0,motor_temp,C,25.904
1770055163.6005602,ADC1,0,servo_1,A,1.924
1770055163.652405,ADC1,1,servo_2,A,0.918
1770055163.7030394,ADC1,1,servo_2,A,0.828
1770055163.7545164,ADC2,0,bus_voltage,V,12.352
1770055163.8055549,ADC2,0,bus_voltage,V,11.269
1770055163.8561707,ADC2,0,bus_voltage,V,11.851
1770055163.9067671,ADC1,0,servo_1,A,1.356
1770055163.9571793,ADC1,0,servo_1,A,2.157
1770055164.0077732,THERM,0,motor_temp,C,65.265
1770055164.0587535,ADC2,0,bus_voltage,V,10.819
1770055164.1095612,THERM,0,motor_temp,C,54.17
1770055164.1603713,THERM,0,motor_temp,C,26.959
1770055164.2125072,ADC2,0,bus_voltage,V,12.212
1770055164.2629404,ADC1,0,servo_1,A,2.016
1770055164.3136325,THERM,0,motor_temp,C,49.292
1770055164.364274,ADC1,1,servo_2,A,1.698
1770055164.4179118,ADC1,0,servo_1,A,0.246
1770055164.4686203,THERM,0,motor_temp,C,53.118
1770055164.5193357,THERM,0,motor_temp,C,51.938
1770055164.5734432,THERM,0,motor_temp,C,31.851
1770055164.6245058,ADC1,0,servo_1,A,0.282
1770055164.675106,ADC1,0,servo_1,A,0.722
1770055164.7257247,THERM,0,motor_temp,C,43.062
1770055164.7762187,THERM,0,motor_temp,C,53.269
1770055164.8270488,ADC2,0,bus_voltage,V,12.341
1770055164.8776176,ADC2,0,bus_voltage,V,10.351
1770055164.9282434,ADC1,0,servo_1,A,2.366
1770055164.9790633,THERM,0,motor_temp,C,44.238
1770055165.0298882,ADC1,1,servo_2,A,2.152
1770055165.0804987,ADC1,1,servo_2,A,2.27
1770055165.1310904,ADC2,0,bus_voltage,V,11.091
1770055165.1818476,ADC1,0,servo_1,A,1.129
1770055165.2330189,ADC1,0,servo_1,A,2.261
1770055165.2836657,THERM,0,motor_temp,C,63.629
1770055165.3340771,ADC1,0,servo_1,A,1.845
1770055165.384903,THERM,0,motor_temp,C,33.511
1770055165.435471,THERM,0,motor_temp,C,45.205
1770055165.4859579,ADC1,1,servo_2,A,1.656
1770055165.5367658,THERM,0,motor_temp,C,68.092
1770055165.587523,ADC1,1,servo_2,A,1.264
1770055165.6383913,ADC1,0,servo_1,A,0.926
1770055165.6890523,ADC2,0,bus_voltage,V,11.992
1770055165.7395275,ADC1,1,servo_2,A,1.587
1770055165.7903528,THERM,0,motor_temp,C,66.299
1770055165.840714,ADC1,1,servo_2,A,0.456
1770055165.8912401,ADC1,1,servo_2,A,1.239
1770055165.941771,ADC1,1,servo_2,A,1.588
1770055165.9922438,ADC1,1,servo_2,A,0.888
1770055166.042866,THERM,0,motor_temp,C,35.414
1770055166.0936012,ADC1,1,servo_2,A,1.414
1770055166.143964,THERM,0,motor_temp,C,37.715
1770055166.1946595,ADC1,1,servo_2,A,2.381
1770055166.2452834,THERM,0,motor_temp,C,64.201
1770055166.296129,THERM,0,motor_temp,C,42.146
1770055166.347725,ADC2,0,bus_voltage,V,11.262
1770055166.398488,ADC1,0,servo_1,A,2.239
1770055166.4496982,ADC1,1,servo_2,A,0.894
1770055166.500223,ADC1,1,servo_2,A,1.304
1770055166.5515919,ADC1,1,servo_2,A,1.798
1770055166.602413,ADC2,0,bus_voltage,V,10.08
1770055166.6533923,ADC1,0,servo_1,A,2.448
1770055166.7040234,ADC1,0,servo_1,A,1.866
1770055166.754788,ADC1,1,servo_2,A,0.396
1770055166.8051915,ADC2,0,bus_voltage,V,10.411
1770055166.8555768,ADC2,0,bus_voltage,V,11.65
1770055166.9058962,ADC1,1,servo_2,A,0.548
1770055166.956699,ADC1,0,servo_1,A,0.279
1770055167.0073366,ADC2,0,bus_voltage,V,10.262
1770055167.0581882,ADC1,0,servo_1,A,0.511
1770055167.1086085,THERM,0,motor_temp,C,52.39
1770055167.1590047,ADC1,1,servo_2,A,1.674
1770055167.2095683,ADC1,1,servo_2,A,1.852
1770055167.2603679,ADC2,0,bus_voltage,V,11.412
1770055167.311051,ADC1,1,servo_2,A,1.428
1770055167.3616688,ADC2,0,bus_voltage,V,11.573
1770055167.4129958,ADC1,1,servo_2,A,0.778
1770055167.4636748,THERM,0,motor_temp,C,42.828
1770055167.514408,ADC1,0,servo_1,A,0.312
1770055167.5650182,ADC1,0,servo_1,A,0.938
1770055167.6153932,ADC1,0,servo_1,A,1.706
1770055167.6662908,ADC2,0,bus_voltage,V,10.703
1770055167.716694,ADC1,1,servo_2,A,2.134
1770055167.767674,THERM,0,motor_temp,C,46.332
1770055167.8183174,ADC2,0,bus_voltage,V,11.596
1770055167.8687475,ADC1,1,servo_2,A,1.602
1770055167.919285,THERM,0,motor_temp,C,66.808
1770055167.9701495,ADC1,1,servo_2,A,0.327
1770055168.020745,ADC1,1,servo_2,A,2.397
1770055168.0712125,ADC2,0,bus_voltage,V,12.018
1770055168.1217575,ADC1,0,servo_1,A,1.79
1770055168.1722803,ADC2,0,bus_voltage,V,10.239
1770055168.2228258,ADC2,0,bus_voltage,V,11.349
1770055168.2734914,ADC1,0,servo_1,A,1.823
1770055168.3246675,ADC1,0,servo_1,A,1.524
1770055168.375376,ADC1,0,servo_1,A,2.038
1770055168.4259188,ADC2,0,bus_voltage,V,10.492
1770055168.4772022,ADC1,0,servo_1,A,2.001
1770055168.527738,ADC1,1,servo_2,A,2.392
1770055168.5783546,ADC2,0,bus_voltage,V,10.086
1770055168.6286774,THERM,0,motor_temp,C,40.371
1770055168.679492,ADC1,1,servo_2,A,2.426
1770055168.7297385,ADC1,0,servo_1,A,1.457
1770055168.7803857,THERM,0,motor_temp,C,37.443
1770055168.831055,ADC2,0,bus_voltage,V,11.095
1770055168.8816774,THERM,0,motor_temp,C,58.519
1770055168.9327064,ADC1,1,servo_2,A,0.889
1770055168.9832776,ADC1,0,servo_1,A,0.385
1770055169.034274,THERM,0,motor_temp,C,45.544
1770055169.0851338,ADC1,1,servo_2,A,1.245
1770055169.1356642,ADC2,0,bus_voltage,V,12.481
1770055169.1861963,ADC1,1,servo_2,A,2.375
1770055169.236725,ADC1,1,servo_2,A,1.2
1770055169.287082,ADC2,0,bus_voltage,V,12.349
1770055169.3377569,ADC2,0,bus_voltage,V,10.099
1770055169.3883238,ADC1,0,servo_1,A,0.597
1770055169.4390686,ADC1,1,servo_2,A,1.137
1770055169.4895992,ADC1,1,servo_2,A,2.341
1770055169.5402648,ADC2,0,bus_voltage,V,10.596
1770055169.5907414,ADC1,0,servo_1,A,2.277
1770055169.6416562,ADC1,0,servo_1,A,2.453
1770055169.6922946,THERM,0,motor_temp,C,57.843
1770055169.7430077,ADC1,0,servo_1,A,1.745
1770055169.793836,ADC1,0,servo_1,A,1.662
1770055169.8446326,ADC2,0,bus_voltage,V,10.538
1770055169.8977878,ADC2,0,bus_voltage,V,10.116
1770055169.948455,THERM,0,motor_temp,C,31.5
1770055169.9992547,ADC1,0,servo_1,A,2.351
1770055170.0498757,ADC2,0,bus_voltage,V,12.422
1770055170.1003942,THERM,0,motor_temp,C,68.634
1770055170.1512475,THERM,0,motor_temp,C,69.365
1770055170.2020812,THERM,0,motor_temp,C,55.121
1770055170.2527428,ADC1,1,servo_2,A,1.285
1770055170.3034089,ADC1,1,servo_2,A,2.043
1770055170.353975,ADC1,0,servo_1,A,2.461
1770055170.405405,ADC2,0,bus_voltage,V,11.672
1770055170.4558866,ADC2,0,bus_voltage,V,10.477
1770055170.5082612,ADC1,0,servo_1,A,0.689
1770055170.5587869,ADC1,0,servo_1,A,1.676
1770055170.6123316,ADC2,0,bus_voltage,V,10.324
1770055170.6664674,ADC1,1,servo_2,A,1.009
1770055170.7172182,ADC1,1,servo_2,A,2.382
1770055170.7730796,ADC1,0,servo_1,A,1.786
1770055170.823407,ADC2,0,bus_voltage,V,12.03
1770055170.8772264,THERM,0,motor_temp,C,30.037
1770055170.9284275,ADC1,1,servo_2,A,0.347
1770055170.979318,ADC2,0,bus_voltage,V,12.115
1770055171.0301027,ADC1,0,servo_1,A,0.403
1770055171.0806298,ADC2,0,bus_voltage,V,12.345
1770055171.1311376,ADC1,1,servo_2,A,1.718
1770055171.1818259,THERM,0,motor_temp,C,37.803
1770055171.2324226,ADC1,0,servo_1,A,1.967
1770055171.282909,ADC1,1,servo_2,A,1.56
1770055171.333643,ADC2,0,bus_voltage,V,10.231
1770055171.3842895,ADC2,0,bus_voltage,V,10.795
1770055171.4349146,ADC1,1,servo_2,A,2.462
1770055171.485474,ADC1,0,servo_1,A,1.935
1770055171.5361438,ADC1,1,servo_2,A,0.396
1770055171.5869844,THERM,0,motor_temp,C,53.912
1770055171.6376064,ADC2,0,bus_voltage,V,11.44
1770055171.6884327,ADC2,0,bus_voltage,V,10.286
1770055171.7388444,THERM,0,motor_temp,C,61.788
1770055171.7893014,THERM,0,motor_temp,C,34.108
1770055171.840059,ADC1,0,servo_1,A,0.286
1770055171.8908079,ADC1,1,servo_2,A,1.55
1770055171.9417691,THERM,0,motor_temp,C,25.968
1770055171.9951468,ADC1,0,servo_1,A,0.486
1770055172.0459733,ADC2,0,bus_voltage,V,11.947
1770055172.096679,ADC1,0,servo_1,A,0.35
1770055172.1469893,ADC2,0,bus_voltage,V,12.389
1770055172.1972637,ADC1,1,servo_2,A,1.721
1770055172.2478914,ADC2,0,bus_voltage,V,11.815
1770055172.2983897,ADC1,1,servo_2,A,0.393
1770055172.3490403,THERM,0,motor_temp,C,52.899
1770055172.3997526,ADC1,0,servo_1,A,0.413
1770055172.4505513,ADC2,0,bus_voltage,V,11.19
1770055172.5011773,ADC1,0,servo_1,A,2.473
1770055172.551976,ADC1,1,servo_2,A,2.48
1770055172.603709,ADC2,0,bus_voltage,V,11.746
1770055172.6544251,ADC1,0,servo_1,A,0.544
1770055172.7049873,ADC1,1,servo_2,A,1.294
1770055172.7553077,ADC1,1,servo_2,A,0.517
1770055172.8058548,ADC2,0,bus_voltage,V,10.625
1770055172.8564885,ADC1,0,servo_1,A,0.295
1770055172.9071465,THERM,0,motor_temp,C,37.96
1770055172.9579978,ADC1,1,servo_2,A,1.223
1770055173.0083072,THERM,0,motor_temp,C,25.135
1770055173.058826,THERM,0,motor_temp,C,60.694
1770055173.1093583,THERM,0,motor_temp,C,65.459
1770055173.1598458,THERM,0,motor_temp,C,52.323
1770055173.2104907,ADC1,0,servo_1,A,1.277
1770055173.2612948,THERM,0,motor_temp,C,48.744
1770055173.3116891,ADC1,0,servo_1,A,1.436
1770055173.3622756,ADC1,1,servo_2,A,0.513
1770055173.4130313,ADC2,0,bus_voltage,V,10.564
1770055173.4636605,ADC2,0,bus_voltage,V,11.598
1770055173.514219,ADC2,0,bus_voltage,V,11.237
1770055173.5648563,ADC1,1,servo_2,A,1.444
1770055173.6151874,ADC1,0,servo_1,A,0.587
1770055173.6658258,ADC1,0,servo_1,A,0.924
1770055173.7166386,ADC1,1,servo_2,A,0.741
1770055173.7672517,THERM,0,motor_temp,C,68.059
1770055173.817789,ADC1,0,servo_1,A,0.273
1770055173.8684494,THERM,0,motor_temp,C,29.838
1770055173.9196336,THERM,0,motor_temp,C,62.315
1770055173.9713857,THERM,0,motor_temp,C,62.624
1770055174.0218155,ADC1,1,servo_2,A,1.56
1770055174.072461,ADC1,1,servo_2,A,0.419
1770055174.1232998,THERM,0,motor_temp,C,38.881
1770055174.1738358,THERM,0,motor_temp,C,40.45
1770055174.2243197,THERM,0,motor_temp,C,43.732
1770055174.2749262,ADC1,1,servo_2,A,0.716
1770055174.32564,ADC1,0,servo_1,A,0.512
1770055174.3763938,ADC1,0,servo_1,A,1.846
1770055174.4272215,ADC1,0,servo_1,A,1.996
1770055174.4777327,ADC1,1,servo_2,A,1.278
1770055174.5285408,ADC1,0,servo_1,A,1.634
1770055174.5799181,ADC1,1,servo_2,A,1.841
1770055174.6307483,ADC1,0,servo_1,A,0.802
1770055174.6839302,THERM,0,motor_temp,C,63.474
1770055174.7350266,ADC2,0,bus_voltage,V,10.807
1770055174.7856681,THERM,0,motor_temp,C,36.773
1770055174.836133,THERM,0,motor_temp,C,50.681
1770055174.8869336,ADC2,0,bus_voltage,V,11.959
1770055174.9380114,THERM,0,motor_temp,C,48.819
1770055174.9885778,ADC1,1,servo_2,A,0.53
1770055175.039167,THERM,0,motor_temp,C,64.836
1770055175.0897388,ADC1,0,servo_1,A,0.256
1770055175.1401298,THERM,0,motor_temp,C,34.695
1770055175.1910508,THERM,0,motor_temp,C,62.743
1770055175.241654,THERM,0,motor_temp,C,55.12
1770055175.2921002,ADC1,1,servo_2,A,1.923
1770055175.3425171,ADC1,1,servo_2,A,1.954
1770055175.3928435,THERM,0,motor_temp,C,30.286
1770055175.4441388,THERM,0,motor_temp,C,65.567
1770055175.4946747,ADC1,0,servo_1,A,2.183
1770055175.545234,ADC2,0,bus_voltage,V,10.037
1770055175.596558,ADC1,1,servo_2,A,2.263
1770055175.647297,THERM,0,motor_temp,C,69.545
1770055175.6978672,ADC1,0,servo_1,A,1.942
1770055175.7485187,ADC2,0,bus_voltage,V,11.082
1770055175.7993128,ADC1,0,servo_1,A,1.25
1770055175.8504245,ADC1,0,servo_1,A,1.046
1770055175.9008038,ADC1,0,servo_1,A,0.606
1770055175.9514563,ADC2,0,bus_voltage,V,10.036
1770055176.002042,THERM,0,motor_temp,C,47.96
1770055176.05286,THERM,0,motor_temp,C,47.178
1770055176.1035354,ADC2,0,bus_voltage,V,11.168
1770055176.1541605,THERM,0,motor_temp,C,52.124
1770055176.2045505,ADC2,0,bus_voltage,V,12.355
1770055176.2549107,ADC2,0,bus_voltage,V,10.544
1770055176.3052707,ADC1,0,servo_1,A,1.654
1770055176.3557818,ADC2,0,bus_voltage,V,10.054
1770055176.4064198,ADC1,1,servo_2,A,1.264
1770055176.457111,ADC2,0,bus_voltage,V,11.271
1770055176.5074296,THERM,0,motor_temp,C,67.622
1770055176.5578983,ADC1,0,servo_1,A,1.086
1770055176.6084766,ADC2,0,bus_voltage,V,10.556
1770055176.6593204,THERM,0,motor_temp,C,64.045
1770055176.7100778,ADC2,0,bus_voltage,V,10.877
1770055176.7606676,ADC2,0,bus_voltage,V,10.064
1770055176.8136845,ADC1,0,servo_1,A,0.433
1770055176.8677452,ADC1,1,servo_2,A,2.313
1770055176.920991,ADC1,0,servo_1,A,1.381
1770055176.971651,ADC1,1,servo_2,A,0.351
1770055177.0221224,ADC1,1,servo_2,A,2.42
1770055177.073256,ADC1,0,servo_1,A,0.711
1770055177.130852,THERM,0,motor_temp,C,28.791
1770055177.1845338,ADC1,0,servo_1,A,0.636
1770055177.2348769,ADC2,0,bus_voltage,V,11.872
1770055177.285578,ADC1,1,servo_2,A,0.715
1770055177.3363178,THERM,0,motor_temp,C,27.102
1770055177.387087,ADC1,0,servo_1,A,1.409
1770055177.4378147,THERM,0,motor_temp,C,34.761
1770055177.4883692,ADC1,1,servo_2,A,1.709
1770055177.538922,ADC1,0,servo_1,A,0.208
1770055177.5892212,THERM,0,motor_temp,C,60.289
1770055177.639501,ADC1,1,servo_2,A,1.911
1770055177.6901493,ADC1,0,servo_1,A,2.463
1770055177.7406363,ADC2,0,bus_voltage,V,12.37
1770055177.791467,THERM,0,motor_temp,C,49.747
1770055177.8419166,ADC1,1,servo_2,A,2.334
1770055177.8925483,THERM,0,motor_temp,C,43.686
1770055177.9432535,ADC1,0,servo_1,A,1.616
1770055177.9937587,ADC1,1,servo_2,A,0.762
1770055178.044765,THERM,0,motor_temp,C,33.137
1770055178.0953665,ADC1,1,servo_2,A,2.393
1770055178.1466603,ADC2,0,bus_voltage,V,12.542
1770055178.197213,ADC1,1,servo_2,A,2.495
1770055178.247977,THERM,0,motor_temp,C,66.695
1770055178.2984755,ADC2,0,bus_voltage,V,10.384
1770055178.3490946,THERM,0,motor_temp,C,69.502
1770055178.3997982,THERM,0,motor_temp,C,50.478
1770055178.450425,ADC1,1,servo_2,A,0.239
1770055178.5013232,ADC1,1,servo_2,A,2.293
1770055178.5523996,THERM,0,motor_temp,C,64.28
1770055178.6028717,ADC1,1,servo_2,A,2.312
1770055178.6534295,ADC2,0,bus_voltage,V,11.025
1770055178.7039754,ADC1,0,servo_1,A,1.464
1770055178.7547224,ADC2,0,bus_voltage,V,12.563
1770055178.8052804,ADC2,0,bus_voltage,V,11.143
1770055178.8561604,ADC1,1,servo_2,A,1.844
1770055178.90655,ADC1,0,servo_1,A,0.419
1770055178.9574537,ADC1,0,servo_1,A,0.295
1770055179.008342,ADC1,1,servo_2,A,2.12
1770055179.059082,THERM,0,motor_temp,C,53.868
1770055179.1100316,THERM,0,motor_temp,C,55.229
1770055179.160799,THERM,0,motor_temp,C,39.112
1770055179.2113426,ADC2,0,bus_voltage,V,10.138
1770055179.261896,THERM,0,motor_temp,C,33.0
1770055179.31257,ADC1,0,servo_1,A,0.826
1770055179.3632278,THERM,0,motor_temp,C,65.276
1770055179.4139793,ADC1,1,servo_2,A,2.154
1770055179.4644248,ADC1,0,servo_1,A,1.002
1770055179.5150273,ADC1,0,servo_1,A,0.507
1770055179.566339,THERM,0,motor_temp,C,33.111
1770055179.6167777,ADC1,0,servo_1,A,0.913
1770055179.6673238,ADC1,0,servo_1,A,1.421
1770055179.7180562,ADC1,1,servo_2,A,1.799
1770055179.7685037,THERM,0,motor_temp,C,68.68
1770055179.820508,ADC1,0,servo_1,A,1.566
1770055179.87107,THERM,0,motor_temp,C,33.112
1770055179.9216814,ADC2,0,bus_voltage,V,11.632
1770055179.9723768,ADC1,0,servo_1,A,2.39
1770055180.022919,ADC1,1,servo_2,A,1.872
1770055180.0734792,ADC1,1,servo_2,A,1.743
1770055180.1238577,ADC1,0,servo_1,A,1.727
1770055180.1745508,ADC1,0,servo_1,A,2.257
1770055180.225394,ADC2,0,bus_voltage,V,10.38
1770055180.2762325,ADC1,1,servo_2,A,1.146
1770055180.3267195,ADC2,0,bus_voltage,V,11.902
1770055180.3773074,ADC2,0,bus_voltage,V,12.096
1770055180.4277272,THERM,0,motor_temp,C,68.232
1770055180.4782987,ADC1,0,servo_1,A,2.468
1770055180.528951,ADC1,1,servo_2,A,0.216
1770055180.5793629,ADC1,0,servo_1,A,0.826
1770055180.6299107,THERM,0,motor_temp,C,44.328
1770055180.6809711,ADC1,1,servo_2,A,0.779
1770055180.731458,ADC1,1,servo_2,A,2.31
1770055180.782223,ADC2,0,bus_voltage,V,10.291
1770055180.8329499,ADC2,0,bus_voltage,V,11.312
1770055180.8835359,THERM,0,motor_temp,C,26.218
1770055180.9343307,ADC2,0,bus_voltage,V,11.132
1770055180.9869661,ADC1,0,servo_1,A,1.602
1770055181.037347,ADC1,1,servo_2,A,1.83
1770055181.0881326,ADC1,1,servo_2,A,1.343
1770055181.1418102,ADC1,0,servo_1,A,1.901
1770055181.1951122,ADC1,1,servo_2,A,0.497
1770055181.2463696,ADC2,0,bus_voltage,V,10.32
1770055181.2990367,THERM,0,motor_temp,C,59.086
1770055181.3499615,ADC2,0,bus_voltage,V,10.443
1770055181.40045,ADC2,0,bus_voltage,V,12.477
1770055181.451148,ADC1,0,servo_1,A,1.008
1770055181.5019045,ADC1,0,servo_1,A,1.827
1770055181.5528011,ADC1,0,servo_1,A,1.321
1770055181.6034384,THERM,0,motor_temp,C,25.369
1770055181.6542633,ADC1,0,servo_1,A,2.14
1770055181.7049184,ADC1,1,servo_2,A,0.445
1770055181.755494,THERM,0,motor_temp,C,32.026
1770055181.8059018,ADC1,1,servo_2,A,2.462
1770055181.856561,ADC1,1,servo_2,A,0.916
1770055181.9069562,THERM,0,motor_temp,C,46.877
1770055181.9576738,ADC1,1,servo_2,A,2.07
1770055182.0082684,ADC1,0,servo_1,A,1.724
1770055182.0592527,ADC2,0,bus_voltage,V,12.093
1770055182.1099026,ADC2,0,bus_voltage,V,11.365
1770055182.160203,THERM,0,motor_temp,C,49.279
1770055182.211033,ADC1,1,servo_2,A,1.325
1770055182.2618322,ADC1,1,servo_2,A,1.746
1770055182.3140423,ADC1,1,servo_2,A,0.497
1770055182.3652496,ADC2,0,bus_voltage,V,12.343
1770055182.4170077,ADC1,0,servo_1,A,1.576
1770055182.467592,THERM,0,motor_temp,C,41.73
1770055182.5179944,ADC2,0,bus_voltage,V,11.611
1770055182.5687068,ADC1,0,servo_1,A,0.917
1770055182.6194189,ADC2,0,bus_voltage,V,11.402
1770055182.6703832,ADC1,0,servo_1,A,0.349
1770055182.7210312,ADC1,1,servo_2,A,2.249
1770055182.771672,ADC1,0,servo_1,A,2.278
1770055182.8224158,THERM,0,motor_temp,C,54.845
1770055182.8730466,ADC1,1,servo_2,A,0.514
1770055182.9239564,ADC1,0,servo_1,A,0.627
1770055182.9746938,ADC2,0,bus_voltage,V,10.2
1770055183.025368,THERM,0,motor_temp,C,48.973
1770055183.0759156,ADC2,0,bus_voltage,V,10.816
1770055183.126843,THERM,0,motor_temp,C,69.508
1770055183.1774468,ADC2,0,bus_voltage,V,10.708
1770055183.22953,THERM,0,motor_temp,C,60.016
1770055183.2815142,ADC1,1,servo_2,A,0.413
1770055183.3336887,ADC2,0,bus_voltage,V,11.038
1770055183.3851566,ADC2,0,bus_voltage,V,11.814
1770055183.435519,THERM,0,motor_temp,C,61.676
1770055183.4861665,ADC1,0,servo_1,A,1.299
1770055183.5366108,THERM,0,motor_temp,C,47.547
1770055183.5872726,ADC1,0,servo_1,A,2.234
1770055183.6380723,THERM,0,motor_temp,C,61.815
1770055183.6885362,THERM,0,motor_temp,C,32.328
1770055183.7393181,THERM,0,motor_temp,C,28.411
1770055183.7900684,ADC1,1,servo_2,A,0.902
1770055183.8407516,THERM,0,motor_temp,C,30.093
1770055183.8915474,ADC1,0,servo_1,A,2.408
1770055183.9421887,THERM,0,motor_temp,C,68.566
1770055183.9930081,THERM,0,motor_temp,C,30.611
1770055184.0436397,ADC2,0,bus_voltage,V,12.04
1770055184.0941467,THERM,0,motor_temp,C,51.199
1770055184.1449065,ADC2,0,bus_voltage,V,10.809
1770055184.1952682,ADC1,0,servo_1,A,1.999
1770055184.2458372,THERM,0,motor_temp,C,68.702
1770055184.2965243,ADC2,0,bus_voltage,V,11.337
1770055184.3469603,ADC1,0,servo_1,A,0.477
1770055184.3974366,ADC1,0,servo_1,A,1.443
1770055184.4479861,ADC1,1,servo_2,A,0.862
1770055184.4985707,ADC1,1,servo_2,A,0.594
1770055184.549025,ADC1,0,servo_1,A,1.429
1770055184.5996978,THERM,0,motor_temp,C,30.578
1770055184.6499531,ADC1,1,servo_2,A,1.275
1770055184.700549,ADC2,0,bus_voltage,V,12.137
1770055184.7515178,THERM,0,motor_temp,C,47.836
1770055184.8029747,ADC1,0,servo_1,A,2.082
1770055184.8542864,ADC1,0,servo_1,A,0.234
1770055184.904618,THERM,0,motor_temp,C,66.999
1770055184.9551954,ADC1,1,servo_2,A,2.113
1770055185.0226486,ADC1,1,servo_2,A,1.677
1770055185.0888343,ADC1,1,servo_2,A,1.026
1770055185.1395497,ADC1,0,servo_1,A,1.777
1770055185.190971,ADC1,0,servo_1,A,1.727
1770055185.2419617,ADC2,0,bus_voltage,V,10.439
1770055185.294253,ADC1,1,servo_2,A,0.706
1770055185.3548698,ADC2,0,bus_voltage,V,11.854
1770055185.4053342,ADC2,0,bus_voltage,V,11.558
1770055185.4639828,ADC1,0,servo_1,A,0.262
1770055185.515501,ADC1,1,servo_2,A,0.619
1770055185.566192,ADC1,1,servo_2,A,1.91
1770055185.6168325,ADC1,0,servo_1,A,0.666
1770055185.667311,ADC1,0,servo_1,A,1.206
1770055185.7176845,THERM,0,motor_temp,C,63.909
1770055185.7680683,ADC1,0,servo_1,A,0.795
1770055185.8186657,ADC1,1,servo_2,A,2.081
1770055185.8693156,THERM,0,motor_temp,C,67.337
1770055185.919896,ADC2,0,bus_voltage,V,12.111
1770055185.9706817,ADC1,1,servo_2,A,1.161
1770055186.0214894,ADC1,1,servo_2,A,1.515
1770055186.0722435,ADC1,0,servo_1,A,1.983
1770055186.1230688,ADC2,0,bus_voltage,V,11.015
1770055186.1741865,THERM,0,motor_temp,C,34.936
1770055186.2247193,THERM,0,motor_temp,C,67.651
1770055186.2751288,THERM,0,motor_temp,C,27.632
1770055186.325653,ADC1,1,servo_2,A,1.932
1770055186.3761303,ADC2,0,bus_voltage,V,11.981
1770055186.4285214,ADC1,1,servo_2,A,1.82
1770055186.4829743,ADC1,1,servo_2,A,1.611
1770055186.5342655,THERM,0,motor_temp,C,36.749
1770055186.5847347,THERM,0,motor_temp,C,67.198
1770055186.6351242,ADC1,0,servo_1,A,1.227
1770055186.6857018,THERM,0,motor_temp,C,44.304
1770055186.7361076,ADC1,0,servo_1,A,1.821
1770055186.7868502,THERM,0,motor_temp,C,62.574
1770055186.8372595,THERM,0,motor_temp,C,41.0
1770055186.8877633,ADC1,1,servo_2,A,0.522
1770055186.9388936,THERM,0,motor_temp,C,67.68
1770055186.9895217,THERM,0,motor_temp,C,36.46
1770055187.0399904,ADC1,1,servo_2,A,0.92
1770055187.0908723,ADC1,1,servo_2,A,0.514
1770055187.1426482,ADC1,1,servo_2,A,2.417
1770055187.20752,ADC2,0,bus_voltage,V,10.746
1770055187.2581904,ADC2,0,bus_voltage,V,10.344
1770055187.3088412,THERM,0,motor_temp,C,29.022
1770055187.3612287,ADC1,0,servo_1,A,0.768
1770055187.41433,ADC1,0,servo_1,A,1.964
1770055187.4674208,ADC1,1,servo_2,A,2.18
1770055187.518205,ADC1,0,servo_1,A,0.925
1770055187.5708728,ADC1,1,servo_2,A,0.635
1770055187.6238785,ADC2,0,bus_voltage,V,12.583
1770055187.674891,ADC2,0,bus_voltage,V,11.901
1770055187.725798,ADC1,1,servo_2,A,1.732
1770055187.776509,ADC2,0,bus_voltage,V,10.228
1770055187.826883,THERM,0,motor_temp,C,60.557
1770055187.8781898,THERM,0,motor_temp,C,60.043
1770055187.9285347,ADC1,0,servo_1,A,0.258
1770055187.979011,ADC1,1,servo_2,A,0.381
1770055188.0294516,ADC1,1,servo_2,A,0.674
1770055188.0802789,THERM,0,motor_temp,C,26.914
1770055188.131135,ADC2,0,bus_voltage,V,11.476
1770055188.1817253,ADC1,0,servo_1,A,0.581
1770055188.2324555,ADC1,1,servo_2,A,0.493
1770055188.282933,ADC2,0,bus_voltage,V,11.171
1770055188.333922,ADC1,0,servo_1,A,0.384
1770055188.3844194,ADC1,1,servo_2,A,0.914
1770055188.4351187,ADC1,1,servo_2,A,0.88
1770055188.4855764,ADC1,0,servo_1,A,2.392
1770055188.5359714,ADC1,0,servo_1,A,0.26
1770055188.5866485,THERM,0,motor_temp,C,34.522
1770055188.6371586,ADC1,0,servo_1,A,0.572
1770055188.6876404,ADC1,0,servo_1,A,1.153
1770055188.7383504,THERM,0,motor_temp,C,31.214
1770055188.7890577,ADC2,0,bus_voltage,V,11.956
1770055188.8395338,ADC2,0,bus_voltage,V,10.663
1770055188.8901038,ADC1,0,servo_1,A,2.033
1770055188.9407117,ADC2,0,bus_voltage,V,10.11
1770055188.991123,ADC1,1,servo_2,A,1.924
1770055189.0415697,THERM,0,motor_temp,C,64.329
1770055189.0921285,THERM,0,motor_temp,C,32.731
1770055189.1426046,ADC2,0,bus_voltage,V,10.714
1770055189.1933515,ADC1,0,servo_1,A,0.514
1770055189.243854,ADC1,1,servo_2,A,0.231
1770055189.2982519,ADC2,0,bus_voltage,V,11.265
1770055189.3506699,ADC1,1,servo_2,A,1.778
1770055189.4011776,ADC1,0,servo_1,A,0.71
1770055189.451838,THERM,0,motor_temp,C,29.374
1770055189.502673,ADC1,0,servo_1,A,1.328
1770055189.5559692,ADC1,1,servo_2,A,1.615
1770055189.6069899,THERM,0,motor_temp,C,36.558
1770055189.6577115,ADC2,0,bus_voltage,V,11.871
1770055189.7082694,THERM,0,motor_temp,C,29.728
1770055189.7587945,ADC1,1,servo_2,A,1.231
1770055189.8094358,ADC2,0,bus_voltage,V,11.387
1770055189.8597684,ADC2,0,bus_voltage,V,12.369
1770055189.9103093,ADC2,0,bus_voltage,V,10.059
1770055189.960938,THERM,0,motor_temp,C,62.5
1770055190.011729,ADC1,1,servo_2,A,2.008
1770055190.0621483,ADC1,1,servo_2,A,1.575
1770055190.1125796,ADC1,1,servo_2,A,0.95
1770055190.1631947,ADC1,1,servo_2,A,0.869
1770055190.2138877,THERM,0,motor_temp,C,47.697
1770055190.264463,ADC1,1,servo_2,A,1.531
1770055190.314761,ADC1,0,servo_1,A,1.321
1770055190.3654766,ADC1,0,servo_1,A,1.188
1770055190.4158494,THERM,0,motor_temp,C,53.896
1770055190.46677,ADC2,0,bus_voltage,V,12.526
1770055190.517126,THERM,0,motor_temp,C,35.681
1770055190.5678227,ADC2,0,bus_voltage,V,10.517
1770055190.6192248,THERM,0,motor_temp,C,56.172
1770055190.672094,THERM,0,motor_temp,C,34.849
1770055190.725286,ADC1,0,servo_1,A,2.231
1770055190.7757864,THERM,0,motor_temp,C,33.651
1770055190.8263419,THERM,0,motor_temp,C,37.876
1770055190.877,THERM,0,motor_temp,C,37.504
1770055190.9277334,ADC2,0,bus_voltage,V,11.637
1770055190.9781513,ADC2,0,bus_voltage,V,11.888
1770055191.0287201,ADC1,0,servo_1,A,0.429
1770055191.0796032,THERM,0,motor_temp,C,25.809
1770055191.1300347,ADC1,0,servo_1,A,2.476
1770055191.1806161,ADC2,0,bus_voltage,V,11.194
1770055191.2309527,ADC1,0,servo_1,A,1.171
1770055191.2816253,ADC2,0,bus_voltage,V,11.914
1770055191.3325121,THERM,0,motor_temp,C,38.559
1770055191.3835404,ADC2,0,bus_voltage,V,11.848
1770055191.4339762,ADC1,0,servo_1,A,0.866
1770055191.484708,THERM,0,motor_temp,C,69.832
1770055191.5357773,ADC2,0,bus_voltage,V,10.446
1770055191.5904658,ADC1,1,servo_2,A,0.722
1770055191.643568,ADC2,0,bus_voltage,V,11.671
1770055191.6943722,THERM,0,motor_temp,C,57.78
1770055191.7454913,ADC1,1,servo_2,A,1.543
1770055191.7959805,ADC2,0,bus_voltage,V,10.211
1770055191.8464544,THERM,0,motor_temp,C,38.009
1770055191.8969688,THERM,0,motor_temp,C,41.656
1770055191.948287,ADC1,0,servo_1,A,1.09
1770055191.9988031,THERM,0,motor_temp,C,50.682
1770055192.0493371,THERM,0,motor_temp,C,63.983
1770055192.099859,ADC1,0,servo_1,A,1.315
1770055192.150673,ADC2,0,bus_voltage,V,10.814
1770055192.2012572,ADC1,0,servo_1,A,2.292
1770055192.2516434,THERM,0,motor_temp,C,25.684
1770055192.3020968,ADC1,0,servo_1,A,1.204
1770055192.352609,ADC2,0,bus_voltage,V,10.638
1770055192.4031744,ADC1,1,servo_2,A,0.649
1770055192.454131,ADC1,1,servo_2,A,0.711
1770055192.5049028,ADC1,0,servo_1,A,1.832
1770055192.555796,THERM,0,motor_temp,C,52.751
1770055192.6063154,THERM,0,motor_temp,C,38.364
1770055192.6568515,THERM,0,motor_temp,C,51.492
1770055192.7072918,ADC1,0,servo_1,A,1.861
1770055192.7592008,ADC2,0,bus_voltage,V,12.134
1770055192.809828,THERM,0,motor_temp,C,27.674
1770055192.8602588,ADC2,0,bus_voltage,V,10.703
1770055192.9108312,ADC1,0,servo_1,A,2.273
1770055192.9615583,ADC1,0,servo_1,A,0.288
1770055193.0119731,ADC1,1,servo_2,A,0.554
1770055193.0625088,ADC1,0,servo_1,A,0.976
1770055193.1129384,ADC2,0,bus_voltage,V,12.548
1770055193.1634822,ADC1,0,servo_1,A,2.254
1770055193.214064,THERM,0,motor_temp,C,32.655
1770055193.2648165,ADC1,0,servo_1,A,1.212
1770055193.3155942,ADC1,1,servo_2,A,1.373
1770055193.366148,ADC1,1,servo_2,A,1.449
1770055193.4165547,ADC1,0,servo_1,A,1.524
1770055193.4669387,ADC1,1,servo_2,A,0.394
1770055193.5177581,ADC1,0,servo_1,A,1.788
1770055193.5684152,THERM,0,motor_temp,C,52.683
1770055193.6190395,ADC1,1,servo_2,A,0.403
1770055193.6699622,THERM,0,motor_temp,C,42.366
1770055193.7204554,ADC1,1,servo_2,A,1.766
1770055193.774109,THERM,0,motor_temp,C,48.436
1770055193.8248925,THERM,0,motor_temp,C,35.266
1770055193.8754306,ADC2,0,bus_voltage,V,11.557
1770055193.9265854,ADC1,1,servo_2,A,0.663
1770055193.9782205,ADC1,1,servo_2,A,1.315
1770055194.0288668,ADC1,1,servo_2,A,0.639
1770055194.0792942,ADC2,0,bus_voltage,V,11.519
1770055194.1304085,ADC1,1,servo_2,A,1.367
1770055194.1810355,THERM,0,motor_temp,C,35.968
1770055194.231421,ADC2,0,bus_voltage,V,10.167
1770055194.282038,ADC1,1,servo_2,A,0.837
1770055194.3327315,THERM,0,motor_temp,C,27.59
1770055194.3832936,THERM,0,motor_temp,C,49.078
1770055194.4338186,THERM,0,motor_temp,C,67.661
1770055194.4844995,ADC2,0,bus_voltage,V,12.538
1770055194.534915,ADC1,1,servo_2,A,1.643
1770055194.5856934,ADC2,0,bus_voltage,V,10.231
1770055194.6364522,ADC1,0,servo_1,A,0.875
1770055194.687632,ADC1,0,servo_1,A,0.313
1770055194.7383955,THERM,0,motor_temp,C,37.135
1770055194.789037,ADC2,0,bus_voltage,V,11.429
1770055194.8398461,THERM,0,motor_temp,C,40.598
1770055194.8906693,ADC1,1,servo_2,A,2.182
1770055194.9423416,ADC1,1,servo_2,A,2.089
1770055194.9932656,ADC2,0,bus_voltage,V,10.699
1770055195.04412,ADC1,0,servo_1,A,2.376
1770055195.0946422,THERM,0,motor_temp,C,58.848
1770055195.1454268,ADC1,0,servo_1,A,0.33
1770055195.1961346,THERM,0,motor_temp,C,52.847
1770055195.2468908,THERM,0,motor_temp,C,44.381
1770055195.2974901,ADC2,0,bus_voltage,V,10.86
1770055195.34778,ADC1,0,servo_1,A,0.784
1770055195.3983123,ADC2,0,bus_voltage,V,12.288
1770055195.4489548,ADC1,0,servo_1,A,0.264
1770055195.4994578,ADC2,0,bus_voltage,V,10.614
1770055195.5498831,ADC1,0,servo_1,A,0.202
1770055195.6004837,THERM,0,motor_temp,C,36.506
1770055195.6508079,ADC1,1,servo_2,A,2.228
1770055195.7015064,THERM,0,motor_temp,C,30.247
1770055195.752117,ADC2,0,bus_voltage,V,11.301
1770055195.8027346,ADC1,1,servo_2,A,1.558
1770055195.8533802,ADC2,0,bus_voltage,V,11.688
1770055195.9037566,ADC1,0,servo_1,A,2.253
1770055195.95474,ADC1,1,servo_2,A,2.13
1770055196.0056865,ADC2,0,bus_voltage,V,10.338
1770055196.0565133,ADC2,0,bus_voltage,V,11.878
1770055196.1071455,THERM,0,motor_temp,C,65.074
1770055196.1577728,ADC1,1,servo_2,A,1.541
1770055196.2080991,THERM,0,motor_temp,C,42.383
1770055196.2585208,ADC1,0,servo_1,A,2.094
1770055196.3088872,THERM,0,motor_temp,C,51.99
1770055196.3594673,ADC2,0,bus_voltage,V,10.929
1770055196.4100041,ADC2,0,bus_voltage,V,10.286
1770055196.4604406,ADC1,1,servo_2,A,0.567
1770055196.5107615,ADC2,0,bus_voltage,V,12.051
1770055196.5613067,ADC1,1,servo_2,A,0.391
1770055196.611744,ADC2,0,bus_voltage,V,10.347
1770055196.662253,THERM,0,motor_temp,C,47.417
1770055196.7127297,ADC1,0,servo_1,A,1.684
1770055196.7634294,THERM,0,motor_temp,C,64.065
1770055196.8142295,ADC2,0,bus_voltage,V,12.01
1770055196.8648503,ADC1,0,servo_1,A,2.482
1770055196.9163222,ADC1,1,servo_2,A,0.312
1770055196.9679708,ADC1,1,servo_2,A,1.785
1770055197.0212183,ADC1,0,servo_1,A,0.321
1770055197.071859,THERM,0,motor_temp,C,32.266
1770055197.1236289,ADC1,0,servo_1,A,1.14
1770055197.173892,THERM,0,motor_temp,C,47.659
1770055197.2242372,ADC2,0,bus_voltage,V,11.875
1770055197.2746184,ADC2,0,bus_voltage,V,10.436
1770055197.3252835,ADC2,0,bus_voltage,V,11.549
1770055197.375905,ADC1,0,servo_1,A,1.2
1770055197.4266987,ADC1,0,servo_1,A,0.585
1770055197.477371,THERM,0,motor_temp,C,65.382
1770055197.527876,THERM,0,motor_temp,C,28.542
1770055197.5786748,ADC2,0,bus_voltage,V,12.555
1770055197.6296694,ADC1,0,servo_1,A,0.768
1770055197.6803377,ADC1,1,servo_2,A,0.655
1770055197.7313857,ADC1,1,servo_2,A,2.188
1770055197.7819462,ADC1,1,servo_2,A,2.408
1770055197.832566,THERM,0,motor_temp,C,39.062
1770055197.8831668,ADC2,0,bus_voltage,V,11.131
1770055197.9342213,ADC2,0,bus_voltage,V,10.586
1770055197.9850435,ADC1,1,servo_2,A,1.092
1770055198.0359726,THERM,0,motor_temp,C,47.399
1770055198.0864375,ADC2,0,bus_voltage,V,11.112
1770055198.1368315,THERM,0,motor_temp,C,42.844
1770055198.187419,ADC2,0,bus_voltage,V,11.565
1770055198.2382624,ADC2,0,bus_voltage,V,12.06
1770055198.2888327,THERM,0,motor_temp,C,41.294
1770055198.3395867,THERM,0,motor_temp,C,69.352
1770055198.3899965,ADC1,0,servo_1,A,1.503
1770055198.4404552,ADC1,0,servo_1,A,2.431
1770055198.490958,ADC1,0,servo_1,A,1.795
1770055198.5416028,THERM,0,motor_temp,C,62.291
1770055198.5920632,ADC2,0,bus_voltage,V,12.006
1770055198.6426904,ADC1,0,servo_1,A,2.474
1770055198.6932707,ADC1,1,servo_2,A,2.32
1770055198.743925,ADC1,0,servo_1,A,1.957
1770055198.7944822,THERM,0,motor_temp,C,55.955
1770055198.8452644,ADC2,0,bus_voltage,V,11.25
1770055198.8961043,ADC1,0,servo_1,A,0.313
1770055198.9472277,ADC2,0,bus_voltage,V,12.153
1770055198.9987125,ADC1,0,servo_1,A,2.002
1770055199.0495622,ADC2,0,bus_voltage,V,11.079
1770055199.1007378,ADC1,0,servo_1,A,1.532
1770055199.151322,THERM,0,motor_temp,C,59.137
1770055199.2019246,THERM,0,motor_temp,C,28.364
1770055199.2526016,ADC1,0,servo_1,A,1.423
1770055199.3033667,ADC2,0,bus_voltage,V,10.524
1770055199.3538141,ADC1,0,servo_1,A,0.628
1770055199.4043236,ADC2,0,bus_voltage,V,10.02
1770055199.4549572,ADC1,0,servo_1,A,2.433
1770055199.5055704,ADC1,1,servo_2,A,0.838
1770055199.5562947,ADC2,0,bus_voltage,V,12.498
1770055199.6069546,ADC2,0,bus_voltage,V,11.551
1770055199.6576672,ADC1,1,servo_2,A,1.463
1770055199.7081397,ADC1,1,servo_2,A,1.835
1770055199.7589467,ADC2,0,bus_voltage,V,12.353
1770055199.8097253,ADC1,1,servo_2,A,2.039
1770055199.865566,ADC1,0,servo_1,A,2.461
1770055199.916853,THERM,0,motor_temp,C,56.091
1770055199.9676714,THERM,0,motor_temp,C,51.956
1770055200.0190759,ADC1,0,servo_1,A,0.362
1770055200.0723684,THERM,0,motor_temp,C,34.504
1770055200.1272137,ADC2,0,bus_voltage,V,10.801
1770055200.1782122,ADC1,1,servo_2,A,2.021
1770055200.2294016,ADC2,0,bus_voltage,V,10.038
1770055200.2802632,THERM,0,motor_temp,C,64.805
1770055200.3307917,THERM,0,motor_temp,C,53.998
1770055200.3817353,ADC1,1,servo_2,A,2.006
1770055200.4325094,THERM,0,motor_temp,C,37.365
1770055200.4829805,ADC1,1,servo_2,A,1.047
1770055200.533338,ADC2,0,bus_voltage,V,11.02
1770055200.5840814,ADC1,0,servo_1,A,2.134
1770055200.6345048,ADC2,0,bus_voltage,V,12.291
1770055200.6849406,ADC2,0,bus_voltage,V,10.304
1770055200.7358665,ADC1,0,servo_1,A,1.605
1770055200.78663,ADC1,0,servo_1,A,2.118
1770055200.8370132,ADC1,1,servo_2,A,0.618
1770055200.8875427,ADC1,0,servo_1,A,1.07
1770055200.9381459,ADC1,0,servo_1,A,0.515
1770055200.9887207,ADC2,0,bus_voltage,V,11.426
1770055201.039396,ADC2,0,bus_voltage,V,11.61
1770055201.0921252,ADC1,0,servo_1,A,2.124
1770055201.1427789,THERM,0,motor_temp,C,32.876
1770055201.1978474,THERM,0,motor_temp,C,43.175
1770055201.2485511,ADC2,0,bus_voltage,V,11.77
1770055201.2993996,ADC1,0,servo_1,A,0.759
1770055201.3502858,ADC2,0,bus_voltage,V,11.908
1770055201.4006479,ADC1,1,servo_2,A,0.474
1770055201.4512007,ADC1,0,servo_1,A,2.368
1770055201.5018144,THERM,0,motor_temp,C,38.896
1770055201.5525286,ADC2,0,bus_voltage,V,11.901
1770055201.6031506,ADC2,0,bus_voltage,V,11.127
1770055201.6536283,ADC2,0,bus_voltage,V,10.298
1770055201.7043898,ADC1,0,servo_1,A,2.199
1770055201.7547877,ADC1,0,servo_1,A,2.225
1770055201.805569,ADC1,1,servo_2,A,1.075
1770055201.857218,ADC2,0,bus_voltage,V,11.433
1770055201.907766,THERM,0,motor_temp,C,66.227
1770055201.9582539,ADC1,0,servo_1,A,0.649
1770055202.0096576,ADC1,1,servo_2,A,0.778
1770055202.0605648,ADC2,0,bus_voltage,V,12.186
1770055202.1122577,ADC2,0,bus_voltage,V,10.8
1770055202.1632435,THERM,0,motor_temp,C,29.086
1770055202.213867,ADC1,1,servo_2,A,0.617
1770055202.2649875,THERM,0,motor_temp,C,59.963
1770055202.3340306,ADC1,1,servo_2,A,1.685
1770055202.3848407,ADC1,1,servo_2,A,2.07
1770055202.4354193,ADC2,0,bus_voltage,V,10.045
1770055202.4859774,ADC1,1,servo_2,A,2.387
1770055202.5365663,THERM,0,motor_temp,C,54.302
1770055202.5872784,ADC1,1,servo_2,A,0.795
1770055202.6379955,ADC2,0,bus_voltage,V,10.617
1770055202.6888034,ADC1,1,servo_2,A,2.38
1770055202.7391775,THERM,0,motor_temp,C,68.071
1770055202.7897966,ADC2,0,bus_voltage,V,12.177
1770055202.840298,ADC1,0,servo_1,A,2.346
1770055202.890837,THERM,0,motor_temp,C,31.487
1770055202.9415636,ADC2,0,bus_voltage,V,12.179
1770055202.9921927,THERM,0,motor_temp,C,32.506
1770055203.043033,ADC2,0,bus_voltage,V,12.434
1770055203.0938501,ADC1,0,servo_1,A,0.945
1770055203.1442914,ADC2,0,bus_voltage,V,10.458
1770055203.194894,ADC1,1,servo_2,A,1.442
1770055203.2456582,ADC2,0,bus_voltage,V,10.808
1770055203.2970881,ADC1,0,servo_1,A,1.991
1770055203.348308,THERM,0,motor_temp,C,55.07
1770055203.398693,ADC1,1,servo_2,A,0.626
1770055203.4492075,ADC2,0,bus_voltage,V,12.449
1770055203.4997377,ADC2,0,bus_voltage,V,11.324
1770055203.5505192,ADC1,1,servo_2,A,1.556
1770055203.6012456,THERM,0,motor_temp,C,58.788
1770055203.652011,THERM,0,motor_temp,C,46.991
1770055203.702716,ADC2,0,bus_voltage,V,11.149
1770055203.7531996,THERM,0,motor_temp,C,31.272
1770055203.8036053,THERM,0,motor_temp,C,50.496
1770055203.8538988,THERM,0,motor_temp,C,51.966
1770055203.9046261,ADC1,1,servo_2,A,1.616
1770055203.9554656,ADC2,0,bus_voltage,V,12.496
1770055204.0063903,ADC1,1,servo_2,A,1.024
1770055204.0572767,ADC2,0,bus_voltage,V,10.646
1770055204.1077754,THERM,0,motor_temp,C,38.725
1770055204.1582215,ADC1,1,servo_2,A,2.4
1770055204.2169898,ADC1,1,servo_2,A,0.908
1770055204.2685843,THERM,0,motor_temp,C,69.012
1770055204.319636,ADC1,1,servo_2,A,1.485
1770055204.3707118,ADC2,0,bus_voltage,V,10.936
1770055204.421403,ADC1,1,servo_2,A,0.479
1770055204.4719105,ADC1,0,servo_1,A,1.058
1770055204.5223026,THERM,0,motor_temp,C,54.807
1770055204.5732236,ADC2,0,bus_voltage,V,10.005
1770055204.6236553,ADC1,0,servo_1,A,0.647
1770055204.6740944,ADC1,0,servo_1,A,0.68
1770055204.724684,ADC1,1,servo_2,A,0.938
1770055204.7751658,THERM,0,motor_temp,C,66.324
1770055204.8258567,THERM,0,motor_temp,C,44.234
1770055204.8765466,ADC1,0,servo_1,A,1.375
1770055204.9274194,ADC2,0,bus_voltage,V,11.491
1770055204.978815,THERM,0,motor_temp,C,60.083
1770055205.0293176,ADC2,0,bus_voltage,V,12.257
1770055205.0799344,THERM,0,motor_temp,C,62.4
1770055205.130388,ADC1,1,servo_2,A,2.496
1770055205.1812491,ADC1,1,servo_2,A,2.204
1770055205.2316694,ADC1,1,servo_2,A,0.41
1770055205.2822363,ADC2,0,bus_voltage,V,11.087
1770055205.3327754,ADC2,0,bus_voltage,V,12.227
1770055205.384002,ADC1,1,servo_2,A,1.424
1770055205.4348695,ADC1,0,servo_1,A,0.666
1770055205.4851878,ADC1,1,servo_2,A,2.279
1770055205.5356765,ADC2,0,bus_voltage,V,10.776
1770055205.5865204,THERM,0,motor_temp,C,43.179
1770055205.6371458,ADC1,1,servo_2,A,1.246
1770055205.6875918,ADC2,0,bus_voltage,V,11.515
1770055205.7383506,ADC2,0,bus_voltage,V,12.543
1770055205.7888172,ADC1,1,servo_2,A,0.541
1770055205.8391657,ADC1,1,servo_2,A,0.324
1770055205.8897588,THERM,0,motor_temp,C,45.991
1770055205.9404626,ADC2,0,bus_voltage,V,11.404
1770055205.991096,THERM,0,motor_temp,C,62.066
1770055206.0423255,THERM,0,motor_temp,C,45.106
1770055206.0928435,THERM,0,motor_temp,C,39.005
1770055206.1436086,ADC1,0,servo_1,A,0.58
1770055206.1944454,ADC2,0,bus_voltage,V,11.27
1770055206.24516,THERM,0,motor_temp,C,54.728
1770055206.2960918,ADC1,0,servo_1,A,1.267
1770055206.3480878,ADC1,0,servo_1,A,2.411
1770055206.3990097,ADC1,1,servo_2,A,0.748
1770055206.4498458,ADC1,0,servo_1,A,1.918
1770055206.5002437,ADC1,1,servo_2,A,2.257
1770055206.551123,ADC1,1,servo_2,A,0.449
1770055206.6019316,ADC1,1,servo_2,A,2.263
1770055206.6526203,ADC1,1,servo_2,A,1.043
1770055206.7035096,ADC2,0,bus_voltage,V,10.648
1770055206.7540762,THERM,0,motor_temp,C,40.822
1770055206.8047009,ADC2,0,bus_voltage,V,10.668
1770055206.8555498,ADC2,0,bus_voltage,V,12.122
1770055206.906259,THERM,0,motor_temp,C,64.016
1770055206.9571261,ADC1,1,servo_2,A,2.323
1770055207.007706,THERM,0,motor_temp,C,30.848
1770055207.0586417,ADC2,0,bus_voltage,V,12.262
1770055207.1093297,ADC1,0,servo_1,A,0.888
1770055207.160063,ADC1,0,servo_1,A,0.387
1770055207.210634,ADC1,0,servo_1,A,1.145
1770055207.2611446,ADC1,1,servo_2,A,0.826
1770055207.3133821,ADC1,1,servo_2,A,0.861
1770055207.3668962,ADC1,1,servo_2,A,1.185
1770055207.4180284,ADC1,1,servo_2,A,2.15
1770055207.469113,ADC1,1,servo_2,A,1.033
1770055207.519478,ADC2,0,bus_voltage,V,11.273
1770055207.570159,ADC1,1,servo_2,A,0.416
1770055207.6206603,THERM,0,motor_temp,C,58.928
1770055207.671285,THERM,0,motor_temp,C,38.164
1770055207.72201,ADC1,1,servo_2,A,0.923
1770055207.7726595,THERM,0,motor_temp,C,28.781
1770055207.823341,ADC2,0,bus_voltage,V,10.05
1770055207.873943,ADC1,0,servo_1,A,0.636
1770055207.9247804,ADC1,0,servo_1,A,0.419
1770055207.9753306,THERM,0,motor_temp,C,37.838
1770055208.026163,THERM,0,motor_temp,C,49.893
1770055208.0770388,ADC1,1,servo_2,A,1.13
1770055208.127947,ADC2,0,bus_voltage,V,11.544
1770055208.180398,ADC2,0,bus_voltage,V,12.12
1770055208.2317646,ADC2,0,bus_voltage,V,12.533
1770055208.2831376,ADC1,1,servo_2,A,0.566
1770055208.3337698,ADC1,1,servo_2,A,0.331
1770055208.3866026,ADC1,0,servo_1,A,0.247
1770055208.4380224,ADC2,0,bus_voltage,V,12.0
1770055208.489098,ADC1,1,servo_2,A,0.875
1770055208.5395544,ADC2,0,bus_voltage,V,11.896
1770055208.589976,ADC1,1,servo_2,A,0.223
1770055208.6405995,ADC1,1,servo_2,A,1.827
1770055208.6908934,THERM,0,motor_temp,C,48.226
1770055208.7412386,THERM,0,motor_temp,C,59.802
1770055208.7916842,ADC1,1,servo_2,A,0.476
1770055208.8438685,THERM,0,motor_temp,C,69.426
1770055208.8945184,ADC1,0,servo_1,A,2.147
1770055208.9452512,ADC1,1,servo_2,A,1.061
1770055208.9958649,ADC2,0,bus_voltage,V,12.389
1770055209.0465865,ADC1,0,servo_1,A,1.777
1770055209.0973313,ADC1,0,servo_1,A,0.559
1770055209.1481984,ADC2,0,bus_voltage,V,11.198
1770055209.1986363,ADC1,0,servo_1,A,1.046
1770055209.2490838,ADC1,0,servo_1,A,1.04
1770055209.2996888,ADC2,0,bus_voltage,V,10.457
1770055209.3501017,ADC1,1,servo_2,A,2.08
1770055209.400934,ADC1,1,servo_2,A,1.193
1770055209.4532378,ADC2,0,bus_voltage,V,11.509
1770055209.5041864,ADC1,1,servo_2,A,2.105
1770055209.5548437,ADC1,0,servo_1,A,1.745
1770055209.605776,ADC1,1,servo_2,A,2.454
1770055209.656195,THERM,0,motor_temp,C,63.867
1770055209.7067637,THERM,0,motor_temp,C,52.12
1770055209.7572453,ADC1,0,servo_1,A,1.443
1770055209.8076391,THERM,0,motor_temp,C,63.785
1770055209.8581517,THERM,0,motor_temp,C,65.701
1770055209.9086945,ADC2,0,bus_voltage,V,11.753
1770055209.9591277,ADC1,0,servo_1,A,1.324
1770055210.0096529,ADC2,0,bus_voltage,V,11.911
1770055210.0602617,THERM,0,motor_temp,C,51.864
1770055210.111064,ADC2,0,bus_voltage,V,11.981
1770055210.161669,ADC1,1,servo_2,A,0.666
1770055210.2136004,ADC1,1,servo_2,A,0.837
1770055210.2647223,ADC1,1,servo_2,A,1.971
1770055210.315008,ADC1,1,servo_2,A,1.689
1770055210.3658597,ADC2,0,bus_voltage,V,10.767
1770055210.4162521,ADC1,1,servo_2,A,1.161
1770055210.4703474,THERM,0,motor_temp,C,35.621
1770055210.5206835,ADC1,0,servo_1,A,1.929
1770055210.5710862,THERM,0,motor_temp,C,67.57
1770055210.6217635,ADC1,1,servo_2,A,1.964
1770055210.6721628,ADC2,0,bus_voltage,V,12.277
1770055210.7229373,THERM,0,motor_temp,C,62.279
1770055210.7739382,THERM,0,motor_temp,C,32.562
1770055210.824636,ADC2,0,bus_voltage,V,12.553
1770055210.875354,THERM,0,motor_temp,C,61.433
1770055210.9260802,ADC2,0,bus_voltage,V,11.689
1770055210.9767678,ADC1,1,servo_2,A,2.467
1770055211.027131,ADC2,0,bus_voltage,V,10.347
1770055211.0776966,ADC2,0,bus_voltage,V,11.673
1770055211.1294475,ADC1,1,servo_2,A,0.596
1770055211.1803634,ADC2,0,bus_voltage,V,10.263
1770055211.231751,ADC2,0,bus_voltage,V,11.871
1770055211.2822409,ADC1,1,servo_2,A,1.887
1770055211.3329666,THERM,0,motor_temp,C,55.675
1770055211.3834188,ADC1,1,servo_2,A,2.11
1770055211.4341667,THERM,0,motor_temp,C,27.789
1770055211.4858716,ADC2,0,bus_voltage,V,12.21
1770055211.5378532,ADC1,1,servo_2,A,1.511
1770055211.5896022,ADC1,0,servo_1,A,1.465
1770055211.640012,ADC2,0,bus_voltage,V,11.539
1770055211.691115,ADC1,1,servo_2,A,1.654
1770055211.7417789,ADC1,1,servo_2,A,2.286
1770055211.7924702,ADC2,0,bus_voltage,V,10.426
1770055211.8432758,ADC2,0,bus_voltage,V,12.348
1770055211.8936036,ADC1,0,servo_1,A,0.674
1770055211.9440646,THERM,0,motor_temp,C,61.552
1770055211.99465,ADC1,1,servo_2,A,1.866
1770055212.045009,ADC1,0,servo_1,A,2.389
1770055212.0958605,THERM,0,motor_temp,C,59.668
1770055212.1464355,ADC1,1,servo_2,A,2.07
1770055212.1972513,ADC2,0,bus_voltage,V,11.637
1770055212.2481883,ADC2,0,bus_voltage,V,10.932
1770055212.2993176,ADC1,1,servo_2,A,2.308
1770055212.3506255,ADC1,0,servo_1,A,0.804
1770055212.4032254,ADC1,1,servo_2,A,0.236
1770055212.4563243,ADC1,0,servo_1,A,1.916
1770055212.506651,ADC1,0,servo_1,A,1.996
1770055212.5575607,ADC1,1,servo_2,A,0.662
1770055212.6084812,THERM,0,motor_temp,C,55.224
1770055212.6591437,ADC1,0,servo_1,A,2.361
1770055212.7095878,ADC1,0,servo_1,A,1.467
1770055212.760166,ADC1,1,servo_2,A,1.697
1770055212.8107607,ADC1,1,servo_2,A,0.563
1770055212.8614323,THERM,0,motor_temp,C,56.086
1770055212.912114,ADC1,0,servo_1,A,1.84
1770055212.9629476,THERM,0,motor_temp,C,52.444
1770055213.0136914,ADC1,0,servo_1,A,2.342
1770055213.0641537,ADC1,0,servo_1,A,1.188
1770055213.11495,ADC2,0,bus_voltage,V,12.307
1770055213.165563,THERM,0,motor_temp,C,53.56
1770055213.2159598,ADC2,0,bus_voltage,V,10.202
1770055213.2667825,ADC2,0,bus_voltage,V,12.477
1770055213.3172388,ADC1,0,servo_1,A,0.859
1770055213.3677585,THERM,0,motor_temp,C,67.436
1770055213.418251,ADC1,1,servo_2,A,1.096
1770055213.4690402,ADC1,0,servo_1,A,1.969
1770055213.5196602,ADC1,0,servo_1,A,1.875
1770055213.5712166,ADC2,0,bus_voltage,V,11.025
1770055213.6238945,ADC1,1,servo_2,A,2.402
1770055213.6745956,ADC2,0,bus_voltage,V,11.227
1770055213.7252183,ADC1,0,servo_1,A,2.14
1770055213.7759156,ADC2,0,bus_voltage,V,10.562
1770055213.8277407,ADC1,1,servo_2,A,0.241
1770055213.8784242,ADC1,1,servo_2,A,1.349
1770055213.9288077,ADC1,1,servo_2,A,1.302
1770055213.9799347,ADC1,1,servo_2,A,0.962
1770055214.0303617,ADC2,0,bus_voltage,V,11.555
1770055214.0809128,ADC1,0,servo_1,A,1.655
1770055214.131447,ADC1,0,servo_1,A,1.66
1770055214.1817787,ADC1,1,servo_2,A,1.311
1770055214.2326238,ADC1,0,servo_1,A,1.994
1770055214.28359,ADC1,1,servo_2,A,1.144
1770055214.334239,ADC1,1,servo_2,A,0.816
1770055214.3848274,THERM,0,motor_temp,C,68.397
1770055214.435466,ADC1,0,servo_1,A,1.643
1770055214.4860137,ADC1,1,servo_2,A,1.327
1770055214.53643,ADC1,1,servo_2,A,0.352
1770055214.5891702,ADC1,1,servo_2,A,2.207
1770055214.6396601,ADC1,1,servo_2,A,1.281
1770055214.6903505,THERM,0,motor_temp,C,58.929
1770055214.7412882,ADC1,1,servo_2,A,1.387
1770055214.7919188,ADC1,0,servo_1,A,1.872
1770055214.8427382,ADC1,1,servo_2,A,1.362
1770055214.8934276,ADC1,1,servo_2,A,0.324
1770055214.9439373,ADC1,1,servo_2,A,0.449
1770055214.9946613,ADC1,1,servo_2,A,1.176
1770055215.045534,ADC1,1,servo_2,A,0.556
1770055215.0963638,ADC1,1,servo_2,A,1.232
1770055215.1466713,ADC1,1,servo_2,A,2.214
1770055215.197185,THERM,0,motor_temp,C,48.164
1770055215.2478743,ADC1,1,servo_2,A,2.168
1770055215.298776,ADC2,0,bus_voltage,V,12.304
1770055215.349395,ADC1,1,servo_2,A,0.819
1770055215.4001353,THERM,0,motor_temp,C,39.848
1770055215.4507432,ADC2,0,bus_voltage,V,11.959
1770055215.5011501,ADC2,0,bus_voltage,V,12.487
1770055215.5515404,ADC1,0,servo_1,A,1.977
1770055215.6018858,THERM,0,motor_temp,C,48.201
1770055215.6557732,ADC2,0,bus_voltage,V,12.369
1770055215.7063322,THERM,0,motor_temp,C,43.228
1770055215.756723,THERM,0,motor_temp,C,68.463
1770055215.8072846,ADC2,0,bus_voltage,V,10.355
1770055215.8578362,ADC1,1,servo_2,A,0.772
1770055215.9083047,ADC1,0,servo_1,A,1.924
1770055215.9590077,ADC1,0,servo_1,A,2.206
1770055216.0097563,THERM,0,motor_temp,C,34.627
1770055216.060427,ADC1,0,servo_1,A,2.265
1770055216.1108725,ADC2,0,bus_voltage,V,11.39
1770055216.1613722,THERM,0,motor_temp,C,34.926
1770055216.211783,ADC1,1,servo_2,A,1.476
1770055216.262632,ADC1,0,servo_1,A,0.65
1770055216.3133073,ADC1,1,servo_2,A,1.581
1770055216.3638341,ADC2,0,bus_voltage,V,10.706
1770055216.4145713,ADC1,1,servo_2,A,0.479
1770055216.4663546,ADC2,0,bus_voltage,V,12.573
1770055216.5173285,THERM,0,motor_temp,C,44.326
1770055216.5681674,THERM,0,motor_temp,C,43.113
1770055216.6185486,ADC2,0,bus_voltage,V,11.169
1770055216.6690226,ADC1,0,servo_1,A,2.034
1770055216.7203102,ADC1,0,servo_1,A,1.377
1770055216.770624,ADC1,1,servo_2,A,0.762
1770055216.821014,ADC1,1,servo_2,A,1.01
1770055216.8716135,THERM,0,motor_temp,C,40.604
1770055216.921876,ADC2,0,bus_voltage,V,11.056
1770055216.9722893,THERM,0,motor_temp,C,56.23
1770055217.0229807,ADC1,0,servo_1,A,1.034
1770055217.0738497,ADC2,0,bus_voltage,V,11.104
1770055217.1244557,ADC2,0,bus_voltage,V,11.815
1770055217.1750214,ADC1,1,servo_2,A,2.115
1770055217.2255316,THERM,0,motor_temp,C,52.41
1770055217.2760527,ADC2,0,bus_voltage,V,10.915
1770055217.3266227,ADC2,0,bus_voltage,V,12.386
1770055217.3771875,THERM,0,motor_temp,C,38.379
1770055217.427781,ADC1,0,servo_1,A,2.196
1770055217.479627,ADC1,0,servo_1,A,0.375
1770055217.5305984,ADC1,0,servo_1,A,0.902
1770055217.580913,ADC2,0,bus_voltage,V,12.171
1770055217.6337125,ADC2,0,bus_voltage,V,10.647
1770055217.6846108,ADC2,0,bus_voltage,V,11.07
1770055217.7355247,THERM,0,motor_temp,C,36.818
1770055217.7865677,ADC1,0,servo_1,A,0.718
1770055217.8370183,ADC1,1,servo_2,A,1.847
1770055217.8908699,ADC1,0,servo_1,A,1.398
1770055217.941599,ADC2,0,bus_voltage,V,10.255
1770055217.9919672,ADC1,1,servo_2,A,1.966
1770055218.042502,ADC1,1,servo_2,A,0.805
1770055218.0931785,THERM,0,motor_temp,C,28.211
1770055218.1440127,ADC1,1,servo_2,A,0.205
1770055218.1945024,ADC1,0,servo_1,A,0.444
1770055218.2452247,ADC1,0,servo_1,A,0.831
1770055218.2957911,THERM,0,motor_temp,C,58.146
1770055218.3466473,ADC1,0,servo_1,A,2.37
1770055218.3975394,ADC2,0,bus_voltage,V,11.528
1770055218.4482586,ADC1,1,servo_2,A,1.615
1770055218.500064,THERM,0,motor_temp,C,30.955
1770055218.5535293,ADC1,1,servo_2,A,2.441
1770055218.606564,ADC1,0,servo_1,A,2.128
1770055218.658493,ADC2,0,bus_voltage,V,12.547
1770055218.7116091,ADC1,1,servo_2,A,2.101
1770055218.7630248,THERM,0,motor_temp,C,47.433
1770055218.8154585,ADC2,0,bus_voltage,V,11.364
1770055218.8660636,ADC1,0,servo_1,A,1.825
1770055218.9168031,ADC1,1,servo_2,A,0.309
1770055218.9674504,ADC1,1,servo_2,A,1.196
1770055219.018128,ADC1,0,servo_1,A,1.328
1770055219.0687335,THERM,0,motor_temp,C,57.841
1770055219.1190827,ADC2,0,bus_voltage,V,10.156
1770055219.16946,ADC1,1,servo_2,A,2.428
1770055219.2199662,ADC2,0,bus_voltage,V,11.953
1770055219.2705824,ADC1,0,servo_1,A,0.534
1770055219.3216853,ADC2,0,bus_voltage,V,10.723
1770055219.372391,ADC1,0,servo_1,A,0.376
1770055219.422796,ADC2,0,bus_voltage,V,11.58
1770055219.4733627,ADC1,1,servo_2,A,1.822
1770055219.5238595,THERM,0,motor_temp,C,33.682
1770055219.5744526,ADC1,0,servo_1,A,0.217
1770055219.6252933,THERM,0,motor_temp,C,60.993
1770055219.675939,ADC2,0,bus_voltage,V,10.23
1770055219.7266753,THERM,0,motor_temp,C,53.963
1770055219.7772543,ADC1,0,servo_1,A,2.094
1770055219.8278344,ADC1,0,servo_1,A,1.57
1770055219.878312,THERM,0,motor_temp,C,66.308
1770055219.9310164,ADC2,0,bus_voltage,V,10.609
1770055219.9819472,THERM,0,motor_temp,C,27.663
1770055220.0325656,ADC1,1,servo_2,A,0.435
1770055220.083203,ADC1,1,servo_2,A,1.636
1770055220.133792,ADC1,0,servo_1,A,2.478
1770055220.184388,ADC1,1,servo_2,A,2.054
1770055220.235148,ADC1,1,servo_2,A,0.488
1770055220.2857091,ADC1,1,servo_2,A,0.844
1770055220.3363812,ADC1,1,servo_2,A,0.9
1770055220.3869643,THERM,0,motor_temp,C,55.012
1770055220.4377053,THERM,0,motor_temp,C,61.324
1770055220.4881735,THERM,0,motor_temp,C,54.973
1770055220.538669,ADC1,0,servo_1,A,1.294
1770055220.5893273,ADC1,1,servo_2,A,1.301
1770055220.6399925,ADC1,0,servo_1,A,0.244
1770055220.6908014,ADC1,1,servo_2,A,2.049
1770055220.7413514,ADC1,0,servo_1,A,0.812
1770055220.794847,ADC2,0,bus_voltage,V,10.064
1770055220.8481226,ADC2,0,bus_voltage,V,10.262
1770055220.8987958,THERM,0,motor_temp,C,48.177
1770055220.9494658,ADC2,0,bus_voltage,V,12.089
1770055220.9999437,ADC2,0,bus_voltage,V,12.52
1770055221.0505762,ADC1,1,servo_2,A,1.023
1770055221.1013193,ADC1,0,servo_1,A,2.359
1770055221.1519814,ADC2,0,bus_voltage,V,10.536
1770055221.202761,ADC2,0,bus_voltage,V,10.959
1770055221.2531388,THERM,0,motor_temp,C,46.274
1770055221.3036723,THERM,0,motor_temp,C,50.382
1770055221.3545892,ADC1,1,servo_2,A,1.969
1770055221.4052188,THERM,0,motor_temp,C,46.933
1770055221.4555857,ADC1,1,servo_2,A,0.64
1770055221.50634,THERM,0,motor_temp,C,42.368
1770055221.5570376,ADC1,1,servo_2,A,1.577
1770055221.6078818,ADC2,0,bus_voltage,V,11.459
1770055221.6584282,ADC1,0,servo_1,A,0.948
1770055221.7091887,ADC1,1,servo_2,A,0.445
1770055221.7598786,ADC1,1,servo_2,A,1.302
1770055221.8104162,THERM,0,motor_temp,C,31.193
1770055221.8607907,ADC1,1,servo_2,A,2.213
1770055221.9116657,ADC1,0,servo_1,A,0.419
1770055221.9622767,THERM,0,motor_temp,C,28.147
1770055222.0134866,THERM,0,motor_temp,C,40.804
1770055222.064238,THERM,0,motor_temp,C,67.637
1770055222.1148546,ADC2,0,bus_voltage,V,11.133
1770055222.1654532,ADC1,1,servo_2,A,1.107
1770055222.2157395,THERM,0,motor_temp,C,49.88
1770055222.2662754,THERM,0,motor_temp,C,31.053
1770055222.3168275,THERM,0,motor_temp,C,68.995
1770055222.367431,ADC2,0,bus_voltage,V,10.479
1770055222.4178648,ADC2,0,bus_voltage,V,11.774
1770055222.4682136,THERM,0,motor_temp,C,58.3
1770055222.5188248,THERM,0,motor_temp,C,44.565
1770055222.5719104,ADC1,1,servo_2,A,1.268
1770055222.6228142,THERM,0,motor_temp,C,46.886
1770055222.6765418,THERM,0,motor_temp,C,36.062
1770055222.7278483,THERM,0,motor_temp,C,34.035
1770055222.7804828,ADC2,0,bus_voltage,V,10.0
1770055222.8329895,THERM,0,motor_temp,C,31.788
1770055222.8846107,ADC1,0,servo_1,A,2.014
1770055222.9352705,ADC1,1,servo_2,A,2.399
1770055222.9860399,ADC1,0,servo_1,A,1.431
1770055223.0364575,ADC2,0,bus_voltage,V,12.153
1770055223.087253,ADC1,1,servo_2,A,2.448
1770055223.137936,ADC1,1,servo_2,A,0.86
1770055223.1890094,ADC1,0,servo_1,A,1.902
1770055223.239562,THERM,0,motor_temp,C,26.503
1770055223.2900033,ADC1,1,servo_2,A,0.316
1770055223.3406365,ADC2,0,bus_voltage,V,12.442
1770055223.391382,ADC1,1,servo_2,A,1.426
1770055223.4421709,THERM,0,motor_temp,C,58.098
1770055223.4926965,ADC1,1,servo_2,A,2.209
1770055223.543432,THERM,0,motor_temp,C,59.569
1770055223.5939293,THERM,0,motor_temp,C,33.733
1770055223.6447678,ADC2,0,bus_voltage,V,10.351
1770055223.6963093,ADC2,0,bus_voltage,V,11.334
1770055223.7471282,ADC2,0,bus_voltage,V,10.185
1770055223.7977123,THERM,0,motor_temp,C,51.238
1770055223.848454,ADC1,1,servo_2,A,0.914
1770055223.8990307,ADC1,1,servo_2,A,1.589
1770055223.9500577,THERM,0,motor_temp,C,58.642
1770055224.0008287,ADC1,1,servo_2,A,0.829
1770055224.051171,THERM,0,motor_temp,C,34.902
1770055224.1019297,ADC1,1,servo_2,A,2.272
1770055224.1528537,ADC1,0,servo_1,A,1.168
1770055224.2044644,ADC1,1,servo_2,A,2.427
1770055224.25505,ADC2,0,bus_voltage,V,11.297
1770055224.3055465,ADC2,0,bus_voltage,V,10.617
1770055224.3559616,THERM,0,motor_temp,C,51.354
1770055224.406656,ADC2,0,bus_voltage,V,12.091
1770055224.457171,ADC1,0,servo_1,A,1.821
1770055224.5077348,ADC2,0,bus_voltage,V,11.317
1770055224.5586405,ADC1,1,servo_2,A,1.485
1770055224.609184,ADC1,0,servo_1,A,1.599
1770055224.6596634,ADC1,0,servo_1,A,0.597
1770055224.710378,ADC2,0,bus_voltage,V,11.556
1770055224.7610786,ADC1,1,servo_2,A,1.726
1770055224.812694,ADC1,0,servo_1,A,0.64
1770055224.8634334,ADC2,0,bus_voltage,V,12.126
1770055224.913852,THERM,0,motor_temp,C,37.43
1770055224.9645085,ADC1,0,servo_1,A,1.123
1770055225.015496,ADC2,0,bus_voltage,V,10.27
1770055225.0689614,THERM,0,motor_temp,C,33.66
1770055225.1202958,ADC1,0,servo_1,A,0.613
1770055225.171062,THERM,0,motor_temp,C,53.024
1770055225.2217665,ADC1,0,servo_1,A,0.822
1770055225.2725763,ADC2,0,bus_voltage,V,11.532
1770055225.3230932,ADC1,0,servo_1,A,2.341
1770055225.373474,THERM,0,motor_temp,C,37.566
1770055225.4239216,ADC2,0,bus_voltage,V,11.663
1770055225.474446,ADC1,1,servo_2,A,2.181
1770055225.5249715,ADC1,0,servo_1,A,0.448
1770055225.5758061,ADC1,0,servo_1,A,0.982
1770055225.626417,ADC2,0,bus_voltage,V,10.892
1770055225.677237,ADC1,1,servo_2,A,0.724
1770055225.7281687,ADC2,0,bus_voltage,V,10.597
1770055225.7786186,ADC2,0,bus_voltage,V,10.98
1770055225.829505,THERM,0,motor_temp,C,45.384
1770055225.8800974,ADC2,0,bus_voltage,V,11.171
1770055225.9378934,ADC1,0,servo_1,A,2.094
1770055225.9894762,ADC1,1,servo_2,A,1.43
1770055226.0403442,ADC2,0,bus_voltage,V,10.828
1770055226.0911772,THERM,0,motor_temp,C,42.89
1770055226.142068,ADC1,1,servo_2,A,2.064
1770055226.195519,ADC2,0,bus_voltage,V,10.666
1770055226.2463195,ADC1,1,servo_2,A,1.523
1770055226.2966182,ADC2,0,bus_voltage,V,11.838
1770055226.3470602,THERM,0,motor_temp,C,44.426
1770055226.3975134,ADC1,0,servo_1,A,1.731
1770055226.4482932,ADC1,0,servo_1,A,2.043
1770055226.4987788,THERM,0,motor_temp,C,32.835
1770055226.5499156,THERM,0,motor_temp,C,37.093
1770055226.6004803,THERM,0,motor_temp,C,25.944
1770055226.651378,THERM,0,motor_temp,C,56.974
1770055226.7018192,ADC2,0,bus_voltage,V,10.941
1770055226.7526257,ADC2,0,bus_voltage,V,10.989
1770055226.8036106,ADC1,1,servo_2,A,1.735
1770055226.854453,THERM,0,motor_temp,C,46.544
1770055226.9050295,ADC1,1,servo_2,A,2.363
1770055226.955659,ADC1,1,servo_2,A,0.794
1770055227.0062454,ADC1,0,servo_1,A,1.192
1770055227.0568929,ADC1,0,servo_1,A,2.368
1770055227.107416,ADC2,0,bus_voltage,V,10.401
1770055227.1578047,THERM,0,motor_temp,C,58.946
1770055227.2082322,ADC1,1,servo_2,A,0.668
1770055227.258811,THERM,0,motor_temp,C,55.544
1770055227.3096514,ADC1,1,servo_2,A,2.338
1770055227.359898,ADC2,0,bus_voltage,V,11.836
1770055227.4102468,ADC1,1,servo_2,A,0.491
1770055227.460657,THERM,0,motor_temp,C,25.007
1770055227.511086,ADC1,1,servo_2,A,0.319
1770055227.5614283,ADC1,0,servo_1,A,1.546
1770055227.6120222,ADC1,1,servo_2,A,2.072
1770055227.6638434,ADC1,0,servo_1,A,1.224
1770055227.7144902,ADC1,0,servo_1,A,0.753
1770055227.765103,ADC2,0,bus_voltage,V,10.513
1770055227.8156974,ADC1,1,servo_2,A,1.958
1770055227.8664715,ADC1,1,servo_2,A,1.525
1770055227.917156,ADC2,0,bus_voltage,V,10.579
1770055227.9680185,ADC1,1,servo_2,A,1.111
1770055228.0186117,ADC2,0,bus_voltage,V,11.321
1770055228.0696685,ADC1,1,servo_2,A,1.763
1770055228.1204767,ADC1,1,servo_2,A,0.619
1770055228.171241,ADC2,0,bus_voltage,V,11.816
1770055228.2229235,ADC1,1,servo_2,A,0.434
1770055228.273848,ADC1,0,servo_1,A,0.591
1770055228.3244607,THERM,0,motor_temp,C,31.939
1770055228.3751743,ADC1,0,servo_1,A,2.063
1770055228.4254842,THERM,0,motor_temp,C,47.177
1770055228.476256,ADC1,1,servo_2,A,0.249
1770055228.5269628,ADC1,0,servo_1,A,2.06
1770055228.577706,ADC2,0,bus_voltage,V,10.612
1770055228.6283066,ADC1,1,servo_2,A,2.088
1770055228.6791365,ADC1,0,servo_1,A,1.899
1770055228.742862,ADC2,0,bus_voltage,V,10.352
1770055228.7949753,THERM,0,motor_temp,C,54.569
1770055228.8463671,ADC1,1,servo_2,A,1.706
1770055228.8968587,THERM,0,motor_temp,C,49.558
1770055228.9477446,THERM,0,motor_temp,C,59.005
1770055228.9982255,THERM,0,motor_temp,C,47.644
1770055229.049212,ADC2,0,bus_voltage,V,11.095
1770055229.09989,THERM,0,motor_temp,C,67.68
1770055229.1526608,ADC1,0,servo_1,A,1.113
1770055229.20339,ADC1,0,servo_1,A,1.627
1770055229.253782,THERM,0,motor_temp,C,32.203
1770055229.3042326,ADC2,0,bus_voltage,V,11.056
1770055229.3551936,ADC2,0,bus_voltage,V,11.886
1770055229.4055836,ADC1,1,servo_2,A,1.168
1770055229.456125,THERM,0,motor_temp,C,67.828
1770055229.506551,ADC1,0,servo_1,A,0.393
1770055229.5571725,ADC1,0,servo_1,A,1.534
1770055229.6078856,ADC1,1,servo_2,A,1.539
1770055229.6583405,THERM,0,motor_temp,C,53.972
1770055229.7091773,ADC1,1,servo_2,A,2.316
1770055229.760069,ADC2,0,bus_voltage,V,10.676
1770055229.8106349,ADC2,0,bus_voltage,V,11.046
1770055229.861187,ADC2,0,bus_voltage,V,11.496
1770055229.9116874,ADC1,0,servo_1,A,1.436
1770055229.962556,ADC1,0,servo_1,A,0.227
1770055230.0129337,THERM,0,motor_temp,C,59.409
1770055230.0640893,THERM,0,motor_temp,C,67.959
1770055230.1171775,ADC2,0,bus_voltage,V,12.047
1770055230.168148,ADC1,0,servo_1,A,1.967
1770055230.2189436,ADC1,0,servo_1,A,1.858
1770055230.27003,ADC1,1,servo_2,A,2.455
1770055230.3205829,ADC2,0,bus_voltage,V,10.981
1770055230.373035,ADC1,1,servo_2,A,1.009
1770055230.4238198,ADC1,1,servo_2,A,1.746
1770055230.4742942,ADC2,0,bus_voltage,V,12.449
1770055230.5250003,ADC1,1,servo_2,A,1.841
1770055230.575713,ADC1,1,servo_2,A,0.621
1770055230.626181,ADC1,1,servo_2,A,2.263
1770055230.6765058,THERM,0,motor_temp,C,66.198
1770055230.727357,THERM,0,motor_temp,C,44.028
1770055230.7790449,THERM,0,motor_temp,C,44.36
1770055230.8369987,ADC1,1,servo_2,A,1.646
1770055230.887868,ADC1,1,servo_2,A,0.288
1770055230.942445,THERM,0,motor_temp,C,58.7
1770055230.9937253,ADC1,1,servo_2,A,1.173
1770055231.044651,ADC1,1,servo_2,A,0.602
1770055231.0955107,ADC1,1,servo_2,A,0.501
1770055231.1460865,ADC1,1,servo_2,A,0.919
1770055231.196855,ADC1,0,servo_1,A,0.73
1770055231.248312,ADC1,0,servo_1,A,0.46
1770055231.2993515,THERM,0,motor_temp,C,31.735
1770055231.3500197,ADC1,1,servo_2,A,1.23
1770055231.4006312,ADC2,0,bus_voltage,V,12.243
1770055231.4513307,THERM,0,motor_temp,C,54.072
1770055231.5019176,THERM,0,motor_temp,C,28.962
1770055231.55269,ADC2,0,bus_voltage,V,10.106
1770055231.6032221,THERM,0,motor_temp,C,38.508
1770055231.6539514,ADC2,0,bus_voltage,V,12.047
1770055231.7043748,ADC1,0,servo_1,A,2.0
1770055231.7549984,ADC1,0,servo_1,A,1.522
1770055231.8055675,ADC2,0,bus_voltage,V,12.13
1770055231.8563678,ADC1,1,servo_2,A,0.498
1770055231.9070733,ADC2,0,bus_voltage,V,10.616
1770055231.957845,ADC1,0,servo_1,A,1.76
1770055232.0105531,ADC1,0,servo_1,A,1.34
1770055232.061138,ADC1,1,servo_2,A,1.329
1770055232.1119034,THERM,0,motor_temp,C,68.14
1770055232.1627533,ADC2,0,bus_voltage,V,11.833
1770055232.2148316,ADC2,0,bus_voltage,V,11.743
1770055232.2680576,ADC1,0,servo_1,A,1.294
1770055232.3186314,THERM,0,motor_temp,C,27.316
1770055232.3694203,ADC1,0,servo_1,A,0.211
1770055232.4202797,THERM,0,motor_temp,C,63.721
1770055232.47274,ADC1,1,servo_2,A,1.775
1770055232.5236013,ADC1,0,servo_1,A,0.216
1770055232.574222,ADC2,0,bus_voltage,V,10.246
1770055232.6268756,THERM,0,motor_temp,C,64.885
1770055232.6779656,ADC2,0,bus_voltage,V,12.406
1770055232.7285004,ADC1,0,servo_1,A,1.127
1770055232.7790527,THERM,0,motor_temp,C,37.109
1770055232.82977,ADC1,1,servo_2,A,1.329
1770055232.8804715,ADC2,0,bus_voltage,V,11.176
1770055232.9312878,ADC1,1,servo_2,A,2.081
1770055232.981934,ADC2,0,bus_voltage,V,10.353
1770055233.0327547,ADC1,1,servo_2,A,1.255
1770055233.0871532,ADC1,0,servo_1,A,1.571
1770055233.1376872,ADC1,0,servo_1,A,0.25
1770055233.2069938,ADC1,1,servo_2,A,1.712
1770055233.259658,ADC2,0,bus_voltage,V,11.039
1770055233.3102205,ADC2,0,bus_voltage,V,10.502
1770055233.3607829,ADC2,0,bus_voltage,V,11.744
1770055233.411367,ADC2,0,bus_voltage,V,10.37
1770055233.462536,ADC1,1,servo_2,A,1.143
1770055233.5133002,THERM,0,motor_temp,C,44.773
1770055233.563901,ADC1,1,servo_2,A,1.321
1770055233.6147327,ADC2,0,bus_voltage,V,11.972
1770055233.6653337,ADC2,0,bus_voltage,V,11.291
1770055233.7157545,ADC1,1,servo_2,A,2.05
1770055233.7665062,ADC2,0,bus_voltage,V,12.153
1770055233.8172677,ADC2,0,bus_voltage,V,10.824
1770055233.8680384,ADC1,1,servo_2,A,1.327
1770055233.9187984,THERM,0,motor_temp,C,25.01
1770055233.9702766,ADC2,0,bus_voltage,V,12.313
1770055234.0205472,ADC1,0,servo_1,A,0.927
1770055234.071781,ADC1,0,servo_1,A,1.966
1770055234.122706,THERM,0,motor_temp,C,32.993
1770055234.1779313,THERM,0,motor_temp,C,63.693
1770055234.2282615,ADC1,1,servo_2,A,1.845
1770055234.2792857,THERM,0,motor_temp,C,36.001
1770055234.3298383,THERM,0,motor_temp,C,53.539
1770055234.3805962,THERM,0,motor_temp,C,56.176
1770055234.4314258,THERM,0,motor_temp,C,34.654
1770055234.4827166,ADC2,0,bus_voltage,V,11.619
1770055234.533279,ADC2,0,bus_voltage,V,10.639
1770055234.5839558,THERM,0,motor_temp,C,58.923
1770055234.6348567,ADC1,1,servo_2,A,1.544
1770055234.6856263,THERM,0,motor_temp,C,59.596
1770055234.736129,ADC2,0,bus_voltage,V,10.523
1770055234.786629,ADC2,0,bus_voltage,V,11.865
1770055234.8373885,ADC1,1,servo_2,A,0.313
1770055234.887672,ADC2,0,bus_voltage,V,12.144
1770055234.939105,ADC1,1,servo_2,A,1.76
1770055234.9894683,ADC1,0,servo_1,A,2.389
1770055235.040157,ADC1,1,servo_2,A,2.242
1770055235.090752,THERM,0,motor_temp,C,62.079
1770055235.141525,ADC2,0,bus_voltage,V,10.145
1770055235.192382,ADC1,0,servo_1,A,1.652
1770055235.2430902,ADC1,0,servo_1,A,2.152
1770055235.2939134,THERM,0,motor_temp,C,59.884
1770055235.3449051,ADC1,0,servo_1,A,1.881
1770055235.3958178,ADC2,0,bus_voltage,V,11.172
1770055235.4466393,ADC1,1,servo_2,A,1.843
1770055235.4971936,ADC2,0,bus_voltage,V,10.713
1770055235.5478957,ADC1,0,servo_1,A,0.507
1770055235.5987084,ADC1,0,servo_1,A,2.008
1770055235.649274,THERM,0,motor_temp,C,38.251
1770055235.6996305,ADC2,0,bus_voltage,V,10.219
1770055235.7503457,ADC1,0,servo_1,A,2.262
1770055235.8006444,ADC1,1,servo_2,A,0.448
1770055235.851345,THERM,0,motor_temp,C,40.235
1770055235.9019215,ADC1,1,servo_2,A,0.518
1770055235.9524293,THERM,0,motor_temp,C,66.15
1770055236.0030863,ADC2,0,bus_voltage,V,10.007
1770055236.0535533,ADC1,0,servo_1,A,1.11
1770055236.104105,ADC2,0,bus_voltage,V,12.538
1770055236.1547952,ADC1,1,servo_2,A,1.839
1770055236.2052124,THERM,0,motor_temp,C,40.903
1770055236.2563374,ADC1,0,servo_1,A,1.315
1770055236.3069663,ADC2,0,bus_voltage,V,11.587
1770055236.3573835,ADC2,0,bus_voltage,V,10.348
1770055236.4078202,THERM,0,motor_temp,C,42.49
1770055236.4585464,ADC1,1,servo_2,A,0.947
1770055236.5097497,THERM,0,motor_temp,C,36.95
1770055236.5603878,ADC2,0,bus_voltage,V,12.359
1770055236.61123,THERM,0,motor_temp,C,26.763
1770055236.6620023,ADC1,1,servo_2,A,1.447
1770055236.712543,ADC1,1,servo_2,A,0.586
1770055236.7633052,ADC2,0,bus_voltage,V,11.971
1770055236.8138626,THERM,0,motor_temp,C,45.874
1770055236.8646286,ADC1,1,servo_2,A,2.008
1770055236.915067,THERM,0,motor_temp,C,39.167
1770055236.9657009,ADC1,1,servo_2,A,2.127
1770055237.0164752,THERM,0,motor_temp,C,57.441
1770055237.0678043,THERM,0,motor_temp,C,55.026
1770055237.1180892,ADC1,1,servo_2,A,1.591
1770055237.1698682,THERM,0,motor_temp,C,67.347
1770055237.220615,ADC2,0,bus_voltage,V,10.985
1770055237.2714565,THERM,0,motor_temp,C,57.748
1770055237.3226395,ADC1,0,servo_1,A,0.69
1770055237.3731763,THERM,0,motor_temp,C,59.394
1770055237.4241738,THERM,0,motor_temp,C,41.121
1770055237.4747205,ADC2,0,bus_voltage,V,10.058
1770055237.5250516,ADC1,0,servo_1,A,1.633
1770055237.576155,THERM,0,motor_temp,C,46.669
1770055237.6268022,ADC2,0,bus_voltage,V,11.396
1770055237.67715,ADC2,0,bus_voltage,V,11.138
1770055237.7276108,ADC2,0,bus_voltage,V,11.019
1770055237.7783792,ADC1,0,servo_1,A,1.812
1770055237.82907,ADC1,1,servo_2,A,2.492
1770055237.8798656,THERM,0,motor_temp,C,34.018
1770055237.930333,THERM,0,motor_temp,C,53.455
1770055237.980937,ADC2,0,bus_voltage,V,11.749
1770055238.0318058,ADC1,1,servo_2,A,1.567
1770055238.082619,ADC1,1,servo_2,A,1.682
1770055238.133351,ADC1,0,servo_1,A,1.833
1770055238.184482,ADC1,0,servo_1,A,2.151
1770055238.2395813,ADC1,1,servo_2,A,1.993
1770055238.2922585,ADC2,0,bus_voltage,V,11.35
1770055238.3448153,ADC1,1,servo_2,A,2.289
1770055238.3954313,THERM,0,motor_temp,C,50.397
1770055238.4457855,THERM,0,motor_temp,C,39.235
1770055238.497196,THERM,0,motor_temp,C,49.609
1770055238.548414,ADC2,0,bus_voltage,V,10.826
1770055238.5988193,ADC1,1,servo_2,A,0.368
1770055238.6493766,THERM,0,motor_temp,C,42.514
1770055238.699864,THERM,0,motor_temp,C,34.589
1770055238.750417,THERM,0,motor_temp,C,27.256
1770055238.8007584,THERM,0,motor_temp,C,66.604
1770055238.8512166,ADC1,1,servo_2,A,1.77
1770055238.9018636,THERM,0,motor_temp,C,63.101
1770055238.9524052,ADC1,1,servo_2,A,2.085
1770055239.0031493,ADC1,1,servo_2,A,1.737
1770055239.0535347,ADC2,0,bus_voltage,V,10.673
1770055239.104255,ADC1,0,servo_1,A,0.782
1770055239.1555727,ADC2,0,bus_voltage,V,10.073
1770055239.2069519,ADC2,0,bus_voltage,V,12.154
1770055239.2584555,ADC1,0,servo_1,A,1.687
1770055239.3087626,ADC2,0,bus_voltage,V,10.561
1770055239.360577,THERM,0,motor_temp,C,40.426
1770055239.4129605,ADC1,1,servo_2,A,0.307
1770055239.4634857,ADC1,1,servo_2,A,1.683
1770055239.5148644,ADC1,0,servo_1,A,1.757
1770055239.5671968,ADC2,0,bus_voltage,V,12.154
1770055239.6179352,ADC1,1,servo_2,A,2.471
1770055239.6694412,ADC2,0,bus_voltage,V,10.315
1770055239.7200935,THERM,0,motor_temp,C,49.503
1770055239.7705333,ADC2,0,bus_voltage,V,10.435
1770055239.8208692,ADC2,0,bus_voltage,V,11.539
1770055239.871266,ADC1,0,servo_1,A,0.381
1770055239.9219904,ADC1,0,servo_1,A,0.793
1770055239.9724977,ADC1,1,servo_2,A,2.356
1770055240.0231886,THERM,0,motor_temp,C,57.359
1770055240.0739257,ADC2,0,bus_voltage,V,12.262
1770055240.1244142,THERM,0,motor_temp,C,49.62
1770055240.1751256,ADC1,0,servo_1,A,2.435
1770055240.2260036,ADC2,0,bus_voltage,V,10.282
1770055240.2765665,THERM,0,motor_temp,C,55.558
1770055240.327451,ADC1,1,servo_2,A,2.243
1770055240.3782911,ADC2,0,bus_voltage,V,12.581
1770055240.4287817,ADC1,0,servo_1,A,0.369
1770055240.479216,ADC1,0,servo_1,A,0.303
1770055240.5300658,THERM,0,motor_temp,C,51.714
1770055240.5814457,ADC1,1,servo_2,A,1.857
1770055240.6329925,THERM,0,motor_temp,C,49.508
1770055240.6836066,ADC1,1,servo_2,A,2.48
1770055240.73446,ADC2,0,bus_voltage,V,12.28
1770055240.7852595,THERM,0,motor_temp,C,33.321
1770055240.8356771,ADC2,0,bus_voltage,V,10.869
1770055240.8861923,ADC1,0,servo_1,A,1.719
1770055240.936785,THERM,0,motor_temp,C,46.899
1770055240.9874055,THERM,0,motor_temp,C,49.782
1770055241.0378883,THERM,0,motor_temp,C,38.694
1770055241.088725,ADC2,0,bus_voltage,V,10.959
1770055241.139434,ADC1,1,servo_2,A,2.48
1770055241.1898627,THERM,0,motor_temp,C,32.247
1770055241.2437031,ADC1,0,servo_1,A,2.026
1770055241.2957318,THERM,0,motor_temp,C,53.242
1770055241.3466077,THERM,0,motor_temp,C,36.468
1770055241.396982,ADC1,1,servo_2,A,1.032
1770055241.4486234,ADC1,0,servo_1,A,2.497
1770055241.4994476,ADC1,0,servo_1,A,0.84
1770055241.550693,ADC1,0,servo_1,A,0.969
1770055241.6021097,THERM,0,motor_temp,C,68.06
1770055241.6526651,ADC1,0,servo_1,A,2.433
1770055241.7030466,ADC2,0,bus_voltage,V,10.409
1770055241.753382,THERM,0,motor_temp,C,67.676
1770055241.8040555,ADC1,1,servo_2,A,1.659
1770055241.8544068,THERM,0,motor_temp,C,42.224
1770055241.9048793,THERM,0,motor_temp,C,47.333
1770055241.9555786,ADC1,1,servo_2,A,0.33
1770055242.0062792,THERM,0,motor_temp,C,45.548
1770055242.0567122,ADC1,0,servo_1,A,0.734
1770055242.107468,ADC2,0,bus_voltage,V,10.158
1770055242.1581671,ADC2,0,bus_voltage,V,11.171
1770055242.208953,THERM,0,motor_temp,C,67.86
1770055242.2594686,ADC1,0,servo_1,A,1.578
1770055242.3103535,ADC1,1,servo_2,A,1.621
1770055242.3611765,THERM,0,motor_temp,C,48.556
1770055242.4116504,ADC2,0,bus_voltage,V,12.27
1770055242.4622085,ADC1,0,servo_1,A,1.803
1770055242.5128896,THERM,0,motor_temp,C,50.331
1770055242.5635636,ADC1,0,servo_1,A,1.11
1770055242.6139853,ADC1,1,servo_2,A,0.568
1770055242.6644857,THERM,0,motor_temp,C,67.237
1770055242.7162747,ADC1,1,servo_2,A,0.711
1770055242.7667077,ADC1,1,servo_2,A,0.204
1770055242.8170314,ADC2,0,bus_voltage,V,11.341
1770055242.8673944,ADC1,1,servo_2,A,0.835
1770055242.9180813,ADC1,0,servo_1,A,1.157
1770055242.968818,ADC2,0,bus_voltage,V,12.406
1770055243.019411,ADC2,0,bus_voltage,V,10.988
1770055243.070014,ADC1,1,servo_2,A,1.014
1770055243.1207185,ADC1,0,servo_1,A,0.608
1770055243.1714914,ADC2,0,bus_voltage,V,12.032
1770055243.2218676,THERM,0,motor_temp,C,31.862
1770055243.2725418,THERM,0,motor_temp,C,58.092
1770055243.3237772,ADC2,0,bus_voltage,V,11.838
1770055243.3742836,ADC1,0,servo_1,A,0.819
1770055243.4251764,THERM,0,motor_temp,C,39.966
1770055243.482544,ADC1,1,servo_2,A,0.895
1770055243.5359316,THERM,0,motor_temp,C,40.84
1770055243.5877042,THERM,0,motor_temp,C,61.318
1770055243.6413586,ADC1,1,servo_2,A,1.773
1770055243.6921332,ADC1,1,servo_2,A,1.183
1770055243.7428322,THERM,0,motor_temp,C,42.218
1770055243.793458,ADC1,0,servo_1,A,2.235
1770055243.8438046,ADC2,0,bus_voltage,V,10.335
1770055243.8943868,THERM,0,motor_temp,C,62.143
1770055243.945723,ADC2,0,bus_voltage,V,11.631
1770055243.9966643,ADC2,0,bus_voltage,V,12.141
1770055244.0470045,ADC1,0,servo_1,A,1.73
1770055244.0976434,THERM,0,motor_temp,C,28.206
1770055244.1491005,ADC1,0,servo_1,A,1.276
1770055244.1996548,THERM,0,motor_temp,C,30.773
1770055244.2501526,ADC1,1,servo_2,A,2.299
1770055244.3005369,ADC2,0,bus_voltage,V,12.24
1770055244.3508842,ADC2,0,bus_voltage,V,10.601
1770055244.40257,ADC1,0,servo_1,A,2.356
1770055244.4535644,ADC2,0,bus_voltage,V,11.42
1770055244.505048,ADC1,0,servo_1,A,0.632
1770055244.5557022,THERM,0,motor_temp,C,52.917
1770055244.6061714,ADC1,1,servo_2,A,2.359
1770055244.656886,ADC1,0,servo_1,A,0.256
1770055244.7078044,ADC1,0,servo_1,A,1.18
1770055244.7585309,ADC2,0,bus_voltage,V,10.336
1770055244.8089485,THERM,0,motor_temp,C,38.116
1770055244.8595722,ADC2,0,bus_voltage,V,11.529
1770055244.910001,ADC1,0,servo_1,A,1.451
1770055244.9607043,ADC1,1,servo_2,A,2.254
1770055245.0110161,ADC1,1,servo_2,A,0.734
1770055245.0616956,THERM,0,motor_temp,C,32.713
1770055245.1123466,ADC1,1,servo_2,A,1.967
1770055245.1627116,ADC1,0,servo_1,A,0.466
1770055245.2134633,THERM,0,motor_temp,C,69.392
1770055245.2642133,ADC1,0,servo_1,A,2.443
1770055245.3149736,ADC1,1,servo_2,A,0.41
1770055245.3652442,ADC1,0,servo_1,A,1.883
1770055245.4159887,THERM,0,motor_temp,C,46.976
1770055245.4669235,ADC2,0,bus_voltage,V,12.158
1770055245.517684,THERM,0,motor_temp,C,39.225
1770055245.5685415,THERM,0,motor_temp,C,61.71
1770055245.619075,ADC1,1,servo_2,A,2.075
1770055245.6701114,ADC1,1,servo_2,A,1.828
1770055245.721001,THERM,0,motor_temp,C,25.29
1770055245.771866,ADC2,0,bus_voltage,V,12.337
1770055245.8225608,ADC1,1,servo_2,A,1.451
1770055245.8729205,ADC1,0,servo_1,A,1.345
1770055245.923685,ADC1,1,servo_2,A,1.503
1770055245.974235,ADC1,0,servo_1,A,1.377
1770055246.0250795,ADC2,0,bus_voltage,V,11.359
1770055246.075704,ADC2,0,bus_voltage,V,10.834
1770055246.1262755,THERM,0,motor_temp,C,67.357
1770055246.176893,THERM,0,motor_temp,C,67.496
1770055246.2272964,ADC2,0,bus_voltage,V,12.541
1770055246.278027,ADC1,1,servo_2,A,1.718
1770055246.3291337,ADC2,0,bus_voltage,V,10.622
1770055246.3795228,ADC1,0,servo_1,A,2.36
1770055246.4304717,ADC1,0,servo_1,A,0.531
1770055246.4819667,ADC1,1,servo_2,A,2.204
1770055246.5326278,THERM,0,motor_temp,C,32.918
1770055246.585748,THERM,0,motor_temp,C,31.973
1770055246.63691,ADC1,0,servo_1,A,1.19
1770055246.687519,ADC1,1,servo_2,A,0.707
1770055246.737835,ADC1,1,servo_2,A,0.95
1770055246.7887099,ADC1,0,servo_1,A,0.742
1770055246.8392372,THERM,0,motor_temp,C,44.949
1770055246.8899813,ADC2,0,bus_voltage,V,10.618
1770055246.9404776,ADC1,0,servo_1,A,1.036
1770055246.9910684,ADC1,1,servo_2,A,0.516
1770055247.0417142,ADC1,0,servo_1,A,1.441
1770055247.0919967,ADC2,0,bus_voltage,V,11.273
1770055247.1423552,ADC1,0,servo_1,A,2.418
1770055247.1927485,ADC1,1,servo_2,A,1.274
1770055247.2432122,THERM,0,motor_temp,C,25.622
1770055247.2935905,THERM,0,motor_temp,C,28.982
1770055247.3441994,ADC1,1,servo_2,A,0.777
1770055247.39496,ADC1,1,servo_2,A,0.289
1770055247.4464695,ADC2,0,bus_voltage,V,10.446
1770055247.499175,ADC1,1,servo_2,A,0.32
1770055247.5523672,ADC1,1,servo_2,A,1.873
1770055247.6030524,THERM,0,motor_temp,C,54.924
1770055247.6558661,ADC1,1,servo_2,A,2.104
1770055247.707847,THERM,0,motor_temp,C,55.798
1770055247.760829,THERM,0,motor_temp,C,28.267
1770055247.81165,THERM,0,motor_temp,C,44.442
1770055247.8623178,ADC1,0,servo_1,A,0.346
1770055247.9127078,ADC2,0,bus_voltage,V,11.504
1770055247.963079,THERM,0,motor_temp,C,60.972
1770055248.0137768,THERM,0,motor_temp,C,63.688
1770055248.0643122,ADC1,0,servo_1,A,0.738
1770055248.115031,ADC1,0,servo_1,A,1.682
1770055248.1657279,ADC1,1,servo_2,A,2.334
1770055248.2162173,THERM,0,motor_temp,C,64.749
1770055248.266551,ADC1,0,servo_1,A,0.278
1770055248.3171148,THERM,0,motor_temp,C,63.102
1770055248.3675969,ADC1,1,servo_2,A,2.285
1770055248.4183164,THERM,0,motor_temp,C,46.407
1770055248.4690096,ADC1,0,servo_1,A,1.712
1770055248.5198708,ADC1,1,servo_2,A,0.498
1770055248.5720417,ADC1,1,servo_2,A,0.228
1770055248.6264577,THERM,0,motor_temp,C,42.676
1770055248.677217,ADC2,0,bus_voltage,V,10.903
1770055248.7281563,ADC1,0,servo_1,A,1.58
1770055248.7790322,ADC1,0,servo_1,A,1.417
1770055248.8296351,THERM,0,motor_temp,C,28.36
1770055248.8808916,ADC1,0,servo_1,A,1.033
1770055248.9312637,THERM,0,motor_temp,C,69.312
1770055248.9819627,ADC2,0,bus_voltage,V,11.665
1770055249.0326116,ADC2,0,bus_voltage,V,12.547
1770055249.0831878,ADC2,0,bus_voltage,V,11.179
1770055249.1342025,ADC2,0,bus_voltage,V,12.21
1770055249.1849594,ADC1,0,servo_1,A,0.982
1770055249.2359023,ADC1,0,servo_1,A,2.481
1770055249.2864006,ADC1,0,servo_1,A,2.433
1770055249.3367443,ADC1,0,servo_1,A,1.562
1770055249.3872395,ADC1,1,servo_2,A,0.272
1770055249.4387467,THERM,0,motor_temp,C,57.21
1770055249.4892561,ADC2,0,bus_voltage,V,11.75
1770055249.539858,ADC1,0,servo_1,A,0.53
1770055249.5906026,ADC1,1,servo_2,A,0.563
1770055249.6412368,THERM,0,motor_temp,C,62.629
1770055249.6937556,ADC2,0,bus_voltage,V,10.663
1770055249.746607,ADC1,1,servo_2,A,1.69
1770055249.797324,THERM,0,motor_temp,C,55.979
1770055249.8488936,ADC2,0,bus_voltage,V,11.608
1770055249.9037201,ADC2,0,bus_voltage,V,11.669
1770055249.9543347,ADC1,1,servo_2,A,2.253
1770055250.0048952,THERM,0,motor_temp,C,33.337
1770055250.0554042,THERM,0,motor_temp,C,52.929
1770055250.1058967,THERM,0,motor_temp,C,31.623
1770055250.1563106,ADC2,0,bus_voltage,V,10.558
1770055250.2067811,THERM,0,motor_temp,C,51.232
1770055250.2571611,THERM,0,motor_temp,C,44.141
1770055250.3079097,ADC1,0,servo_1,A,2.032
1770055250.3583462,ADC2,0,bus_voltage,V,10.549
1770055250.4090793,ADC2,0,bus_voltage,V,10.753
1770055250.462156,ADC1,0,servo_1,A,1.527
1770055250.512724,THERM,0,motor_temp,C,63.875
1770055250.563477,ADC2,0,bus_voltage,V,11.446
1770055250.614974,ADC1,0,servo_1,A,0.282
1770055250.6655064,ADC2,0,bus_voltage,V,12.003
1770055250.7161434,ADC1,0,servo_1,A,1.531
1770055250.7676017,ADC1,0,servo_1,A,0.65
1770055250.818392,THERM,0,motor_temp,C,65.571
1770055250.8696866,ADC1,1,servo_2,A,1.428
1770055250.9223228,ADC1,0,servo_1,A,1.926
1770055250.9729764,ADC2,0,bus_voltage,V,11.938
1770055251.0236788,ADC2,0,bus_voltage,V,12.222
1770055251.0743494,ADC1,1,servo_2,A,1.886
1770055251.1249988,THERM,0,motor_temp,C,56.666
1770055251.1755776,ADC2,0,bus_voltage,V,10.012
1770055251.2262797,ADC1,0,servo_1,A,2.303
1770055251.2766843,ADC1,1,servo_2,A,0.669
1770055251.3274918,ADC2,0,bus_voltage,V,12.276
1770055251.3779557,THERM,0,motor_temp,C,48.107
1770055251.4286308,THERM,0,motor_temp,C,50.704
1770055251.4791522,ADC1,0,servo_1,A,1.242
1770055251.5298476,ADC2,0,bus_voltage,V,10.353
1770055251.5802698,THERM,0,motor_temp,C,69.439
1770055251.63117,ADC1,0,servo_1,A,1.171
1770055251.6836176,ADC1,0,servo_1,A,0.879
1770055251.7370167,ADC1,0,servo_1,A,1.329
1770055251.787766,ADC1,0,servo_1,A,2.274
1770055251.8392036,THERM,0,motor_temp,C,29.402
1770055251.889716,ADC2,0,bus_voltage,V,11.507
1770055251.9404187,ADC1,1,servo_2,A,0.858
1770055251.992847,THERM,0,motor_temp,C,42.401
1770055252.045966,ADC1,0,servo_1,A,1.582
1770055252.0973222,THERM,0,motor_temp,C,54.739
1770055252.1478844,ADC1,0,servo_1,A,1.917
1770055252.1988614,ADC2,0,bus_voltage,V,12.186
1770055252.249482,ADC1,0,servo_1,A,1.074
1770055252.300154,THERM,0,motor_temp,C,36.756
1770055252.3508787,ADC2,0,bus_voltage,V,12.062
1770055252.4015672,THERM,0,motor_temp,C,25.717
1770055252.4524052,ADC1,1,servo_2,A,0.444
1770055252.5027308,ADC2,0,bus_voltage,V,11.771
1770055252.5531588,ADC1,1,servo_2,A,1.194
1770055252.6038213,ADC2,0,bus_voltage,V,11.672
1770055252.6542065,ADC2,0,bus_voltage,V,12.172
1770055252.7050846,ADC1,0,servo_1,A,1.976
1770055252.7555761,ADC1,0,servo_1,A,2.051
1770055252.8060703,THERM,0,motor_temp,C,31.95
1770055252.8565247,ADC2,0,bus_voltage,V,10.524
1770055252.9071043,THERM,0,motor_temp,C,45.015
1770055252.95958,ADC1,0,servo_1,A,1.471
1770055253.010369,ADC1,1,servo_2,A,1.102
1770055253.0613532,THERM,0,motor_temp,C,59.594
1770055253.1136599,ADC1,1,servo_2,A,1.076
1770055253.1641603,ADC1,0,servo_1,A,1.676
1770055253.2147608,ADC1,0,servo_1,A,2.253
1770055253.2653482,ADC2,0,bus_voltage,V,12.501
1770055253.3161082,ADC1,0,servo_1,A,0.467
1770055253.3685186,ADC2,0,bus_voltage,V,11.364
1770055253.4189577,ADC1,0,servo_1,A,2.479
1770055253.4697318,ADC1,0,servo_1,A,1.277
1770055253.5205934,THERM,0,motor_temp,C,46.836
1770055253.5710783,ADC1,1,servo_2,A,0.839
1770055253.6218061,THERM,0,motor_temp,C,62.09
1770055253.6725905,ADC2,0,bus_voltage,V,11.193
1770055253.7240968,THERM,0,motor_temp,C,53.181
1770055253.7755866,ADC1,1,servo_2,A,1.447
1770055253.8261669,ADC1,1,servo_2,A,0.465
1770055253.876602,THERM,0,motor_temp,C,45.661
1770055253.9275558,ADC1,0,servo_1,A,0.268
1770055253.9789014,ADC1,1,servo_2,A,0.814
1770055254.02992,ADC1,0,servo_1,A,0.63
1770055254.080548,ADC1,1,servo_2,A,2.341
1770055254.1316557,ADC1,1,servo_2,A,2.196
1770055254.1823688,ADC1,0,servo_1,A,1.344
1770055254.2326853,ADC1,0,servo_1,A,2.121
1770055254.2833023,ADC1,0,servo_1,A,1.455
1770055254.3339562,ADC1,1,servo_2,A,1.881
1770055254.3848262,ADC1,1,servo_2,A,2.263
1770055254.4356117,ADC2,0,bus_voltage,V,11.558
1770055254.486208,ADC2,0,bus_voltage,V,10.384
1770055254.5367732,ADC1,0,servo_1,A,2.498
1770055254.5875103,ADC1,1,servo_2,A,1.689
1770055254.6390886,ADC1,1,servo_2,A,0.361
1770055254.689769,ADC1,0,servo_1,A,0.231
1770055254.743015,THERM,0,motor_temp,C,51.2
1770055254.7932987,THERM,0,motor_temp,C,49.54
1770055254.8441865,THERM,0,motor_temp,C,67.66
1770055254.9063036,ADC1,1,servo_2,A,1.997
1770055254.9577892,ADC1,0,servo_1,A,2.002
1770055255.0085647,ADC2,0,bus_voltage,V,12.273
1770055255.0598702,ADC2,0,bus_voltage,V,12.006
1770055255.110736,ADC2,0,bus_voltage,V,10.073
1770055255.1612136,THERM,0,motor_temp,C,26.369
1770055255.2118115,ADC1,1,servo_2,A,2.256
1770055255.2624474,ADC1,0,servo_1,A,0.232
1770055255.3128014,THERM,0,motor_temp,C,65.46
1770055255.363421,ADC1,1,servo_2,A,2.291
1770055255.4141529,ADC1,0,servo_1,A,1.019
1770055255.4648447,THERM,0,motor_temp,C,40.607
1770055255.5152447,ADC2,0,bus_voltage,V,12.081
1770055255.5660772,THERM,0,motor_temp,C,54.263
1770055255.6164577,ADC1,1,servo_2,A,1.243
1770055255.667256,ADC1,0,servo_1,A,1.248
1770055255.7176647,ADC1,1,servo_2,A,1.714
1770055255.768184,ADC1,0,servo_1,A,1.973
1770055255.818488,ADC1,0,servo_1,A,1.51
1770055255.8696816,ADC1,0,servo_1,A,0.915
1770055255.9199767,ADC2,0,bus_voltage,V,12.447
1770055255.970305,ADC1,0,servo_1,A,1.192
1770055256.0208561,ADC1,0,servo_1,A,1.195
1770055256.0713859,ADC1,0,servo_1,A,1.475
1770055256.121685,THERM,0,motor_temp,C,56.667
1770055256.1723535,ADC1,1,servo_2,A,1.319
1770055256.2231424,THERM,0,motor_temp,C,52.72
1770055256.2735445,ADC1,0,servo_1,A,0.837
1770055256.3240778,THERM,0,motor_temp,C,59.874
1770055256.3748617,ADC2,0,bus_voltage,V,11.315
1770055256.4256177,ADC1,1,servo_2,A,0.794
1770055256.476293,THERM,0,motor_temp,C,34.498
1770055256.5268426,ADC2,0,bus_voltage,V,12.264
1770055256.579366,ADC1,0,servo_1,A,1.94
1770055256.6318514,ADC2,0,bus_voltage,V,12.516
1770055256.6824124,ADC1,0,servo_1,A,1.79
1770055256.7350836,THERM,0,motor_temp,C,50.458
1770055256.7863734,ADC1,1,servo_2,A,1.596
1770055256.836797,ADC1,0,servo_1,A,1.208
1770055256.8873138,ADC1,0,servo_1,A,1.463
1770055256.9378707,THERM,0,motor_temp,C,44.355
1770055256.9898593,ADC1,1,servo_2,A,1.96
1770055257.0406473,ADC2,0,bus_voltage,V,10.94
1770055257.091228,ADC1,0,servo_1,A,2.206
1770055257.1423638,THERM,0,motor_temp,C,69.098
1770055257.1930878,THERM,0,motor_temp,C,67.597
1770055257.2435207,ADC1,1,servo_2,A,1.309
1770055257.2939649,ADC1,0,servo_1,A,2.205
1770055257.3442988,THERM,0,motor_temp,C,42.15
1770055257.3947902,THERM,0,motor_temp,C,58.96
1770055257.4455018,ADC1,1,servo_2,A,0.431
1770055257.496251,ADC1,1,servo_2,A,1.163
1770055257.5468917,THERM,0,motor_temp,C,58.307
1770055257.5972977,ADC2,0,bus_voltage,V,11.905
1770055257.649308,THERM,0,motor_temp,C,63.263
1770055257.6997428,ADC2,0,bus_voltage,V,11.35
1770055257.7501419,ADC1,0,servo_1,A,1.51
1770055257.802508,ADC1,1,servo_2,A,0.287
1770055257.8532352,ADC1,1,servo_2,A,1.749
1770055257.9039056,ADC1,0,servo_1,A,1.324
1770055257.9543407,ADC1,0,servo_1,A,2.334
1770055258.0059497,ADC1,0,servo_1,A,1.54
1770055258.0587444,ADC2,0,bus_voltage,V,12.371
1770055258.109243,THERM,0,motor_temp,C,35.444
1770055258.1596937,ADC1,0,servo_1,A,1.616
1770055258.211088,ADC2,0,bus_voltage,V,10.285
1770055258.2614138,ADC1,1,servo_2,A,0.91
1770055258.3122153,ADC2,0,bus_voltage,V,10.314
1770055258.362838,THERM,0,motor_temp,C,38.528
1770055258.4135935,ADC1,1,servo_2,A,0.988
1770055258.464324,ADC1,0,servo_1,A,1.591
1770055258.5149837,ADC1,0,servo_1,A,2.33
1770055258.5656326,ADC1,0,servo_1,A,2.208
1770055258.616242,ADC2,0,bus_voltage,V,11.543
1770055258.666682,THERM,0,motor_temp,C,38.57
1770055258.7170742,ADC2,0,bus_voltage,V,11.259
1770055258.7675226,ADC2,0,bus_voltage,V,10.956
1770055258.818736,ADC2,0,bus_voltage,V,12.255
1770055258.8696592,THERM,0,motor_temp,C,43.318
1770055258.920088,ADC2,0,bus_voltage,V,12.394
1770055258.970592,THERM,0,motor_temp,C,61.422
1770055259.0212054,THERM,0,motor_temp,C,44.298
1770055259.0733812,ADC1,1,servo_2,A,0.691
1770055259.1242292,ADC1,1,servo_2,A,0.33
1770055259.1746292,ADC2,0,bus_voltage,V,12.484
1770055259.2253962,ADC1,0,servo_1,A,0.526
1770055259.2759132,ADC2,0,bus_voltage,V,10.055
1770055259.3266702,THERM,0,motor_temp,C,44.89
1770055259.3772235,THERM,0,motor_temp,C,53.793
1770055259.4275022,ADC1,0,servo_1,A,2.029
1770055259.4778688,ADC1,0,servo_1,A,2.175
1770055259.5285888,ADC1,1,servo_2,A,1.994
1770055259.5792859,ADC1,0,servo_1,A,0.247
1770055259.6295626,THERM,0,motor_temp,C,29.924
1770055259.680481,ADC1,0,servo_1,A,1.63
1770055259.7313418,THERM,0,motor_temp,C,41.448
1770055259.7819963,ADC1,0,servo_1,A,1.408
1770055259.8335204,ADC1,0,servo_1,A,1.824
1770055259.8841467,ADC1,1,servo_2,A,2.216
1770055259.9349923,ADC2,0,bus_voltage,V,11.115
1770055259.9856048,ADC2,0,bus_voltage,V,10.391
1770055260.0372422,ADC1,1,servo_2,A,0.446
1770055260.0898428,ADC1,1,servo_2,A,2.072
1770055260.140612,ADC2,0,bus_voltage,V,10.888
1770055260.1909735,ADC2,0,bus_voltage,V,10.983
1770055260.2416387,ADC1,1,servo_2,A,2.297
1770055260.2924542,ADC1,0,servo_1,A,1.764
1770055260.3427978,ADC2,0,bus_voltage,V,12.007
1770055260.3934727,ADC1,1,servo_2,A,0.743
1770055260.4465337,ADC1,0,servo_1,A,0.401
1770055260.4971113,ADC1,1,servo_2,A,1.502
1770055260.5474908,ADC1,1,servo_2,A,1.069
1770055260.5979862,ADC1,1,servo_2,A,2.307
1770055260.648494,THERM,0,motor_temp,C,58.605
1770055260.6992846,ADC1,0,servo_1,A,1.697
1770055260.7508206,ADC1,1,servo_2,A,2.314
1770055260.8015897,THERM,0,motor_temp,C,58.587
1770055260.851876,ADC2,0,bus_voltage,V,12.172
1770055260.903349,ADC2,0,bus_voltage,V,12.344
1770055260.9538653,ADC1,0,servo_1,A,0.619
1770055261.0044284,THERM,0,motor_temp,C,68.737
1770055261.0546598,ADC2,0,bus_voltage,V,12.586
1770055261.105911,ADC2,0,bus_voltage,V,11.836
1770055261.1577246,ADC2,0,bus_voltage,V,11.247
1770055261.208167,ADC1,0,servo_1,A,1.104
1770055261.258902,ADC1,0,servo_1,A,0.783
1770055261.3097103,ADC1,0,servo_1,A,1.556
1770055261.3603425,ADC1,1,servo_2,A,2.071
1770055261.4109075,ADC2,0,bus_voltage,V,10.029
1770055261.4615843,ADC1,0,servo_1,A,1.782
1770055261.5122619,ADC1,0,servo_1,A,1.786
1770055261.5629683,ADC1,0,servo_1,A,1.636
1770055261.6134753,THERM,0,motor_temp,C,57.446
1770055261.663831,THERM,0,motor_temp,C,40.299
1770055261.714179,ADC1,0,servo_1,A,2.497
1770055261.7648642,ADC1,0,servo_1,A,1.568
1770055261.8153756,THERM,0,motor_temp,C,36.309
1770055261.8658211,ADC1,0,servo_1,A,0.31
1770055261.916508,ADC1,1,servo_2,A,1.882
1770055261.9671412,THERM,0,motor_temp,C,61.583
1770055262.017968,ADC1,1,servo_2,A,0.998
1770055262.070159,THERM,0,motor_temp,C,32.169
1770055262.1212628,ADC1,1,servo_2,A,1.897
1770055262.1720405,ADC1,0,servo_1,A,0.796
1770055262.2226434,ADC2,0,bus_voltage,V,11.07
1770055262.2737389,THERM,0,motor_temp,C,29.675
1770055262.3244412,ADC1,0,servo_1,A,0.281
1770055262.3747985,ADC1,1,servo_2,A,0.314
1770055262.4253469,ADC1,1,servo_2,A,0.401
1770055262.4757898,ADC2,0,bus_voltage,V,12.153
1770055262.5264237,ADC2,0,bus_voltage,V,12.478
1770055262.5772383,ADC1,1,servo_2,A,1.271
1770055262.6279662,ADC1,0,servo_1,A,2.214
1770055262.6785781,THERM,0,motor_temp,C,64.608
1770055262.7293403,THERM,0,motor_temp,C,36.453
1770055262.780125,ADC1,1,servo_2,A,0.48
1770055262.83284,ADC2,0,bus_voltage,V,12.262
1770055262.884187,ADC2,0,bus_voltage,V,10.015
1770055262.9346352,THERM,0,motor_temp,C,67.245
1770055262.9855309,ADC2,0,bus_voltage,V,12.391
1770055263.0362453,ADC1,1,servo_2,A,0.368
1770055263.0897646,ADC2,0,bus_voltage,V,10.735
1770055263.1435676,ADC1,0,servo_1,A,1.12
1770055263.194667,THERM,0,motor_temp,C,53.153
1770055263.2460341,THERM,0,motor_temp,C,31.945
1770055263.2963805,ADC2,0,bus_voltage,V,10.625
1770055263.3466508,ADC2,0,bus_voltage,V,11.79
1770055263.3970554,ADC2,0,bus_voltage,V,11.046
1770055263.4477005,ADC1,1,servo_2,A,2.115
1770055263.4984267,THERM,0,motor_temp,C,25.064
1770055263.5490086,THERM,0,motor_temp,C,52.098
1770055263.5997272,ADC1,1,servo_2,A,2.207
1770055263.650328,THERM,0,motor_temp,C,60.749
1770055263.7012346,ADC1,0,servo_1,A,1.987
1770055263.7519739,ADC2,0,bus_voltage,V,11.906
1770055263.8028283,ADC2,0,bus_voltage,V,10.037
1770055263.8534262,ADC1,0,servo_1,A,0.578
1770055263.9040768,ADC1,0,servo_1,A,1.195
1770055263.9553585,ADC1,0,servo_1,A,0.813
1770055264.005822,ADC2,0,bus_voltage,V,10.169
1770055264.0566258,ADC1,1,servo_2,A,2.391
1770055264.107578,ADC2,0,bus_voltage,V,12.13
1770055264.158501,ADC1,1,servo_2,A,2.364
1770055264.2093318,ADC2,0,bus_voltage,V,11.267
1770055264.2602103,ADC2,0,bus_voltage,V,12.228
1770055264.311025,THERM,0,motor_temp,C,36.307
1770055264.3618803,ADC1,0,servo_1,A,0.998
1770055264.4126203,ADC1,0,servo_1,A,1.44
1770055264.463041,ADC1,0,servo_1,A,0.861
1770055264.513912,ADC1,0,servo_1,A,2.058
1770055264.5645506,THERM,0,motor_temp,C,54.699
1770055264.6151018,ADC1,1,servo_2,A,1.387
1770055264.6668813,ADC1,0,servo_1,A,1.057
1770055264.7173097,THERM,0,motor_temp,C,46.185
1770055264.7683678,THERM,0,motor_temp,C,34.548
1770055264.8190367,ADC1,0,servo_1,A,2.094
1770055264.869474,ADC2,0,bus_voltage,V,10.421
1770055264.9253507,ADC2,0,bus_voltage,V,11.463
1770055264.976128,ADC1,0,servo_1,A,0.929
1770055265.0273774,ADC1,0,servo_1,A,1.254
1770055265.0780928,ADC1,0,servo_1,A,0.648
1770055265.1288886,THERM,0,motor_temp,C,42.258
1770055265.1797092,ADC1,1,servo_2,A,0.658
1770055265.2312925,ADC2,0,bus_voltage,V,12.319
1770055265.28182,ADC2,0,bus_voltage,V,10.297
1770055265.333372,ADC2,0,bus_voltage,V,11.851
1770055265.3839705,ADC2,0,bus_voltage,V,10.329
1770055265.4344983,ADC1,0,servo_1,A,1.081
1770055265.484892,ADC1,0,servo_1,A,1.2
1770055265.535393,ADC1,0,servo_1,A,1.946
1770055265.585924,THERM,0,motor_temp,C,46.449
1770055265.6364875,ADC1,0,servo_1,A,1.868
1770055265.6868508,ADC1,0,servo_1,A,0.842
1770055265.7375762,ADC1,1,servo_2,A,0.829
1770055265.788288,ADC1,1,servo_2,A,1.601
1770055265.839014,ADC2,0,bus_voltage,V,10.755
1770055265.8895245,ADC1,0,servo_1,A,1.996
1770055265.939965,ADC1,1,servo_2,A,0.594
1770055265.9904604,ADC1,1,servo_2,A,1.71
1770055266.042665,ADC2,0,bus_voltage,V,10.77
1770055266.0953422,ADC1,1,servo_2,A,1.435
1770055266.1457176,ADC2,0,bus_voltage,V,11.653
1770055266.1981266,ADC1,0,servo_1,A,0.46
1770055266.2487855,ADC1,0,servo_1,A,0.465
1770055266.2991965,ADC2,0,bus_voltage,V,11.598
1770055266.350265,THERM,0,motor_temp,C,62.191
1770055266.4008534,THERM,0,motor_temp,C,65.689
1770055266.4516807,ADC2,0,bus_voltage,V,12.387
1770055266.5023518,THERM,0,motor_temp,C,52.128
1770055266.5528092,THERM,0,motor_temp,C,58.492
1770055266.603544,ADC2,0,bus_voltage,V,11.09
1770055266.6542735,ADC2,0,bus_voltage,V,12.002
1770055266.7047718,ADC1,1,servo_2,A,0.971
1770055266.7552476,ADC1,1,servo_2,A,2.135
1770055266.8056333,THERM,0,motor_temp,C,65.893
1770055266.8561206,ADC2,0,bus_voltage,V,11.714
1770055266.9067578,ADC1,0,servo_1,A,2.228
1770055266.9573226,ADC1,1,servo_2,A,1.288
1770055267.0080302,ADC1,0,servo_1,A,2.345
1770055267.0586164,THERM,0,motor_temp,C,44.255
1770055267.108879,ADC1,1,servo_2,A,1.108
1770055267.159489,ADC1,1,servo_2,A,1.424
1770055267.2102067,ADC1,1,servo_2,A,2.495
1770055267.261093,ADC1,1,servo_2,A,2.206
1770055267.3118942,ADC2,0,bus_voltage,V,11.149
1770055267.3627005,ADC1,1,servo_2,A,1.076
1770055267.4133635,ADC1,1,servo_2,A,1.589
1770055267.4640906,ADC2,0,bus_voltage,V,10.91
1770055267.5151224,THERM,0,motor_temp,C,64.071
1770055267.565891,THERM,0,motor_temp,C,39.698
1770055267.6165965,ADC2,0,bus_voltage,V,10.653
1770055267.6670723,ADC1,1,servo_2,A,2.111
1770055267.7174027,ADC1,0,servo_1,A,0.647
1770055267.767967,ADC1,0,servo_1,A,0.404
1770055267.8188303,THERM,0,motor_temp,C,39.48
1770055267.869133,ADC1,0,servo_1,A,1.375
1770055267.9202404,THERM,0,motor_temp,C,25.597
1770055267.970995,ADC1,1,servo_2,A,1.365
1770055268.0217676,ADC2,0,bus_voltage,V,10.609
1770055268.0720983,ADC1,0,servo_1,A,0.57
1770055268.122806,THERM,0,motor_temp,C,56.623
1770055268.173283,ADC1,1,servo_2,A,0.854
1770055268.2240732,ADC2,0,bus_voltage,V,12.527
1770055268.2748132,ADC1,0,servo_1,A,1.604
1770055268.325212,ADC1,0,servo_1,A,1.369
1770055268.3760834,ADC2,0,bus_voltage,V,10.815
1770055268.4265184,ADC2,0,bus_voltage,V,11.068
1770055268.4769914,THERM,0,motor_temp,C,43.119
1770055268.527453,ADC1,1,servo_2,A,2.481
1770055268.5781069,ADC2,0,bus_voltage,V,10.649
1770055268.6284094,ADC1,1,servo_2,A,0.776
1770055268.6790442,THERM,0,motor_temp,C,49.526
1770055268.729525,ADC1,0,servo_1,A,0.444
1770055268.780245,ADC1,0,servo_1,A,1.408
1770055268.8309412,ADC1,0,servo_1,A,1.648
1770055268.8815544,THERM,0,motor_temp,C,29.054
1770055268.9318888,ADC1,1,servo_2,A,1.714
1770055268.9823353,ADC1,0,servo_1,A,1.159
1770055269.0330446,ADC1,0,servo_1,A,1.751
1770055269.0834126,ADC1,1,servo_2,A,0.357
1770055269.1339395,ADC2,0,bus_voltage,V,10.978
1770055269.1846354,THERM,0,motor_temp,C,66.354
1770055269.2353594,ADC2,0,bus_voltage,V,11.399
1770055269.285802,ADC1,1,servo_2,A,2.48
1770055269.3360193,THERM,0,motor_temp,C,25.374
1770055269.3866572,ADC1,1,servo_2,A,0.333
1770055269.4369853,ADC2,0,bus_voltage,V,10.13
1770055269.4874587,THERM,0,motor_temp,C,26.286
1770055269.5380454,ADC2,0,bus_voltage,V,10.105
1770055269.5885699,ADC1,0,servo_1,A,1.601
1770055269.6391845,ADC2,0,bus_voltage,V,10.075
1770055269.690726,ADC1,0,servo_1,A,1.349
1770055269.748404,ADC1,0,servo_1,A,0.237
1770055269.7999396,ADC2,0,bus_voltage,V,11.21
1770055269.8507962,ADC2,0,bus_voltage,V,10.888
1770055269.9017186,ADC1,1,servo_2,A,1.634
1770055269.9523773,ADC1,0,servo_1,A,0.961
1770055270.0030534,THERM,0,motor_temp,C,54.822
1770055270.0551875,ADC1,1,servo_2,A,2.307
1770055270.1056561,ADC1,1,servo_2,A,2.398
1770055270.1560693,ADC1,1,servo_2,A,1.162
1770055270.2077696,ADC1,1,servo_2,A,2.463
1770055270.2581387,ADC1,1,servo_2,A,0.496
1770055270.308678,ADC1,0,servo_1,A,1.707
1770055270.3605647,THERM,0,motor_temp,C,56.4
1770055270.4113886,ADC1,1,servo_2,A,1.722
1770055270.4620538,ADC1,1,servo_2,A,2.315
1770055270.5128129,THERM,0,motor_temp,C,37.242
1770055270.5645642,ADC1,1,servo_2,A,1.579
1770055270.6152992,ADC1,1,servo_2,A,1.605
1770055270.669151,THERM,0,motor_temp,C,56.841
1770055270.71997,ADC1,0,servo_1,A,0.667
1770055270.7707243,ADC1,0,servo_1,A,0.375
1770055270.8221724,ADC1,1,servo_2,A,0.433
1770055270.8755476,THERM,0,motor_temp,C,29.59
1770055270.9261713,THERM,0,motor_temp,C,44.388
1770055270.9765732,ADC1,0,servo_1,A,0.617
1770055271.0270007,ADC2,0,bus_voltage,V,10.321
1770055271.0776732,ADC1,1,servo_2,A,1.573
1770055271.1283891,THERM,0,motor_temp,C,34.719
1770055271.1789968,ADC1,1,servo_2,A,1.559
1770055271.2296617,ADC1,0,servo_1,A,1.832
1770055271.2807245,ADC2,0,bus_voltage,V,11.887
1770055271.3313015,THERM,0,motor_temp,C,41.81
1770055271.3819814,ADC2,0,bus_voltage,V,12.522
1770055271.4324384,ADC1,1,servo_2,A,2.46
1770055271.48329,ADC2,0,bus_voltage,V,12.323
1770055271.5339077,ADC2,0,bus_voltage,V,11.744
1770055271.5844724,ADC2,0,bus_voltage,V,10.309
1770055271.6348107,ADC1,0,servo_1,A,0.618
1770055271.6887784,THERM,0,motor_temp,C,31.859
1770055271.7393088,THERM,0,motor_temp,C,50.309
1770055271.7925708,ADC1,0,servo_1,A,2.407
1770055271.8434792,ADC2,0,bus_voltage,V,12.503
1770055271.893949,THERM,0,motor_temp,C,32.03
1770055271.9465656,ADC2,0,bus_voltage,V,10.768
1770055271.9970407,ADC2,0,bus_voltage,V,11.54
1770055272.0475738,ADC2,0,bus_voltage,V,11.208
1770055272.0980847,ADC1,0,servo_1,A,0.203
1770055272.1484134,ADC1,0,servo_1,A,2.298
1770055272.1987708,ADC1,1,servo_2,A,2.483
1770055272.2493846,ADC2,0,bus_voltage,V,11.431
1770055272.2998652,ADC2,0,bus_voltage,V,10.077
1770055272.3505456,ADC1,1,servo_2,A,0.592
1770055272.4012766,ADC2,0,bus_voltage,V,12.541
1770055272.4519055,ADC1,0,servo_1,A,0.841
1770055272.5024972,ADC1,1,servo_2,A,0.451
1770055272.5530887,ADC1,0,servo_1,A,0.656
1770055272.603829,ADC1,0,servo_1,A,1.384
1770055272.655198,ADC1,0,servo_1,A,1.128
1770055272.7055755,ADC1,1,servo_2,A,1.719
1770055272.755889,THERM,0,motor_temp,C,44.787
1770055272.8072047,ADC2,0,bus_voltage,V,11.46
1770055272.8579705,ADC1,0,servo_1,A,0.523
1770055272.9122815,ADC2,0,bus_voltage,V,11.59
1770055272.963157,THERM,0,motor_temp,C,26.566
1770055273.0147598,ADC1,0,servo_1,A,1.167
1770055273.0651338,ADC1,1,servo_2,A,1.29
1770055273.115635,ADC1,1,servo_2,A,1.793
1770055273.1662722,ADC1,0,servo_1,A,2.072
1770055273.2167928,ADC1,1,servo_2,A,1.393
1770055273.267177,THERM,0,motor_temp,C,67.452
1770055273.3176117,ADC1,0,servo_1,A,0.76
1770055273.3683224,THERM,0,motor_temp,C,61.752
1770055273.4190402,ADC2,0,bus_voltage,V,10.726
1770055273.469933,ADC1,0,servo_1,A,1.791
1770055273.520574,THERM,0,motor_temp,C,39.826
1770055273.57719,ADC2,0,bus_voltage,V,10.827
1770055273.6276762,ADC1,0,servo_1,A,1.329
1770055273.679537,ADC1,0,servo_1,A,1.476
1770055273.7328928,ADC1,1,servo_2,A,0.985
1770055273.7849116,THERM,0,motor_temp,C,36.35
1770055273.8355415,ADC1,1,servo_2,A,1.467
1770055273.8877811,ADC1,0,servo_1,A,0.703
1770055273.9390807,ADC1,1,servo_2,A,2.27
1770055273.9938726,THERM,0,motor_temp,C,48.652
1770055274.0444782,THERM,0,motor_temp,C,45.014
1770055274.0953035,ADC2,0,bus_voltage,V,10.687
1770055274.1460133,ADC1,0,servo_1,A,0.214
1770055274.196832,THERM,0,motor_temp,C,53.794
1770055274.2471755,ADC1,0,servo_1,A,1.491
1770055274.297554,ADC1,1,servo_2,A,0.78
1770055274.347916,ADC1,0,servo_1,A,2.431
1770055274.3985808,ADC1,1,servo_2,A,0.996
1770055274.4492865,ADC1,0,servo_1,A,0.539
1770055274.5000916,ADC1,1,servo_2,A,1.446
1770055274.5504713,ADC1,0,servo_1,A,2.424
1770055274.600928,THERM,0,motor_temp,C,25.419
1770055274.6520798,THERM,0,motor_temp,C,27.872
1770055274.7025955,ADC1,1,servo_2,A,2.14
1770055274.7536225,THERM,0,motor_temp,C,62.128
1770055274.8053565,ADC2,0,bus_voltage,V,10.928
1770055274.8565655,ADC1,0,servo_1,A,2.092
1770055274.907332,THERM,0,motor_temp,C,46.494
1770055274.9577675,ADC1,0,servo_1,A,1.511
1770055275.0085063,ADC1,0,servo_1,A,2.107
1770055275.059558,THERM,0,motor_temp,C,52.401
1770055275.1103055,ADC2,0,bus_voltage,V,12.491
1770055275.16091,ADC1,1,servo_2,A,2.349
1770055275.2112343,ADC1,1,servo_2,A,0.833
1770055275.2645812,THERM,0,motor_temp,C,45.851
1770055275.3390892,ADC1,0,servo_1,A,0.575
1770055275.389987,THERM,0,motor_temp,C,36.888
1770055275.44112,ADC2,0,bus_voltage,V,11.434
1770055275.4916136,ADC1,0,servo_1,A,1.669
1770055275.542152,ADC1,0,servo_1,A,0.763
1770055275.5961764,THERM,0,motor_temp,C,34.394
1770055275.6491435,ADC1,1,servo_2,A,1.711
1770055275.6996639,ADC1,0,servo_1,A,2.332
1770055275.7500696,ADC1,0,servo_1,A,0.808
1770055275.8008008,ADC1,1,servo_2,A,1.992
1770055275.8515446,ADC2,0,bus_voltage,V,10.595
1770055275.9019496,ADC1,1,servo_2,A,0.292
1770055275.9531856,THERM,0,motor_temp,C,27.927
1770055276.0037167,ADC1,0,servo_1,A,2.367
1770055276.0541365,ADC1,0,servo_1,A,2.306
1770055276.104539,ADC1,1,servo_2,A,0.755
1770055276.154995,ADC1,0,servo_1,A,0.27
1770055276.206337,ADC1,0,servo_1,A,2.299
1770055276.2570105,ADC2,0,bus_voltage,V,10.216
1770055276.3072674,ADC2,0,bus_voltage,V,11.184
1770055276.3580644,ADC1,1,servo_2,A,2.327
1770055276.4087303,ADC1,0,servo_1,A,1.168
1770055276.459529,THERM,0,motor_temp,C,42.599
1770055276.509793,ADC2,0,bus_voltage,V,11.366
1770055276.5602434,THERM,0,motor_temp,C,39.075
1770055276.6108422,THERM,0,motor_temp,C,67.804
1770055276.6612265,ADC1,1,servo_2,A,0.417
1770055276.7119083,THERM,0,motor_temp,C,66.644
1770055276.7623541,ADC1,1,servo_2,A,0.82
1770055276.8134952,ADC2,0,bus_voltage,V,11.09
1770055276.8641653,ADC1,0,servo_1,A,0.257
1770055276.9146206,ADC1,1,servo_2,A,1.303
1770055276.9651313,ADC1,0,servo_1,A,2.457
1770055277.0155876,ADC1,0,servo_1,A,0.483
1770055277.0660684,THERM,0,motor_temp,C,25.363
1770055277.1191869,THERM,0,motor_temp,C,35.829
1770055277.1696978,ADC1,1,servo_2,A,1.639
1770055277.2203336,ADC1,1,servo_2,A,1.102
1770055277.2714906,THERM,0,motor_temp,C,26.018
1770055277.3222377,THERM,0,motor_temp,C,43.796
1770055277.372893,ADC2,0,bus_voltage,V,11.707
1770055277.4237816,ADC1,1,servo_2,A,2.417
1770055277.474062,ADC1,0,servo_1,A,1.136
1770055277.5247326,ADC1,1,servo_2,A,1.548
1770055277.575183,THERM,0,motor_temp,C,31.176
1770055277.62602,THERM,0,motor_temp,C,67.471
1770055277.6765466,ADC1,1,servo_2,A,0.553
1770055277.7268982,ADC1,1,servo_2,A,1.097
1770055277.7779675,ADC1,1,servo_2,A,0.652
1770055277.8283918,ADC1,1,servo_2,A,1.55
1770055277.8788402,ADC1,0,servo_1,A,2.26
1770055277.9296772,ADC2,0,bus_voltage,V,10.939
1770055277.9803894,ADC1,0,servo_1,A,0.201
1770055278.0310273,ADC1,1,servo_2,A,1.945
1770055278.0818524,ADC1,0,servo_1,A,1.678
1770055278.132709,ADC1,1,servo_2,A,0.832
1770055278.183019,ADC1,0,servo_1,A,0.958
1770055278.2338355,ADC1,1,servo_2,A,1.405
1770055278.2844157,THERM,0,motor_temp,C,59.945
1770055278.3362267,THERM,0,motor_temp,C,26.575
1770055278.3867857,ADC1,1,servo_2,A,1.088
1770055278.4372416,ADC1,0,servo_1,A,2.176
1770055278.4879696,ADC1,1,servo_2,A,1.475
1770055278.5385098,ADC1,0,servo_1,A,0.662
1770055278.5890656,ADC1,1,servo_2,A,2.16
1770055278.6398468,ADC1,1,servo_2,A,2.037
1770055278.6904774,THERM,0,motor_temp,C,31.122
1770055278.740933,ADC1,0,servo_1,A,1.754
1770055278.7914732,THERM,0,motor_temp,C,63.033
1770055278.842064,ADC1,0,servo_1,A,0.323
1770055278.892992,THERM,0,motor_temp,C,64.924
1770055278.9435685,ADC1,0,servo_1,A,1.698
1770055278.9940112,THERM,0,motor_temp,C,36.76
1770055279.0448053,ADC2,0,bus_voltage,V,10.99
1770055279.0960643,ADC1,1,servo_2,A,1.989
1770055279.1467822,THERM,0,motor_temp,C,51.336
1770055279.1971576,ADC2,0,bus_voltage,V,12.309
1770055279.247807,ADC1,0,servo_1,A,2.198
1770055279.298587,THERM,0,motor_temp,C,48.256
1770055279.348956,ADC2,0,bus_voltage,V,11.238
1770055279.3992226,ADC1,1,servo_2,A,2.081
1770055279.4497635,ADC1,0,servo_1,A,0.438
1770055279.5007634,THERM,0,motor_temp,C,64.724
1770055279.5512826,ADC1,0,servo_1,A,0.819
1770055279.6021168,THERM,0,motor_temp,C,49.04
1770055279.6527772,ADC1,0,servo_1,A,0.691
1770055279.7032912,ADC1,0,servo_1,A,1.054
1770055279.7539444,ADC1,0,servo_1,A,2.049
1770055279.8044796,ADC1,0,servo_1,A,1.424
1770055279.855102,ADC2,0,bus_voltage,V,10.46
1770055279.9056947,ADC2,0,bus_voltage,V,10.484
1770055279.9561465,THERM,0,motor_temp,C,62.369
1770055280.0066016,ADC1,0,servo_1,A,1.59
1770055280.0573514,ADC1,0,servo_1,A,1.012
1770055280.1080291,ADC2,0,bus_voltage,V,11.461
1770055280.1593013,ADC1,1,servo_2,A,2.164
1770055280.2097979,ADC1,1,servo_2,A,2.49
1770055280.2605333,ADC1,1,servo_2,A,1.522
1770055280.3113282,ADC1,0,servo_1,A,2.084
1770055280.3620322,THERM,0,motor_temp,C,50.916
1770055280.4132173,ADC2,0,bus_voltage,V,11.658
1770055280.4638186,ADC1,0,servo_1,A,1.112
1770055280.5144303,ADC1,1,servo_2,A,2.145
1770055280.5648937,ADC1,0,servo_1,A,0.268
1770055280.6154182,ADC1,1,servo_2,A,2.054
1770055280.666101,ADC1,0,servo_1,A,1.81
1770055280.7165277,ADC2,0,bus_voltage,V,11.292
1770055280.7669754,THERM,0,motor_temp,C,51.135
1770055280.8172908,THERM,0,motor_temp,C,38.531
1770055280.8684056,ADC1,0,servo_1,A,1.715
1770055280.9190395,ADC2,0,bus_voltage,V,12.152
1770055280.9697952,ADC2,0,bus_voltage,V,10.898
1770055281.0203032,ADC1,0,servo_1,A,0.314
1770055281.070875,ADC2,0,bus_voltage,V,10.583
1770055281.1216538,ADC1,0,servo_1,A,1.549
1770055281.172272,ADC1,1,servo_2,A,0.751
1770055281.2229898,THERM,0,motor_temp,C,52.708
1770055281.27353,ADC1,0,servo_1,A,0.459
1770055281.3240235,ADC2,0,bus_voltage,V,11.206
1770055281.3744085,ADC2,0,bus_voltage,V,11.406
1770055281.424984,ADC1,1,servo_2,A,1.71
1770055281.4753315,ADC2,0,bus_voltage,V,10.803
1770055281.526531,ADC1,1,servo_2,A,2.188
1770055281.576853,ADC1,0,servo_1,A,1.576
1770055281.6275048,ADC2,0,bus_voltage,V,12.189
1770055281.6777513,ADC2,0,bus_voltage,V,11.068
1770055281.7282426,ADC2,0,bus_voltage,V,10.673
1770055281.7787123,ADC2,0,bus_voltage,V,11.922
1770055281.8293304,ADC1,0,servo_1,A,0.417
1770055281.8799195,ADC2,0,bus_voltage,V,10.612
1770055281.9302905,ADC1,0,servo_1,A,0.469
1770055281.9806147,ADC1,0,servo_1,A,0.365
1770055282.031267,ADC2,0,bus_voltage,V,12.01
1770055282.081857,ADC1,1,servo_2,A,2.449
1770055282.1325588,THERM,0,motor_temp,C,44.625
1770055282.1830103,ADC2,0,bus_voltage,V,11.636
1770055282.2361732,ADC1,0,servo_1,A,1.526
1770055282.2874794,ADC1,0,servo_1,A,2.305
1770055282.3390965,THERM,0,motor_temp,C,50.674
1770055282.3894866,ADC1,0,servo_1,A,0.904
1770055282.4398787,THERM,0,motor_temp,C,37.916
1770055282.4904761,ADC1,0,servo_1,A,2.13
1770055282.5411716,ADC1,0,servo_1,A,1.096
1770055282.591953,ADC1,1,servo_2,A,2.452
1770055282.642351,ADC1,0,servo_1,A,1.408
1770055282.6928844,ADC1,0,servo_1,A,2.438
1770055282.7433052,ADC1,0,servo_1,A,1.511
1770055282.7941499,ADC1,0,servo_1,A,1.173
1770055282.8446453,ADC2,0,bus_voltage,V,12.498
1770055282.8950782,ADC2,0,bus_voltage,V,10.103
1770055282.9474652,THERM,0,motor_temp,C,28.594
1770055282.998241,ADC1,0,servo_1,A,0.219
1770055283.050067,ADC2,0,bus_voltage,V,11.638
1770055283.1015232,ADC1,0,servo_1,A,1.287
1770055283.1524363,ADC1,1,servo_2,A,1.668
1770055283.2029707,THERM,0,motor_temp,C,55.425
1770055283.2536063,THERM,0,motor_temp,C,58.889
1770055283.3043835,ADC1,1,servo_2,A,2.495
1770055283.3546987,THERM,0,motor_temp,C,30.943
1770055283.4050775,ADC1,0,servo_1,A,0.521
1770055283.4557574,ADC1,1,servo_2,A,1.014
1770055283.5060863,ADC1,1,servo_2,A,1.204
1770055283.5568502,ADC2,0,bus_voltage,V,11.889
1770055283.6073346,ADC1,1,servo_2,A,0.967
1770055283.6578548,ADC2,0,bus_voltage,V,11.951
1770055283.7086926,ADC1,0,servo_1,A,0.85
1770055283.7592807,THERM,0,motor_temp,C,65.228
1770055283.809859,ADC2,0,bus_voltage,V,11.376
1770055283.8604767,ADC1,0,servo_1,A,1.496
1770055283.9115586,THERM,0,motor_temp,C,36.325
1770055283.9637492,ADC1,1,servo_2,A,1.195
1770055284.0148747,THERM,0,motor_temp,C,49.651
1770055284.0653882,THERM,0,motor_temp,C,32.89
1770055284.1159692,ADC2,0,bus_voltage,V,12.277
1770055284.167293,THERM,0,motor_temp,C,31.669
1770055284.2180874,THERM,0,motor_temp,C,63.598
1770055284.268843,ADC1,1,servo_2,A,1.257
1770055284.3193069,ADC1,1,servo_2,A,1.078
1770055284.3699546,THERM,0,motor_temp,C,46.183
1770055284.42065,ADC2,0,bus_voltage,V,11.588
1770055284.4709299,ADC2,0,bus_voltage,V,11.548
1770055284.5213838,ADC2,0,bus_voltage,V,12.015
1770055284.5721467,ADC1,1,servo_2,A,1.832
1770055284.6226773,ADC1,1,servo_2,A,2.345
1770055284.6731834,ADC1,0,servo_1,A,0.966
1770055284.7239256,THERM,0,motor_temp,C,50.619
1770055284.7743585,THERM,0,motor_temp,C,61.548
1770055284.8249426,THERM,0,motor_temp,C,65.502
1770055284.875575,THERM,0,motor_temp,C,57.843
1770055284.926242,ADC2,0,bus_voltage,V,12.23
1770055284.9765806,ADC2,0,bus_voltage,V,10.003
1770055285.0272825,THERM,0,motor_temp,C,42.811
1770055285.077968,ADC1,1,servo_2,A,0.618
1770055285.1287642,ADC1,1,servo_2,A,2.022
1770055285.1794765,ADC2,0,bus_voltage,V,11.301
1770055285.230449,THERM,0,motor_temp,C,43.494
1770055285.2817419,ADC1,1,servo_2,A,2.062
1770055285.332701,THERM,0,motor_temp,C,66.984
1770055285.383566,ADC1,1,servo_2,A,0.992
1770055285.4339647,THERM,0,motor_temp,C,40.178
1770055285.4847572,ADC1,0,servo_1,A,0.625
1770055285.5352733,ADC2,0,bus_voltage,V,12.449
1770055285.5858393,ADC2,0,bus_voltage,V,10.883
1770055285.6364794,ADC1,0,servo_1,A,0.573
1770055285.686815,THERM,0,motor_temp,C,64.467
1770055285.737163,ADC1,1,servo_2,A,0.453
1770055285.787721,ADC1,1,servo_2,A,2.321
1770055285.8413272,ADC2,0,bus_voltage,V,11.986
1770055285.8925865,THERM,0,motor_temp,C,54.132
1770055285.9434946,ADC1,1,servo_2,A,2.342
1770055285.9943075,ADC2,0,bus_voltage,V,11.647
1770055286.0452478,ADC1,0,servo_1,A,1.814
1770055286.0959296,THERM,0,motor_temp,C,37.96
1770055286.1465628,ADC1,0,servo_1,A,1.88
1770055286.1971636,ADC1,1,servo_2,A,1.779
1770055286.2475584,ADC2,0,bus_voltage,V,10.433
1770055286.2979636,ADC1,0,servo_1,A,1.196
1770055286.3486867,ADC1,1,servo_2,A,0.37
1770055286.3993425,ADC2,0,bus_voltage,V,11.375
1770055286.4500303,ADC1,0,servo_1,A,2.323
1770055286.500674,ADC2,0,bus_voltage,V,11.251
1770055286.5515053,ADC1,1,servo_2,A,1.361
1770055286.602105,ADC1,1,servo_2,A,1.756
1770055286.6535692,ADC2,0,bus_voltage,V,10.501
1770055286.7048202,THERM,0,motor_temp,C,53.017
1770055286.7560635,ADC2,0,bus_voltage,V,12.322
1770055286.8066797,ADC1,0,servo_1,A,1.025
1770055286.8602395,THERM,0,motor_temp,C,58.137
1770055286.9106014,ADC1,1,servo_2,A,0.32
1770055286.9611032,ADC2,0,bus_voltage,V,12.205
1770055287.0117455,THERM,0,motor_temp,C,39.209
1770055287.0627215,ADC1,0,servo_1,A,1.207
1770055287.11308,ADC2,0,bus_voltage,V,11.176
1770055287.1634207,ADC2,0,bus_voltage,V,11.228
1770055287.2201645,ADC1,1,servo_2,A,2.058
1770055287.271221,THERM,0,motor_temp,C,64.158
1770055287.3220327,THERM,0,motor_temp,C,26.155
1770055287.3726528,ADC2,0,bus_voltage,V,11.22
1770055287.4232814,ADC1,0,servo_1,A,2.141
1770055287.4740481,THERM,0,motor_temp,C,46.089
1770055287.5247278,THERM,0,motor_temp,C,40.659
1770055287.5754435,THERM,0,motor_temp,C,44.715
1770055287.633647,ADC2,0,bus_voltage,V,12.21
1770055287.6842422,THERM,0,motor_temp,C,54.639
1770055287.7353141,ADC1,1,servo_2,A,0.56
1770055287.7856984,ADC1,0,servo_1,A,0.593
1770055287.836285,ADC2,0,bus_voltage,V,11.835
1770055287.886945,ADC1,1,servo_2,A,1.2
1770055287.9381807,THERM,0,motor_temp,C,61.188
1770055287.9887562,ADC1,0,servo_1,A,0.494
1770055288.039342,THERM,0,motor_temp,C,26.54
1770055288.0897665,ADC2,0,bus_voltage,V,10.174
1770055288.1402078,ADC1,1,servo_2,A,1.367
1770055288.1911438,ADC1,1,servo_2,A,0.306
1770055288.2418776,THERM,0,motor_temp,C,46.153
1770055288.292863,ADC2,0,bus_voltage,V,10.496
1770055288.3438044,THERM,0,motor_temp,C,62.661
1770055288.3941908,ADC2,0,bus_voltage,V,10.64
1770055288.4446945,ADC1,0,servo_1,A,1.084
1770055288.4949718,ADC1,0,servo_1,A,1.041
1770055288.545333,ADC2,0,bus_voltage,V,12.256
1770055288.5958009,ADC1,1,servo_2,A,0.33
1770055288.6461499,ADC1,1,servo_2,A,2.485
1770055288.6967053,THERM,0,motor_temp,C,29.066
1770055288.7508724,THERM,0,motor_temp,C,39.251
1770055288.8022277,ADC1,0,servo_1,A,2.043
1770055288.8525743,ADC1,1,servo_2,A,1.64
1770055288.9030483,ADC1,1,servo_2,A,0.806
1770055288.9536164,ADC1,0,servo_1,A,0.829
1770055289.005141,THERM,0,motor_temp,C,44.105
1770055289.0560546,ADC1,0,servo_1,A,1.643
1770055289.1067505,ADC1,0,servo_1,A,1.014
1770055289.1571455,ADC1,1,servo_2,A,0.502
1770055289.2080014,ADC1,1,servo_2,A,1.516
1770055289.258762,ADC1,0,servo_1,A,2.035
1770055289.309344,ADC1,0,servo_1,A,1.922
1770055289.3598921,ADC1,0,servo_1,A,2.177
1770055289.4107513,ADC1,1,servo_2,A,1.948
1770055289.4618466,ADC2,0,bus_voltage,V,10.789
1770055289.5129216,ADC1,0,servo_1,A,2.039
1770055289.5675914,THERM,0,motor_temp,C,61.245
1770055289.6181865,ADC2,0,bus_voltage,V,10.834
1770055289.6686282,ADC2,0,bus_voltage,V,11.871
1770055289.719402,THERM,0,motor_temp,C,27.735
1770055289.7841454,ADC1,0,servo_1,A,0.305
1770055289.8350706,ADC1,1,servo_2,A,2.3
1770055289.8854291,ADC2,0,bus_voltage,V,11.237
1770055289.9359722,ADC2,0,bus_voltage,V,10.358
1770055289.986891,ADC1,0,servo_1,A,0.76
1770055290.0376916,THERM,0,motor_temp,C,41.72
1770055290.0883496,ADC1,1,servo_2,A,0.262
1770055290.1391208,ADC2,0,bus_voltage,V,10.583
1770055290.1896718,THERM,0,motor_temp,C,66.955
1770055290.240557,ADC2,0,bus_voltage,V,10.993
1770055290.2908876,ADC1,0,servo_1,A,1.892
1770055290.3416274,ADC2,0,bus_voltage,V,10.407
1770055290.3920677,ADC2,0,bus_voltage,V,10.15
1770055290.4428911,ADC1,1,servo_2,A,1.612
1770055290.4937553,ADC1,1,servo_2,A,0.802
1770055290.5442488,ADC2,0,bus_voltage,V,11.369
1770055290.5947545,ADC1,0,servo_1,A,0.312
1770055290.6453638,THERM,0,motor_temp,C,50.108
1770055290.6961348,ADC2,0,bus_voltage,V,10.394
1770055290.7468355,ADC2,0,bus_voltage,V,10.543
1770055290.7976043,ADC1,1,servo_2,A,0.827
1770055290.8484628,ADC1,0,servo_1,A,1.017
1770055290.899043,ADC2,0,bus_voltage,V,11.308
1770055290.9500144,ADC1,1,servo_2,A,0.96
1770055291.001109,ADC2,0,bus_voltage,V,12.189
1770055291.0517068,ADC2,0,bus_voltage,V,12.554
1770055291.102065,ADC2,0,bus_voltage,V,10.919
1770055291.152727,THERM,0,motor_temp,C,32.094
1770055291.2031748,ADC1,1,servo_2,A,0.391
1770055291.2556074,ADC2,0,bus_voltage,V,11.29
1770055291.3065827,ADC1,1,servo_2,A,0.227
1770055291.3570092,THERM,0,motor_temp,C,47.533
1770055291.407756,ADC1,0,servo_1,A,1.214
1770055291.4582942,ADC1,0,servo_1,A,2.413
1770055291.5102077,THERM,0,motor_temp,C,62.121
1770055291.5612292,ADC1,0,servo_1,A,0.657
1770055291.611995,ADC1,0,servo_1,A,1.854
1770055291.6627574,ADC1,1,servo_2,A,0.853
1770055291.7136617,THERM,0,motor_temp,C,62.921
1770055291.7641943,ADC2,0,bus_voltage,V,12.218
1770055291.8151,ADC1,0,servo_1,A,0.976
1770055291.865554,ADC2,0,bus_voltage,V,11.945
1770055291.9163914,ADC1,0,servo_1,A,1.927
1770055291.9671075,ADC1,1,servo_2,A,0.37
1770055292.0178342,THERM,0,motor_temp,C,34.261
1770055292.0685685,THERM,0,motor_temp,C,61.591
1770055292.1192389,ADC1,0,servo_1,A,0.397
1770055292.1696334,THERM,0,motor_temp,C,68.734
1770055292.220409,ADC2,0,bus_voltage,V,12.496
1770055292.2716982,ADC1,0,servo_1,A,0.617
1770055292.3222091,ADC1,1,servo_2,A,1.352
1770055292.3747413,ADC1,1,servo_2,A,0.834
1770055292.4261394,ADC2,0,bus_voltage,V,10.802
1770055292.4769526,THERM,0,motor_temp,C,37.333
1770055292.5279458,ADC1,0,servo_1,A,0.863
1770055292.578638,ADC1,1,servo_2,A,1.897
1770055292.6293175,ADC1,1,servo_2,A,0.841
1770055292.680092,ADC1,0,servo_1,A,2.392
1770055292.7309363,ADC1,0,servo_1,A,0.977
1770055292.7817032,ADC2,0,bus_voltage,V,11.378
1770055292.8324616,ADC1,1,servo_2,A,1.976
1770055292.8831186,ADC1,1,servo_2,A,0.326
1770055292.9341435,ADC1,0,servo_1,A,0.564
1770055292.9846175,ADC1,0,servo_1,A,0.351
1770055293.035303,ADC1,0,servo_1,A,2.424
1770055293.0900524,THERM,0,motor_temp,C,65.377
1770055293.140454,ADC1,0,servo_1,A,1.661
1770055293.1912265,ADC1,1,servo_2,A,0.942
1770055293.2419157,ADC2,0,bus_voltage,V,10.844
1770055293.2927096,ADC2,0,bus_voltage,V,12.455
1770055293.3444183,ADC1,0,servo_1,A,2.07
1770055293.3951933,ADC2,0,bus_voltage,V,12.102
1770055293.446015,ADC1,0,servo_1,A,0.373
1770055293.496695,ADC2,0,bus_voltage,V,11.866
1770055293.5475938,ADC1,0,servo_1,A,1.979
1770055293.598122,ADC1,1,servo_2,A,0.627
1770055293.6493416,ADC2,0,bus_voltage,V,10.251
1770055293.7003539,ADC1,1,servo_2,A,0.595
1770055293.7509413,ADC1,0,servo_1,A,0.297
1770055293.803246,ADC1,0,servo_1,A,2.122
1770055293.8543189,ADC1,0,servo_1,A,0.809
1770055293.9052951,THERM,0,motor_temp,C,43.87
1770055293.9555898,ADC1,1,servo_2,A,2.155
1770055294.0065587,ADC2,0,bus_voltage,V,10.347
1770055294.0573003,ADC1,1,servo_2,A,1.546
1770055294.1083663,ADC1,1,servo_2,A,1.722
1770055294.1592808,THERM,0,motor_temp,C,59.973
1770055294.210217,THERM,0,motor_temp,C,39.321
1770055294.2605765,ADC2,0,bus_voltage,V,11.192
1770055294.3112423,ADC2,0,bus_voltage,V,10.869
1770055294.3616176,THERM,0,motor_temp,C,64.193
1770055294.4130075,ADC1,1,servo_2,A,2.268
1770055294.4637063,ADC1,1,servo_2,A,0.446
1770055294.514112,ADC2,0,bus_voltage,V,10.37
1770055294.5648565,THERM,0,motor_temp,C,52.718
1770055294.615841,ADC1,1,servo_2,A,1.969
1770055294.666555,ADC1,0,servo_1,A,0.824
1770055294.717241,ADC1,1,servo_2,A,0.218
1770055294.7699802,ADC1,1,servo_2,A,1.442
1770055294.821002,ADC1,1,servo_2,A,1.144
1770055294.8718326,ADC1,1,servo_2,A,0.925
1770055294.9224598,THERM,0,motor_temp,C,39.38
1770055294.9732153,ADC1,0,servo_1,A,1.59
1770055295.023571,ADC2,0,bus_voltage,V,11.342
1770055295.0743437,ADC1,1,servo_2,A,2.203
1770055295.1259153,ADC1,1,servo_2,A,1.483
1770055295.1766763,ADC1,0,servo_1,A,0.586
1770055295.2274342,ADC2,0,bus_voltage,V,10.672
1770055295.2779665,THERM,0,motor_temp,C,51.485
1770055295.3285193,THERM,0,motor_temp,C,52.921
1770055295.3790698,ADC2,0,bus_voltage,V,12.004
1770055295.4306865,ADC2,0,bus_voltage,V,10.27
1770055295.4813354,ADC2,0,bus_voltage,V,11.292
1770055295.5324361,ADC1,0,servo_1,A,1.46
